from|to|qty
1_sf1|0_sf1|4
2_sf1|1_sf1|2
3_sf1|2_sf1|1
4_sf1|3_sf1|5
5_sf1|4_sf1|5
6_sf1|5_sf1|5
6_sf1|1_sf1|3
7_sf1|6_sf1|1
7_sf1|2_sf1|1
8_sf1|7_sf1|2
9_sf1|8_sf1|5
9_sf1|6_sf1|1
10_sf1|9_sf1|4
10_sf1|7_sf1|2
11_sf1|10_sf1|4
12_sf1|11_sf1|4
13_sf1|12_sf1|5
14_sf1|13_sf1|2
15_sf1|14_sf1|1
16_sf1|15_sf1|2
17_sf1|16_sf1|3
18_sf1|17_sf1|4
19_sf1|18_sf1|2
20_sf1|19_sf1|1
21_sf1|20_sf1|3
22_sf1|21_sf1|5
23_sf1|22_sf1|5
23_sf1|18_sf1|3
24_sf1|23_sf1|4
25_sf1|24_sf1|1
26_sf1|25_sf1|3
26_sf1|24_sf1|2
27_sf1|26_sf1|1
28_sf1|27_sf1|4
29_sf1|28_sf1|3
30_sf1|29_sf1|4
31_sf1|30_sf1|3
32_sf1|31_sf1|4
32_sf1|27_sf1|2
33_sf1|32_sf1|1
34_sf1|33_sf1|5
35_sf1|34_sf1|4
35_sf1|33_sf1|3
36_sf1|35_sf1|3
36_sf1|32_sf1|1
37_sf1|36_sf1|4
38_sf1|37_sf1|4
38_sf1|36_sf1|2
39_sf1|38_sf1|1
39_sf1|34_sf1|3
40_sf1|39_sf1|1
40_sf1|35_sf1|2
41_sf1|40_sf1|1
41_sf1|36_sf1|1
42_sf1|41_sf1|1
42_sf1|39_sf1|3
43_sf1|42_sf1|5
44_sf1|43_sf1|2
45_sf1|44_sf1|2
45_sf1|40_sf1|3
46_sf1|45_sf1|5
46_sf1|44_sf1|2
47_sf1|46_sf1|2
47_sf1|42_sf1|2
48_sf1|47_sf1|4
49_sf1|48_sf1|1
50_sf1|49_sf1|4
51_sf1|50_sf1|5
52_sf1|51_sf1|1
53_sf1|52_sf1|4
54_sf1|53_sf1|2
54_sf1|49_sf1|2
55_sf1|54_sf1|3
55_sf1|53_sf1|3
56_sf1|55_sf1|1
56_sf1|51_sf1|1
57_sf1|56_sf1|2
57_sf1|55_sf1|3
58_sf1|57_sf1|1
59_sf1|58_sf1|4
60_sf1|59_sf1|3
60_sf1|55_sf1|1
61_sf1|60_sf1|1
62_sf1|61_sf1|1
63_sf1|62_sf1|2
64_sf1|63_sf1|2
65_sf1|64_sf1|2
65_sf1|60_sf1|3
66_sf1|65_sf1|1
67_sf1|66_sf1|2
67_sf1|63_sf1|1
68_sf1|67_sf1|5
69_sf1|68_sf1|4
70_sf1|69_sf1|3
71_sf1|70_sf1|2
72_sf1|71_sf1|2
72_sf1|68_sf1|3
73_sf1|72_sf1|2
73_sf1|70_sf1|2
74_sf1|73_sf1|2
75_sf1|74_sf1|1
76_sf1|75_sf1|2
77_sf1|76_sf1|1
78_sf1|77_sf1|5
79_sf1|78_sf1|2
80_sf1|79_sf1|4
81_sf1|80_sf1|4
82_sf1|81_sf1|5
82_sf1|78_sf1|2
83_sf1|82_sf1|5
84_sf1|83_sf1|1
84_sf1|82_sf1|3
85_sf1|84_sf1|4
86_sf1|85_sf1|1
87_sf1|86_sf1|5
88_sf1|87_sf1|2
89_sf1|88_sf1|3
90_sf1|89_sf1|5
91_sf1|90_sf1|5
92_sf1|91_sf1|3
93_sf1|92_sf1|4
94_sf1|93_sf1|5
95_sf1|94_sf1|2
96_sf1|95_sf1|2
97_sf1|96_sf1|1
98_sf1|97_sf1|1
99_sf1|98_sf1|1
100_sf1|99_sf1|1
100_sf1|95_sf1|3
101_sf1|100_sf1|3
102_sf1|101_sf1|3
103_sf1|102_sf1|1
104_sf1|103_sf1|1
105_sf1|104_sf1|3
106_sf1|105_sf1|3
106_sf1|104_sf1|2
107_sf1|106_sf1|1
108_sf1|107_sf1|2
109_sf1|108_sf1|1
110_sf1|109_sf1|4
111_sf1|110_sf1|1
112_sf1|111_sf1|4
112_sf1|108_sf1|1
113_sf1|112_sf1|3
114_sf1|113_sf1|2
115_sf1|114_sf1|4
116_sf1|115_sf1|4
117_sf1|116_sf1|5
118_sf1|117_sf1|2
119_sf1|118_sf1|2
120_sf1|119_sf1|3
120_sf1|117_sf1|1
121_sf1|120_sf1|2
122_sf1|121_sf1|3
123_sf1|122_sf1|2
124_sf1|123_sf1|2
125_sf1|124_sf1|5
126_sf1|125_sf1|5
127_sf1|126_sf1|1
127_sf1|124_sf1|2
128_sf1|127_sf1|5
128_sf1|123_sf1|1
129_sf1|128_sf1|2
130_sf1|129_sf1|1
130_sf1|127_sf1|2
131_sf1|130_sf1|2
132_sf1|131_sf1|4
132_sf1|129_sf1|3
133_sf1|132_sf1|4
134_sf1|133_sf1|4
135_sf1|134_sf1|5
136_sf1|135_sf1|3
136_sf1|132_sf1|2
137_sf1|136_sf1|3
137_sf1|135_sf1|2
138_sf1|137_sf1|2
139_sf1|138_sf1|5
139_sf1|134_sf1|3
140_sf1|139_sf1|2
140_sf1|137_sf1|1
141_sf1|140_sf1|5
142_sf1|141_sf1|4
143_sf1|142_sf1|5
143_sf1|141_sf1|2
144_sf1|143_sf1|4
145_sf1|144_sf1|4
146_sf1|145_sf1|4
147_sf1|146_sf1|2
148_sf1|147_sf1|4
148_sf1|145_sf1|3
149_sf1|148_sf1|2
150_sf1|149_sf1|1
151_sf1|150_sf1|3
152_sf1|151_sf1|1
153_sf1|152_sf1|1
154_sf1|153_sf1|2
155_sf1|154_sf1|3
156_sf1|155_sf1|5
156_sf1|154_sf1|2
157_sf1|156_sf1|2
158_sf1|157_sf1|2
158_sf1|155_sf1|2
159_sf1|158_sf1|1
160_sf1|159_sf1|2
161_sf1|160_sf1|2
162_sf1|161_sf1|3
163_sf1|162_sf1|1
164_sf1|163_sf1|3
165_sf1|164_sf1|2
166_sf1|165_sf1|3
167_sf1|166_sf1|2
168_sf1|167_sf1|4
169_sf1|168_sf1|2
170_sf1|169_sf1|1
171_sf1|170_sf1|2
172_sf1|171_sf1|1
173_sf1|172_sf1|5
174_sf1|173_sf1|5
174_sf1|170_sf1|2
175_sf1|174_sf1|2
176_sf1|175_sf1|4
177_sf1|176_sf1|5
178_sf1|177_sf1|2
178_sf1|173_sf1|1
179_sf1|178_sf1|5
179_sf1|175_sf1|3
180_sf1|179_sf1|4
181_sf1|180_sf1|4
182_sf1|181_sf1|4
183_sf1|182_sf1|3
184_sf1|183_sf1|1
184_sf1|182_sf1|3
185_sf1|184_sf1|5
186_sf1|185_sf1|5
187_sf1|186_sf1|5
188_sf1|187_sf1|3
189_sf1|188_sf1|4
190_sf1|189_sf1|3
190_sf1|188_sf1|2
191_sf1|190_sf1|4
192_sf1|191_sf1|1
193_sf1|192_sf1|1
194_sf1|193_sf1|3
195_sf1|194_sf1|5
196_sf1|195_sf1|5
197_sf1|196_sf1|1
198_sf1|197_sf1|1
198_sf1|195_sf1|1
199_sf1|198_sf1|4
200_sf1|199_sf1|5
201_sf1|200_sf1|5
201_sf1|199_sf1|3
202_sf1|201_sf1|1
203_sf1|202_sf1|2
204_sf1|203_sf1|4
205_sf1|204_sf1|2
206_sf1|205_sf1|3
207_sf1|206_sf1|1
207_sf1|202_sf1|3
208_sf1|207_sf1|3
209_sf1|208_sf1|1
209_sf1|204_sf1|3
210_sf1|209_sf1|4
211_sf1|210_sf1|5
212_sf1|211_sf1|4
213_sf1|212_sf1|5
213_sf1|210_sf1|1
214_sf1|213_sf1|3
215_sf1|214_sf1|2
216_sf1|215_sf1|1
216_sf1|211_sf1|3
217_sf1|216_sf1|5
217_sf1|212_sf1|3
218_sf1|217_sf1|4
218_sf1|213_sf1|1
219_sf1|218_sf1|5
220_sf1|219_sf1|3
221_sf1|220_sf1|4
222_sf1|221_sf1|4
223_sf1|222_sf1|5
224_sf1|223_sf1|5
225_sf1|224_sf1|2
226_sf1|225_sf1|5
227_sf1|226_sf1|3
228_sf1|227_sf1|2
229_sf1|228_sf1|1
230_sf1|229_sf1|5
231_sf1|230_sf1|2
231_sf1|227_sf1|3
232_sf1|231_sf1|1
233_sf1|232_sf1|4
234_sf1|233_sf1|2
235_sf1|234_sf1|3
236_sf1|235_sf1|5
237_sf1|236_sf1|5
238_sf1|237_sf1|5
239_sf1|238_sf1|1
240_sf1|239_sf1|1
240_sf1|237_sf1|2
241_sf1|240_sf1|5
242_sf1|241_sf1|2
242_sf1|240_sf1|1
243_sf1|242_sf1|5
244_sf1|243_sf1|5
244_sf1|241_sf1|3
245_sf1|244_sf1|3
246_sf1|245_sf1|2
247_sf1|246_sf1|3
247_sf1|245_sf1|1
248_sf1|247_sf1|3
248_sf1|246_sf1|3
249_sf1|248_sf1|4
250_sf1|249_sf1|1
250_sf1|246_sf1|2
251_sf1|250_sf1|3
251_sf1|249_sf1|2
252_sf1|251_sf1|3
253_sf1|252_sf1|2
253_sf1|248_sf1|1
254_sf1|253_sf1|1
255_sf1|254_sf1|3
256_sf1|255_sf1|4
257_sf1|256_sf1|1
258_sf1|257_sf1|3
259_sf1|258_sf1|3
260_sf1|259_sf1|3
260_sf1|257_sf1|1
261_sf1|260_sf1|2
262_sf1|261_sf1|5
262_sf1|258_sf1|2
263_sf1|262_sf1|5
263_sf1|258_sf1|2
264_sf1|263_sf1|4
265_sf1|264_sf1|1
266_sf1|265_sf1|2
267_sf1|266_sf1|3
267_sf1|265_sf1|2
268_sf1|267_sf1|3
269_sf1|268_sf1|1
270_sf1|269_sf1|3
270_sf1|265_sf1|1
271_sf1|270_sf1|3
271_sf1|268_sf1|2
272_sf1|271_sf1|1
272_sf1|267_sf1|2
273_sf1|272_sf1|4
274_sf1|273_sf1|2
275_sf1|274_sf1|1
276_sf1|275_sf1|2
277_sf1|276_sf1|5
278_sf1|277_sf1|1
279_sf1|278_sf1|3
280_sf1|279_sf1|3
280_sf1|278_sf1|3
281_sf1|280_sf1|3
282_sf1|281_sf1|4
283_sf1|282_sf1|1
284_sf1|283_sf1|1
285_sf1|284_sf1|5
286_sf1|285_sf1|1
287_sf1|286_sf1|4
288_sf1|287_sf1|4
289_sf1|288_sf1|5
290_sf1|289_sf1|2
290_sf1|285_sf1|3
291_sf1|290_sf1|1
292_sf1|291_sf1|2
293_sf1|292_sf1|3
294_sf1|293_sf1|5
294_sf1|291_sf1|2
295_sf1|294_sf1|3
296_sf1|295_sf1|2
296_sf1|294_sf1|2
297_sf1|296_sf1|4
297_sf1|292_sf1|2
298_sf1|297_sf1|3
299_sf1|298_sf1|5
299_sf1|295_sf1|3
300_sf1|299_sf1|3
300_sf1|296_sf1|3
301_sf1|300_sf1|5
302_sf1|301_sf1|3
302_sf1|299_sf1|3
303_sf1|302_sf1|1
304_sf1|303_sf1|5
305_sf1|304_sf1|3
306_sf1|305_sf1|2
307_sf1|306_sf1|1
308_sf1|307_sf1|5
309_sf1|308_sf1|2
309_sf1|305_sf1|1
310_sf1|309_sf1|5
310_sf1|305_sf1|3
311_sf1|310_sf1|3
312_sf1|311_sf1|4
312_sf1|307_sf1|2
313_sf1|312_sf1|3
313_sf1|309_sf1|1
314_sf1|313_sf1|2
315_sf1|314_sf1|5
316_sf1|315_sf1|3
317_sf1|316_sf1|3
317_sf1|314_sf1|1
318_sf1|317_sf1|3
319_sf1|318_sf1|3
320_sf1|319_sf1|2
321_sf1|320_sf1|2
322_sf1|321_sf1|3
323_sf1|322_sf1|1
324_sf1|323_sf1|4
325_sf1|324_sf1|2
325_sf1|320_sf1|1
326_sf1|325_sf1|5
327_sf1|326_sf1|3
328_sf1|327_sf1|5
328_sf1|326_sf1|1
329_sf1|328_sf1|1
329_sf1|324_sf1|3
330_sf1|329_sf1|5
331_sf1|330_sf1|1
331_sf1|329_sf1|2
332_sf1|331_sf1|1
333_sf1|332_sf1|3
334_sf1|333_sf1|2
335_sf1|334_sf1|2
336_sf1|335_sf1|5
337_sf1|336_sf1|3
338_sf1|337_sf1|2
338_sf1|335_sf1|1
339_sf1|338_sf1|3
340_sf1|339_sf1|4
340_sf1|337_sf1|1
341_sf1|340_sf1|1
342_sf1|341_sf1|4
343_sf1|342_sf1|2
343_sf1|339_sf1|3
344_sf1|343_sf1|1
344_sf1|340_sf1|3
345_sf1|344_sf1|2
346_sf1|345_sf1|2
347_sf1|346_sf1|1
347_sf1|342_sf1|2
348_sf1|347_sf1|1
348_sf1|344_sf1|1
349_sf1|348_sf1|1
350_sf1|349_sf1|2
351_sf1|350_sf1|2
352_sf1|351_sf1|2
353_sf1|352_sf1|5
354_sf1|353_sf1|1
354_sf1|350_sf1|2
355_sf1|354_sf1|5
355_sf1|353_sf1|3
356_sf1|355_sf1|2
357_sf1|356_sf1|1
358_sf1|357_sf1|5
359_sf1|358_sf1|1
359_sf1|356_sf1|3
360_sf1|359_sf1|4
360_sf1|358_sf1|1
361_sf1|360_sf1|5
361_sf1|359_sf1|2
362_sf1|361_sf1|3
362_sf1|359_sf1|3
363_sf1|362_sf1|5
364_sf1|363_sf1|5
365_sf1|364_sf1|1
366_sf1|365_sf1|1
367_sf1|366_sf1|2
367_sf1|362_sf1|3
368_sf1|367_sf1|1
369_sf1|368_sf1|2
370_sf1|369_sf1|1
370_sf1|366_sf1|1
371_sf1|370_sf1|3
372_sf1|371_sf1|5
372_sf1|368_sf1|2
373_sf1|372_sf1|1
374_sf1|373_sf1|2
375_sf1|374_sf1|3
375_sf1|373_sf1|3
376_sf1|375_sf1|4
376_sf1|374_sf1|3
377_sf1|376_sf1|3
377_sf1|373_sf1|3
378_sf1|377_sf1|2
379_sf1|378_sf1|1
380_sf1|379_sf1|4
381_sf1|380_sf1|1
382_sf1|381_sf1|1
383_sf1|382_sf1|4
383_sf1|380_sf1|2
384_sf1|383_sf1|4
385_sf1|384_sf1|2
386_sf1|385_sf1|2
387_sf1|386_sf1|3
388_sf1|387_sf1|2
388_sf1|386_sf1|3
389_sf1|388_sf1|3
389_sf1|384_sf1|2
390_sf1|389_sf1|2
391_sf1|390_sf1|4
391_sf1|386_sf1|1
392_sf1|391_sf1|4
392_sf1|388_sf1|1
393_sf1|392_sf1|1
394_sf1|393_sf1|5
395_sf1|394_sf1|1
396_sf1|395_sf1|1
397_sf1|396_sf1|1
398_sf1|397_sf1|2
399_sf1|398_sf1|5
400_sf1|399_sf1|2
401_sf1|400_sf1|5
402_sf1|401_sf1|3
403_sf1|402_sf1|5
404_sf1|403_sf1|5
404_sf1|402_sf1|1
405_sf1|404_sf1|2
406_sf1|405_sf1|2
407_sf1|406_sf1|1
408_sf1|407_sf1|1
409_sf1|408_sf1|1
410_sf1|409_sf1|2
410_sf1|408_sf1|3
411_sf1|410_sf1|3
412_sf1|411_sf1|2
413_sf1|412_sf1|3
414_sf1|413_sf1|3
414_sf1|410_sf1|2
415_sf1|414_sf1|1
415_sf1|413_sf1|2
416_sf1|415_sf1|1
417_sf1|416_sf1|2
418_sf1|417_sf1|5
419_sf1|418_sf1|5
420_sf1|419_sf1|4
421_sf1|420_sf1|5
422_sf1|421_sf1|1
422_sf1|419_sf1|1
423_sf1|422_sf1|4
424_sf1|423_sf1|2
424_sf1|419_sf1|3
425_sf1|424_sf1|4
426_sf1|425_sf1|1
426_sf1|423_sf1|2
427_sf1|426_sf1|5
428_sf1|427_sf1|1
429_sf1|428_sf1|1
430_sf1|429_sf1|4
431_sf1|430_sf1|1
432_sf1|431_sf1|1
433_sf1|432_sf1|2
433_sf1|429_sf1|1
434_sf1|433_sf1|4
435_sf1|434_sf1|5
436_sf1|435_sf1|2
437_sf1|436_sf1|1
438_sf1|437_sf1|5
438_sf1|435_sf1|3
439_sf1|438_sf1|2
440_sf1|439_sf1|1
441_sf1|440_sf1|3
442_sf1|441_sf1|3
443_sf1|442_sf1|4
444_sf1|443_sf1|5
445_sf1|444_sf1|1
446_sf1|445_sf1|3
446_sf1|443_sf1|1
447_sf1|446_sf1|1
448_sf1|447_sf1|5
449_sf1|448_sf1|2
450_sf1|449_sf1|2
451_sf1|450_sf1|5
451_sf1|448_sf1|1
452_sf1|451_sf1|4
453_sf1|452_sf1|5
454_sf1|453_sf1|4
455_sf1|454_sf1|5
455_sf1|450_sf1|3
456_sf1|455_sf1|3
456_sf1|451_sf1|2
457_sf1|456_sf1|4
458_sf1|457_sf1|3
459_sf1|458_sf1|2
460_sf1|459_sf1|1
461_sf1|460_sf1|2
462_sf1|461_sf1|2
463_sf1|462_sf1|4
463_sf1|458_sf1|2
464_sf1|463_sf1|4
464_sf1|459_sf1|3
465_sf1|464_sf1|4
466_sf1|465_sf1|5
466_sf1|461_sf1|1
467_sf1|466_sf1|2
468_sf1|467_sf1|1
469_sf1|468_sf1|4
469_sf1|464_sf1|2
470_sf1|469_sf1|5
471_sf1|470_sf1|5
472_sf1|471_sf1|3
473_sf1|472_sf1|4
473_sf1|469_sf1|3
474_sf1|473_sf1|2
475_sf1|474_sf1|1
476_sf1|475_sf1|3
477_sf1|476_sf1|3
477_sf1|472_sf1|3
478_sf1|477_sf1|3
479_sf1|478_sf1|4
479_sf1|476_sf1|1
480_sf1|479_sf1|4
481_sf1|480_sf1|4
481_sf1|479_sf1|1
482_sf1|481_sf1|4
483_sf1|482_sf1|4
484_sf1|483_sf1|1
485_sf1|484_sf1|2
485_sf1|482_sf1|2
486_sf1|485_sf1|4
487_sf1|486_sf1|1
487_sf1|482_sf1|1
488_sf1|487_sf1|3
489_sf1|488_sf1|4
489_sf1|484_sf1|3
490_sf1|489_sf1|1
491_sf1|490_sf1|5
492_sf1|491_sf1|3
492_sf1|490_sf1|2
493_sf1|492_sf1|2
493_sf1|490_sf1|2
494_sf1|493_sf1|3
495_sf1|494_sf1|4
496_sf1|495_sf1|1
497_sf1|496_sf1|3
497_sf1|493_sf1|3
498_sf1|497_sf1|1
498_sf1|493_sf1|3
499_sf1|498_sf1|2
500_sf1|499_sf1|4
501_sf1|500_sf1|4
502_sf1|501_sf1|2
502_sf1|498_sf1|2
503_sf1|502_sf1|4
504_sf1|503_sf1|4
505_sf1|504_sf1|2
505_sf1|502_sf1|1
506_sf1|505_sf1|1
506_sf1|501_sf1|3
507_sf1|506_sf1|3
508_sf1|507_sf1|5
509_sf1|508_sf1|4
510_sf1|509_sf1|5
511_sf1|510_sf1|1
512_sf1|511_sf1|4
512_sf1|507_sf1|2
513_sf1|512_sf1|4
514_sf1|513_sf1|3
515_sf1|514_sf1|4
515_sf1|512_sf1|1
516_sf1|515_sf1|3
517_sf1|516_sf1|2
518_sf1|517_sf1|1
519_sf1|518_sf1|3
520_sf1|519_sf1|2
521_sf1|520_sf1|4
521_sf1|517_sf1|1
522_sf1|521_sf1|3
523_sf1|522_sf1|3
523_sf1|518_sf1|2
524_sf1|523_sf1|5
525_sf1|524_sf1|4
526_sf1|525_sf1|3
527_sf1|526_sf1|5
528_sf1|527_sf1|4
529_sf1|528_sf1|2
529_sf1|527_sf1|1
530_sf1|529_sf1|5
531_sf1|530_sf1|3
531_sf1|529_sf1|3
532_sf1|531_sf1|3
533_sf1|532_sf1|3
534_sf1|533_sf1|1
535_sf1|534_sf1|1
536_sf1|535_sf1|4
536_sf1|531_sf1|2
537_sf1|536_sf1|2
538_sf1|537_sf1|4
539_sf1|538_sf1|3
540_sf1|539_sf1|3
540_sf1|537_sf1|2
541_sf1|540_sf1|4
541_sf1|539_sf1|2
542_sf1|541_sf1|1
543_sf1|542_sf1|4
544_sf1|543_sf1|4
544_sf1|540_sf1|3
545_sf1|544_sf1|2
545_sf1|543_sf1|2
546_sf1|545_sf1|2
547_sf1|546_sf1|1
547_sf1|543_sf1|1
548_sf1|547_sf1|1
549_sf1|548_sf1|3
549_sf1|546_sf1|3
550_sf1|549_sf1|2
550_sf1|546_sf1|2
551_sf1|550_sf1|2
552_sf1|551_sf1|4
553_sf1|552_sf1|2
553_sf1|551_sf1|1
554_sf1|553_sf1|3
554_sf1|551_sf1|3
555_sf1|554_sf1|2
555_sf1|553_sf1|1
556_sf1|555_sf1|4
557_sf1|556_sf1|5
557_sf1|552_sf1|1
558_sf1|557_sf1|3
559_sf1|558_sf1|1
560_sf1|559_sf1|4
561_sf1|560_sf1|5
561_sf1|556_sf1|1
562_sf1|561_sf1|3
563_sf1|562_sf1|1
563_sf1|561_sf1|3
564_sf1|563_sf1|1
564_sf1|560_sf1|3
565_sf1|564_sf1|1
566_sf1|565_sf1|2
567_sf1|566_sf1|4
568_sf1|567_sf1|1
568_sf1|564_sf1|3
569_sf1|568_sf1|3
569_sf1|566_sf1|2
570_sf1|569_sf1|1
571_sf1|570_sf1|3
572_sf1|571_sf1|3
573_sf1|572_sf1|1
574_sf1|573_sf1|3
575_sf1|574_sf1|2
576_sf1|575_sf1|3
577_sf1|576_sf1|5
578_sf1|577_sf1|5
579_sf1|578_sf1|5
580_sf1|579_sf1|4
580_sf1|578_sf1|3
581_sf1|580_sf1|1
582_sf1|581_sf1|4
582_sf1|579_sf1|1
583_sf1|582_sf1|1
583_sf1|579_sf1|2
584_sf1|583_sf1|4
585_sf1|584_sf1|4
586_sf1|585_sf1|5
587_sf1|586_sf1|1
588_sf1|587_sf1|5
588_sf1|586_sf1|2
589_sf1|588_sf1|3
590_sf1|589_sf1|3
591_sf1|590_sf1|1
591_sf1|587_sf1|1
592_sf1|591_sf1|3
593_sf1|592_sf1|2
594_sf1|593_sf1|5
595_sf1|594_sf1|5
596_sf1|595_sf1|3
597_sf1|596_sf1|1
598_sf1|597_sf1|4
598_sf1|593_sf1|2
599_sf1|598_sf1|4
600_sf1|599_sf1|4
601_sf1|600_sf1|1
601_sf1|599_sf1|3
602_sf1|601_sf1|3
602_sf1|597_sf1|1
603_sf1|602_sf1|5
604_sf1|603_sf1|5
605_sf1|604_sf1|1
606_sf1|605_sf1|2
607_sf1|606_sf1|2
608_sf1|607_sf1|1
609_sf1|608_sf1|3
609_sf1|604_sf1|1
610_sf1|609_sf1|4
610_sf1|607_sf1|2
611_sf1|610_sf1|3
611_sf1|607_sf1|2
612_sf1|611_sf1|3
612_sf1|608_sf1|3
613_sf1|612_sf1|2
613_sf1|611_sf1|3
614_sf1|613_sf1|5
615_sf1|614_sf1|1
616_sf1|615_sf1|1
617_sf1|616_sf1|2
618_sf1|617_sf1|5
618_sf1|613_sf1|3
619_sf1|618_sf1|5
620_sf1|619_sf1|2
621_sf1|620_sf1|5
622_sf1|621_sf1|4
623_sf1|622_sf1|3
624_sf1|623_sf1|4
625_sf1|624_sf1|5
626_sf1|625_sf1|3
627_sf1|626_sf1|5
628_sf1|627_sf1|4
629_sf1|628_sf1|3
630_sf1|629_sf1|1
631_sf1|630_sf1|1
632_sf1|631_sf1|4
632_sf1|627_sf1|1
633_sf1|632_sf1|1
634_sf1|633_sf1|5
635_sf1|634_sf1|4
635_sf1|633_sf1|1
636_sf1|635_sf1|4
637_sf1|636_sf1|2
638_sf1|637_sf1|5
639_sf1|638_sf1|5
640_sf1|639_sf1|1
641_sf1|640_sf1|4
642_sf1|641_sf1|5
643_sf1|642_sf1|2
644_sf1|643_sf1|1
645_sf1|644_sf1|5
646_sf1|645_sf1|1
647_sf1|646_sf1|2
648_sf1|647_sf1|4
649_sf1|648_sf1|4
650_sf1|649_sf1|4
650_sf1|648_sf1|2
651_sf1|650_sf1|4
651_sf1|649_sf1|2
652_sf1|651_sf1|4
652_sf1|648_sf1|3
653_sf1|652_sf1|4
653_sf1|651_sf1|1
654_sf1|653_sf1|4
655_sf1|654_sf1|1
656_sf1|655_sf1|3
657_sf1|656_sf1|4
658_sf1|657_sf1|1
659_sf1|658_sf1|2
659_sf1|654_sf1|1
660_sf1|659_sf1|1
661_sf1|660_sf1|2
662_sf1|661_sf1|4
662_sf1|660_sf1|3
663_sf1|662_sf1|5
664_sf1|663_sf1|3
665_sf1|664_sf1|4
666_sf1|665_sf1|5
667_sf1|666_sf1|4
668_sf1|667_sf1|2
669_sf1|668_sf1|5
670_sf1|669_sf1|2
671_sf1|670_sf1|2
672_sf1|671_sf1|5
673_sf1|672_sf1|3
673_sf1|671_sf1|1
674_sf1|673_sf1|1
674_sf1|669_sf1|2
675_sf1|674_sf1|4
675_sf1|671_sf1|1
676_sf1|675_sf1|3
677_sf1|676_sf1|3
677_sf1|675_sf1|2
678_sf1|677_sf1|4
679_sf1|678_sf1|3
680_sf1|679_sf1|4
681_sf1|680_sf1|3
682_sf1|681_sf1|3
682_sf1|678_sf1|3
683_sf1|682_sf1|3
684_sf1|683_sf1|3
684_sf1|680_sf1|2
685_sf1|684_sf1|2
686_sf1|685_sf1|5
687_sf1|686_sf1|3
687_sf1|685_sf1|3
688_sf1|687_sf1|2
689_sf1|688_sf1|5
690_sf1|689_sf1|3
691_sf1|690_sf1|4
691_sf1|688_sf1|3
692_sf1|691_sf1|4
693_sf1|692_sf1|1
694_sf1|693_sf1|1
695_sf1|694_sf1|1
696_sf1|695_sf1|2
697_sf1|696_sf1|4
698_sf1|697_sf1|1
698_sf1|693_sf1|2
699_sf1|698_sf1|1
700_sf1|699_sf1|4
701_sf1|700_sf1|1
702_sf1|701_sf1|4
702_sf1|699_sf1|3
703_sf1|702_sf1|3
703_sf1|701_sf1|1
704_sf1|703_sf1|4
704_sf1|701_sf1|2
705_sf1|704_sf1|4
706_sf1|705_sf1|5
706_sf1|702_sf1|1
707_sf1|706_sf1|1
707_sf1|702_sf1|1
708_sf1|707_sf1|1
709_sf1|708_sf1|5
709_sf1|704_sf1|2
710_sf1|709_sf1|1
711_sf1|710_sf1|1
712_sf1|711_sf1|4
713_sf1|712_sf1|3
714_sf1|713_sf1|4
715_sf1|714_sf1|1
715_sf1|713_sf1|2
716_sf1|715_sf1|5
717_sf1|716_sf1|3
718_sf1|717_sf1|2
718_sf1|715_sf1|1
719_sf1|718_sf1|5
720_sf1|719_sf1|4
721_sf1|720_sf1|4
721_sf1|716_sf1|2
722_sf1|721_sf1|1
723_sf1|722_sf1|1
723_sf1|721_sf1|1
724_sf1|723_sf1|4
725_sf1|724_sf1|4
726_sf1|725_sf1|2
727_sf1|726_sf1|3
728_sf1|727_sf1|1
729_sf1|728_sf1|1
730_sf1|729_sf1|1
731_sf1|730_sf1|2
732_sf1|731_sf1|5
733_sf1|732_sf1|1
733_sf1|728_sf1|3
734_sf1|733_sf1|4
735_sf1|734_sf1|2
736_sf1|735_sf1|1
737_sf1|736_sf1|3
738_sf1|737_sf1|4
738_sf1|734_sf1|3
739_sf1|738_sf1|4
739_sf1|735_sf1|1
740_sf1|739_sf1|2
740_sf1|735_sf1|2
741_sf1|740_sf1|1
741_sf1|737_sf1|2
742_sf1|741_sf1|2
742_sf1|740_sf1|2
743_sf1|742_sf1|1
744_sf1|743_sf1|4
745_sf1|744_sf1|1
746_sf1|745_sf1|5
747_sf1|746_sf1|5
747_sf1|742_sf1|2
748_sf1|747_sf1|4
749_sf1|748_sf1|1
750_sf1|749_sf1|2
751_sf1|750_sf1|5
751_sf1|749_sf1|3
752_sf1|751_sf1|2
753_sf1|752_sf1|1
754_sf1|753_sf1|4
755_sf1|754_sf1|3
756_sf1|755_sf1|2
757_sf1|756_sf1|4
758_sf1|757_sf1|5
759_sf1|758_sf1|1
760_sf1|759_sf1|4
761_sf1|760_sf1|2
762_sf1|761_sf1|5
762_sf1|759_sf1|1
763_sf1|762_sf1|5
764_sf1|763_sf1|2
765_sf1|764_sf1|2
766_sf1|765_sf1|3
767_sf1|766_sf1|3
768_sf1|767_sf1|1
769_sf1|768_sf1|4
770_sf1|769_sf1|4
771_sf1|770_sf1|4
772_sf1|771_sf1|4
773_sf1|772_sf1|1
773_sf1|771_sf1|2
774_sf1|773_sf1|3
774_sf1|772_sf1|3
775_sf1|774_sf1|1
776_sf1|775_sf1|4
776_sf1|771_sf1|3
777_sf1|776_sf1|5
778_sf1|777_sf1|3
778_sf1|773_sf1|1
779_sf1|778_sf1|2
779_sf1|777_sf1|2
780_sf1|779_sf1|2
781_sf1|780_sf1|2
782_sf1|781_sf1|4
782_sf1|780_sf1|1
783_sf1|782_sf1|5
783_sf1|780_sf1|3
784_sf1|783_sf1|4
784_sf1|781_sf1|3
785_sf1|784_sf1|4
786_sf1|785_sf1|3
786_sf1|783_sf1|1
787_sf1|786_sf1|2
788_sf1|787_sf1|5
788_sf1|783_sf1|1
789_sf1|788_sf1|1
790_sf1|789_sf1|2
790_sf1|786_sf1|3
791_sf1|790_sf1|2
791_sf1|787_sf1|2
792_sf1|791_sf1|4
793_sf1|792_sf1|4
793_sf1|791_sf1|3
794_sf1|793_sf1|2
795_sf1|794_sf1|2
796_sf1|795_sf1|5
797_sf1|796_sf1|5
798_sf1|797_sf1|4
799_sf1|798_sf1|3
800_sf1|799_sf1|1
801_sf1|800_sf1|2
802_sf1|801_sf1|4
802_sf1|798_sf1|2
803_sf1|802_sf1|2
803_sf1|798_sf1|1
804_sf1|803_sf1|1
805_sf1|804_sf1|5
806_sf1|805_sf1|1
807_sf1|806_sf1|3
808_sf1|807_sf1|4
808_sf1|804_sf1|3
809_sf1|808_sf1|5
810_sf1|809_sf1|2
811_sf1|810_sf1|3
812_sf1|811_sf1|1
813_sf1|812_sf1|2
814_sf1|813_sf1|2
814_sf1|809_sf1|1
815_sf1|814_sf1|5
816_sf1|815_sf1|4
817_sf1|816_sf1|5
818_sf1|817_sf1|4
819_sf1|818_sf1|1
820_sf1|819_sf1|3
821_sf1|820_sf1|4
822_sf1|821_sf1|4
822_sf1|818_sf1|2
823_sf1|822_sf1|4
824_sf1|823_sf1|5
825_sf1|824_sf1|5
826_sf1|825_sf1|1
826_sf1|822_sf1|1
827_sf1|826_sf1|1
827_sf1|825_sf1|3
828_sf1|827_sf1|4
829_sf1|828_sf1|2
830_sf1|829_sf1|1
831_sf1|830_sf1|3
832_sf1|831_sf1|1
832_sf1|829_sf1|2
833_sf1|832_sf1|5
833_sf1|830_sf1|1
834_sf1|833_sf1|1
834_sf1|832_sf1|3
835_sf1|834_sf1|2
835_sf1|832_sf1|1
836_sf1|835_sf1|4
837_sf1|836_sf1|5
837_sf1|834_sf1|2
838_sf1|837_sf1|3
839_sf1|838_sf1|2
839_sf1|836_sf1|1
840_sf1|839_sf1|3
840_sf1|837_sf1|2
841_sf1|840_sf1|5
842_sf1|841_sf1|2
843_sf1|842_sf1|3
844_sf1|843_sf1|5
845_sf1|844_sf1|3
846_sf1|845_sf1|2
846_sf1|842_sf1|3
847_sf1|846_sf1|5
848_sf1|847_sf1|1
848_sf1|843_sf1|1
849_sf1|848_sf1|4
850_sf1|849_sf1|5
850_sf1|847_sf1|1
851_sf1|850_sf1|4
852_sf1|851_sf1|5
853_sf1|852_sf1|5
854_sf1|853_sf1|5
855_sf1|854_sf1|4
855_sf1|853_sf1|2
856_sf1|855_sf1|5
857_sf1|856_sf1|5
858_sf1|857_sf1|3
859_sf1|858_sf1|3
860_sf1|859_sf1|5
861_sf1|860_sf1|4
862_sf1|861_sf1|5
863_sf1|862_sf1|5
864_sf1|863_sf1|5
865_sf1|864_sf1|2
865_sf1|860_sf1|3
866_sf1|865_sf1|1
867_sf1|866_sf1|2
868_sf1|867_sf1|3
869_sf1|868_sf1|2
870_sf1|869_sf1|1
871_sf1|870_sf1|3
872_sf1|871_sf1|4
873_sf1|872_sf1|5
874_sf1|873_sf1|5
875_sf1|874_sf1|2
875_sf1|870_sf1|2
876_sf1|875_sf1|1
876_sf1|872_sf1|3
877_sf1|876_sf1|4
878_sf1|877_sf1|4
878_sf1|874_sf1|3
879_sf1|878_sf1|4
879_sf1|876_sf1|2
880_sf1|879_sf1|1
881_sf1|880_sf1|1
882_sf1|881_sf1|5
882_sf1|879_sf1|1
883_sf1|882_sf1|2
883_sf1|878_sf1|2
884_sf1|883_sf1|5
885_sf1|884_sf1|5
886_sf1|885_sf1|1
887_sf1|886_sf1|3
888_sf1|887_sf1|4
888_sf1|885_sf1|2
889_sf1|888_sf1|3
890_sf1|889_sf1|5
891_sf1|890_sf1|2
891_sf1|887_sf1|1
892_sf1|891_sf1|1
893_sf1|892_sf1|4
894_sf1|893_sf1|3
894_sf1|890_sf1|2
895_sf1|894_sf1|2
895_sf1|891_sf1|1
896_sf1|895_sf1|4
896_sf1|892_sf1|2
897_sf1|896_sf1|5
898_sf1|897_sf1|5
898_sf1|896_sf1|3
899_sf1|898_sf1|2
899_sf1|896_sf1|2
900_sf1|899_sf1|5
900_sf1|898_sf1|2
901_sf1|900_sf1|5
901_sf1|899_sf1|3
902_sf1|901_sf1|3
902_sf1|900_sf1|1
903_sf1|902_sf1|3
904_sf1|903_sf1|1
905_sf1|904_sf1|4
906_sf1|905_sf1|4
907_sf1|906_sf1|5
908_sf1|907_sf1|3
909_sf1|908_sf1|1
910_sf1|909_sf1|4
911_sf1|910_sf1|2
911_sf1|907_sf1|2
912_sf1|911_sf1|3
912_sf1|910_sf1|2
913_sf1|912_sf1|4
914_sf1|913_sf1|2
915_sf1|914_sf1|1
915_sf1|910_sf1|2
916_sf1|915_sf1|3
916_sf1|911_sf1|1
917_sf1|916_sf1|2
918_sf1|917_sf1|3
918_sf1|913_sf1|3
919_sf1|918_sf1|5
919_sf1|914_sf1|2
920_sf1|919_sf1|4
920_sf1|915_sf1|3
921_sf1|920_sf1|1
922_sf1|921_sf1|3
922_sf1|917_sf1|1
923_sf1|922_sf1|5
923_sf1|920_sf1|1
924_sf1|923_sf1|5
924_sf1|919_sf1|2
925_sf1|924_sf1|2
926_sf1|925_sf1|4
927_sf1|926_sf1|3
928_sf1|927_sf1|1
929_sf1|928_sf1|4
929_sf1|924_sf1|2
930_sf1|929_sf1|4
931_sf1|930_sf1|1
932_sf1|931_sf1|3
933_sf1|932_sf1|4
933_sf1|931_sf1|2
934_sf1|933_sf1|3
935_sf1|934_sf1|2
935_sf1|931_sf1|2
936_sf1|935_sf1|4
937_sf1|936_sf1|4
938_sf1|937_sf1|5
939_sf1|938_sf1|3
940_sf1|939_sf1|5
941_sf1|940_sf1|3
942_sf1|941_sf1|4
943_sf1|942_sf1|1
943_sf1|940_sf1|3
944_sf1|943_sf1|3
944_sf1|942_sf1|3
945_sf1|944_sf1|3
945_sf1|943_sf1|1
946_sf1|945_sf1|2
946_sf1|944_sf1|2
947_sf1|946_sf1|4
948_sf1|947_sf1|2
949_sf1|948_sf1|5
950_sf1|949_sf1|1
951_sf1|950_sf1|3
952_sf1|951_sf1|5
953_sf1|952_sf1|2
953_sf1|948_sf1|2
954_sf1|953_sf1|2
955_sf1|954_sf1|1
956_sf1|955_sf1|1
957_sf1|956_sf1|4
958_sf1|957_sf1|1
959_sf1|958_sf1|5
960_sf1|959_sf1|5
960_sf1|956_sf1|1
961_sf1|960_sf1|1
962_sf1|961_sf1|1
962_sf1|960_sf1|3
963_sf1|962_sf1|2
964_sf1|963_sf1|1
964_sf1|962_sf1|3
965_sf1|964_sf1|2
966_sf1|965_sf1|3
967_sf1|966_sf1|4
967_sf1|963_sf1|2
968_sf1|967_sf1|2
969_sf1|968_sf1|4
970_sf1|969_sf1|5
971_sf1|970_sf1|1
972_sf1|971_sf1|5
972_sf1|968_sf1|1
973_sf1|972_sf1|1
973_sf1|971_sf1|2
974_sf1|973_sf1|5
975_sf1|974_sf1|1
976_sf1|975_sf1|5
977_sf1|976_sf1|3
978_sf1|977_sf1|5
979_sf1|978_sf1|2
980_sf1|979_sf1|4
980_sf1|978_sf1|3
981_sf1|980_sf1|2
981_sf1|979_sf1|2
982_sf1|981_sf1|5
983_sf1|982_sf1|1
984_sf1|983_sf1|4
985_sf1|984_sf1|5
985_sf1|983_sf1|3
986_sf1|985_sf1|1
987_sf1|986_sf1|1
988_sf1|987_sf1|1
989_sf1|988_sf1|4
990_sf1|989_sf1|1
991_sf1|990_sf1|3
992_sf1|991_sf1|3
993_sf1|992_sf1|3
993_sf1|990_sf1|1
994_sf1|993_sf1|5
995_sf1|994_sf1|4
996_sf1|995_sf1|2
997_sf1|996_sf1|1
998_sf1|997_sf1|4
998_sf1|993_sf1|1
999_sf1|998_sf1|3
1000_sf1|999_sf1|1
1000_sf1|998_sf1|1
1001_sf1|1000_sf1|3
1002_sf1|1001_sf1|4
1003_sf1|1002_sf1|3
1004_sf1|1003_sf1|2
1004_sf1|1001_sf1|3
1005_sf1|1004_sf1|1
1005_sf1|1002_sf1|1
1006_sf1|1005_sf1|1
1007_sf1|1006_sf1|4
1008_sf1|1007_sf1|5
1008_sf1|1004_sf1|2
1009_sf1|1008_sf1|5
1010_sf1|1009_sf1|5
1010_sf1|1005_sf1|1
1011_sf1|1010_sf1|3
1012_sf1|1011_sf1|1
1012_sf1|1010_sf1|3
1013_sf1|1012_sf1|5
1013_sf1|1008_sf1|1
1014_sf1|1013_sf1|5
1014_sf1|1009_sf1|1
1015_sf1|1014_sf1|3
1016_sf1|1015_sf1|3
1017_sf1|1016_sf1|5
1018_sf1|1017_sf1|3
1019_sf1|1018_sf1|4
1020_sf1|1019_sf1|5
1020_sf1|1015_sf1|1
1021_sf1|1020_sf1|3
1022_sf1|1021_sf1|1
1023_sf1|1022_sf1|1
1024_sf1|1023_sf1|1
1025_sf1|1024_sf1|2
1026_sf1|1025_sf1|2
1027_sf1|1026_sf1|4
1028_sf1|1027_sf1|4
1028_sf1|1023_sf1|1
1029_sf1|1028_sf1|2
1029_sf1|1027_sf1|3
1030_sf1|1029_sf1|1
1031_sf1|1030_sf1|4
1032_sf1|1031_sf1|1
1032_sf1|1029_sf1|3
1033_sf1|1032_sf1|4
1034_sf1|1033_sf1|3
1035_sf1|1034_sf1|3
1035_sf1|1033_sf1|2
1036_sf1|1035_sf1|1
1036_sf1|1033_sf1|3
1037_sf1|1036_sf1|3
1038_sf1|1037_sf1|5
1038_sf1|1034_sf1|3
1039_sf1|1038_sf1|4
1040_sf1|1039_sf1|1
1041_sf1|1040_sf1|4
1042_sf1|1041_sf1|1
1042_sf1|1037_sf1|3
1043_sf1|1042_sf1|3
1043_sf1|1040_sf1|3
1044_sf1|1043_sf1|3
1045_sf1|1044_sf1|4
1046_sf1|1045_sf1|4
1046_sf1|1041_sf1|2
1047_sf1|1046_sf1|3
1048_sf1|1047_sf1|4
1049_sf1|1048_sf1|3
1050_sf1|1049_sf1|1
1051_sf1|1050_sf1|2
1052_sf1|1051_sf1|5
1053_sf1|1052_sf1|4
1053_sf1|1051_sf1|2
1054_sf1|1053_sf1|4
1054_sf1|1052_sf1|2
1055_sf1|1054_sf1|5
1056_sf1|1055_sf1|5
1056_sf1|1054_sf1|1
1057_sf1|1056_sf1|3
1058_sf1|1057_sf1|4
1059_sf1|1058_sf1|5
1060_sf1|1059_sf1|5
1061_sf1|1060_sf1|1
1061_sf1|1059_sf1|1
1062_sf1|1061_sf1|3
1063_sf1|1062_sf1|2
1063_sf1|1059_sf1|1
1064_sf1|1063_sf1|2
1065_sf1|1064_sf1|4
1066_sf1|1065_sf1|2
1067_sf1|1066_sf1|2
1067_sf1|1062_sf1|2
1068_sf1|1067_sf1|5
1068_sf1|1064_sf1|1
1069_sf1|1068_sf1|3
1069_sf1|1065_sf1|3
1070_sf1|1069_sf1|4
1071_sf1|1070_sf1|5
1072_sf1|1071_sf1|2
1073_sf1|1072_sf1|2
1074_sf1|1073_sf1|4
1074_sf1|1072_sf1|3
1075_sf1|1074_sf1|5
1076_sf1|1075_sf1|5
1076_sf1|1072_sf1|1
1077_sf1|1076_sf1|2
1078_sf1|1077_sf1|3
1078_sf1|1074_sf1|2
1079_sf1|1078_sf1|2
1080_sf1|1079_sf1|2
1081_sf1|1080_sf1|3
1082_sf1|1081_sf1|3
1083_sf1|1082_sf1|1
1084_sf1|1083_sf1|2
1085_sf1|1084_sf1|5
1086_sf1|1085_sf1|1
1087_sf1|1086_sf1|3
1088_sf1|1087_sf1|3
1089_sf1|1088_sf1|1
1089_sf1|1086_sf1|1
1090_sf1|1089_sf1|5
1090_sf1|1087_sf1|1
1091_sf1|1090_sf1|4
1091_sf1|1088_sf1|1
1092_sf1|1091_sf1|5
1093_sf1|1092_sf1|1
1093_sf1|1089_sf1|2
1094_sf1|1093_sf1|2
1095_sf1|1094_sf1|3
1095_sf1|1091_sf1|2
1096_sf1|1095_sf1|2
1097_sf1|1096_sf1|1
1098_sf1|1097_sf1|3
1098_sf1|1096_sf1|1
1099_sf1|1098_sf1|3
1100_sf1|1099_sf1|1
1101_sf1|1100_sf1|5
1102_sf1|1101_sf1|4
1103_sf1|1102_sf1|5
1104_sf1|1103_sf1|2
1105_sf1|1104_sf1|5
1106_sf1|1105_sf1|4
1107_sf1|1106_sf1|3
1108_sf1|1107_sf1|4
1108_sf1|1106_sf1|2
1109_sf1|1108_sf1|5
1110_sf1|1109_sf1|2
1111_sf1|1110_sf1|2
1112_sf1|1111_sf1|1
1112_sf1|1107_sf1|3
1113_sf1|1112_sf1|2
1114_sf1|1113_sf1|2
1115_sf1|1114_sf1|3
1116_sf1|1115_sf1|2
1117_sf1|1116_sf1|2
1118_sf1|1117_sf1|3
1118_sf1|1116_sf1|1
1119_sf1|1118_sf1|1
1120_sf1|1119_sf1|2
1121_sf1|1120_sf1|5
1122_sf1|1121_sf1|5
1122_sf1|1120_sf1|2
1123_sf1|1122_sf1|3
1123_sf1|1121_sf1|2
1124_sf1|1123_sf1|4
1125_sf1|1124_sf1|5
1126_sf1|1125_sf1|1
1127_sf1|1126_sf1|1
1128_sf1|1127_sf1|2
1128_sf1|1126_sf1|1
1129_sf1|1128_sf1|1
1129_sf1|1127_sf1|2
1130_sf1|1129_sf1|5
1131_sf1|1130_sf1|1
1132_sf1|1131_sf1|4
1133_sf1|1132_sf1|4
1133_sf1|1130_sf1|3
1134_sf1|1133_sf1|4
1135_sf1|1134_sf1|2
1136_sf1|1135_sf1|2
1137_sf1|1136_sf1|2
1137_sf1|1133_sf1|3
1138_sf1|1137_sf1|3
1138_sf1|1134_sf1|3
1139_sf1|1138_sf1|2
1139_sf1|1135_sf1|1
1140_sf1|1139_sf1|2
1140_sf1|1136_sf1|1
1141_sf1|1140_sf1|2
1142_sf1|1141_sf1|1
1142_sf1|1137_sf1|3
1143_sf1|1142_sf1|4
1143_sf1|1140_sf1|3
1144_sf1|1143_sf1|3
1145_sf1|1144_sf1|1
1145_sf1|1143_sf1|3
1146_sf1|1145_sf1|4
1147_sf1|1146_sf1|5
1148_sf1|1147_sf1|5
1148_sf1|1144_sf1|3
1149_sf1|1148_sf1|1
1149_sf1|1147_sf1|3
1150_sf1|1149_sf1|1
1151_sf1|1150_sf1|3
1152_sf1|1151_sf1|3
1152_sf1|1148_sf1|2
1153_sf1|1152_sf1|4
1154_sf1|1153_sf1|4
1154_sf1|1152_sf1|1
1155_sf1|1154_sf1|1
1156_sf1|1155_sf1|4
1156_sf1|1153_sf1|1
1157_sf1|1156_sf1|1
1158_sf1|1157_sf1|4
1159_sf1|1158_sf1|4
1159_sf1|1156_sf1|2
1160_sf1|1159_sf1|5
1161_sf1|1160_sf1|1
1161_sf1|1157_sf1|3
1162_sf1|1161_sf1|5
1163_sf1|1162_sf1|5
1164_sf1|1163_sf1|4
1164_sf1|1160_sf1|3
1165_sf1|1164_sf1|4
1166_sf1|1165_sf1|1
1167_sf1|1166_sf1|3
1168_sf1|1167_sf1|1
1169_sf1|1168_sf1|4
1169_sf1|1166_sf1|3
1170_sf1|1169_sf1|4
1170_sf1|1166_sf1|1
1171_sf1|1170_sf1|4
1172_sf1|1171_sf1|4
1173_sf1|1172_sf1|1
1174_sf1|1173_sf1|3
1175_sf1|1174_sf1|3
1175_sf1|1172_sf1|3
1176_sf1|1175_sf1|4
1176_sf1|1172_sf1|3
1177_sf1|1176_sf1|4
1178_sf1|1177_sf1|5
1179_sf1|1178_sf1|1
1179_sf1|1175_sf1|2
1180_sf1|1179_sf1|3
1181_sf1|1180_sf1|4
1181_sf1|1176_sf1|1
1182_sf1|1181_sf1|4
1183_sf1|1182_sf1|2
1184_sf1|1183_sf1|1
1185_sf1|1184_sf1|2
1186_sf1|1185_sf1|2
1186_sf1|1181_sf1|2
1187_sf1|1186_sf1|1
1187_sf1|1185_sf1|2
1188_sf1|1187_sf1|4
1189_sf1|1188_sf1|3
1190_sf1|1189_sf1|3
1191_sf1|1190_sf1|5
1191_sf1|1187_sf1|1
1192_sf1|1191_sf1|5
1193_sf1|1192_sf1|5
1193_sf1|1188_sf1|2
1194_sf1|1193_sf1|4
1195_sf1|1194_sf1|3
1195_sf1|1191_sf1|2
1196_sf1|1195_sf1|4
1196_sf1|1194_sf1|2
1197_sf1|1196_sf1|1
1197_sf1|1195_sf1|2
1198_sf1|1197_sf1|1
1199_sf1|1198_sf1|5
1200_sf1|1199_sf1|5
1201_sf1|1200_sf1|2
1202_sf1|1201_sf1|4
1202_sf1|1199_sf1|3
1203_sf1|1202_sf1|2
1204_sf1|1203_sf1|3
1205_sf1|1204_sf1|2
1206_sf1|1205_sf1|5
1207_sf1|1206_sf1|5
1208_sf1|1207_sf1|1
1209_sf1|1208_sf1|2
1210_sf1|1209_sf1|2
1211_sf1|1210_sf1|4
1211_sf1|1208_sf1|1
1212_sf1|1211_sf1|4
1213_sf1|1212_sf1|1
1214_sf1|1213_sf1|5
1215_sf1|1214_sf1|5
1215_sf1|1212_sf1|2
1216_sf1|1215_sf1|2
1216_sf1|1213_sf1|3
1217_sf1|1216_sf1|4
1218_sf1|1217_sf1|4
1219_sf1|1218_sf1|3
1220_sf1|1219_sf1|4
1221_sf1|1220_sf1|5
1221_sf1|1217_sf1|2
1222_sf1|1221_sf1|1
1222_sf1|1220_sf1|2
1223_sf1|1222_sf1|2
1224_sf1|1223_sf1|5
1225_sf1|1224_sf1|2
1226_sf1|1225_sf1|1
1227_sf1|1226_sf1|1
1228_sf1|1227_sf1|1
1229_sf1|1228_sf1|5
1229_sf1|1225_sf1|1
1230_sf1|1229_sf1|5
1230_sf1|1228_sf1|1
1231_sf1|1230_sf1|5
1231_sf1|1228_sf1|2
1232_sf1|1231_sf1|5
1233_sf1|1232_sf1|5
1234_sf1|1233_sf1|3
1235_sf1|1234_sf1|5
1236_sf1|1235_sf1|4
1236_sf1|1231_sf1|3
1237_sf1|1236_sf1|5
1238_sf1|1237_sf1|1
1239_sf1|1238_sf1|2
1240_sf1|1239_sf1|5
1241_sf1|1240_sf1|1
1242_sf1|1241_sf1|5
1243_sf1|1242_sf1|3
1243_sf1|1240_sf1|3
1244_sf1|1243_sf1|3
1244_sf1|1241_sf1|2
1245_sf1|1244_sf1|2
1246_sf1|1245_sf1|2
1247_sf1|1246_sf1|5
1247_sf1|1245_sf1|3
1248_sf1|1247_sf1|3
1249_sf1|1248_sf1|5
1249_sf1|1247_sf1|2
1250_sf1|1249_sf1|4
1251_sf1|1250_sf1|5
1252_sf1|1251_sf1|2
1252_sf1|1249_sf1|2
1253_sf1|1252_sf1|2
1253_sf1|1248_sf1|2
1254_sf1|1253_sf1|2
1255_sf1|1254_sf1|4
1256_sf1|1255_sf1|5
1257_sf1|1256_sf1|1
1257_sf1|1254_sf1|1
1258_sf1|1257_sf1|4
1259_sf1|1258_sf1|2
1260_sf1|1259_sf1|3
1261_sf1|1260_sf1|2
1262_sf1|1261_sf1|3
1262_sf1|1257_sf1|3
1263_sf1|1262_sf1|2
1263_sf1|1261_sf1|1
1264_sf1|1263_sf1|3
1265_sf1|1264_sf1|5
1266_sf1|1265_sf1|3
1267_sf1|1266_sf1|4
1268_sf1|1267_sf1|4
1269_sf1|1268_sf1|5
1269_sf1|1267_sf1|2
1270_sf1|1269_sf1|5
1271_sf1|1270_sf1|4
1271_sf1|1266_sf1|3
1272_sf1|1271_sf1|5
1273_sf1|1272_sf1|4
1274_sf1|1273_sf1|4
1275_sf1|1274_sf1|4
1276_sf1|1275_sf1|5
1277_sf1|1276_sf1|3
1277_sf1|1272_sf1|2
1278_sf1|1277_sf1|3
1278_sf1|1273_sf1|1
1279_sf1|1278_sf1|5
1280_sf1|1279_sf1|5
1281_sf1|1280_sf1|4
1282_sf1|1281_sf1|2
1283_sf1|1282_sf1|3
1284_sf1|1283_sf1|3
1284_sf1|1281_sf1|3
1285_sf1|1284_sf1|1
1286_sf1|1285_sf1|5
1286_sf1|1282_sf1|3
1287_sf1|1286_sf1|5
1288_sf1|1287_sf1|5
1288_sf1|1283_sf1|3
1289_sf1|1288_sf1|3
1289_sf1|1284_sf1|1
1290_sf1|1289_sf1|3
1290_sf1|1288_sf1|1
1291_sf1|1290_sf1|5
1292_sf1|1291_sf1|5
1292_sf1|1288_sf1|3
1293_sf1|1292_sf1|2
1294_sf1|1293_sf1|3
1294_sf1|1289_sf1|2
1295_sf1|1294_sf1|3
1296_sf1|1295_sf1|4
1297_sf1|1296_sf1|3
1298_sf1|1297_sf1|4
1299_sf1|1298_sf1|3
1299_sf1|1296_sf1|2
1300_sf1|1299_sf1|2
1301_sf1|1300_sf1|3
1301_sf1|1297_sf1|3
1302_sf1|1301_sf1|5
1303_sf1|1302_sf1|2
1303_sf1|1298_sf1|3
1304_sf1|1303_sf1|3
1305_sf1|1304_sf1|2
1306_sf1|1305_sf1|2
1306_sf1|1301_sf1|2
1307_sf1|1306_sf1|3
1307_sf1|1304_sf1|1
1308_sf1|1307_sf1|5
1309_sf1|1308_sf1|5
1310_sf1|1309_sf1|4
1311_sf1|1310_sf1|5
1311_sf1|1307_sf1|3
1312_sf1|1311_sf1|5
1313_sf1|1312_sf1|4
1314_sf1|1313_sf1|4
1315_sf1|1314_sf1|1
1316_sf1|1315_sf1|3
1317_sf1|1316_sf1|4
1318_sf1|1317_sf1|2
1319_sf1|1318_sf1|4
1319_sf1|1317_sf1|3
1320_sf1|1319_sf1|5
1320_sf1|1315_sf1|1
1321_sf1|1320_sf1|3
1321_sf1|1317_sf1|2
1322_sf1|1321_sf1|4
1323_sf1|1322_sf1|5
1324_sf1|1323_sf1|1
1325_sf1|1324_sf1|2
1325_sf1|1320_sf1|3
1326_sf1|1325_sf1|1
1326_sf1|1324_sf1|3
1327_sf1|1326_sf1|5
1327_sf1|1322_sf1|1
1328_sf1|1327_sf1|2
1329_sf1|1328_sf1|2
1330_sf1|1329_sf1|5
1331_sf1|1330_sf1|4
1332_sf1|1331_sf1|3
1333_sf1|1332_sf1|5
1333_sf1|1329_sf1|1
1334_sf1|1333_sf1|5
1335_sf1|1334_sf1|2
1336_sf1|1335_sf1|1
1337_sf1|1336_sf1|5
1338_sf1|1337_sf1|1
1339_sf1|1338_sf1|1
1340_sf1|1339_sf1|5
1341_sf1|1340_sf1|4
1342_sf1|1341_sf1|1
1343_sf1|1342_sf1|4
1344_sf1|1343_sf1|5
1345_sf1|1344_sf1|3
1346_sf1|1345_sf1|5
1347_sf1|1346_sf1|5
1348_sf1|1347_sf1|3
1349_sf1|1348_sf1|4
1350_sf1|1349_sf1|2
1351_sf1|1350_sf1|1
1351_sf1|1349_sf1|1
1352_sf1|1351_sf1|4
1353_sf1|1352_sf1|2
1354_sf1|1353_sf1|3
1355_sf1|1354_sf1|3
1356_sf1|1355_sf1|5
1357_sf1|1356_sf1|2
1357_sf1|1354_sf1|1
1358_sf1|1357_sf1|5
1358_sf1|1356_sf1|2
1359_sf1|1358_sf1|3
1360_sf1|1359_sf1|5
1361_sf1|1360_sf1|3
1362_sf1|1361_sf1|2
1363_sf1|1362_sf1|5
1364_sf1|1363_sf1|3
1365_sf1|1364_sf1|2
1366_sf1|1365_sf1|2
1367_sf1|1366_sf1|5
1367_sf1|1365_sf1|2
1368_sf1|1367_sf1|3
1369_sf1|1368_sf1|2
1370_sf1|1369_sf1|5
1371_sf1|1370_sf1|2
1372_sf1|1371_sf1|5
1372_sf1|1369_sf1|1
1373_sf1|1372_sf1|5
1374_sf1|1373_sf1|5
1374_sf1|1370_sf1|1
1375_sf1|1374_sf1|3
1376_sf1|1375_sf1|5
1377_sf1|1376_sf1|2
1377_sf1|1372_sf1|3
1378_sf1|1377_sf1|1
1379_sf1|1378_sf1|1
1380_sf1|1379_sf1|4
1381_sf1|1380_sf1|2
1382_sf1|1381_sf1|2
1383_sf1|1382_sf1|5
1383_sf1|1379_sf1|2
1384_sf1|1383_sf1|2
1385_sf1|1384_sf1|1
1386_sf1|1385_sf1|4
1387_sf1|1386_sf1|2
1388_sf1|1387_sf1|2
1389_sf1|1388_sf1|4
1390_sf1|1389_sf1|4
1390_sf1|1386_sf1|2
1391_sf1|1390_sf1|3
1391_sf1|1388_sf1|2
1392_sf1|1391_sf1|2
1393_sf1|1392_sf1|4
1393_sf1|1389_sf1|3
1394_sf1|1393_sf1|2
1394_sf1|1389_sf1|3
1395_sf1|1394_sf1|4
1396_sf1|1395_sf1|4
1396_sf1|1391_sf1|3
1397_sf1|1396_sf1|3
1398_sf1|1397_sf1|4
1398_sf1|1393_sf1|3
1399_sf1|1398_sf1|2
1400_sf1|1399_sf1|3
1401_sf1|1400_sf1|3
1402_sf1|1401_sf1|1
1403_sf1|1402_sf1|3
1403_sf1|1399_sf1|3
1404_sf1|1403_sf1|5
1405_sf1|1404_sf1|4
1406_sf1|1405_sf1|1
1407_sf1|1406_sf1|5
1407_sf1|1403_sf1|2
1408_sf1|1407_sf1|3
1409_sf1|1408_sf1|1
1410_sf1|1409_sf1|5
1411_sf1|1410_sf1|4
1412_sf1|1411_sf1|2
1413_sf1|1412_sf1|1
1414_sf1|1413_sf1|3
1415_sf1|1414_sf1|2
1415_sf1|1412_sf1|1
1416_sf1|1415_sf1|1
1417_sf1|1416_sf1|5
1417_sf1|1415_sf1|2
1418_sf1|1417_sf1|2
1419_sf1|1418_sf1|1
1419_sf1|1416_sf1|2
1420_sf1|1419_sf1|5
1421_sf1|1420_sf1|1
1422_sf1|1421_sf1|3
1422_sf1|1417_sf1|3
1423_sf1|1422_sf1|1
1424_sf1|1423_sf1|4
1425_sf1|1424_sf1|1
1426_sf1|1425_sf1|4
1427_sf1|1426_sf1|1
1428_sf1|1427_sf1|5
1428_sf1|1426_sf1|3
1429_sf1|1428_sf1|1
1430_sf1|1429_sf1|1
1430_sf1|1426_sf1|1
1431_sf1|1430_sf1|5
1432_sf1|1431_sf1|5
1433_sf1|1432_sf1|2
1434_sf1|1433_sf1|5
1435_sf1|1434_sf1|4
1436_sf1|1435_sf1|1
1437_sf1|1436_sf1|1
1438_sf1|1437_sf1|1
1439_sf1|1438_sf1|5
1440_sf1|1439_sf1|1
1440_sf1|1437_sf1|1
1441_sf1|1440_sf1|5
1442_sf1|1441_sf1|2
1443_sf1|1442_sf1|5
1444_sf1|1443_sf1|3
1444_sf1|1439_sf1|2
1445_sf1|1444_sf1|5
1445_sf1|1441_sf1|2
1446_sf1|1445_sf1|5
1447_sf1|1446_sf1|2
1447_sf1|1442_sf1|1
1448_sf1|1447_sf1|1
1449_sf1|1448_sf1|3
1450_sf1|1449_sf1|5
1450_sf1|1448_sf1|3
1451_sf1|1450_sf1|4
1452_sf1|1451_sf1|4
1453_sf1|1452_sf1|5
1454_sf1|1453_sf1|5
1455_sf1|1454_sf1|3
1456_sf1|1455_sf1|3
1457_sf1|1456_sf1|1
1458_sf1|1457_sf1|5
1459_sf1|1458_sf1|1
1460_sf1|1459_sf1|3
1461_sf1|1460_sf1|2
1462_sf1|1461_sf1|5
1463_sf1|1462_sf1|5
1464_sf1|1463_sf1|5
1464_sf1|1462_sf1|2
1465_sf1|1464_sf1|5
1466_sf1|1465_sf1|3
1467_sf1|1466_sf1|3
1468_sf1|1467_sf1|1
1468_sf1|1465_sf1|1
1469_sf1|1468_sf1|2
1470_sf1|1469_sf1|3
1470_sf1|1468_sf1|1
1471_sf1|1470_sf1|4
1472_sf1|1471_sf1|1
1473_sf1|1472_sf1|1
1474_sf1|1473_sf1|3
1475_sf1|1474_sf1|2
1475_sf1|1470_sf1|2
1476_sf1|1475_sf1|1
1477_sf1|1476_sf1|3
1477_sf1|1472_sf1|1
1478_sf1|1477_sf1|2
1479_sf1|1478_sf1|4
1479_sf1|1474_sf1|1
1480_sf1|1479_sf1|4
1481_sf1|1480_sf1|2
1482_sf1|1481_sf1|2
1483_sf1|1482_sf1|1
1483_sf1|1481_sf1|3
1484_sf1|1483_sf1|1
1485_sf1|1484_sf1|4
1486_sf1|1485_sf1|1
1487_sf1|1486_sf1|3
1488_sf1|1487_sf1|1
1488_sf1|1483_sf1|2
1489_sf1|1488_sf1|3
1490_sf1|1489_sf1|1
1491_sf1|1490_sf1|5
1492_sf1|1491_sf1|4
1493_sf1|1492_sf1|1
1494_sf1|1493_sf1|5
1495_sf1|1494_sf1|3
1496_sf1|1495_sf1|4
1497_sf1|1496_sf1|3
1497_sf1|1494_sf1|2
1498_sf1|1497_sf1|2
1499_sf1|1498_sf1|3
1500_sf1|1499_sf1|3
1501_sf1|1500_sf1|1
1502_sf1|1501_sf1|4
1503_sf1|1502_sf1|2
1504_sf1|1503_sf1|2
1505_sf1|1504_sf1|2
1506_sf1|1505_sf1|5
1507_sf1|1506_sf1|5
1508_sf1|1507_sf1|5
1508_sf1|1503_sf1|3
1509_sf1|1508_sf1|4
1509_sf1|1507_sf1|3
1510_sf1|1509_sf1|5
1510_sf1|1506_sf1|2
1511_sf1|1510_sf1|2
1512_sf1|1511_sf1|2
1513_sf1|1512_sf1|3
1514_sf1|1513_sf1|5
1514_sf1|1510_sf1|1
1515_sf1|1514_sf1|2
1516_sf1|1515_sf1|4
1517_sf1|1516_sf1|3
1517_sf1|1512_sf1|2
1518_sf1|1517_sf1|5
1518_sf1|1514_sf1|1
1519_sf1|1518_sf1|5
1520_sf1|1519_sf1|2
1521_sf1|1520_sf1|2
1522_sf1|1521_sf1|1
1523_sf1|1522_sf1|5
1524_sf1|1523_sf1|1
1525_sf1|1524_sf1|5
1526_sf1|1525_sf1|3
1526_sf1|1524_sf1|2
1527_sf1|1526_sf1|2
1528_sf1|1527_sf1|3
1529_sf1|1528_sf1|2
1530_sf1|1529_sf1|5
1530_sf1|1525_sf1|3
1531_sf1|1530_sf1|1
1532_sf1|1531_sf1|1
1532_sf1|1529_sf1|1
1533_sf1|1532_sf1|1
1534_sf1|1533_sf1|2
1534_sf1|1532_sf1|3
1535_sf1|1534_sf1|2
1535_sf1|1531_sf1|1
1536_sf1|1535_sf1|2
1537_sf1|1536_sf1|3
1538_sf1|1537_sf1|5
1539_sf1|1538_sf1|2
1540_sf1|1539_sf1|4
1541_sf1|1540_sf1|1
1542_sf1|1541_sf1|1
1543_sf1|1542_sf1|1
1544_sf1|1543_sf1|2
1544_sf1|1540_sf1|2
1545_sf1|1544_sf1|3
1545_sf1|1542_sf1|3
1546_sf1|1545_sf1|3
1546_sf1|1543_sf1|3
1547_sf1|1546_sf1|3
1548_sf1|1547_sf1|3
1549_sf1|1548_sf1|2
1550_sf1|1549_sf1|3
1551_sf1|1550_sf1|4
1552_sf1|1551_sf1|1
1553_sf1|1552_sf1|3
1553_sf1|1548_sf1|3
1554_sf1|1553_sf1|5
1555_sf1|1554_sf1|3
1556_sf1|1555_sf1|3
1557_sf1|1556_sf1|1
1558_sf1|1557_sf1|3
1559_sf1|1558_sf1|1
1560_sf1|1559_sf1|5
1561_sf1|1560_sf1|1
1562_sf1|1561_sf1|1
1563_sf1|1562_sf1|5
1564_sf1|1563_sf1|4
1565_sf1|1564_sf1|4
1566_sf1|1565_sf1|3
1567_sf1|1566_sf1|2
1567_sf1|1565_sf1|3
1568_sf1|1567_sf1|5
1569_sf1|1568_sf1|2
1569_sf1|1567_sf1|2
1570_sf1|1569_sf1|2
1570_sf1|1565_sf1|2
1571_sf1|1570_sf1|4
1572_sf1|1571_sf1|3
1573_sf1|1572_sf1|2
1574_sf1|1573_sf1|5
1575_sf1|1574_sf1|1
1576_sf1|1575_sf1|5
1576_sf1|1573_sf1|3
1577_sf1|1576_sf1|5
1578_sf1|1577_sf1|3
1579_sf1|1578_sf1|5
1580_sf1|1579_sf1|5
1581_sf1|1580_sf1|5
1582_sf1|1581_sf1|5
1583_sf1|1582_sf1|4
1584_sf1|1583_sf1|1
1585_sf1|1584_sf1|1
1586_sf1|1585_sf1|5
1587_sf1|1586_sf1|3
1588_sf1|1587_sf1|3
1589_sf1|1588_sf1|4
1590_sf1|1589_sf1|4
1591_sf1|1590_sf1|3
1591_sf1|1587_sf1|2
1592_sf1|1591_sf1|1
1593_sf1|1592_sf1|3
1593_sf1|1588_sf1|3
1594_sf1|1593_sf1|3
1594_sf1|1590_sf1|2
1595_sf1|1594_sf1|1
1596_sf1|1595_sf1|1
1597_sf1|1596_sf1|2
1598_sf1|1597_sf1|2
1598_sf1|1593_sf1|3
1599_sf1|1598_sf1|3
1599_sf1|1597_sf1|2
1600_sf1|1599_sf1|4
1601_sf1|1600_sf1|4
1602_sf1|1601_sf1|3
1603_sf1|1602_sf1|5
1604_sf1|1603_sf1|5
1604_sf1|1601_sf1|3
1605_sf1|1604_sf1|2
1606_sf1|1605_sf1|4
1607_sf1|1606_sf1|5
1608_sf1|1607_sf1|2
1608_sf1|1604_sf1|3
1609_sf1|1608_sf1|5
1609_sf1|1605_sf1|2
1610_sf1|1609_sf1|1
1610_sf1|1606_sf1|3
1611_sf1|1610_sf1|5
1611_sf1|1609_sf1|2
1612_sf1|1611_sf1|2
1612_sf1|1607_sf1|1
1613_sf1|1612_sf1|1
1614_sf1|1613_sf1|5
1614_sf1|1610_sf1|2
1615_sf1|1614_sf1|3
1616_sf1|1615_sf1|3
1617_sf1|1616_sf1|2
1618_sf1|1617_sf1|1
1618_sf1|1616_sf1|3
1619_sf1|1618_sf1|2
1620_sf1|1619_sf1|3
1620_sf1|1618_sf1|3
1621_sf1|1620_sf1|2
1622_sf1|1621_sf1|3
1623_sf1|1622_sf1|3
1624_sf1|1623_sf1|5
1625_sf1|1624_sf1|1
1626_sf1|1625_sf1|1
1627_sf1|1626_sf1|4
1628_sf1|1627_sf1|3
1628_sf1|1626_sf1|1
1629_sf1|1628_sf1|2
1630_sf1|1629_sf1|5
1631_sf1|1630_sf1|5
1631_sf1|1627_sf1|1
1632_sf1|1631_sf1|2
1633_sf1|1632_sf1|3
1633_sf1|1629_sf1|3
1634_sf1|1633_sf1|3
1635_sf1|1634_sf1|3
1636_sf1|1635_sf1|4
1636_sf1|1632_sf1|3
1637_sf1|1636_sf1|2
1638_sf1|1637_sf1|4
1638_sf1|1635_sf1|1
1639_sf1|1638_sf1|5
1640_sf1|1639_sf1|4
1640_sf1|1638_sf1|3
1641_sf1|1640_sf1|2
1641_sf1|1636_sf1|2
1642_sf1|1641_sf1|5
1642_sf1|1638_sf1|2
1643_sf1|1642_sf1|1
1644_sf1|1643_sf1|3
1645_sf1|1644_sf1|5
1646_sf1|1645_sf1|4
1646_sf1|1642_sf1|3
1647_sf1|1646_sf1|4
1647_sf1|1643_sf1|2
1648_sf1|1647_sf1|2
1648_sf1|1644_sf1|3
1649_sf1|1648_sf1|1
1650_sf1|1649_sf1|2
1651_sf1|1650_sf1|4
1651_sf1|1647_sf1|1
1652_sf1|1651_sf1|1
1653_sf1|1652_sf1|1
1654_sf1|1653_sf1|2
1655_sf1|1654_sf1|3
1655_sf1|1653_sf1|2
1656_sf1|1655_sf1|5
1657_sf1|1656_sf1|1
1657_sf1|1653_sf1|3
1658_sf1|1657_sf1|4
1659_sf1|1658_sf1|4
1660_sf1|1659_sf1|5
1661_sf1|1660_sf1|3
1662_sf1|1661_sf1|4
1662_sf1|1658_sf1|3
1663_sf1|1662_sf1|2
1664_sf1|1663_sf1|3
1664_sf1|1659_sf1|2
1665_sf1|1664_sf1|1
1665_sf1|1660_sf1|2
1666_sf1|1665_sf1|1
1667_sf1|1666_sf1|4
1668_sf1|1667_sf1|4
1669_sf1|1668_sf1|1
1670_sf1|1669_sf1|1
1671_sf1|1670_sf1|1
1672_sf1|1671_sf1|4
1673_sf1|1672_sf1|1
1674_sf1|1673_sf1|4
1675_sf1|1674_sf1|5
1675_sf1|1671_sf1|1
1676_sf1|1675_sf1|2
1676_sf1|1673_sf1|2
1677_sf1|1676_sf1|5
1677_sf1|1673_sf1|3
1678_sf1|1677_sf1|1
1679_sf1|1678_sf1|5
1680_sf1|1679_sf1|2
1681_sf1|1680_sf1|5
1682_sf1|1681_sf1|5
1683_sf1|1682_sf1|3
1684_sf1|1683_sf1|4
1685_sf1|1684_sf1|2
1685_sf1|1682_sf1|2
1686_sf1|1685_sf1|5
1687_sf1|1686_sf1|2
1688_sf1|1687_sf1|3
1688_sf1|1685_sf1|2
1689_sf1|1688_sf1|1
1690_sf1|1689_sf1|4
1691_sf1|1690_sf1|4
1692_sf1|1691_sf1|1
1692_sf1|1688_sf1|3
1693_sf1|1692_sf1|3
1694_sf1|1693_sf1|1
1695_sf1|1694_sf1|2
1695_sf1|1693_sf1|1
1696_sf1|1695_sf1|2
1696_sf1|1691_sf1|1
1697_sf1|1696_sf1|5
1698_sf1|1697_sf1|3
1698_sf1|1696_sf1|3
1699_sf1|1698_sf1|1
1700_sf1|1699_sf1|5
1701_sf1|1700_sf1|2
1702_sf1|1701_sf1|1
1702_sf1|1699_sf1|2
1703_sf1|1702_sf1|5
1704_sf1|1703_sf1|2
1705_sf1|1704_sf1|4
1705_sf1|1700_sf1|1
1706_sf1|1705_sf1|2
1706_sf1|1701_sf1|3
1707_sf1|1706_sf1|1
1708_sf1|1707_sf1|3
1709_sf1|1708_sf1|1
1709_sf1|1707_sf1|1
1710_sf1|1709_sf1|4
1711_sf1|1710_sf1|4
1711_sf1|1707_sf1|2
1712_sf1|1711_sf1|2
1713_sf1|1712_sf1|2
1713_sf1|1711_sf1|3
1714_sf1|1713_sf1|4
1714_sf1|1709_sf1|3
1715_sf1|1714_sf1|4
1715_sf1|1710_sf1|3
1716_sf1|1715_sf1|2
1717_sf1|1716_sf1|1
1717_sf1|1712_sf1|1
1718_sf1|1717_sf1|4
1718_sf1|1714_sf1|3
1719_sf1|1718_sf1|2
1719_sf1|1714_sf1|3
1720_sf1|1719_sf1|1
1720_sf1|1717_sf1|3
1721_sf1|1720_sf1|4
1722_sf1|1721_sf1|1
1722_sf1|1717_sf1|2
1723_sf1|1722_sf1|5
1724_sf1|1723_sf1|2
1725_sf1|1724_sf1|1
1725_sf1|1720_sf1|2
1726_sf1|1725_sf1|4
1727_sf1|1726_sf1|4
1727_sf1|1723_sf1|3
1728_sf1|1727_sf1|2
1729_sf1|1728_sf1|1
1730_sf1|1729_sf1|4
1731_sf1|1730_sf1|3
1732_sf1|1731_sf1|4
1733_sf1|1732_sf1|5
1734_sf1|1733_sf1|1
1734_sf1|1731_sf1|3
1735_sf1|1734_sf1|5
1735_sf1|1730_sf1|1
1736_sf1|1735_sf1|3
1737_sf1|1736_sf1|1
1738_sf1|1737_sf1|3
1739_sf1|1738_sf1|1
1739_sf1|1737_sf1|1
1740_sf1|1739_sf1|3
1741_sf1|1740_sf1|5
1742_sf1|1741_sf1|4
1743_sf1|1742_sf1|2
1744_sf1|1743_sf1|5
1745_sf1|1744_sf1|4
1746_sf1|1745_sf1|4
1746_sf1|1744_sf1|3
1747_sf1|1746_sf1|4
1748_sf1|1747_sf1|3
1749_sf1|1748_sf1|3
1750_sf1|1749_sf1|4
1751_sf1|1750_sf1|3
1752_sf1|1751_sf1|3
1752_sf1|1748_sf1|3
1753_sf1|1752_sf1|3
1754_sf1|1753_sf1|1
1755_sf1|1754_sf1|5
1756_sf1|1755_sf1|4
1757_sf1|1756_sf1|1
1758_sf1|1757_sf1|5
1758_sf1|1753_sf1|3
1759_sf1|1758_sf1|1
1760_sf1|1759_sf1|3
1760_sf1|1756_sf1|1
1761_sf1|1760_sf1|1
1762_sf1|1761_sf1|5
1763_sf1|1762_sf1|3
1764_sf1|1763_sf1|2
1764_sf1|1762_sf1|1
1765_sf1|1764_sf1|4
1766_sf1|1765_sf1|2
1767_sf1|1766_sf1|2
1767_sf1|1762_sf1|1
1768_sf1|1767_sf1|4
1768_sf1|1763_sf1|2
1769_sf1|1768_sf1|2
1770_sf1|1769_sf1|1
1771_sf1|1770_sf1|4
1772_sf1|1771_sf1|5
1773_sf1|1772_sf1|1
1773_sf1|1768_sf1|2
1774_sf1|1773_sf1|1
1775_sf1|1774_sf1|4
1775_sf1|1770_sf1|1
1776_sf1|1775_sf1|1
1777_sf1|1776_sf1|2
1777_sf1|1774_sf1|2
1778_sf1|1777_sf1|3
1779_sf1|1778_sf1|4
1780_sf1|1779_sf1|4
1781_sf1|1780_sf1|4
1782_sf1|1781_sf1|3
1783_sf1|1782_sf1|3
1783_sf1|1780_sf1|2
1784_sf1|1783_sf1|5
1785_sf1|1784_sf1|4
1785_sf1|1780_sf1|2
1786_sf1|1785_sf1|1
1787_sf1|1786_sf1|4
1787_sf1|1785_sf1|1
1788_sf1|1787_sf1|3
1789_sf1|1788_sf1|4
1790_sf1|1789_sf1|3
1790_sf1|1786_sf1|2
1791_sf1|1790_sf1|5
1791_sf1|1787_sf1|3
1792_sf1|1791_sf1|5
1793_sf1|1792_sf1|1
1793_sf1|1788_sf1|1
1794_sf1|1793_sf1|4
1795_sf1|1794_sf1|2
1795_sf1|1792_sf1|2
1796_sf1|1795_sf1|5
1797_sf1|1796_sf1|4
1798_sf1|1797_sf1|4
1799_sf1|1798_sf1|4
1799_sf1|1796_sf1|1
1800_sf1|1799_sf1|5
1801_sf1|1800_sf1|3
1802_sf1|1801_sf1|5
1803_sf1|1802_sf1|5
1804_sf1|1803_sf1|2
1804_sf1|1799_sf1|1
1805_sf1|1804_sf1|1
1806_sf1|1805_sf1|1
1807_sf1|1806_sf1|5
1808_sf1|1807_sf1|4
1809_sf1|1808_sf1|4
1809_sf1|1806_sf1|1
1810_sf1|1809_sf1|5
1811_sf1|1810_sf1|3
1812_sf1|1811_sf1|5
1812_sf1|1808_sf1|2
1813_sf1|1812_sf1|5
1814_sf1|1813_sf1|5
1814_sf1|1811_sf1|2
1815_sf1|1814_sf1|4
1816_sf1|1815_sf1|1
1817_sf1|1816_sf1|5
1818_sf1|1817_sf1|5
1819_sf1|1818_sf1|4
1819_sf1|1816_sf1|2
1820_sf1|1819_sf1|5
1821_sf1|1820_sf1|5
1822_sf1|1821_sf1|1
1823_sf1|1822_sf1|4
1824_sf1|1823_sf1|4
1825_sf1|1824_sf1|1
1826_sf1|1825_sf1|4
1826_sf1|1821_sf1|1
1827_sf1|1826_sf1|2
1828_sf1|1827_sf1|3
1828_sf1|1824_sf1|3
1829_sf1|1828_sf1|1
1829_sf1|1825_sf1|3
1830_sf1|1829_sf1|3
1830_sf1|1825_sf1|3
1831_sf1|1830_sf1|3
1832_sf1|1831_sf1|3
1833_sf1|1832_sf1|4
1834_sf1|1833_sf1|5
1835_sf1|1834_sf1|1
1836_sf1|1835_sf1|4
1837_sf1|1836_sf1|3
1838_sf1|1837_sf1|5
1839_sf1|1838_sf1|1
1839_sf1|1834_sf1|1
1840_sf1|1839_sf1|5
1840_sf1|1835_sf1|1
1841_sf1|1840_sf1|1
1842_sf1|1841_sf1|2
1842_sf1|1838_sf1|2
1843_sf1|1842_sf1|2
1844_sf1|1843_sf1|1
1844_sf1|1841_sf1|2
1845_sf1|1844_sf1|4
1846_sf1|1845_sf1|3
1847_sf1|1846_sf1|3
1848_sf1|1847_sf1|5
1849_sf1|1848_sf1|5
1850_sf1|1849_sf1|2
1851_sf1|1850_sf1|3
1852_sf1|1851_sf1|4
1853_sf1|1852_sf1|1
1853_sf1|1850_sf1|1
1854_sf1|1853_sf1|1
1854_sf1|1852_sf1|2
1855_sf1|1854_sf1|5
1856_sf1|1855_sf1|5
1857_sf1|1856_sf1|3
1858_sf1|1857_sf1|2
1859_sf1|1858_sf1|5
1859_sf1|1855_sf1|3
1860_sf1|1859_sf1|4
1860_sf1|1856_sf1|3
1861_sf1|1860_sf1|5
1861_sf1|1856_sf1|2
1862_sf1|1861_sf1|3
1863_sf1|1862_sf1|2
1863_sf1|1859_sf1|3
1864_sf1|1863_sf1|3
1865_sf1|1864_sf1|3
1865_sf1|1860_sf1|2
1866_sf1|1865_sf1|3
1867_sf1|1866_sf1|3
1868_sf1|1867_sf1|3
1868_sf1|1866_sf1|1
1869_sf1|1868_sf1|4
1870_sf1|1869_sf1|3
1871_sf1|1870_sf1|4
1872_sf1|1871_sf1|4
1872_sf1|1867_sf1|2
1873_sf1|1872_sf1|3
1873_sf1|1869_sf1|3
1874_sf1|1873_sf1|2
1875_sf1|1874_sf1|3
1876_sf1|1875_sf1|4
1877_sf1|1876_sf1|5
1878_sf1|1877_sf1|4
1878_sf1|1873_sf1|3
1879_sf1|1878_sf1|5
1880_sf1|1879_sf1|5
1880_sf1|1875_sf1|2
1881_sf1|1880_sf1|5
1882_sf1|1881_sf1|2
1882_sf1|1880_sf1|1
1883_sf1|1882_sf1|5
1884_sf1|1883_sf1|2
1885_sf1|1884_sf1|4
1885_sf1|1882_sf1|1
1886_sf1|1885_sf1|4
1887_sf1|1886_sf1|1
1888_sf1|1887_sf1|5
1889_sf1|1888_sf1|5
1890_sf1|1889_sf1|4
1891_sf1|1890_sf1|2
1891_sf1|1889_sf1|1
1892_sf1|1891_sf1|3
1892_sf1|1890_sf1|2
1893_sf1|1892_sf1|5
1894_sf1|1893_sf1|5
1895_sf1|1894_sf1|1
1896_sf1|1895_sf1|4
1896_sf1|1894_sf1|3
1897_sf1|1896_sf1|3
1898_sf1|1897_sf1|1
1898_sf1|1896_sf1|3
1899_sf1|1898_sf1|1
1899_sf1|1895_sf1|3
1900_sf1|1899_sf1|3
1901_sf1|1900_sf1|2
1901_sf1|1898_sf1|2
1902_sf1|1901_sf1|2
1903_sf1|1902_sf1|4
1904_sf1|1903_sf1|2
1905_sf1|1904_sf1|4
1905_sf1|1903_sf1|2
1906_sf1|1905_sf1|3
1907_sf1|1906_sf1|1
1908_sf1|1907_sf1|2
1909_sf1|1908_sf1|1
1909_sf1|1905_sf1|1
1910_sf1|1909_sf1|3
1911_sf1|1910_sf1|1
1912_sf1|1911_sf1|4
1913_sf1|1912_sf1|2
1913_sf1|1908_sf1|1
1914_sf1|1913_sf1|3
1915_sf1|1914_sf1|5
1916_sf1|1915_sf1|3
1916_sf1|1911_sf1|2
1917_sf1|1916_sf1|4
1917_sf1|1915_sf1|3
1918_sf1|1917_sf1|1
1918_sf1|1914_sf1|3
1919_sf1|1918_sf1|3
1920_sf1|1919_sf1|2
1921_sf1|1920_sf1|2
1922_sf1|1921_sf1|2
1923_sf1|1922_sf1|4
1924_sf1|1923_sf1|1
1925_sf1|1924_sf1|4
1926_sf1|1925_sf1|4
1926_sf1|1922_sf1|3
1927_sf1|1926_sf1|5
1928_sf1|1927_sf1|1
1929_sf1|1928_sf1|3
1929_sf1|1927_sf1|2
1930_sf1|1929_sf1|1
1930_sf1|1926_sf1|2
1931_sf1|1930_sf1|5
1932_sf1|1931_sf1|3
1932_sf1|1928_sf1|1
1933_sf1|1932_sf1|4
1933_sf1|1929_sf1|3
1934_sf1|1933_sf1|3
1934_sf1|1930_sf1|3
1935_sf1|1934_sf1|3
1936_sf1|1935_sf1|4
1936_sf1|1932_sf1|3
1937_sf1|1936_sf1|3
1938_sf1|1937_sf1|2
1939_sf1|1938_sf1|2
1940_sf1|1939_sf1|4
1941_sf1|1940_sf1|1
1941_sf1|1936_sf1|2
1942_sf1|1941_sf1|1
1943_sf1|1942_sf1|3
1944_sf1|1943_sf1|3
1945_sf1|1944_sf1|4
1946_sf1|1945_sf1|1
1947_sf1|1946_sf1|2
1948_sf1|1947_sf1|3
1949_sf1|1948_sf1|2
1950_sf1|1949_sf1|3
1951_sf1|1950_sf1|2
1952_sf1|1951_sf1|3
1952_sf1|1948_sf1|2
1953_sf1|1952_sf1|4
1954_sf1|1953_sf1|4
1955_sf1|1954_sf1|4
1956_sf1|1955_sf1|3
1957_sf1|1956_sf1|2
1958_sf1|1957_sf1|5
1959_sf1|1958_sf1|5
1960_sf1|1959_sf1|1
1960_sf1|1957_sf1|3
1961_sf1|1960_sf1|4
1962_sf1|1961_sf1|4
1963_sf1|1962_sf1|1
1963_sf1|1960_sf1|2
1964_sf1|1963_sf1|1
1964_sf1|1961_sf1|1
1965_sf1|1964_sf1|2
1966_sf1|1965_sf1|1
1967_sf1|1966_sf1|1
1968_sf1|1967_sf1|2
1969_sf1|1968_sf1|3
1969_sf1|1966_sf1|2
1970_sf1|1969_sf1|4
1971_sf1|1970_sf1|1
1972_sf1|1971_sf1|4
1972_sf1|1968_sf1|3
1973_sf1|1972_sf1|5
1973_sf1|1970_sf1|1
1974_sf1|1973_sf1|3
1974_sf1|1972_sf1|2
1975_sf1|1974_sf1|4
1976_sf1|1975_sf1|5
1977_sf1|1976_sf1|5
1977_sf1|1975_sf1|1
1978_sf1|1977_sf1|2
1978_sf1|1975_sf1|1
1979_sf1|1978_sf1|2
1980_sf1|1979_sf1|1
1981_sf1|1980_sf1|5
1981_sf1|1978_sf1|2
1982_sf1|1981_sf1|1
1983_sf1|1982_sf1|4
1984_sf1|1983_sf1|4
1985_sf1|1984_sf1|2
1986_sf1|1985_sf1|5
1987_sf1|1986_sf1|2
1987_sf1|1985_sf1|2
1988_sf1|1987_sf1|4
1988_sf1|1985_sf1|2
1989_sf1|1988_sf1|4
1990_sf1|1989_sf1|5
1991_sf1|1990_sf1|1
1991_sf1|1986_sf1|3
1992_sf1|1991_sf1|4
1993_sf1|1992_sf1|5
1994_sf1|1993_sf1|4
1995_sf1|1994_sf1|2
1996_sf1|1995_sf1|5
1996_sf1|1992_sf1|1
1997_sf1|1996_sf1|1
1998_sf1|1997_sf1|5
1999_sf1|1998_sf1|2
1999_sf1|1996_sf1|3
1_sf2|0_sf2|4
2_sf2|1_sf2|2
3_sf2|2_sf2|1
4_sf2|3_sf2|5
5_sf2|4_sf2|5
6_sf2|5_sf2|5
6_sf2|1_sf2|3
7_sf2|6_sf2|1
7_sf2|2_sf2|1
8_sf2|7_sf2|2
9_sf2|8_sf2|5
9_sf2|6_sf2|1
10_sf2|9_sf2|4
10_sf2|7_sf2|2
11_sf2|10_sf2|4
12_sf2|11_sf2|4
13_sf2|12_sf2|5
14_sf2|13_sf2|2
15_sf2|14_sf2|1
16_sf2|15_sf2|2
17_sf2|16_sf2|3
18_sf2|17_sf2|4
19_sf2|18_sf2|2
20_sf2|19_sf2|1
21_sf2|20_sf2|3
22_sf2|21_sf2|5
23_sf2|22_sf2|5
23_sf2|18_sf2|3
24_sf2|23_sf2|4
25_sf2|24_sf2|1
26_sf2|25_sf2|3
26_sf2|24_sf2|2
27_sf2|26_sf2|1
28_sf2|27_sf2|4
29_sf2|28_sf2|3
30_sf2|29_sf2|4
31_sf2|30_sf2|3
32_sf2|31_sf2|4
32_sf2|27_sf2|2
33_sf2|32_sf2|1
34_sf2|33_sf2|5
35_sf2|34_sf2|4
35_sf2|33_sf2|3
36_sf2|35_sf2|3
36_sf2|32_sf2|1
37_sf2|36_sf2|4
38_sf2|37_sf2|4
38_sf2|36_sf2|2
39_sf2|38_sf2|1
39_sf2|34_sf2|3
40_sf2|39_sf2|1
40_sf2|35_sf2|2
41_sf2|40_sf2|1
41_sf2|36_sf2|1
42_sf2|41_sf2|1
42_sf2|39_sf2|3
43_sf2|42_sf2|5
44_sf2|43_sf2|2
45_sf2|44_sf2|2
45_sf2|40_sf2|3
46_sf2|45_sf2|5
46_sf2|44_sf2|2
47_sf2|46_sf2|2
47_sf2|42_sf2|2
48_sf2|47_sf2|4
49_sf2|48_sf2|1
50_sf2|49_sf2|4
51_sf2|50_sf2|5
52_sf2|51_sf2|1
53_sf2|52_sf2|4
54_sf2|53_sf2|2
54_sf2|49_sf2|2
55_sf2|54_sf2|3
55_sf2|53_sf2|3
56_sf2|55_sf2|1
56_sf2|51_sf2|1
57_sf2|56_sf2|2
57_sf2|55_sf2|3
58_sf2|57_sf2|1
59_sf2|58_sf2|4
60_sf2|59_sf2|3
60_sf2|55_sf2|1
61_sf2|60_sf2|1
62_sf2|61_sf2|1
63_sf2|62_sf2|2
64_sf2|63_sf2|2
65_sf2|64_sf2|2
65_sf2|60_sf2|3
66_sf2|65_sf2|1
67_sf2|66_sf2|2
67_sf2|63_sf2|1
68_sf2|67_sf2|5
69_sf2|68_sf2|4
70_sf2|69_sf2|3
71_sf2|70_sf2|2
72_sf2|71_sf2|2
72_sf2|68_sf2|3
73_sf2|72_sf2|2
73_sf2|70_sf2|2
74_sf2|73_sf2|2
75_sf2|74_sf2|1
76_sf2|75_sf2|2
77_sf2|76_sf2|1
78_sf2|77_sf2|5
79_sf2|78_sf2|2
80_sf2|79_sf2|4
81_sf2|80_sf2|4
82_sf2|81_sf2|5
82_sf2|78_sf2|2
83_sf2|82_sf2|5
84_sf2|83_sf2|1
84_sf2|82_sf2|3
85_sf2|84_sf2|4
86_sf2|85_sf2|1
87_sf2|86_sf2|5
88_sf2|87_sf2|2
89_sf2|88_sf2|3
90_sf2|89_sf2|5
91_sf2|90_sf2|5
92_sf2|91_sf2|3
93_sf2|92_sf2|4
94_sf2|93_sf2|5
95_sf2|94_sf2|2
96_sf2|95_sf2|2
97_sf2|96_sf2|1
98_sf2|97_sf2|1
99_sf2|98_sf2|1
100_sf2|99_sf2|1
100_sf2|95_sf2|3
101_sf2|100_sf2|3
102_sf2|101_sf2|3
103_sf2|102_sf2|1
104_sf2|103_sf2|1
105_sf2|104_sf2|3
106_sf2|105_sf2|3
106_sf2|104_sf2|2
107_sf2|106_sf2|1
108_sf2|107_sf2|2
109_sf2|108_sf2|1
110_sf2|109_sf2|4
111_sf2|110_sf2|1
112_sf2|111_sf2|4
112_sf2|108_sf2|1
113_sf2|112_sf2|3
114_sf2|113_sf2|2
115_sf2|114_sf2|4
116_sf2|115_sf2|4
117_sf2|116_sf2|5
118_sf2|117_sf2|2
119_sf2|118_sf2|2
120_sf2|119_sf2|3
120_sf2|117_sf2|1
121_sf2|120_sf2|2
122_sf2|121_sf2|3
123_sf2|122_sf2|2
124_sf2|123_sf2|2
125_sf2|124_sf2|5
126_sf2|125_sf2|5
127_sf2|126_sf2|1
127_sf2|124_sf2|2
128_sf2|127_sf2|5
128_sf2|123_sf2|1
129_sf2|128_sf2|2
130_sf2|129_sf2|1
130_sf2|127_sf2|2
131_sf2|130_sf2|2
132_sf2|131_sf2|4
132_sf2|129_sf2|3
133_sf2|132_sf2|4
134_sf2|133_sf2|4
135_sf2|134_sf2|5
136_sf2|135_sf2|3
136_sf2|132_sf2|2
137_sf2|136_sf2|3
137_sf2|135_sf2|2
138_sf2|137_sf2|2
139_sf2|138_sf2|5
139_sf2|134_sf2|3
140_sf2|139_sf2|2
140_sf2|137_sf2|1
141_sf2|140_sf2|5
142_sf2|141_sf2|4
143_sf2|142_sf2|5
143_sf2|141_sf2|2
144_sf2|143_sf2|4
145_sf2|144_sf2|4
146_sf2|145_sf2|4
147_sf2|146_sf2|2
148_sf2|147_sf2|4
148_sf2|145_sf2|3
149_sf2|148_sf2|2
150_sf2|149_sf2|1
151_sf2|150_sf2|3
152_sf2|151_sf2|1
153_sf2|152_sf2|1
154_sf2|153_sf2|2
155_sf2|154_sf2|3
156_sf2|155_sf2|5
156_sf2|154_sf2|2
157_sf2|156_sf2|2
158_sf2|157_sf2|2
158_sf2|155_sf2|2
159_sf2|158_sf2|1
160_sf2|159_sf2|2
161_sf2|160_sf2|2
162_sf2|161_sf2|3
163_sf2|162_sf2|1
164_sf2|163_sf2|3
165_sf2|164_sf2|2
166_sf2|165_sf2|3
167_sf2|166_sf2|2
168_sf2|167_sf2|4
169_sf2|168_sf2|2
170_sf2|169_sf2|1
171_sf2|170_sf2|2
172_sf2|171_sf2|1
173_sf2|172_sf2|5
174_sf2|173_sf2|5
174_sf2|170_sf2|2
175_sf2|174_sf2|2
176_sf2|175_sf2|4
177_sf2|176_sf2|5
178_sf2|177_sf2|2
178_sf2|173_sf2|1
179_sf2|178_sf2|5
179_sf2|175_sf2|3
180_sf2|179_sf2|4
181_sf2|180_sf2|4
182_sf2|181_sf2|4
183_sf2|182_sf2|3
184_sf2|183_sf2|1
184_sf2|182_sf2|3
185_sf2|184_sf2|5
186_sf2|185_sf2|5
187_sf2|186_sf2|5
188_sf2|187_sf2|3
189_sf2|188_sf2|4
190_sf2|189_sf2|3
190_sf2|188_sf2|2
191_sf2|190_sf2|4
192_sf2|191_sf2|1
193_sf2|192_sf2|1
194_sf2|193_sf2|3
195_sf2|194_sf2|5
196_sf2|195_sf2|5
197_sf2|196_sf2|1
198_sf2|197_sf2|1
198_sf2|195_sf2|1
199_sf2|198_sf2|4
200_sf2|199_sf2|5
201_sf2|200_sf2|5
201_sf2|199_sf2|3
202_sf2|201_sf2|1
203_sf2|202_sf2|2
204_sf2|203_sf2|4
205_sf2|204_sf2|2
206_sf2|205_sf2|3
207_sf2|206_sf2|1
207_sf2|202_sf2|3
208_sf2|207_sf2|3
209_sf2|208_sf2|1
209_sf2|204_sf2|3
210_sf2|209_sf2|4
211_sf2|210_sf2|5
212_sf2|211_sf2|4
213_sf2|212_sf2|5
213_sf2|210_sf2|1
214_sf2|213_sf2|3
215_sf2|214_sf2|2
216_sf2|215_sf2|1
216_sf2|211_sf2|3
217_sf2|216_sf2|5
217_sf2|212_sf2|3
218_sf2|217_sf2|4
218_sf2|213_sf2|1
219_sf2|218_sf2|5
220_sf2|219_sf2|3
221_sf2|220_sf2|4
222_sf2|221_sf2|4
223_sf2|222_sf2|5
224_sf2|223_sf2|5
225_sf2|224_sf2|2
226_sf2|225_sf2|5
227_sf2|226_sf2|3
228_sf2|227_sf2|2
229_sf2|228_sf2|1
230_sf2|229_sf2|5
231_sf2|230_sf2|2
231_sf2|227_sf2|3
232_sf2|231_sf2|1
233_sf2|232_sf2|4
234_sf2|233_sf2|2
235_sf2|234_sf2|3
236_sf2|235_sf2|5
237_sf2|236_sf2|5
238_sf2|237_sf2|5
239_sf2|238_sf2|1
240_sf2|239_sf2|1
240_sf2|237_sf2|2
241_sf2|240_sf2|5
242_sf2|241_sf2|2
242_sf2|240_sf2|1
243_sf2|242_sf2|5
244_sf2|243_sf2|5
244_sf2|241_sf2|3
245_sf2|244_sf2|3
246_sf2|245_sf2|2
247_sf2|246_sf2|3
247_sf2|245_sf2|1
248_sf2|247_sf2|3
248_sf2|246_sf2|3
249_sf2|248_sf2|4
250_sf2|249_sf2|1
250_sf2|246_sf2|2
251_sf2|250_sf2|3
251_sf2|249_sf2|2
252_sf2|251_sf2|3
253_sf2|252_sf2|2
253_sf2|248_sf2|1
254_sf2|253_sf2|1
255_sf2|254_sf2|3
256_sf2|255_sf2|4
257_sf2|256_sf2|1
258_sf2|257_sf2|3
259_sf2|258_sf2|3
260_sf2|259_sf2|3
260_sf2|257_sf2|1
261_sf2|260_sf2|2
262_sf2|261_sf2|5
262_sf2|258_sf2|2
263_sf2|262_sf2|5
263_sf2|258_sf2|2
264_sf2|263_sf2|4
265_sf2|264_sf2|1
266_sf2|265_sf2|2
267_sf2|266_sf2|3
267_sf2|265_sf2|2
268_sf2|267_sf2|3
269_sf2|268_sf2|1
270_sf2|269_sf2|3
270_sf2|265_sf2|1
271_sf2|270_sf2|3
271_sf2|268_sf2|2
272_sf2|271_sf2|1
272_sf2|267_sf2|2
273_sf2|272_sf2|4
274_sf2|273_sf2|2
275_sf2|274_sf2|1
276_sf2|275_sf2|2
277_sf2|276_sf2|5
278_sf2|277_sf2|1
279_sf2|278_sf2|3
280_sf2|279_sf2|3
280_sf2|278_sf2|3
281_sf2|280_sf2|3
282_sf2|281_sf2|4
283_sf2|282_sf2|1
284_sf2|283_sf2|1
285_sf2|284_sf2|5
286_sf2|285_sf2|1
287_sf2|286_sf2|4
288_sf2|287_sf2|4
289_sf2|288_sf2|5
290_sf2|289_sf2|2
290_sf2|285_sf2|3
291_sf2|290_sf2|1
292_sf2|291_sf2|2
293_sf2|292_sf2|3
294_sf2|293_sf2|5
294_sf2|291_sf2|2
295_sf2|294_sf2|3
296_sf2|295_sf2|2
296_sf2|294_sf2|2
297_sf2|296_sf2|4
297_sf2|292_sf2|2
298_sf2|297_sf2|3
299_sf2|298_sf2|5
299_sf2|295_sf2|3
300_sf2|299_sf2|3
300_sf2|296_sf2|3
301_sf2|300_sf2|5
302_sf2|301_sf2|3
302_sf2|299_sf2|3
303_sf2|302_sf2|1
304_sf2|303_sf2|5
305_sf2|304_sf2|3
306_sf2|305_sf2|2
307_sf2|306_sf2|1
308_sf2|307_sf2|5
309_sf2|308_sf2|2
309_sf2|305_sf2|1
310_sf2|309_sf2|5
310_sf2|305_sf2|3
311_sf2|310_sf2|3
312_sf2|311_sf2|4
312_sf2|307_sf2|2
313_sf2|312_sf2|3
313_sf2|309_sf2|1
314_sf2|313_sf2|2
315_sf2|314_sf2|5
316_sf2|315_sf2|3
317_sf2|316_sf2|3
317_sf2|314_sf2|1
318_sf2|317_sf2|3
319_sf2|318_sf2|3
320_sf2|319_sf2|2
321_sf2|320_sf2|2
322_sf2|321_sf2|3
323_sf2|322_sf2|1
324_sf2|323_sf2|4
325_sf2|324_sf2|2
325_sf2|320_sf2|1
326_sf2|325_sf2|5
327_sf2|326_sf2|3
328_sf2|327_sf2|5
328_sf2|326_sf2|1
329_sf2|328_sf2|1
329_sf2|324_sf2|3
330_sf2|329_sf2|5
331_sf2|330_sf2|1
331_sf2|329_sf2|2
332_sf2|331_sf2|1
333_sf2|332_sf2|3
334_sf2|333_sf2|2
335_sf2|334_sf2|2
336_sf2|335_sf2|5
337_sf2|336_sf2|3
338_sf2|337_sf2|2
338_sf2|335_sf2|1
339_sf2|338_sf2|3
340_sf2|339_sf2|4
340_sf2|337_sf2|1
341_sf2|340_sf2|1
342_sf2|341_sf2|4
343_sf2|342_sf2|2
343_sf2|339_sf2|3
344_sf2|343_sf2|1
344_sf2|340_sf2|3
345_sf2|344_sf2|2
346_sf2|345_sf2|2
347_sf2|346_sf2|1
347_sf2|342_sf2|2
348_sf2|347_sf2|1
348_sf2|344_sf2|1
349_sf2|348_sf2|1
350_sf2|349_sf2|2
351_sf2|350_sf2|2
352_sf2|351_sf2|2
353_sf2|352_sf2|5
354_sf2|353_sf2|1
354_sf2|350_sf2|2
355_sf2|354_sf2|5
355_sf2|353_sf2|3
356_sf2|355_sf2|2
357_sf2|356_sf2|1
358_sf2|357_sf2|5
359_sf2|358_sf2|1
359_sf2|356_sf2|3
360_sf2|359_sf2|4
360_sf2|358_sf2|1
361_sf2|360_sf2|5
361_sf2|359_sf2|2
362_sf2|361_sf2|3
362_sf2|359_sf2|3
363_sf2|362_sf2|5
364_sf2|363_sf2|5
365_sf2|364_sf2|1
366_sf2|365_sf2|1
367_sf2|366_sf2|2
367_sf2|362_sf2|3
368_sf2|367_sf2|1
369_sf2|368_sf2|2
370_sf2|369_sf2|1
370_sf2|366_sf2|1
371_sf2|370_sf2|3
372_sf2|371_sf2|5
372_sf2|368_sf2|2
373_sf2|372_sf2|1
374_sf2|373_sf2|2
375_sf2|374_sf2|3
375_sf2|373_sf2|3
376_sf2|375_sf2|4
376_sf2|374_sf2|3
377_sf2|376_sf2|3
377_sf2|373_sf2|3
378_sf2|377_sf2|2
379_sf2|378_sf2|1
380_sf2|379_sf2|4
381_sf2|380_sf2|1
382_sf2|381_sf2|1
383_sf2|382_sf2|4
383_sf2|380_sf2|2
384_sf2|383_sf2|4
385_sf2|384_sf2|2
386_sf2|385_sf2|2
387_sf2|386_sf2|3
388_sf2|387_sf2|2
388_sf2|386_sf2|3
389_sf2|388_sf2|3
389_sf2|384_sf2|2
390_sf2|389_sf2|2
391_sf2|390_sf2|4
391_sf2|386_sf2|1
392_sf2|391_sf2|4
392_sf2|388_sf2|1
393_sf2|392_sf2|1
394_sf2|393_sf2|5
395_sf2|394_sf2|1
396_sf2|395_sf2|1
397_sf2|396_sf2|1
398_sf2|397_sf2|2
399_sf2|398_sf2|5
400_sf2|399_sf2|2
401_sf2|400_sf2|5
402_sf2|401_sf2|3
403_sf2|402_sf2|5
404_sf2|403_sf2|5
404_sf2|402_sf2|1
405_sf2|404_sf2|2
406_sf2|405_sf2|2
407_sf2|406_sf2|1
408_sf2|407_sf2|1
409_sf2|408_sf2|1
410_sf2|409_sf2|2
410_sf2|408_sf2|3
411_sf2|410_sf2|3
412_sf2|411_sf2|2
413_sf2|412_sf2|3
414_sf2|413_sf2|3
414_sf2|410_sf2|2
415_sf2|414_sf2|1
415_sf2|413_sf2|2
416_sf2|415_sf2|1
417_sf2|416_sf2|2
418_sf2|417_sf2|5
419_sf2|418_sf2|5
420_sf2|419_sf2|4
421_sf2|420_sf2|5
422_sf2|421_sf2|1
422_sf2|419_sf2|1
423_sf2|422_sf2|4
424_sf2|423_sf2|2
424_sf2|419_sf2|3
425_sf2|424_sf2|4
426_sf2|425_sf2|1
426_sf2|423_sf2|2
427_sf2|426_sf2|5
428_sf2|427_sf2|1
429_sf2|428_sf2|1
430_sf2|429_sf2|4
431_sf2|430_sf2|1
432_sf2|431_sf2|1
433_sf2|432_sf2|2
433_sf2|429_sf2|1
434_sf2|433_sf2|4
435_sf2|434_sf2|5
436_sf2|435_sf2|2
437_sf2|436_sf2|1
438_sf2|437_sf2|5
438_sf2|435_sf2|3
439_sf2|438_sf2|2
440_sf2|439_sf2|1
441_sf2|440_sf2|3
442_sf2|441_sf2|3
443_sf2|442_sf2|4
444_sf2|443_sf2|5
445_sf2|444_sf2|1
446_sf2|445_sf2|3
446_sf2|443_sf2|1
447_sf2|446_sf2|1
448_sf2|447_sf2|5
449_sf2|448_sf2|2
450_sf2|449_sf2|2
451_sf2|450_sf2|5
451_sf2|448_sf2|1
452_sf2|451_sf2|4
453_sf2|452_sf2|5
454_sf2|453_sf2|4
455_sf2|454_sf2|5
455_sf2|450_sf2|3
456_sf2|455_sf2|3
456_sf2|451_sf2|2
457_sf2|456_sf2|4
458_sf2|457_sf2|3
459_sf2|458_sf2|2
460_sf2|459_sf2|1
461_sf2|460_sf2|2
462_sf2|461_sf2|2
463_sf2|462_sf2|4
463_sf2|458_sf2|2
464_sf2|463_sf2|4
464_sf2|459_sf2|3
465_sf2|464_sf2|4
466_sf2|465_sf2|5
466_sf2|461_sf2|1
467_sf2|466_sf2|2
468_sf2|467_sf2|1
469_sf2|468_sf2|4
469_sf2|464_sf2|2
470_sf2|469_sf2|5
471_sf2|470_sf2|5
472_sf2|471_sf2|3
473_sf2|472_sf2|4
473_sf2|469_sf2|3
474_sf2|473_sf2|2
475_sf2|474_sf2|1
476_sf2|475_sf2|3
477_sf2|476_sf2|3
477_sf2|472_sf2|3
478_sf2|477_sf2|3
479_sf2|478_sf2|4
479_sf2|476_sf2|1
480_sf2|479_sf2|4
481_sf2|480_sf2|4
481_sf2|479_sf2|1
482_sf2|481_sf2|4
483_sf2|482_sf2|4
484_sf2|483_sf2|1
485_sf2|484_sf2|2
485_sf2|482_sf2|2
486_sf2|485_sf2|4
487_sf2|486_sf2|1
487_sf2|482_sf2|1
488_sf2|487_sf2|3
489_sf2|488_sf2|4
489_sf2|484_sf2|3
490_sf2|489_sf2|1
491_sf2|490_sf2|5
492_sf2|491_sf2|3
492_sf2|490_sf2|2
493_sf2|492_sf2|2
493_sf2|490_sf2|2
494_sf2|493_sf2|3
495_sf2|494_sf2|4
496_sf2|495_sf2|1
497_sf2|496_sf2|3
497_sf2|493_sf2|3
498_sf2|497_sf2|1
498_sf2|493_sf2|3
499_sf2|498_sf2|2
500_sf2|499_sf2|4
501_sf2|500_sf2|4
502_sf2|501_sf2|2
502_sf2|498_sf2|2
503_sf2|502_sf2|4
504_sf2|503_sf2|4
505_sf2|504_sf2|2
505_sf2|502_sf2|1
506_sf2|505_sf2|1
506_sf2|501_sf2|3
507_sf2|506_sf2|3
508_sf2|507_sf2|5
509_sf2|508_sf2|4
510_sf2|509_sf2|5
511_sf2|510_sf2|1
512_sf2|511_sf2|4
512_sf2|507_sf2|2
513_sf2|512_sf2|4
514_sf2|513_sf2|3
515_sf2|514_sf2|4
515_sf2|512_sf2|1
516_sf2|515_sf2|3
517_sf2|516_sf2|2
518_sf2|517_sf2|1
519_sf2|518_sf2|3
520_sf2|519_sf2|2
521_sf2|520_sf2|4
521_sf2|517_sf2|1
522_sf2|521_sf2|3
523_sf2|522_sf2|3
523_sf2|518_sf2|2
524_sf2|523_sf2|5
525_sf2|524_sf2|4
526_sf2|525_sf2|3
527_sf2|526_sf2|5
528_sf2|527_sf2|4
529_sf2|528_sf2|2
529_sf2|527_sf2|1
530_sf2|529_sf2|5
531_sf2|530_sf2|3
531_sf2|529_sf2|3
532_sf2|531_sf2|3
533_sf2|532_sf2|3
534_sf2|533_sf2|1
535_sf2|534_sf2|1
536_sf2|535_sf2|4
536_sf2|531_sf2|2
537_sf2|536_sf2|2
538_sf2|537_sf2|4
539_sf2|538_sf2|3
540_sf2|539_sf2|3
540_sf2|537_sf2|2
541_sf2|540_sf2|4
541_sf2|539_sf2|2
542_sf2|541_sf2|1
543_sf2|542_sf2|4
544_sf2|543_sf2|4
544_sf2|540_sf2|3
545_sf2|544_sf2|2
545_sf2|543_sf2|2
546_sf2|545_sf2|2
547_sf2|546_sf2|1
547_sf2|543_sf2|1
548_sf2|547_sf2|1
549_sf2|548_sf2|3
549_sf2|546_sf2|3
550_sf2|549_sf2|2
550_sf2|546_sf2|2
551_sf2|550_sf2|2
552_sf2|551_sf2|4
553_sf2|552_sf2|2
553_sf2|551_sf2|1
554_sf2|553_sf2|3
554_sf2|551_sf2|3
555_sf2|554_sf2|2
555_sf2|553_sf2|1
556_sf2|555_sf2|4
557_sf2|556_sf2|5
557_sf2|552_sf2|1
558_sf2|557_sf2|3
559_sf2|558_sf2|1
560_sf2|559_sf2|4
561_sf2|560_sf2|5
561_sf2|556_sf2|1
562_sf2|561_sf2|3
563_sf2|562_sf2|1
563_sf2|561_sf2|3
564_sf2|563_sf2|1
564_sf2|560_sf2|3
565_sf2|564_sf2|1
566_sf2|565_sf2|2
567_sf2|566_sf2|4
568_sf2|567_sf2|1
568_sf2|564_sf2|3
569_sf2|568_sf2|3
569_sf2|566_sf2|2
570_sf2|569_sf2|1
571_sf2|570_sf2|3
572_sf2|571_sf2|3
573_sf2|572_sf2|1
574_sf2|573_sf2|3
575_sf2|574_sf2|2
576_sf2|575_sf2|3
577_sf2|576_sf2|5
578_sf2|577_sf2|5
579_sf2|578_sf2|5
580_sf2|579_sf2|4
580_sf2|578_sf2|3
581_sf2|580_sf2|1
582_sf2|581_sf2|4
582_sf2|579_sf2|1
583_sf2|582_sf2|1
583_sf2|579_sf2|2
584_sf2|583_sf2|4
585_sf2|584_sf2|4
586_sf2|585_sf2|5
587_sf2|586_sf2|1
588_sf2|587_sf2|5
588_sf2|586_sf2|2
589_sf2|588_sf2|3
590_sf2|589_sf2|3
591_sf2|590_sf2|1
591_sf2|587_sf2|1
592_sf2|591_sf2|3
593_sf2|592_sf2|2
594_sf2|593_sf2|5
595_sf2|594_sf2|5
596_sf2|595_sf2|3
597_sf2|596_sf2|1
598_sf2|597_sf2|4
598_sf2|593_sf2|2
599_sf2|598_sf2|4
600_sf2|599_sf2|4
601_sf2|600_sf2|1
601_sf2|599_sf2|3
602_sf2|601_sf2|3
602_sf2|597_sf2|1
603_sf2|602_sf2|5
604_sf2|603_sf2|5
605_sf2|604_sf2|1
606_sf2|605_sf2|2
607_sf2|606_sf2|2
608_sf2|607_sf2|1
609_sf2|608_sf2|3
609_sf2|604_sf2|1
610_sf2|609_sf2|4
610_sf2|607_sf2|2
611_sf2|610_sf2|3
611_sf2|607_sf2|2
612_sf2|611_sf2|3
612_sf2|608_sf2|3
613_sf2|612_sf2|2
613_sf2|611_sf2|3
614_sf2|613_sf2|5
615_sf2|614_sf2|1
616_sf2|615_sf2|1
617_sf2|616_sf2|2
618_sf2|617_sf2|5
618_sf2|613_sf2|3
619_sf2|618_sf2|5
620_sf2|619_sf2|2
621_sf2|620_sf2|5
622_sf2|621_sf2|4
623_sf2|622_sf2|3
624_sf2|623_sf2|4
625_sf2|624_sf2|5
626_sf2|625_sf2|3
627_sf2|626_sf2|5
628_sf2|627_sf2|4
629_sf2|628_sf2|3
630_sf2|629_sf2|1
631_sf2|630_sf2|1
632_sf2|631_sf2|4
632_sf2|627_sf2|1
633_sf2|632_sf2|1
634_sf2|633_sf2|5
635_sf2|634_sf2|4
635_sf2|633_sf2|1
636_sf2|635_sf2|4
637_sf2|636_sf2|2
638_sf2|637_sf2|5
639_sf2|638_sf2|5
640_sf2|639_sf2|1
641_sf2|640_sf2|4
642_sf2|641_sf2|5
643_sf2|642_sf2|2
644_sf2|643_sf2|1
645_sf2|644_sf2|5
646_sf2|645_sf2|1
647_sf2|646_sf2|2
648_sf2|647_sf2|4
649_sf2|648_sf2|4
650_sf2|649_sf2|4
650_sf2|648_sf2|2
651_sf2|650_sf2|4
651_sf2|649_sf2|2
652_sf2|651_sf2|4
652_sf2|648_sf2|3
653_sf2|652_sf2|4
653_sf2|651_sf2|1
654_sf2|653_sf2|4
655_sf2|654_sf2|1
656_sf2|655_sf2|3
657_sf2|656_sf2|4
658_sf2|657_sf2|1
659_sf2|658_sf2|2
659_sf2|654_sf2|1
660_sf2|659_sf2|1
661_sf2|660_sf2|2
662_sf2|661_sf2|4
662_sf2|660_sf2|3
663_sf2|662_sf2|5
664_sf2|663_sf2|3
665_sf2|664_sf2|4
666_sf2|665_sf2|5
667_sf2|666_sf2|4
668_sf2|667_sf2|2
669_sf2|668_sf2|5
670_sf2|669_sf2|2
671_sf2|670_sf2|2
672_sf2|671_sf2|5
673_sf2|672_sf2|3
673_sf2|671_sf2|1
674_sf2|673_sf2|1
674_sf2|669_sf2|2
675_sf2|674_sf2|4
675_sf2|671_sf2|1
676_sf2|675_sf2|3
677_sf2|676_sf2|3
677_sf2|675_sf2|2
678_sf2|677_sf2|4
679_sf2|678_sf2|3
680_sf2|679_sf2|4
681_sf2|680_sf2|3
682_sf2|681_sf2|3
682_sf2|678_sf2|3
683_sf2|682_sf2|3
684_sf2|683_sf2|3
684_sf2|680_sf2|2
685_sf2|684_sf2|2
686_sf2|685_sf2|5
687_sf2|686_sf2|3
687_sf2|685_sf2|3
688_sf2|687_sf2|2
689_sf2|688_sf2|5
690_sf2|689_sf2|3
691_sf2|690_sf2|4
691_sf2|688_sf2|3
692_sf2|691_sf2|4
693_sf2|692_sf2|1
694_sf2|693_sf2|1
695_sf2|694_sf2|1
696_sf2|695_sf2|2
697_sf2|696_sf2|4
698_sf2|697_sf2|1
698_sf2|693_sf2|2
699_sf2|698_sf2|1
700_sf2|699_sf2|4
701_sf2|700_sf2|1
702_sf2|701_sf2|4
702_sf2|699_sf2|3
703_sf2|702_sf2|3
703_sf2|701_sf2|1
704_sf2|703_sf2|4
704_sf2|701_sf2|2
705_sf2|704_sf2|4
706_sf2|705_sf2|5
706_sf2|702_sf2|1
707_sf2|706_sf2|1
707_sf2|702_sf2|1
708_sf2|707_sf2|1
709_sf2|708_sf2|5
709_sf2|704_sf2|2
710_sf2|709_sf2|1
711_sf2|710_sf2|1
712_sf2|711_sf2|4
713_sf2|712_sf2|3
714_sf2|713_sf2|4
715_sf2|714_sf2|1
715_sf2|713_sf2|2
716_sf2|715_sf2|5
717_sf2|716_sf2|3
718_sf2|717_sf2|2
718_sf2|715_sf2|1
719_sf2|718_sf2|5
720_sf2|719_sf2|4
721_sf2|720_sf2|4
721_sf2|716_sf2|2
722_sf2|721_sf2|1
723_sf2|722_sf2|1
723_sf2|721_sf2|1
724_sf2|723_sf2|4
725_sf2|724_sf2|4
726_sf2|725_sf2|2
727_sf2|726_sf2|3
728_sf2|727_sf2|1
729_sf2|728_sf2|1
730_sf2|729_sf2|1
731_sf2|730_sf2|2
732_sf2|731_sf2|5
733_sf2|732_sf2|1
733_sf2|728_sf2|3
734_sf2|733_sf2|4
735_sf2|734_sf2|2
736_sf2|735_sf2|1
737_sf2|736_sf2|3
738_sf2|737_sf2|4
738_sf2|734_sf2|3
739_sf2|738_sf2|4
739_sf2|735_sf2|1
740_sf2|739_sf2|2
740_sf2|735_sf2|2
741_sf2|740_sf2|1
741_sf2|737_sf2|2
742_sf2|741_sf2|2
742_sf2|740_sf2|2
743_sf2|742_sf2|1
744_sf2|743_sf2|4
745_sf2|744_sf2|1
746_sf2|745_sf2|5
747_sf2|746_sf2|5
747_sf2|742_sf2|2
748_sf2|747_sf2|4
749_sf2|748_sf2|1
750_sf2|749_sf2|2
751_sf2|750_sf2|5
751_sf2|749_sf2|3
752_sf2|751_sf2|2
753_sf2|752_sf2|1
754_sf2|753_sf2|4
755_sf2|754_sf2|3
756_sf2|755_sf2|2
757_sf2|756_sf2|4
758_sf2|757_sf2|5
759_sf2|758_sf2|1
760_sf2|759_sf2|4
761_sf2|760_sf2|2
762_sf2|761_sf2|5
762_sf2|759_sf2|1
763_sf2|762_sf2|5
764_sf2|763_sf2|2
765_sf2|764_sf2|2
766_sf2|765_sf2|3
767_sf2|766_sf2|3
768_sf2|767_sf2|1
769_sf2|768_sf2|4
770_sf2|769_sf2|4
771_sf2|770_sf2|4
772_sf2|771_sf2|4
773_sf2|772_sf2|1
773_sf2|771_sf2|2
774_sf2|773_sf2|3
774_sf2|772_sf2|3
775_sf2|774_sf2|1
776_sf2|775_sf2|4
776_sf2|771_sf2|3
777_sf2|776_sf2|5
778_sf2|777_sf2|3
778_sf2|773_sf2|1
779_sf2|778_sf2|2
779_sf2|777_sf2|2
780_sf2|779_sf2|2
781_sf2|780_sf2|2
782_sf2|781_sf2|4
782_sf2|780_sf2|1
783_sf2|782_sf2|5
783_sf2|780_sf2|3
784_sf2|783_sf2|4
784_sf2|781_sf2|3
785_sf2|784_sf2|4
786_sf2|785_sf2|3
786_sf2|783_sf2|1
787_sf2|786_sf2|2
788_sf2|787_sf2|5
788_sf2|783_sf2|1
789_sf2|788_sf2|1
790_sf2|789_sf2|2
790_sf2|786_sf2|3
791_sf2|790_sf2|2
791_sf2|787_sf2|2
792_sf2|791_sf2|4
793_sf2|792_sf2|4
793_sf2|791_sf2|3
794_sf2|793_sf2|2
795_sf2|794_sf2|2
796_sf2|795_sf2|5
797_sf2|796_sf2|5
798_sf2|797_sf2|4
799_sf2|798_sf2|3
800_sf2|799_sf2|1
801_sf2|800_sf2|2
802_sf2|801_sf2|4
802_sf2|798_sf2|2
803_sf2|802_sf2|2
803_sf2|798_sf2|1
804_sf2|803_sf2|1
805_sf2|804_sf2|5
806_sf2|805_sf2|1
807_sf2|806_sf2|3
808_sf2|807_sf2|4
808_sf2|804_sf2|3
809_sf2|808_sf2|5
810_sf2|809_sf2|2
811_sf2|810_sf2|3
812_sf2|811_sf2|1
813_sf2|812_sf2|2
814_sf2|813_sf2|2
814_sf2|809_sf2|1
815_sf2|814_sf2|5
816_sf2|815_sf2|4
817_sf2|816_sf2|5
818_sf2|817_sf2|4
819_sf2|818_sf2|1
820_sf2|819_sf2|3
821_sf2|820_sf2|4
822_sf2|821_sf2|4
822_sf2|818_sf2|2
823_sf2|822_sf2|4
824_sf2|823_sf2|5
825_sf2|824_sf2|5
826_sf2|825_sf2|1
826_sf2|822_sf2|1
827_sf2|826_sf2|1
827_sf2|825_sf2|3
828_sf2|827_sf2|4
829_sf2|828_sf2|2
830_sf2|829_sf2|1
831_sf2|830_sf2|3
832_sf2|831_sf2|1
832_sf2|829_sf2|2
833_sf2|832_sf2|5
833_sf2|830_sf2|1
834_sf2|833_sf2|1
834_sf2|832_sf2|3
835_sf2|834_sf2|2
835_sf2|832_sf2|1
836_sf2|835_sf2|4
837_sf2|836_sf2|5
837_sf2|834_sf2|2
838_sf2|837_sf2|3
839_sf2|838_sf2|2
839_sf2|836_sf2|1
840_sf2|839_sf2|3
840_sf2|837_sf2|2
841_sf2|840_sf2|5
842_sf2|841_sf2|2
843_sf2|842_sf2|3
844_sf2|843_sf2|5
845_sf2|844_sf2|3
846_sf2|845_sf2|2
846_sf2|842_sf2|3
847_sf2|846_sf2|5
848_sf2|847_sf2|1
848_sf2|843_sf2|1
849_sf2|848_sf2|4
850_sf2|849_sf2|5
850_sf2|847_sf2|1
851_sf2|850_sf2|4
852_sf2|851_sf2|5
853_sf2|852_sf2|5
854_sf2|853_sf2|5
855_sf2|854_sf2|4
855_sf2|853_sf2|2
856_sf2|855_sf2|5
857_sf2|856_sf2|5
858_sf2|857_sf2|3
859_sf2|858_sf2|3
860_sf2|859_sf2|5
861_sf2|860_sf2|4
862_sf2|861_sf2|5
863_sf2|862_sf2|5
864_sf2|863_sf2|5
865_sf2|864_sf2|2
865_sf2|860_sf2|3
866_sf2|865_sf2|1
867_sf2|866_sf2|2
868_sf2|867_sf2|3
869_sf2|868_sf2|2
870_sf2|869_sf2|1
871_sf2|870_sf2|3
872_sf2|871_sf2|4
873_sf2|872_sf2|5
874_sf2|873_sf2|5
875_sf2|874_sf2|2
875_sf2|870_sf2|2
876_sf2|875_sf2|1
876_sf2|872_sf2|3
877_sf2|876_sf2|4
878_sf2|877_sf2|4
878_sf2|874_sf2|3
879_sf2|878_sf2|4
879_sf2|876_sf2|2
880_sf2|879_sf2|1
881_sf2|880_sf2|1
882_sf2|881_sf2|5
882_sf2|879_sf2|1
883_sf2|882_sf2|2
883_sf2|878_sf2|2
884_sf2|883_sf2|5
885_sf2|884_sf2|5
886_sf2|885_sf2|1
887_sf2|886_sf2|3
888_sf2|887_sf2|4
888_sf2|885_sf2|2
889_sf2|888_sf2|3
890_sf2|889_sf2|5
891_sf2|890_sf2|2
891_sf2|887_sf2|1
892_sf2|891_sf2|1
893_sf2|892_sf2|4
894_sf2|893_sf2|3
894_sf2|890_sf2|2
895_sf2|894_sf2|2
895_sf2|891_sf2|1
896_sf2|895_sf2|4
896_sf2|892_sf2|2
897_sf2|896_sf2|5
898_sf2|897_sf2|5
898_sf2|896_sf2|3
899_sf2|898_sf2|2
899_sf2|896_sf2|2
900_sf2|899_sf2|5
900_sf2|898_sf2|2
901_sf2|900_sf2|5
901_sf2|899_sf2|3
902_sf2|901_sf2|3
902_sf2|900_sf2|1
903_sf2|902_sf2|3
904_sf2|903_sf2|1
905_sf2|904_sf2|4
906_sf2|905_sf2|4
907_sf2|906_sf2|5
908_sf2|907_sf2|3
909_sf2|908_sf2|1
910_sf2|909_sf2|4
911_sf2|910_sf2|2
911_sf2|907_sf2|2
912_sf2|911_sf2|3
912_sf2|910_sf2|2
913_sf2|912_sf2|4
914_sf2|913_sf2|2
915_sf2|914_sf2|1
915_sf2|910_sf2|2
916_sf2|915_sf2|3
916_sf2|911_sf2|1
917_sf2|916_sf2|2
918_sf2|917_sf2|3
918_sf2|913_sf2|3
919_sf2|918_sf2|5
919_sf2|914_sf2|2
920_sf2|919_sf2|4
920_sf2|915_sf2|3
921_sf2|920_sf2|1
922_sf2|921_sf2|3
922_sf2|917_sf2|1
923_sf2|922_sf2|5
923_sf2|920_sf2|1
924_sf2|923_sf2|5
924_sf2|919_sf2|2
925_sf2|924_sf2|2
926_sf2|925_sf2|4
927_sf2|926_sf2|3
928_sf2|927_sf2|1
929_sf2|928_sf2|4
929_sf2|924_sf2|2
930_sf2|929_sf2|4
931_sf2|930_sf2|1
932_sf2|931_sf2|3
933_sf2|932_sf2|4
933_sf2|931_sf2|2
934_sf2|933_sf2|3
935_sf2|934_sf2|2
935_sf2|931_sf2|2
936_sf2|935_sf2|4
937_sf2|936_sf2|4
938_sf2|937_sf2|5
939_sf2|938_sf2|3
940_sf2|939_sf2|5
941_sf2|940_sf2|3
942_sf2|941_sf2|4
943_sf2|942_sf2|1
943_sf2|940_sf2|3
944_sf2|943_sf2|3
944_sf2|942_sf2|3
945_sf2|944_sf2|3
945_sf2|943_sf2|1
946_sf2|945_sf2|2
946_sf2|944_sf2|2
947_sf2|946_sf2|4
948_sf2|947_sf2|2
949_sf2|948_sf2|5
950_sf2|949_sf2|1
951_sf2|950_sf2|3
952_sf2|951_sf2|5
953_sf2|952_sf2|2
953_sf2|948_sf2|2
954_sf2|953_sf2|2
955_sf2|954_sf2|1
956_sf2|955_sf2|1
957_sf2|956_sf2|4
958_sf2|957_sf2|1
959_sf2|958_sf2|5
960_sf2|959_sf2|5
960_sf2|956_sf2|1
961_sf2|960_sf2|1
962_sf2|961_sf2|1
962_sf2|960_sf2|3
963_sf2|962_sf2|2
964_sf2|963_sf2|1
964_sf2|962_sf2|3
965_sf2|964_sf2|2
966_sf2|965_sf2|3
967_sf2|966_sf2|4
967_sf2|963_sf2|2
968_sf2|967_sf2|2
969_sf2|968_sf2|4
970_sf2|969_sf2|5
971_sf2|970_sf2|1
972_sf2|971_sf2|5
972_sf2|968_sf2|1
973_sf2|972_sf2|1
973_sf2|971_sf2|2
974_sf2|973_sf2|5
975_sf2|974_sf2|1
976_sf2|975_sf2|5
977_sf2|976_sf2|3
978_sf2|977_sf2|5
979_sf2|978_sf2|2
980_sf2|979_sf2|4
980_sf2|978_sf2|3
981_sf2|980_sf2|2
981_sf2|979_sf2|2
982_sf2|981_sf2|5
983_sf2|982_sf2|1
984_sf2|983_sf2|4
985_sf2|984_sf2|5
985_sf2|983_sf2|3
986_sf2|985_sf2|1
987_sf2|986_sf2|1
988_sf2|987_sf2|1
989_sf2|988_sf2|4
990_sf2|989_sf2|1
991_sf2|990_sf2|3
992_sf2|991_sf2|3
993_sf2|992_sf2|3
993_sf2|990_sf2|1
994_sf2|993_sf2|5
995_sf2|994_sf2|4
996_sf2|995_sf2|2
997_sf2|996_sf2|1
998_sf2|997_sf2|4
998_sf2|993_sf2|1
999_sf2|998_sf2|3
1000_sf2|999_sf2|1
1000_sf2|998_sf2|1
1001_sf2|1000_sf2|3
1002_sf2|1001_sf2|4
1003_sf2|1002_sf2|3
1004_sf2|1003_sf2|2
1004_sf2|1001_sf2|3
1005_sf2|1004_sf2|1
1005_sf2|1002_sf2|1
1006_sf2|1005_sf2|1
1007_sf2|1006_sf2|4
1008_sf2|1007_sf2|5
1008_sf2|1004_sf2|2
1009_sf2|1008_sf2|5
1010_sf2|1009_sf2|5
1010_sf2|1005_sf2|1
1011_sf2|1010_sf2|3
1012_sf2|1011_sf2|1
1012_sf2|1010_sf2|3
1013_sf2|1012_sf2|5
1013_sf2|1008_sf2|1
1014_sf2|1013_sf2|5
1014_sf2|1009_sf2|1
1015_sf2|1014_sf2|3
1016_sf2|1015_sf2|3
1017_sf2|1016_sf2|5
1018_sf2|1017_sf2|3
1019_sf2|1018_sf2|4
1020_sf2|1019_sf2|5
1020_sf2|1015_sf2|1
1021_sf2|1020_sf2|3
1022_sf2|1021_sf2|1
1023_sf2|1022_sf2|1
1024_sf2|1023_sf2|1
1025_sf2|1024_sf2|2
1026_sf2|1025_sf2|2
1027_sf2|1026_sf2|4
1028_sf2|1027_sf2|4
1028_sf2|1023_sf2|1
1029_sf2|1028_sf2|2
1029_sf2|1027_sf2|3
1030_sf2|1029_sf2|1
1031_sf2|1030_sf2|4
1032_sf2|1031_sf2|1
1032_sf2|1029_sf2|3
1033_sf2|1032_sf2|4
1034_sf2|1033_sf2|3
1035_sf2|1034_sf2|3
1035_sf2|1033_sf2|2
1036_sf2|1035_sf2|1
1036_sf2|1033_sf2|3
1037_sf2|1036_sf2|3
1038_sf2|1037_sf2|5
1038_sf2|1034_sf2|3
1039_sf2|1038_sf2|4
1040_sf2|1039_sf2|1
1041_sf2|1040_sf2|4
1042_sf2|1041_sf2|1
1042_sf2|1037_sf2|3
1043_sf2|1042_sf2|3
1043_sf2|1040_sf2|3
1044_sf2|1043_sf2|3
1045_sf2|1044_sf2|4
1046_sf2|1045_sf2|4
1046_sf2|1041_sf2|2
1047_sf2|1046_sf2|3
1048_sf2|1047_sf2|4
1049_sf2|1048_sf2|3
1050_sf2|1049_sf2|1
1051_sf2|1050_sf2|2
1052_sf2|1051_sf2|5
1053_sf2|1052_sf2|4
1053_sf2|1051_sf2|2
1054_sf2|1053_sf2|4
1054_sf2|1052_sf2|2
1055_sf2|1054_sf2|5
1056_sf2|1055_sf2|5
1056_sf2|1054_sf2|1
1057_sf2|1056_sf2|3
1058_sf2|1057_sf2|4
1059_sf2|1058_sf2|5
1060_sf2|1059_sf2|5
1061_sf2|1060_sf2|1
1061_sf2|1059_sf2|1
1062_sf2|1061_sf2|3
1063_sf2|1062_sf2|2
1063_sf2|1059_sf2|1
1064_sf2|1063_sf2|2
1065_sf2|1064_sf2|4
1066_sf2|1065_sf2|2
1067_sf2|1066_sf2|2
1067_sf2|1062_sf2|2
1068_sf2|1067_sf2|5
1068_sf2|1064_sf2|1
1069_sf2|1068_sf2|3
1069_sf2|1065_sf2|3
1070_sf2|1069_sf2|4
1071_sf2|1070_sf2|5
1072_sf2|1071_sf2|2
1073_sf2|1072_sf2|2
1074_sf2|1073_sf2|4
1074_sf2|1072_sf2|3
1075_sf2|1074_sf2|5
1076_sf2|1075_sf2|5
1076_sf2|1072_sf2|1
1077_sf2|1076_sf2|2
1078_sf2|1077_sf2|3
1078_sf2|1074_sf2|2
1079_sf2|1078_sf2|2
1080_sf2|1079_sf2|2
1081_sf2|1080_sf2|3
1082_sf2|1081_sf2|3
1083_sf2|1082_sf2|1
1084_sf2|1083_sf2|2
1085_sf2|1084_sf2|5
1086_sf2|1085_sf2|1
1087_sf2|1086_sf2|3
1088_sf2|1087_sf2|3
1089_sf2|1088_sf2|1
1089_sf2|1086_sf2|1
1090_sf2|1089_sf2|5
1090_sf2|1087_sf2|1
1091_sf2|1090_sf2|4
1091_sf2|1088_sf2|1
1092_sf2|1091_sf2|5
1093_sf2|1092_sf2|1
1093_sf2|1089_sf2|2
1094_sf2|1093_sf2|2
1095_sf2|1094_sf2|3
1095_sf2|1091_sf2|2
1096_sf2|1095_sf2|2
1097_sf2|1096_sf2|1
1098_sf2|1097_sf2|3
1098_sf2|1096_sf2|1
1099_sf2|1098_sf2|3
1100_sf2|1099_sf2|1
1101_sf2|1100_sf2|5
1102_sf2|1101_sf2|4
1103_sf2|1102_sf2|5
1104_sf2|1103_sf2|2
1105_sf2|1104_sf2|5
1106_sf2|1105_sf2|4
1107_sf2|1106_sf2|3
1108_sf2|1107_sf2|4
1108_sf2|1106_sf2|2
1109_sf2|1108_sf2|5
1110_sf2|1109_sf2|2
1111_sf2|1110_sf2|2
1112_sf2|1111_sf2|1
1112_sf2|1107_sf2|3
1113_sf2|1112_sf2|2
1114_sf2|1113_sf2|2
1115_sf2|1114_sf2|3
1116_sf2|1115_sf2|2
1117_sf2|1116_sf2|2
1118_sf2|1117_sf2|3
1118_sf2|1116_sf2|1
1119_sf2|1118_sf2|1
1120_sf2|1119_sf2|2
1121_sf2|1120_sf2|5
1122_sf2|1121_sf2|5
1122_sf2|1120_sf2|2
1123_sf2|1122_sf2|3
1123_sf2|1121_sf2|2
1124_sf2|1123_sf2|4
1125_sf2|1124_sf2|5
1126_sf2|1125_sf2|1
1127_sf2|1126_sf2|1
1128_sf2|1127_sf2|2
1128_sf2|1126_sf2|1
1129_sf2|1128_sf2|1
1129_sf2|1127_sf2|2
1130_sf2|1129_sf2|5
1131_sf2|1130_sf2|1
1132_sf2|1131_sf2|4
1133_sf2|1132_sf2|4
1133_sf2|1130_sf2|3
1134_sf2|1133_sf2|4
1135_sf2|1134_sf2|2
1136_sf2|1135_sf2|2
1137_sf2|1136_sf2|2
1137_sf2|1133_sf2|3
1138_sf2|1137_sf2|3
1138_sf2|1134_sf2|3
1139_sf2|1138_sf2|2
1139_sf2|1135_sf2|1
1140_sf2|1139_sf2|2
1140_sf2|1136_sf2|1
1141_sf2|1140_sf2|2
1142_sf2|1141_sf2|1
1142_sf2|1137_sf2|3
1143_sf2|1142_sf2|4
1143_sf2|1140_sf2|3
1144_sf2|1143_sf2|3
1145_sf2|1144_sf2|1
1145_sf2|1143_sf2|3
1146_sf2|1145_sf2|4
1147_sf2|1146_sf2|5
1148_sf2|1147_sf2|5
1148_sf2|1144_sf2|3
1149_sf2|1148_sf2|1
1149_sf2|1147_sf2|3
1150_sf2|1149_sf2|1
1151_sf2|1150_sf2|3
1152_sf2|1151_sf2|3
1152_sf2|1148_sf2|2
1153_sf2|1152_sf2|4
1154_sf2|1153_sf2|4
1154_sf2|1152_sf2|1
1155_sf2|1154_sf2|1
1156_sf2|1155_sf2|4
1156_sf2|1153_sf2|1
1157_sf2|1156_sf2|1
1158_sf2|1157_sf2|4
1159_sf2|1158_sf2|4
1159_sf2|1156_sf2|2
1160_sf2|1159_sf2|5
1161_sf2|1160_sf2|1
1161_sf2|1157_sf2|3
1162_sf2|1161_sf2|5
1163_sf2|1162_sf2|5
1164_sf2|1163_sf2|4
1164_sf2|1160_sf2|3
1165_sf2|1164_sf2|4
1166_sf2|1165_sf2|1
1167_sf2|1166_sf2|3
1168_sf2|1167_sf2|1
1169_sf2|1168_sf2|4
1169_sf2|1166_sf2|3
1170_sf2|1169_sf2|4
1170_sf2|1166_sf2|1
1171_sf2|1170_sf2|4
1172_sf2|1171_sf2|4
1173_sf2|1172_sf2|1
1174_sf2|1173_sf2|3
1175_sf2|1174_sf2|3
1175_sf2|1172_sf2|3
1176_sf2|1175_sf2|4
1176_sf2|1172_sf2|3
1177_sf2|1176_sf2|4
1178_sf2|1177_sf2|5
1179_sf2|1178_sf2|1
1179_sf2|1175_sf2|2
1180_sf2|1179_sf2|3
1181_sf2|1180_sf2|4
1181_sf2|1176_sf2|1
1182_sf2|1181_sf2|4
1183_sf2|1182_sf2|2
1184_sf2|1183_sf2|1
1185_sf2|1184_sf2|2
1186_sf2|1185_sf2|2
1186_sf2|1181_sf2|2
1187_sf2|1186_sf2|1
1187_sf2|1185_sf2|2
1188_sf2|1187_sf2|4
1189_sf2|1188_sf2|3
1190_sf2|1189_sf2|3
1191_sf2|1190_sf2|5
1191_sf2|1187_sf2|1
1192_sf2|1191_sf2|5
1193_sf2|1192_sf2|5
1193_sf2|1188_sf2|2
1194_sf2|1193_sf2|4
1195_sf2|1194_sf2|3
1195_sf2|1191_sf2|2
1196_sf2|1195_sf2|4
1196_sf2|1194_sf2|2
1197_sf2|1196_sf2|1
1197_sf2|1195_sf2|2
1198_sf2|1197_sf2|1
1199_sf2|1198_sf2|5
1200_sf2|1199_sf2|5
1201_sf2|1200_sf2|2
1202_sf2|1201_sf2|4
1202_sf2|1199_sf2|3
1203_sf2|1202_sf2|2
1204_sf2|1203_sf2|3
1205_sf2|1204_sf2|2
1206_sf2|1205_sf2|5
1207_sf2|1206_sf2|5
1208_sf2|1207_sf2|1
1209_sf2|1208_sf2|2
1210_sf2|1209_sf2|2
1211_sf2|1210_sf2|4
1211_sf2|1208_sf2|1
1212_sf2|1211_sf2|4
1213_sf2|1212_sf2|1
1214_sf2|1213_sf2|5
1215_sf2|1214_sf2|5
1215_sf2|1212_sf2|2
1216_sf2|1215_sf2|2
1216_sf2|1213_sf2|3
1217_sf2|1216_sf2|4
1218_sf2|1217_sf2|4
1219_sf2|1218_sf2|3
1220_sf2|1219_sf2|4
1221_sf2|1220_sf2|5
1221_sf2|1217_sf2|2
1222_sf2|1221_sf2|1
1222_sf2|1220_sf2|2
1223_sf2|1222_sf2|2
1224_sf2|1223_sf2|5
1225_sf2|1224_sf2|2
1226_sf2|1225_sf2|1
1227_sf2|1226_sf2|1
1228_sf2|1227_sf2|1
1229_sf2|1228_sf2|5
1229_sf2|1225_sf2|1
1230_sf2|1229_sf2|5
1230_sf2|1228_sf2|1
1231_sf2|1230_sf2|5
1231_sf2|1228_sf2|2
1232_sf2|1231_sf2|5
1233_sf2|1232_sf2|5
1234_sf2|1233_sf2|3
1235_sf2|1234_sf2|5
1236_sf2|1235_sf2|4
1236_sf2|1231_sf2|3
1237_sf2|1236_sf2|5
1238_sf2|1237_sf2|1
1239_sf2|1238_sf2|2
1240_sf2|1239_sf2|5
1241_sf2|1240_sf2|1
1242_sf2|1241_sf2|5
1243_sf2|1242_sf2|3
1243_sf2|1240_sf2|3
1244_sf2|1243_sf2|3
1244_sf2|1241_sf2|2
1245_sf2|1244_sf2|2
1246_sf2|1245_sf2|2
1247_sf2|1246_sf2|5
1247_sf2|1245_sf2|3
1248_sf2|1247_sf2|3
1249_sf2|1248_sf2|5
1249_sf2|1247_sf2|2
1250_sf2|1249_sf2|4
1251_sf2|1250_sf2|5
1252_sf2|1251_sf2|2
1252_sf2|1249_sf2|2
1253_sf2|1252_sf2|2
1253_sf2|1248_sf2|2
1254_sf2|1253_sf2|2
1255_sf2|1254_sf2|4
1256_sf2|1255_sf2|5
1257_sf2|1256_sf2|1
1257_sf2|1254_sf2|1
1258_sf2|1257_sf2|4
1259_sf2|1258_sf2|2
1260_sf2|1259_sf2|3
1261_sf2|1260_sf2|2
1262_sf2|1261_sf2|3
1262_sf2|1257_sf2|3
1263_sf2|1262_sf2|2
1263_sf2|1261_sf2|1
1264_sf2|1263_sf2|3
1265_sf2|1264_sf2|5
1266_sf2|1265_sf2|3
1267_sf2|1266_sf2|4
1268_sf2|1267_sf2|4
1269_sf2|1268_sf2|5
1269_sf2|1267_sf2|2
1270_sf2|1269_sf2|5
1271_sf2|1270_sf2|4
1271_sf2|1266_sf2|3
1272_sf2|1271_sf2|5
1273_sf2|1272_sf2|4
1274_sf2|1273_sf2|4
1275_sf2|1274_sf2|4
1276_sf2|1275_sf2|5
1277_sf2|1276_sf2|3
1277_sf2|1272_sf2|2
1278_sf2|1277_sf2|3
1278_sf2|1273_sf2|1
1279_sf2|1278_sf2|5
1280_sf2|1279_sf2|5
1281_sf2|1280_sf2|4
1282_sf2|1281_sf2|2
1283_sf2|1282_sf2|3
1284_sf2|1283_sf2|3
1284_sf2|1281_sf2|3
1285_sf2|1284_sf2|1
1286_sf2|1285_sf2|5
1286_sf2|1282_sf2|3
1287_sf2|1286_sf2|5
1288_sf2|1287_sf2|5
1288_sf2|1283_sf2|3
1289_sf2|1288_sf2|3
1289_sf2|1284_sf2|1
1290_sf2|1289_sf2|3
1290_sf2|1288_sf2|1
1291_sf2|1290_sf2|5
1292_sf2|1291_sf2|5
1292_sf2|1288_sf2|3
1293_sf2|1292_sf2|2
1294_sf2|1293_sf2|3
1294_sf2|1289_sf2|2
1295_sf2|1294_sf2|3
1296_sf2|1295_sf2|4
1297_sf2|1296_sf2|3
1298_sf2|1297_sf2|4
1299_sf2|1298_sf2|3
1299_sf2|1296_sf2|2
1300_sf2|1299_sf2|2
1301_sf2|1300_sf2|3
1301_sf2|1297_sf2|3
1302_sf2|1301_sf2|5
1303_sf2|1302_sf2|2
1303_sf2|1298_sf2|3
1304_sf2|1303_sf2|3
1305_sf2|1304_sf2|2
1306_sf2|1305_sf2|2
1306_sf2|1301_sf2|2
1307_sf2|1306_sf2|3
1307_sf2|1304_sf2|1
1308_sf2|1307_sf2|5
1309_sf2|1308_sf2|5
1310_sf2|1309_sf2|4
1311_sf2|1310_sf2|5
1311_sf2|1307_sf2|3
1312_sf2|1311_sf2|5
1313_sf2|1312_sf2|4
1314_sf2|1313_sf2|4
1315_sf2|1314_sf2|1
1316_sf2|1315_sf2|3
1317_sf2|1316_sf2|4
1318_sf2|1317_sf2|2
1319_sf2|1318_sf2|4
1319_sf2|1317_sf2|3
1320_sf2|1319_sf2|5
1320_sf2|1315_sf2|1
1321_sf2|1320_sf2|3
1321_sf2|1317_sf2|2
1322_sf2|1321_sf2|4
1323_sf2|1322_sf2|5
1324_sf2|1323_sf2|1
1325_sf2|1324_sf2|2
1325_sf2|1320_sf2|3
1326_sf2|1325_sf2|1
1326_sf2|1324_sf2|3
1327_sf2|1326_sf2|5
1327_sf2|1322_sf2|1
1328_sf2|1327_sf2|2
1329_sf2|1328_sf2|2
1330_sf2|1329_sf2|5
1331_sf2|1330_sf2|4
1332_sf2|1331_sf2|3
1333_sf2|1332_sf2|5
1333_sf2|1329_sf2|1
1334_sf2|1333_sf2|5
1335_sf2|1334_sf2|2
1336_sf2|1335_sf2|1
1337_sf2|1336_sf2|5
1338_sf2|1337_sf2|1
1339_sf2|1338_sf2|1
1340_sf2|1339_sf2|5
1341_sf2|1340_sf2|4
1342_sf2|1341_sf2|1
1343_sf2|1342_sf2|4
1344_sf2|1343_sf2|5
1345_sf2|1344_sf2|3
1346_sf2|1345_sf2|5
1347_sf2|1346_sf2|5
1348_sf2|1347_sf2|3
1349_sf2|1348_sf2|4
1350_sf2|1349_sf2|2
1351_sf2|1350_sf2|1
1351_sf2|1349_sf2|1
1352_sf2|1351_sf2|4
1353_sf2|1352_sf2|2
1354_sf2|1353_sf2|3
1355_sf2|1354_sf2|3
1356_sf2|1355_sf2|5
1357_sf2|1356_sf2|2
1357_sf2|1354_sf2|1
1358_sf2|1357_sf2|5
1358_sf2|1356_sf2|2
1359_sf2|1358_sf2|3
1360_sf2|1359_sf2|5
1361_sf2|1360_sf2|3
1362_sf2|1361_sf2|2
1363_sf2|1362_sf2|5
1364_sf2|1363_sf2|3
1365_sf2|1364_sf2|2
1366_sf2|1365_sf2|2
1367_sf2|1366_sf2|5
1367_sf2|1365_sf2|2
1368_sf2|1367_sf2|3
1369_sf2|1368_sf2|2
1370_sf2|1369_sf2|5
1371_sf2|1370_sf2|2
1372_sf2|1371_sf2|5
1372_sf2|1369_sf2|1
1373_sf2|1372_sf2|5
1374_sf2|1373_sf2|5
1374_sf2|1370_sf2|1
1375_sf2|1374_sf2|3
1376_sf2|1375_sf2|5
1377_sf2|1376_sf2|2
1377_sf2|1372_sf2|3
1378_sf2|1377_sf2|1
1379_sf2|1378_sf2|1
1380_sf2|1379_sf2|4
1381_sf2|1380_sf2|2
1382_sf2|1381_sf2|2
1383_sf2|1382_sf2|5
1383_sf2|1379_sf2|2
1384_sf2|1383_sf2|2
1385_sf2|1384_sf2|1
1386_sf2|1385_sf2|4
1387_sf2|1386_sf2|2
1388_sf2|1387_sf2|2
1389_sf2|1388_sf2|4
1390_sf2|1389_sf2|4
1390_sf2|1386_sf2|2
1391_sf2|1390_sf2|3
1391_sf2|1388_sf2|2
1392_sf2|1391_sf2|2
1393_sf2|1392_sf2|4
1393_sf2|1389_sf2|3
1394_sf2|1393_sf2|2
1394_sf2|1389_sf2|3
1395_sf2|1394_sf2|4
1396_sf2|1395_sf2|4
1396_sf2|1391_sf2|3
1397_sf2|1396_sf2|3
1398_sf2|1397_sf2|4
1398_sf2|1393_sf2|3
1399_sf2|1398_sf2|2
1400_sf2|1399_sf2|3
1401_sf2|1400_sf2|3
1402_sf2|1401_sf2|1
1403_sf2|1402_sf2|3
1403_sf2|1399_sf2|3
1404_sf2|1403_sf2|5
1405_sf2|1404_sf2|4
1406_sf2|1405_sf2|1
1407_sf2|1406_sf2|5
1407_sf2|1403_sf2|2
1408_sf2|1407_sf2|3
1409_sf2|1408_sf2|1
1410_sf2|1409_sf2|5
1411_sf2|1410_sf2|4
1412_sf2|1411_sf2|2
1413_sf2|1412_sf2|1
1414_sf2|1413_sf2|3
1415_sf2|1414_sf2|2
1415_sf2|1412_sf2|1
1416_sf2|1415_sf2|1
1417_sf2|1416_sf2|5
1417_sf2|1415_sf2|2
1418_sf2|1417_sf2|2
1419_sf2|1418_sf2|1
1419_sf2|1416_sf2|2
1420_sf2|1419_sf2|5
1421_sf2|1420_sf2|1
1422_sf2|1421_sf2|3
1422_sf2|1417_sf2|3
1423_sf2|1422_sf2|1
1424_sf2|1423_sf2|4
1425_sf2|1424_sf2|1
1426_sf2|1425_sf2|4
1427_sf2|1426_sf2|1
1428_sf2|1427_sf2|5
1428_sf2|1426_sf2|3
1429_sf2|1428_sf2|1
1430_sf2|1429_sf2|1
1430_sf2|1426_sf2|1
1431_sf2|1430_sf2|5
1432_sf2|1431_sf2|5
1433_sf2|1432_sf2|2
1434_sf2|1433_sf2|5
1435_sf2|1434_sf2|4
1436_sf2|1435_sf2|1
1437_sf2|1436_sf2|1
1438_sf2|1437_sf2|1
1439_sf2|1438_sf2|5
1440_sf2|1439_sf2|1
1440_sf2|1437_sf2|1
1441_sf2|1440_sf2|5
1442_sf2|1441_sf2|2
1443_sf2|1442_sf2|5
1444_sf2|1443_sf2|3
1444_sf2|1439_sf2|2
1445_sf2|1444_sf2|5
1445_sf2|1441_sf2|2
1446_sf2|1445_sf2|5
1447_sf2|1446_sf2|2
1447_sf2|1442_sf2|1
1448_sf2|1447_sf2|1
1449_sf2|1448_sf2|3
1450_sf2|1449_sf2|5
1450_sf2|1448_sf2|3
1451_sf2|1450_sf2|4
1452_sf2|1451_sf2|4
1453_sf2|1452_sf2|5
1454_sf2|1453_sf2|5
1455_sf2|1454_sf2|3
1456_sf2|1455_sf2|3
1457_sf2|1456_sf2|1
1458_sf2|1457_sf2|5
1459_sf2|1458_sf2|1
1460_sf2|1459_sf2|3
1461_sf2|1460_sf2|2
1462_sf2|1461_sf2|5
1463_sf2|1462_sf2|5
1464_sf2|1463_sf2|5
1464_sf2|1462_sf2|2
1465_sf2|1464_sf2|5
1466_sf2|1465_sf2|3
1467_sf2|1466_sf2|3
1468_sf2|1467_sf2|1
1468_sf2|1465_sf2|1
1469_sf2|1468_sf2|2
1470_sf2|1469_sf2|3
1470_sf2|1468_sf2|1
1471_sf2|1470_sf2|4
1472_sf2|1471_sf2|1
1473_sf2|1472_sf2|1
1474_sf2|1473_sf2|3
1475_sf2|1474_sf2|2
1475_sf2|1470_sf2|2
1476_sf2|1475_sf2|1
1477_sf2|1476_sf2|3
1477_sf2|1472_sf2|1
1478_sf2|1477_sf2|2
1479_sf2|1478_sf2|4
1479_sf2|1474_sf2|1
1480_sf2|1479_sf2|4
1481_sf2|1480_sf2|2
1482_sf2|1481_sf2|2
1483_sf2|1482_sf2|1
1483_sf2|1481_sf2|3
1484_sf2|1483_sf2|1
1485_sf2|1484_sf2|4
1486_sf2|1485_sf2|1
1487_sf2|1486_sf2|3
1488_sf2|1487_sf2|1
1488_sf2|1483_sf2|2
1489_sf2|1488_sf2|3
1490_sf2|1489_sf2|1
1491_sf2|1490_sf2|5
1492_sf2|1491_sf2|4
1493_sf2|1492_sf2|1
1494_sf2|1493_sf2|5
1495_sf2|1494_sf2|3
1496_sf2|1495_sf2|4
1497_sf2|1496_sf2|3
1497_sf2|1494_sf2|2
1498_sf2|1497_sf2|2
1499_sf2|1498_sf2|3
1500_sf2|1499_sf2|3
1501_sf2|1500_sf2|1
1502_sf2|1501_sf2|4
1503_sf2|1502_sf2|2
1504_sf2|1503_sf2|2
1505_sf2|1504_sf2|2
1506_sf2|1505_sf2|5
1507_sf2|1506_sf2|5
1508_sf2|1507_sf2|5
1508_sf2|1503_sf2|3
1509_sf2|1508_sf2|4
1509_sf2|1507_sf2|3
1510_sf2|1509_sf2|5
1510_sf2|1506_sf2|2
1511_sf2|1510_sf2|2
1512_sf2|1511_sf2|2
1513_sf2|1512_sf2|3
1514_sf2|1513_sf2|5
1514_sf2|1510_sf2|1
1515_sf2|1514_sf2|2
1516_sf2|1515_sf2|4
1517_sf2|1516_sf2|3
1517_sf2|1512_sf2|2
1518_sf2|1517_sf2|5
1518_sf2|1514_sf2|1
1519_sf2|1518_sf2|5
1520_sf2|1519_sf2|2
1521_sf2|1520_sf2|2
1522_sf2|1521_sf2|1
1523_sf2|1522_sf2|5
1524_sf2|1523_sf2|1
1525_sf2|1524_sf2|5
1526_sf2|1525_sf2|3
1526_sf2|1524_sf2|2
1527_sf2|1526_sf2|2
1528_sf2|1527_sf2|3
1529_sf2|1528_sf2|2
1530_sf2|1529_sf2|5
1530_sf2|1525_sf2|3
1531_sf2|1530_sf2|1
1532_sf2|1531_sf2|1
1532_sf2|1529_sf2|1
1533_sf2|1532_sf2|1
1534_sf2|1533_sf2|2
1534_sf2|1532_sf2|3
1535_sf2|1534_sf2|2
1535_sf2|1531_sf2|1
1536_sf2|1535_sf2|2
1537_sf2|1536_sf2|3
1538_sf2|1537_sf2|5
1539_sf2|1538_sf2|2
1540_sf2|1539_sf2|4
1541_sf2|1540_sf2|1
1542_sf2|1541_sf2|1
1543_sf2|1542_sf2|1
1544_sf2|1543_sf2|2
1544_sf2|1540_sf2|2
1545_sf2|1544_sf2|3
1545_sf2|1542_sf2|3
1546_sf2|1545_sf2|3
1546_sf2|1543_sf2|3
1547_sf2|1546_sf2|3
1548_sf2|1547_sf2|3
1549_sf2|1548_sf2|2
1550_sf2|1549_sf2|3
1551_sf2|1550_sf2|4
1552_sf2|1551_sf2|1
1553_sf2|1552_sf2|3
1553_sf2|1548_sf2|3
1554_sf2|1553_sf2|5
1555_sf2|1554_sf2|3
1556_sf2|1555_sf2|3
1557_sf2|1556_sf2|1
1558_sf2|1557_sf2|3
1559_sf2|1558_sf2|1
1560_sf2|1559_sf2|5
1561_sf2|1560_sf2|1
1562_sf2|1561_sf2|1
1563_sf2|1562_sf2|5
1564_sf2|1563_sf2|4
1565_sf2|1564_sf2|4
1566_sf2|1565_sf2|3
1567_sf2|1566_sf2|2
1567_sf2|1565_sf2|3
1568_sf2|1567_sf2|5
1569_sf2|1568_sf2|2
1569_sf2|1567_sf2|2
1570_sf2|1569_sf2|2
1570_sf2|1565_sf2|2
1571_sf2|1570_sf2|4
1572_sf2|1571_sf2|3
1573_sf2|1572_sf2|2
1574_sf2|1573_sf2|5
1575_sf2|1574_sf2|1
1576_sf2|1575_sf2|5
1576_sf2|1573_sf2|3
1577_sf2|1576_sf2|5
1578_sf2|1577_sf2|3
1579_sf2|1578_sf2|5
1580_sf2|1579_sf2|5
1581_sf2|1580_sf2|5
1582_sf2|1581_sf2|5
1583_sf2|1582_sf2|4
1584_sf2|1583_sf2|1
1585_sf2|1584_sf2|1
1586_sf2|1585_sf2|5
1587_sf2|1586_sf2|3
1588_sf2|1587_sf2|3
1589_sf2|1588_sf2|4
1590_sf2|1589_sf2|4
1591_sf2|1590_sf2|3
1591_sf2|1587_sf2|2
1592_sf2|1591_sf2|1
1593_sf2|1592_sf2|3
1593_sf2|1588_sf2|3
1594_sf2|1593_sf2|3
1594_sf2|1590_sf2|2
1595_sf2|1594_sf2|1
1596_sf2|1595_sf2|1
1597_sf2|1596_sf2|2
1598_sf2|1597_sf2|2
1598_sf2|1593_sf2|3
1599_sf2|1598_sf2|3
1599_sf2|1597_sf2|2
1600_sf2|1599_sf2|4
1601_sf2|1600_sf2|4
1602_sf2|1601_sf2|3
1603_sf2|1602_sf2|5
1604_sf2|1603_sf2|5
1604_sf2|1601_sf2|3
1605_sf2|1604_sf2|2
1606_sf2|1605_sf2|4
1607_sf2|1606_sf2|5
1608_sf2|1607_sf2|2
1608_sf2|1604_sf2|3
1609_sf2|1608_sf2|5
1609_sf2|1605_sf2|2
1610_sf2|1609_sf2|1
1610_sf2|1606_sf2|3
1611_sf2|1610_sf2|5
1611_sf2|1609_sf2|2
1612_sf2|1611_sf2|2
1612_sf2|1607_sf2|1
1613_sf2|1612_sf2|1
1614_sf2|1613_sf2|5
1614_sf2|1610_sf2|2
1615_sf2|1614_sf2|3
1616_sf2|1615_sf2|3
1617_sf2|1616_sf2|2
1618_sf2|1617_sf2|1
1618_sf2|1616_sf2|3
1619_sf2|1618_sf2|2
1620_sf2|1619_sf2|3
1620_sf2|1618_sf2|3
1621_sf2|1620_sf2|2
1622_sf2|1621_sf2|3
1623_sf2|1622_sf2|3
1624_sf2|1623_sf2|5
1625_sf2|1624_sf2|1
1626_sf2|1625_sf2|1
1627_sf2|1626_sf2|4
1628_sf2|1627_sf2|3
1628_sf2|1626_sf2|1
1629_sf2|1628_sf2|2
1630_sf2|1629_sf2|5
1631_sf2|1630_sf2|5
1631_sf2|1627_sf2|1
1632_sf2|1631_sf2|2
1633_sf2|1632_sf2|3
1633_sf2|1629_sf2|3
1634_sf2|1633_sf2|3
1635_sf2|1634_sf2|3
1636_sf2|1635_sf2|4
1636_sf2|1632_sf2|3
1637_sf2|1636_sf2|2
1638_sf2|1637_sf2|4
1638_sf2|1635_sf2|1
1639_sf2|1638_sf2|5
1640_sf2|1639_sf2|4
1640_sf2|1638_sf2|3
1641_sf2|1640_sf2|2
1641_sf2|1636_sf2|2
1642_sf2|1641_sf2|5
1642_sf2|1638_sf2|2
1643_sf2|1642_sf2|1
1644_sf2|1643_sf2|3
1645_sf2|1644_sf2|5
1646_sf2|1645_sf2|4
1646_sf2|1642_sf2|3
1647_sf2|1646_sf2|4
1647_sf2|1643_sf2|2
1648_sf2|1647_sf2|2
1648_sf2|1644_sf2|3
1649_sf2|1648_sf2|1
1650_sf2|1649_sf2|2
1651_sf2|1650_sf2|4
1651_sf2|1647_sf2|1
1652_sf2|1651_sf2|1
1653_sf2|1652_sf2|1
1654_sf2|1653_sf2|2
1655_sf2|1654_sf2|3
1655_sf2|1653_sf2|2
1656_sf2|1655_sf2|5
1657_sf2|1656_sf2|1
1657_sf2|1653_sf2|3
1658_sf2|1657_sf2|4
1659_sf2|1658_sf2|4
1660_sf2|1659_sf2|5
1661_sf2|1660_sf2|3
1662_sf2|1661_sf2|4
1662_sf2|1658_sf2|3
1663_sf2|1662_sf2|2
1664_sf2|1663_sf2|3
1664_sf2|1659_sf2|2
1665_sf2|1664_sf2|1
1665_sf2|1660_sf2|2
1666_sf2|1665_sf2|1
1667_sf2|1666_sf2|4
1668_sf2|1667_sf2|4
1669_sf2|1668_sf2|1
1670_sf2|1669_sf2|1
1671_sf2|1670_sf2|1
1672_sf2|1671_sf2|4
1673_sf2|1672_sf2|1
1674_sf2|1673_sf2|4
1675_sf2|1674_sf2|5
1675_sf2|1671_sf2|1
1676_sf2|1675_sf2|2
1676_sf2|1673_sf2|2
1677_sf2|1676_sf2|5
1677_sf2|1673_sf2|3
1678_sf2|1677_sf2|1
1679_sf2|1678_sf2|5
1680_sf2|1679_sf2|2
1681_sf2|1680_sf2|5
1682_sf2|1681_sf2|5
1683_sf2|1682_sf2|3
1684_sf2|1683_sf2|4
1685_sf2|1684_sf2|2
1685_sf2|1682_sf2|2
1686_sf2|1685_sf2|5
1687_sf2|1686_sf2|2
1688_sf2|1687_sf2|3
1688_sf2|1685_sf2|2
1689_sf2|1688_sf2|1
1690_sf2|1689_sf2|4
1691_sf2|1690_sf2|4
1692_sf2|1691_sf2|1
1692_sf2|1688_sf2|3
1693_sf2|1692_sf2|3
1694_sf2|1693_sf2|1
1695_sf2|1694_sf2|2
1695_sf2|1693_sf2|1
1696_sf2|1695_sf2|2
1696_sf2|1691_sf2|1
1697_sf2|1696_sf2|5
1698_sf2|1697_sf2|3
1698_sf2|1696_sf2|3
1699_sf2|1698_sf2|1
1700_sf2|1699_sf2|5
1701_sf2|1700_sf2|2
1702_sf2|1701_sf2|1
1702_sf2|1699_sf2|2
1703_sf2|1702_sf2|5
1704_sf2|1703_sf2|2
1705_sf2|1704_sf2|4
1705_sf2|1700_sf2|1
1706_sf2|1705_sf2|2
1706_sf2|1701_sf2|3
1707_sf2|1706_sf2|1
1708_sf2|1707_sf2|3
1709_sf2|1708_sf2|1
1709_sf2|1707_sf2|1
1710_sf2|1709_sf2|4
1711_sf2|1710_sf2|4
1711_sf2|1707_sf2|2
1712_sf2|1711_sf2|2
1713_sf2|1712_sf2|2
1713_sf2|1711_sf2|3
1714_sf2|1713_sf2|4
1714_sf2|1709_sf2|3
1715_sf2|1714_sf2|4
1715_sf2|1710_sf2|3
1716_sf2|1715_sf2|2
1717_sf2|1716_sf2|1
1717_sf2|1712_sf2|1
1718_sf2|1717_sf2|4
1718_sf2|1714_sf2|3
1719_sf2|1718_sf2|2
1719_sf2|1714_sf2|3
1720_sf2|1719_sf2|1
1720_sf2|1717_sf2|3
1721_sf2|1720_sf2|4
1722_sf2|1721_sf2|1
1722_sf2|1717_sf2|2
1723_sf2|1722_sf2|5
1724_sf2|1723_sf2|2
1725_sf2|1724_sf2|1
1725_sf2|1720_sf2|2
1726_sf2|1725_sf2|4
1727_sf2|1726_sf2|4
1727_sf2|1723_sf2|3
1728_sf2|1727_sf2|2
1729_sf2|1728_sf2|1
1730_sf2|1729_sf2|4
1731_sf2|1730_sf2|3
1732_sf2|1731_sf2|4
1733_sf2|1732_sf2|5
1734_sf2|1733_sf2|1
1734_sf2|1731_sf2|3
1735_sf2|1734_sf2|5
1735_sf2|1730_sf2|1
1736_sf2|1735_sf2|3
1737_sf2|1736_sf2|1
1738_sf2|1737_sf2|3
1739_sf2|1738_sf2|1
1739_sf2|1737_sf2|1
1740_sf2|1739_sf2|3
1741_sf2|1740_sf2|5
1742_sf2|1741_sf2|4
1743_sf2|1742_sf2|2
1744_sf2|1743_sf2|5
1745_sf2|1744_sf2|4
1746_sf2|1745_sf2|4
1746_sf2|1744_sf2|3
1747_sf2|1746_sf2|4
1748_sf2|1747_sf2|3
1749_sf2|1748_sf2|3
1750_sf2|1749_sf2|4
1751_sf2|1750_sf2|3
1752_sf2|1751_sf2|3
1752_sf2|1748_sf2|3
1753_sf2|1752_sf2|3
1754_sf2|1753_sf2|1
1755_sf2|1754_sf2|5
1756_sf2|1755_sf2|4
1757_sf2|1756_sf2|1
1758_sf2|1757_sf2|5
1758_sf2|1753_sf2|3
1759_sf2|1758_sf2|1
1760_sf2|1759_sf2|3
1760_sf2|1756_sf2|1
1761_sf2|1760_sf2|1
1762_sf2|1761_sf2|5
1763_sf2|1762_sf2|3
1764_sf2|1763_sf2|2
1764_sf2|1762_sf2|1
1765_sf2|1764_sf2|4
1766_sf2|1765_sf2|2
1767_sf2|1766_sf2|2
1767_sf2|1762_sf2|1
1768_sf2|1767_sf2|4
1768_sf2|1763_sf2|2
1769_sf2|1768_sf2|2
1770_sf2|1769_sf2|1
1771_sf2|1770_sf2|4
1772_sf2|1771_sf2|5
1773_sf2|1772_sf2|1
1773_sf2|1768_sf2|2
1774_sf2|1773_sf2|1
1775_sf2|1774_sf2|4
1775_sf2|1770_sf2|1
1776_sf2|1775_sf2|1
1777_sf2|1776_sf2|2
1777_sf2|1774_sf2|2
1778_sf2|1777_sf2|3
1779_sf2|1778_sf2|4
1780_sf2|1779_sf2|4
1781_sf2|1780_sf2|4
1782_sf2|1781_sf2|3
1783_sf2|1782_sf2|3
1783_sf2|1780_sf2|2
1784_sf2|1783_sf2|5
1785_sf2|1784_sf2|4
1785_sf2|1780_sf2|2
1786_sf2|1785_sf2|1
1787_sf2|1786_sf2|4
1787_sf2|1785_sf2|1
1788_sf2|1787_sf2|3
1789_sf2|1788_sf2|4
1790_sf2|1789_sf2|3
1790_sf2|1786_sf2|2
1791_sf2|1790_sf2|5
1791_sf2|1787_sf2|3
1792_sf2|1791_sf2|5
1793_sf2|1792_sf2|1
1793_sf2|1788_sf2|1
1794_sf2|1793_sf2|4
1795_sf2|1794_sf2|2
1795_sf2|1792_sf2|2
1796_sf2|1795_sf2|5
1797_sf2|1796_sf2|4
1798_sf2|1797_sf2|4
1799_sf2|1798_sf2|4
1799_sf2|1796_sf2|1
1800_sf2|1799_sf2|5
1801_sf2|1800_sf2|3
1802_sf2|1801_sf2|5
1803_sf2|1802_sf2|5
1804_sf2|1803_sf2|2
1804_sf2|1799_sf2|1
1805_sf2|1804_sf2|1
1806_sf2|1805_sf2|1
1807_sf2|1806_sf2|5
1808_sf2|1807_sf2|4
1809_sf2|1808_sf2|4
1809_sf2|1806_sf2|1
1810_sf2|1809_sf2|5
1811_sf2|1810_sf2|3
1812_sf2|1811_sf2|5
1812_sf2|1808_sf2|2
1813_sf2|1812_sf2|5
1814_sf2|1813_sf2|5
1814_sf2|1811_sf2|2
1815_sf2|1814_sf2|4
1816_sf2|1815_sf2|1
1817_sf2|1816_sf2|5
1818_sf2|1817_sf2|5
1819_sf2|1818_sf2|4
1819_sf2|1816_sf2|2
1820_sf2|1819_sf2|5
1821_sf2|1820_sf2|5
1822_sf2|1821_sf2|1
1823_sf2|1822_sf2|4
1824_sf2|1823_sf2|4
1825_sf2|1824_sf2|1
1826_sf2|1825_sf2|4
1826_sf2|1821_sf2|1
1827_sf2|1826_sf2|2
1828_sf2|1827_sf2|3
1828_sf2|1824_sf2|3
1829_sf2|1828_sf2|1
1829_sf2|1825_sf2|3
1830_sf2|1829_sf2|3
1830_sf2|1825_sf2|3
1831_sf2|1830_sf2|3
1832_sf2|1831_sf2|3
1833_sf2|1832_sf2|4
1834_sf2|1833_sf2|5
1835_sf2|1834_sf2|1
1836_sf2|1835_sf2|4
1837_sf2|1836_sf2|3
1838_sf2|1837_sf2|5
1839_sf2|1838_sf2|1
1839_sf2|1834_sf2|1
1840_sf2|1839_sf2|5
1840_sf2|1835_sf2|1
1841_sf2|1840_sf2|1
1842_sf2|1841_sf2|2
1842_sf2|1838_sf2|2
1843_sf2|1842_sf2|2
1844_sf2|1843_sf2|1
1844_sf2|1841_sf2|2
1845_sf2|1844_sf2|4
1846_sf2|1845_sf2|3
1847_sf2|1846_sf2|3
1848_sf2|1847_sf2|5
1849_sf2|1848_sf2|5
1850_sf2|1849_sf2|2
1851_sf2|1850_sf2|3
1852_sf2|1851_sf2|4
1853_sf2|1852_sf2|1
1853_sf2|1850_sf2|1
1854_sf2|1853_sf2|1
1854_sf2|1852_sf2|2
1855_sf2|1854_sf2|5
1856_sf2|1855_sf2|5
1857_sf2|1856_sf2|3
1858_sf2|1857_sf2|2
1859_sf2|1858_sf2|5
1859_sf2|1855_sf2|3
1860_sf2|1859_sf2|4
1860_sf2|1856_sf2|3
1861_sf2|1860_sf2|5
1861_sf2|1856_sf2|2
1862_sf2|1861_sf2|3
1863_sf2|1862_sf2|2
1863_sf2|1859_sf2|3
1864_sf2|1863_sf2|3
1865_sf2|1864_sf2|3
1865_sf2|1860_sf2|2
1866_sf2|1865_sf2|3
1867_sf2|1866_sf2|3
1868_sf2|1867_sf2|3
1868_sf2|1866_sf2|1
1869_sf2|1868_sf2|4
1870_sf2|1869_sf2|3
1871_sf2|1870_sf2|4
1872_sf2|1871_sf2|4
1872_sf2|1867_sf2|2
1873_sf2|1872_sf2|3
1873_sf2|1869_sf2|3
1874_sf2|1873_sf2|2
1875_sf2|1874_sf2|3
1876_sf2|1875_sf2|4
1877_sf2|1876_sf2|5
1878_sf2|1877_sf2|4
1878_sf2|1873_sf2|3
1879_sf2|1878_sf2|5
1880_sf2|1879_sf2|5
1880_sf2|1875_sf2|2
1881_sf2|1880_sf2|5
1882_sf2|1881_sf2|2
1882_sf2|1880_sf2|1
1883_sf2|1882_sf2|5
1884_sf2|1883_sf2|2
1885_sf2|1884_sf2|4
1885_sf2|1882_sf2|1
1886_sf2|1885_sf2|4
1887_sf2|1886_sf2|1
1888_sf2|1887_sf2|5
1889_sf2|1888_sf2|5
1890_sf2|1889_sf2|4
1891_sf2|1890_sf2|2
1891_sf2|1889_sf2|1
1892_sf2|1891_sf2|3
1892_sf2|1890_sf2|2
1893_sf2|1892_sf2|5
1894_sf2|1893_sf2|5
1895_sf2|1894_sf2|1
1896_sf2|1895_sf2|4
1896_sf2|1894_sf2|3
1897_sf2|1896_sf2|3
1898_sf2|1897_sf2|1
1898_sf2|1896_sf2|3
1899_sf2|1898_sf2|1
1899_sf2|1895_sf2|3
1900_sf2|1899_sf2|3
1901_sf2|1900_sf2|2
1901_sf2|1898_sf2|2
1902_sf2|1901_sf2|2
1903_sf2|1902_sf2|4
1904_sf2|1903_sf2|2
1905_sf2|1904_sf2|4
1905_sf2|1903_sf2|2
1906_sf2|1905_sf2|3
1907_sf2|1906_sf2|1
1908_sf2|1907_sf2|2
1909_sf2|1908_sf2|1
1909_sf2|1905_sf2|1
1910_sf2|1909_sf2|3
1911_sf2|1910_sf2|1
1912_sf2|1911_sf2|4
1913_sf2|1912_sf2|2
1913_sf2|1908_sf2|1
1914_sf2|1913_sf2|3
1915_sf2|1914_sf2|5
1916_sf2|1915_sf2|3
1916_sf2|1911_sf2|2
1917_sf2|1916_sf2|4
1917_sf2|1915_sf2|3
1918_sf2|1917_sf2|1
1918_sf2|1914_sf2|3
1919_sf2|1918_sf2|3
1920_sf2|1919_sf2|2
1921_sf2|1920_sf2|2
1922_sf2|1921_sf2|2
1923_sf2|1922_sf2|4
1924_sf2|1923_sf2|1
1925_sf2|1924_sf2|4
1926_sf2|1925_sf2|4
1926_sf2|1922_sf2|3
1927_sf2|1926_sf2|5
1928_sf2|1927_sf2|1
1929_sf2|1928_sf2|3
1929_sf2|1927_sf2|2
1930_sf2|1929_sf2|1
1930_sf2|1926_sf2|2
1931_sf2|1930_sf2|5
1932_sf2|1931_sf2|3
1932_sf2|1928_sf2|1
1933_sf2|1932_sf2|4
1933_sf2|1929_sf2|3
1934_sf2|1933_sf2|3
1934_sf2|1930_sf2|3
1935_sf2|1934_sf2|3
1936_sf2|1935_sf2|4
1936_sf2|1932_sf2|3
1937_sf2|1936_sf2|3
1938_sf2|1937_sf2|2
1939_sf2|1938_sf2|2
1940_sf2|1939_sf2|4
1941_sf2|1940_sf2|1
1941_sf2|1936_sf2|2
1942_sf2|1941_sf2|1
1943_sf2|1942_sf2|3
1944_sf2|1943_sf2|3
1945_sf2|1944_sf2|4
1946_sf2|1945_sf2|1
1947_sf2|1946_sf2|2
1948_sf2|1947_sf2|3
1949_sf2|1948_sf2|2
1950_sf2|1949_sf2|3
1951_sf2|1950_sf2|2
1952_sf2|1951_sf2|3
1952_sf2|1948_sf2|2
1953_sf2|1952_sf2|4
1954_sf2|1953_sf2|4
1955_sf2|1954_sf2|4
1956_sf2|1955_sf2|3
1957_sf2|1956_sf2|2
1958_sf2|1957_sf2|5
1959_sf2|1958_sf2|5
1960_sf2|1959_sf2|1
1960_sf2|1957_sf2|3
1961_sf2|1960_sf2|4
1962_sf2|1961_sf2|4
1963_sf2|1962_sf2|1
1963_sf2|1960_sf2|2
1964_sf2|1963_sf2|1
1964_sf2|1961_sf2|1
1965_sf2|1964_sf2|2
1966_sf2|1965_sf2|1
1967_sf2|1966_sf2|1
1968_sf2|1967_sf2|2
1969_sf2|1968_sf2|3
1969_sf2|1966_sf2|2
1970_sf2|1969_sf2|4
1971_sf2|1970_sf2|1
1972_sf2|1971_sf2|4
1972_sf2|1968_sf2|3
1973_sf2|1972_sf2|5
1973_sf2|1970_sf2|1
1974_sf2|1973_sf2|3
1974_sf2|1972_sf2|2
1975_sf2|1974_sf2|4
1976_sf2|1975_sf2|5
1977_sf2|1976_sf2|5
1977_sf2|1975_sf2|1
1978_sf2|1977_sf2|2
1978_sf2|1975_sf2|1
1979_sf2|1978_sf2|2
1980_sf2|1979_sf2|1
1981_sf2|1980_sf2|5
1981_sf2|1978_sf2|2
1982_sf2|1981_sf2|1
1983_sf2|1982_sf2|4
1984_sf2|1983_sf2|4
1985_sf2|1984_sf2|2
1986_sf2|1985_sf2|5
1987_sf2|1986_sf2|2
1987_sf2|1985_sf2|2
1988_sf2|1987_sf2|4
1988_sf2|1985_sf2|2
1989_sf2|1988_sf2|4
1990_sf2|1989_sf2|5
1991_sf2|1990_sf2|1
1991_sf2|1986_sf2|3
1992_sf2|1991_sf2|4
1993_sf2|1992_sf2|5
1994_sf2|1993_sf2|4
1995_sf2|1994_sf2|2
1996_sf2|1995_sf2|5
1996_sf2|1992_sf2|1
1997_sf2|1996_sf2|1
1998_sf2|1997_sf2|5
1999_sf2|1998_sf2|2
1999_sf2|1996_sf2|3
1_sf3|0_sf3|4
2_sf3|1_sf3|2
3_sf3|2_sf3|1
4_sf3|3_sf3|5
5_sf3|4_sf3|5
6_sf3|5_sf3|5
6_sf3|1_sf3|3
7_sf3|6_sf3|1
7_sf3|2_sf3|1
8_sf3|7_sf3|2
9_sf3|8_sf3|5
9_sf3|6_sf3|1
10_sf3|9_sf3|4
10_sf3|7_sf3|2
11_sf3|10_sf3|4
12_sf3|11_sf3|4
13_sf3|12_sf3|5
14_sf3|13_sf3|2
15_sf3|14_sf3|1
16_sf3|15_sf3|2
17_sf3|16_sf3|3
18_sf3|17_sf3|4
19_sf3|18_sf3|2
20_sf3|19_sf3|1
21_sf3|20_sf3|3
22_sf3|21_sf3|5
23_sf3|22_sf3|5
23_sf3|18_sf3|3
24_sf3|23_sf3|4
25_sf3|24_sf3|1
26_sf3|25_sf3|3
26_sf3|24_sf3|2
27_sf3|26_sf3|1
28_sf3|27_sf3|4
29_sf3|28_sf3|3
30_sf3|29_sf3|4
31_sf3|30_sf3|3
32_sf3|31_sf3|4
32_sf3|27_sf3|2
33_sf3|32_sf3|1
34_sf3|33_sf3|5
35_sf3|34_sf3|4
35_sf3|33_sf3|3
36_sf3|35_sf3|3
36_sf3|32_sf3|1
37_sf3|36_sf3|4
38_sf3|37_sf3|4
38_sf3|36_sf3|2
39_sf3|38_sf3|1
39_sf3|34_sf3|3
40_sf3|39_sf3|1
40_sf3|35_sf3|2
41_sf3|40_sf3|1
41_sf3|36_sf3|1
42_sf3|41_sf3|1
42_sf3|39_sf3|3
43_sf3|42_sf3|5
44_sf3|43_sf3|2
45_sf3|44_sf3|2
45_sf3|40_sf3|3
46_sf3|45_sf3|5
46_sf3|44_sf3|2
47_sf3|46_sf3|2
47_sf3|42_sf3|2
48_sf3|47_sf3|4
49_sf3|48_sf3|1
50_sf3|49_sf3|4
51_sf3|50_sf3|5
52_sf3|51_sf3|1
53_sf3|52_sf3|4
54_sf3|53_sf3|2
54_sf3|49_sf3|2
55_sf3|54_sf3|3
55_sf3|53_sf3|3
56_sf3|55_sf3|1
56_sf3|51_sf3|1
57_sf3|56_sf3|2
57_sf3|55_sf3|3
58_sf3|57_sf3|1
59_sf3|58_sf3|4
60_sf3|59_sf3|3
60_sf3|55_sf3|1
61_sf3|60_sf3|1
62_sf3|61_sf3|1
63_sf3|62_sf3|2
64_sf3|63_sf3|2
65_sf3|64_sf3|2
65_sf3|60_sf3|3
66_sf3|65_sf3|1
67_sf3|66_sf3|2
67_sf3|63_sf3|1
68_sf3|67_sf3|5
69_sf3|68_sf3|4
70_sf3|69_sf3|3
71_sf3|70_sf3|2
72_sf3|71_sf3|2
72_sf3|68_sf3|3
73_sf3|72_sf3|2
73_sf3|70_sf3|2
74_sf3|73_sf3|2
75_sf3|74_sf3|1
76_sf3|75_sf3|2
77_sf3|76_sf3|1
78_sf3|77_sf3|5
79_sf3|78_sf3|2
80_sf3|79_sf3|4
81_sf3|80_sf3|4
82_sf3|81_sf3|5
82_sf3|78_sf3|2
83_sf3|82_sf3|5
84_sf3|83_sf3|1
84_sf3|82_sf3|3
85_sf3|84_sf3|4
86_sf3|85_sf3|1
87_sf3|86_sf3|5
88_sf3|87_sf3|2
89_sf3|88_sf3|3
90_sf3|89_sf3|5
91_sf3|90_sf3|5
92_sf3|91_sf3|3
93_sf3|92_sf3|4
94_sf3|93_sf3|5
95_sf3|94_sf3|2
96_sf3|95_sf3|2
97_sf3|96_sf3|1
98_sf3|97_sf3|1
99_sf3|98_sf3|1
100_sf3|99_sf3|1
100_sf3|95_sf3|3
101_sf3|100_sf3|3
102_sf3|101_sf3|3
103_sf3|102_sf3|1
104_sf3|103_sf3|1
105_sf3|104_sf3|3
106_sf3|105_sf3|3
106_sf3|104_sf3|2
107_sf3|106_sf3|1
108_sf3|107_sf3|2
109_sf3|108_sf3|1
110_sf3|109_sf3|4
111_sf3|110_sf3|1
112_sf3|111_sf3|4
112_sf3|108_sf3|1
113_sf3|112_sf3|3
114_sf3|113_sf3|2
115_sf3|114_sf3|4
116_sf3|115_sf3|4
117_sf3|116_sf3|5
118_sf3|117_sf3|2
119_sf3|118_sf3|2
120_sf3|119_sf3|3
120_sf3|117_sf3|1
121_sf3|120_sf3|2
122_sf3|121_sf3|3
123_sf3|122_sf3|2
124_sf3|123_sf3|2
125_sf3|124_sf3|5
126_sf3|125_sf3|5
127_sf3|126_sf3|1
127_sf3|124_sf3|2
128_sf3|127_sf3|5
128_sf3|123_sf3|1
129_sf3|128_sf3|2
130_sf3|129_sf3|1
130_sf3|127_sf3|2
131_sf3|130_sf3|2
132_sf3|131_sf3|4
132_sf3|129_sf3|3
133_sf3|132_sf3|4
134_sf3|133_sf3|4
135_sf3|134_sf3|5
136_sf3|135_sf3|3
136_sf3|132_sf3|2
137_sf3|136_sf3|3
137_sf3|135_sf3|2
138_sf3|137_sf3|2
139_sf3|138_sf3|5
139_sf3|134_sf3|3
140_sf3|139_sf3|2
140_sf3|137_sf3|1
141_sf3|140_sf3|5
142_sf3|141_sf3|4
143_sf3|142_sf3|5
143_sf3|141_sf3|2
144_sf3|143_sf3|4
145_sf3|144_sf3|4
146_sf3|145_sf3|4
147_sf3|146_sf3|2
148_sf3|147_sf3|4
148_sf3|145_sf3|3
149_sf3|148_sf3|2
150_sf3|149_sf3|1
151_sf3|150_sf3|3
152_sf3|151_sf3|1
153_sf3|152_sf3|1
154_sf3|153_sf3|2
155_sf3|154_sf3|3
156_sf3|155_sf3|5
156_sf3|154_sf3|2
157_sf3|156_sf3|2
158_sf3|157_sf3|2
158_sf3|155_sf3|2
159_sf3|158_sf3|1
160_sf3|159_sf3|2
161_sf3|160_sf3|2
162_sf3|161_sf3|3
163_sf3|162_sf3|1
164_sf3|163_sf3|3
165_sf3|164_sf3|2
166_sf3|165_sf3|3
167_sf3|166_sf3|2
168_sf3|167_sf3|4
169_sf3|168_sf3|2
170_sf3|169_sf3|1
171_sf3|170_sf3|2
172_sf3|171_sf3|1
173_sf3|172_sf3|5
174_sf3|173_sf3|5
174_sf3|170_sf3|2
175_sf3|174_sf3|2
176_sf3|175_sf3|4
177_sf3|176_sf3|5
178_sf3|177_sf3|2
178_sf3|173_sf3|1
179_sf3|178_sf3|5
179_sf3|175_sf3|3
180_sf3|179_sf3|4
181_sf3|180_sf3|4
182_sf3|181_sf3|4
183_sf3|182_sf3|3
184_sf3|183_sf3|1
184_sf3|182_sf3|3
185_sf3|184_sf3|5
186_sf3|185_sf3|5
187_sf3|186_sf3|5
188_sf3|187_sf3|3
189_sf3|188_sf3|4
190_sf3|189_sf3|3
190_sf3|188_sf3|2
191_sf3|190_sf3|4
192_sf3|191_sf3|1
193_sf3|192_sf3|1
194_sf3|193_sf3|3
195_sf3|194_sf3|5
196_sf3|195_sf3|5
197_sf3|196_sf3|1
198_sf3|197_sf3|1
198_sf3|195_sf3|1
199_sf3|198_sf3|4
200_sf3|199_sf3|5
201_sf3|200_sf3|5
201_sf3|199_sf3|3
202_sf3|201_sf3|1
203_sf3|202_sf3|2
204_sf3|203_sf3|4
205_sf3|204_sf3|2
206_sf3|205_sf3|3
207_sf3|206_sf3|1
207_sf3|202_sf3|3
208_sf3|207_sf3|3
209_sf3|208_sf3|1
209_sf3|204_sf3|3
210_sf3|209_sf3|4
211_sf3|210_sf3|5
212_sf3|211_sf3|4
213_sf3|212_sf3|5
213_sf3|210_sf3|1
214_sf3|213_sf3|3
215_sf3|214_sf3|2
216_sf3|215_sf3|1
216_sf3|211_sf3|3
217_sf3|216_sf3|5
217_sf3|212_sf3|3
218_sf3|217_sf3|4
218_sf3|213_sf3|1
219_sf3|218_sf3|5
220_sf3|219_sf3|3
221_sf3|220_sf3|4
222_sf3|221_sf3|4
223_sf3|222_sf3|5
224_sf3|223_sf3|5
225_sf3|224_sf3|2
226_sf3|225_sf3|5
227_sf3|226_sf3|3
228_sf3|227_sf3|2
229_sf3|228_sf3|1
230_sf3|229_sf3|5
231_sf3|230_sf3|2
231_sf3|227_sf3|3
232_sf3|231_sf3|1
233_sf3|232_sf3|4
234_sf3|233_sf3|2
235_sf3|234_sf3|3
236_sf3|235_sf3|5
237_sf3|236_sf3|5
238_sf3|237_sf3|5
239_sf3|238_sf3|1
240_sf3|239_sf3|1
240_sf3|237_sf3|2
241_sf3|240_sf3|5
242_sf3|241_sf3|2
242_sf3|240_sf3|1
243_sf3|242_sf3|5
244_sf3|243_sf3|5
244_sf3|241_sf3|3
245_sf3|244_sf3|3
246_sf3|245_sf3|2
247_sf3|246_sf3|3
247_sf3|245_sf3|1
248_sf3|247_sf3|3
248_sf3|246_sf3|3
249_sf3|248_sf3|4
250_sf3|249_sf3|1
250_sf3|246_sf3|2
251_sf3|250_sf3|3
251_sf3|249_sf3|2
252_sf3|251_sf3|3
253_sf3|252_sf3|2
253_sf3|248_sf3|1
254_sf3|253_sf3|1
255_sf3|254_sf3|3
256_sf3|255_sf3|4
257_sf3|256_sf3|1
258_sf3|257_sf3|3
259_sf3|258_sf3|3
260_sf3|259_sf3|3
260_sf3|257_sf3|1
261_sf3|260_sf3|2
262_sf3|261_sf3|5
262_sf3|258_sf3|2
263_sf3|262_sf3|5
263_sf3|258_sf3|2
264_sf3|263_sf3|4
265_sf3|264_sf3|1
266_sf3|265_sf3|2
267_sf3|266_sf3|3
267_sf3|265_sf3|2
268_sf3|267_sf3|3
269_sf3|268_sf3|1
270_sf3|269_sf3|3
270_sf3|265_sf3|1
271_sf3|270_sf3|3
271_sf3|268_sf3|2
272_sf3|271_sf3|1
272_sf3|267_sf3|2
273_sf3|272_sf3|4
274_sf3|273_sf3|2
275_sf3|274_sf3|1
276_sf3|275_sf3|2
277_sf3|276_sf3|5
278_sf3|277_sf3|1
279_sf3|278_sf3|3
280_sf3|279_sf3|3
280_sf3|278_sf3|3
281_sf3|280_sf3|3
282_sf3|281_sf3|4
283_sf3|282_sf3|1
284_sf3|283_sf3|1
285_sf3|284_sf3|5
286_sf3|285_sf3|1
287_sf3|286_sf3|4
288_sf3|287_sf3|4
289_sf3|288_sf3|5
290_sf3|289_sf3|2
290_sf3|285_sf3|3
291_sf3|290_sf3|1
292_sf3|291_sf3|2
293_sf3|292_sf3|3
294_sf3|293_sf3|5
294_sf3|291_sf3|2
295_sf3|294_sf3|3
296_sf3|295_sf3|2
296_sf3|294_sf3|2
297_sf3|296_sf3|4
297_sf3|292_sf3|2
298_sf3|297_sf3|3
299_sf3|298_sf3|5
299_sf3|295_sf3|3
300_sf3|299_sf3|3
300_sf3|296_sf3|3
301_sf3|300_sf3|5
302_sf3|301_sf3|3
302_sf3|299_sf3|3
303_sf3|302_sf3|1
304_sf3|303_sf3|5
305_sf3|304_sf3|3
306_sf3|305_sf3|2
307_sf3|306_sf3|1
308_sf3|307_sf3|5
309_sf3|308_sf3|2
309_sf3|305_sf3|1
310_sf3|309_sf3|5
310_sf3|305_sf3|3
311_sf3|310_sf3|3
312_sf3|311_sf3|4
312_sf3|307_sf3|2
313_sf3|312_sf3|3
313_sf3|309_sf3|1
314_sf3|313_sf3|2
315_sf3|314_sf3|5
316_sf3|315_sf3|3
317_sf3|316_sf3|3
317_sf3|314_sf3|1
318_sf3|317_sf3|3
319_sf3|318_sf3|3
320_sf3|319_sf3|2
321_sf3|320_sf3|2
322_sf3|321_sf3|3
323_sf3|322_sf3|1
324_sf3|323_sf3|4
325_sf3|324_sf3|2
325_sf3|320_sf3|1
326_sf3|325_sf3|5
327_sf3|326_sf3|3
328_sf3|327_sf3|5
328_sf3|326_sf3|1
329_sf3|328_sf3|1
329_sf3|324_sf3|3
330_sf3|329_sf3|5
331_sf3|330_sf3|1
331_sf3|329_sf3|2
332_sf3|331_sf3|1
333_sf3|332_sf3|3
334_sf3|333_sf3|2
335_sf3|334_sf3|2
336_sf3|335_sf3|5
337_sf3|336_sf3|3
338_sf3|337_sf3|2
338_sf3|335_sf3|1
339_sf3|338_sf3|3
340_sf3|339_sf3|4
340_sf3|337_sf3|1
341_sf3|340_sf3|1
342_sf3|341_sf3|4
343_sf3|342_sf3|2
343_sf3|339_sf3|3
344_sf3|343_sf3|1
344_sf3|340_sf3|3
345_sf3|344_sf3|2
346_sf3|345_sf3|2
347_sf3|346_sf3|1
347_sf3|342_sf3|2
348_sf3|347_sf3|1
348_sf3|344_sf3|1
349_sf3|348_sf3|1
350_sf3|349_sf3|2
351_sf3|350_sf3|2
352_sf3|351_sf3|2
353_sf3|352_sf3|5
354_sf3|353_sf3|1
354_sf3|350_sf3|2
355_sf3|354_sf3|5
355_sf3|353_sf3|3
356_sf3|355_sf3|2
357_sf3|356_sf3|1
358_sf3|357_sf3|5
359_sf3|358_sf3|1
359_sf3|356_sf3|3
360_sf3|359_sf3|4
360_sf3|358_sf3|1
361_sf3|360_sf3|5
361_sf3|359_sf3|2
362_sf3|361_sf3|3
362_sf3|359_sf3|3
363_sf3|362_sf3|5
364_sf3|363_sf3|5
365_sf3|364_sf3|1
366_sf3|365_sf3|1
367_sf3|366_sf3|2
367_sf3|362_sf3|3
368_sf3|367_sf3|1
369_sf3|368_sf3|2
370_sf3|369_sf3|1
370_sf3|366_sf3|1
371_sf3|370_sf3|3
372_sf3|371_sf3|5
372_sf3|368_sf3|2
373_sf3|372_sf3|1
374_sf3|373_sf3|2
375_sf3|374_sf3|3
375_sf3|373_sf3|3
376_sf3|375_sf3|4
376_sf3|374_sf3|3
377_sf3|376_sf3|3
377_sf3|373_sf3|3
378_sf3|377_sf3|2
379_sf3|378_sf3|1
380_sf3|379_sf3|4
381_sf3|380_sf3|1
382_sf3|381_sf3|1
383_sf3|382_sf3|4
383_sf3|380_sf3|2
384_sf3|383_sf3|4
385_sf3|384_sf3|2
386_sf3|385_sf3|2
387_sf3|386_sf3|3
388_sf3|387_sf3|2
388_sf3|386_sf3|3
389_sf3|388_sf3|3
389_sf3|384_sf3|2
390_sf3|389_sf3|2
391_sf3|390_sf3|4
391_sf3|386_sf3|1
392_sf3|391_sf3|4
392_sf3|388_sf3|1
393_sf3|392_sf3|1
394_sf3|393_sf3|5
395_sf3|394_sf3|1
396_sf3|395_sf3|1
397_sf3|396_sf3|1
398_sf3|397_sf3|2
399_sf3|398_sf3|5
400_sf3|399_sf3|2
401_sf3|400_sf3|5
402_sf3|401_sf3|3
403_sf3|402_sf3|5
404_sf3|403_sf3|5
404_sf3|402_sf3|1
405_sf3|404_sf3|2
406_sf3|405_sf3|2
407_sf3|406_sf3|1
408_sf3|407_sf3|1
409_sf3|408_sf3|1
410_sf3|409_sf3|2
410_sf3|408_sf3|3
411_sf3|410_sf3|3
412_sf3|411_sf3|2
413_sf3|412_sf3|3
414_sf3|413_sf3|3
414_sf3|410_sf3|2
415_sf3|414_sf3|1
415_sf3|413_sf3|2
416_sf3|415_sf3|1
417_sf3|416_sf3|2
418_sf3|417_sf3|5
419_sf3|418_sf3|5
420_sf3|419_sf3|4
421_sf3|420_sf3|5
422_sf3|421_sf3|1
422_sf3|419_sf3|1
423_sf3|422_sf3|4
424_sf3|423_sf3|2
424_sf3|419_sf3|3
425_sf3|424_sf3|4
426_sf3|425_sf3|1
426_sf3|423_sf3|2
427_sf3|426_sf3|5
428_sf3|427_sf3|1
429_sf3|428_sf3|1
430_sf3|429_sf3|4
431_sf3|430_sf3|1
432_sf3|431_sf3|1
433_sf3|432_sf3|2
433_sf3|429_sf3|1
434_sf3|433_sf3|4
435_sf3|434_sf3|5
436_sf3|435_sf3|2
437_sf3|436_sf3|1
438_sf3|437_sf3|5
438_sf3|435_sf3|3
439_sf3|438_sf3|2
440_sf3|439_sf3|1
441_sf3|440_sf3|3
442_sf3|441_sf3|3
443_sf3|442_sf3|4
444_sf3|443_sf3|5
445_sf3|444_sf3|1
446_sf3|445_sf3|3
446_sf3|443_sf3|1
447_sf3|446_sf3|1
448_sf3|447_sf3|5
449_sf3|448_sf3|2
450_sf3|449_sf3|2
451_sf3|450_sf3|5
451_sf3|448_sf3|1
452_sf3|451_sf3|4
453_sf3|452_sf3|5
454_sf3|453_sf3|4
455_sf3|454_sf3|5
455_sf3|450_sf3|3
456_sf3|455_sf3|3
456_sf3|451_sf3|2
457_sf3|456_sf3|4
458_sf3|457_sf3|3
459_sf3|458_sf3|2
460_sf3|459_sf3|1
461_sf3|460_sf3|2
462_sf3|461_sf3|2
463_sf3|462_sf3|4
463_sf3|458_sf3|2
464_sf3|463_sf3|4
464_sf3|459_sf3|3
465_sf3|464_sf3|4
466_sf3|465_sf3|5
466_sf3|461_sf3|1
467_sf3|466_sf3|2
468_sf3|467_sf3|1
469_sf3|468_sf3|4
469_sf3|464_sf3|2
470_sf3|469_sf3|5
471_sf3|470_sf3|5
472_sf3|471_sf3|3
473_sf3|472_sf3|4
473_sf3|469_sf3|3
474_sf3|473_sf3|2
475_sf3|474_sf3|1
476_sf3|475_sf3|3
477_sf3|476_sf3|3
477_sf3|472_sf3|3
478_sf3|477_sf3|3
479_sf3|478_sf3|4
479_sf3|476_sf3|1
480_sf3|479_sf3|4
481_sf3|480_sf3|4
481_sf3|479_sf3|1
482_sf3|481_sf3|4
483_sf3|482_sf3|4
484_sf3|483_sf3|1
485_sf3|484_sf3|2
485_sf3|482_sf3|2
486_sf3|485_sf3|4
487_sf3|486_sf3|1
487_sf3|482_sf3|1
488_sf3|487_sf3|3
489_sf3|488_sf3|4
489_sf3|484_sf3|3
490_sf3|489_sf3|1
491_sf3|490_sf3|5
492_sf3|491_sf3|3
492_sf3|490_sf3|2
493_sf3|492_sf3|2
493_sf3|490_sf3|2
494_sf3|493_sf3|3
495_sf3|494_sf3|4
496_sf3|495_sf3|1
497_sf3|496_sf3|3
497_sf3|493_sf3|3
498_sf3|497_sf3|1
498_sf3|493_sf3|3
499_sf3|498_sf3|2
500_sf3|499_sf3|4
501_sf3|500_sf3|4
502_sf3|501_sf3|2
502_sf3|498_sf3|2
503_sf3|502_sf3|4
504_sf3|503_sf3|4
505_sf3|504_sf3|2
505_sf3|502_sf3|1
506_sf3|505_sf3|1
506_sf3|501_sf3|3
507_sf3|506_sf3|3
508_sf3|507_sf3|5
509_sf3|508_sf3|4
510_sf3|509_sf3|5
511_sf3|510_sf3|1
512_sf3|511_sf3|4
512_sf3|507_sf3|2
513_sf3|512_sf3|4
514_sf3|513_sf3|3
515_sf3|514_sf3|4
515_sf3|512_sf3|1
516_sf3|515_sf3|3
517_sf3|516_sf3|2
518_sf3|517_sf3|1
519_sf3|518_sf3|3
520_sf3|519_sf3|2
521_sf3|520_sf3|4
521_sf3|517_sf3|1
522_sf3|521_sf3|3
523_sf3|522_sf3|3
523_sf3|518_sf3|2
524_sf3|523_sf3|5
525_sf3|524_sf3|4
526_sf3|525_sf3|3
527_sf3|526_sf3|5
528_sf3|527_sf3|4
529_sf3|528_sf3|2
529_sf3|527_sf3|1
530_sf3|529_sf3|5
531_sf3|530_sf3|3
531_sf3|529_sf3|3
532_sf3|531_sf3|3
533_sf3|532_sf3|3
534_sf3|533_sf3|1
535_sf3|534_sf3|1
536_sf3|535_sf3|4
536_sf3|531_sf3|2
537_sf3|536_sf3|2
538_sf3|537_sf3|4
539_sf3|538_sf3|3
540_sf3|539_sf3|3
540_sf3|537_sf3|2
541_sf3|540_sf3|4
541_sf3|539_sf3|2
542_sf3|541_sf3|1
543_sf3|542_sf3|4
544_sf3|543_sf3|4
544_sf3|540_sf3|3
545_sf3|544_sf3|2
545_sf3|543_sf3|2
546_sf3|545_sf3|2
547_sf3|546_sf3|1
547_sf3|543_sf3|1
548_sf3|547_sf3|1
549_sf3|548_sf3|3
549_sf3|546_sf3|3
550_sf3|549_sf3|2
550_sf3|546_sf3|2
551_sf3|550_sf3|2
552_sf3|551_sf3|4
553_sf3|552_sf3|2
553_sf3|551_sf3|1
554_sf3|553_sf3|3
554_sf3|551_sf3|3
555_sf3|554_sf3|2
555_sf3|553_sf3|1
556_sf3|555_sf3|4
557_sf3|556_sf3|5
557_sf3|552_sf3|1
558_sf3|557_sf3|3
559_sf3|558_sf3|1
560_sf3|559_sf3|4
561_sf3|560_sf3|5
561_sf3|556_sf3|1
562_sf3|561_sf3|3
563_sf3|562_sf3|1
563_sf3|561_sf3|3
564_sf3|563_sf3|1
564_sf3|560_sf3|3
565_sf3|564_sf3|1
566_sf3|565_sf3|2
567_sf3|566_sf3|4
568_sf3|567_sf3|1
568_sf3|564_sf3|3
569_sf3|568_sf3|3
569_sf3|566_sf3|2
570_sf3|569_sf3|1
571_sf3|570_sf3|3
572_sf3|571_sf3|3
573_sf3|572_sf3|1
574_sf3|573_sf3|3
575_sf3|574_sf3|2
576_sf3|575_sf3|3
577_sf3|576_sf3|5
578_sf3|577_sf3|5
579_sf3|578_sf3|5
580_sf3|579_sf3|4
580_sf3|578_sf3|3
581_sf3|580_sf3|1
582_sf3|581_sf3|4
582_sf3|579_sf3|1
583_sf3|582_sf3|1
583_sf3|579_sf3|2
584_sf3|583_sf3|4
585_sf3|584_sf3|4
586_sf3|585_sf3|5
587_sf3|586_sf3|1
588_sf3|587_sf3|5
588_sf3|586_sf3|2
589_sf3|588_sf3|3
590_sf3|589_sf3|3
591_sf3|590_sf3|1
591_sf3|587_sf3|1
592_sf3|591_sf3|3
593_sf3|592_sf3|2
594_sf3|593_sf3|5
595_sf3|594_sf3|5
596_sf3|595_sf3|3
597_sf3|596_sf3|1
598_sf3|597_sf3|4
598_sf3|593_sf3|2
599_sf3|598_sf3|4
600_sf3|599_sf3|4
601_sf3|600_sf3|1
601_sf3|599_sf3|3
602_sf3|601_sf3|3
602_sf3|597_sf3|1
603_sf3|602_sf3|5
604_sf3|603_sf3|5
605_sf3|604_sf3|1
606_sf3|605_sf3|2
607_sf3|606_sf3|2
608_sf3|607_sf3|1
609_sf3|608_sf3|3
609_sf3|604_sf3|1
610_sf3|609_sf3|4
610_sf3|607_sf3|2
611_sf3|610_sf3|3
611_sf3|607_sf3|2
612_sf3|611_sf3|3
612_sf3|608_sf3|3
613_sf3|612_sf3|2
613_sf3|611_sf3|3
614_sf3|613_sf3|5
615_sf3|614_sf3|1
616_sf3|615_sf3|1
617_sf3|616_sf3|2
618_sf3|617_sf3|5
618_sf3|613_sf3|3
619_sf3|618_sf3|5
620_sf3|619_sf3|2
621_sf3|620_sf3|5
622_sf3|621_sf3|4
623_sf3|622_sf3|3
624_sf3|623_sf3|4
625_sf3|624_sf3|5
626_sf3|625_sf3|3
627_sf3|626_sf3|5
628_sf3|627_sf3|4
629_sf3|628_sf3|3
630_sf3|629_sf3|1
631_sf3|630_sf3|1
632_sf3|631_sf3|4
632_sf3|627_sf3|1
633_sf3|632_sf3|1
634_sf3|633_sf3|5
635_sf3|634_sf3|4
635_sf3|633_sf3|1
636_sf3|635_sf3|4
637_sf3|636_sf3|2
638_sf3|637_sf3|5
639_sf3|638_sf3|5
640_sf3|639_sf3|1
641_sf3|640_sf3|4
642_sf3|641_sf3|5
643_sf3|642_sf3|2
644_sf3|643_sf3|1
645_sf3|644_sf3|5
646_sf3|645_sf3|1
647_sf3|646_sf3|2
648_sf3|647_sf3|4
649_sf3|648_sf3|4
650_sf3|649_sf3|4
650_sf3|648_sf3|2
651_sf3|650_sf3|4
651_sf3|649_sf3|2
652_sf3|651_sf3|4
652_sf3|648_sf3|3
653_sf3|652_sf3|4
653_sf3|651_sf3|1
654_sf3|653_sf3|4
655_sf3|654_sf3|1
656_sf3|655_sf3|3
657_sf3|656_sf3|4
658_sf3|657_sf3|1
659_sf3|658_sf3|2
659_sf3|654_sf3|1
660_sf3|659_sf3|1
661_sf3|660_sf3|2
662_sf3|661_sf3|4
662_sf3|660_sf3|3
663_sf3|662_sf3|5
664_sf3|663_sf3|3
665_sf3|664_sf3|4
666_sf3|665_sf3|5
667_sf3|666_sf3|4
668_sf3|667_sf3|2
669_sf3|668_sf3|5
670_sf3|669_sf3|2
671_sf3|670_sf3|2
672_sf3|671_sf3|5
673_sf3|672_sf3|3
673_sf3|671_sf3|1
674_sf3|673_sf3|1
674_sf3|669_sf3|2
675_sf3|674_sf3|4
675_sf3|671_sf3|1
676_sf3|675_sf3|3
677_sf3|676_sf3|3
677_sf3|675_sf3|2
678_sf3|677_sf3|4
679_sf3|678_sf3|3
680_sf3|679_sf3|4
681_sf3|680_sf3|3
682_sf3|681_sf3|3
682_sf3|678_sf3|3
683_sf3|682_sf3|3
684_sf3|683_sf3|3
684_sf3|680_sf3|2
685_sf3|684_sf3|2
686_sf3|685_sf3|5
687_sf3|686_sf3|3
687_sf3|685_sf3|3
688_sf3|687_sf3|2
689_sf3|688_sf3|5
690_sf3|689_sf3|3
691_sf3|690_sf3|4
691_sf3|688_sf3|3
692_sf3|691_sf3|4
693_sf3|692_sf3|1
694_sf3|693_sf3|1
695_sf3|694_sf3|1
696_sf3|695_sf3|2
697_sf3|696_sf3|4
698_sf3|697_sf3|1
698_sf3|693_sf3|2
699_sf3|698_sf3|1
700_sf3|699_sf3|4
701_sf3|700_sf3|1
702_sf3|701_sf3|4
702_sf3|699_sf3|3
703_sf3|702_sf3|3
703_sf3|701_sf3|1
704_sf3|703_sf3|4
704_sf3|701_sf3|2
705_sf3|704_sf3|4
706_sf3|705_sf3|5
706_sf3|702_sf3|1
707_sf3|706_sf3|1
707_sf3|702_sf3|1
708_sf3|707_sf3|1
709_sf3|708_sf3|5
709_sf3|704_sf3|2
710_sf3|709_sf3|1
711_sf3|710_sf3|1
712_sf3|711_sf3|4
713_sf3|712_sf3|3
714_sf3|713_sf3|4
715_sf3|714_sf3|1
715_sf3|713_sf3|2
716_sf3|715_sf3|5
717_sf3|716_sf3|3
718_sf3|717_sf3|2
718_sf3|715_sf3|1
719_sf3|718_sf3|5
720_sf3|719_sf3|4
721_sf3|720_sf3|4
721_sf3|716_sf3|2
722_sf3|721_sf3|1
723_sf3|722_sf3|1
723_sf3|721_sf3|1
724_sf3|723_sf3|4
725_sf3|724_sf3|4
726_sf3|725_sf3|2
727_sf3|726_sf3|3
728_sf3|727_sf3|1
729_sf3|728_sf3|1
730_sf3|729_sf3|1
731_sf3|730_sf3|2
732_sf3|731_sf3|5
733_sf3|732_sf3|1
733_sf3|728_sf3|3
734_sf3|733_sf3|4
735_sf3|734_sf3|2
736_sf3|735_sf3|1
737_sf3|736_sf3|3
738_sf3|737_sf3|4
738_sf3|734_sf3|3
739_sf3|738_sf3|4
739_sf3|735_sf3|1
740_sf3|739_sf3|2
740_sf3|735_sf3|2
741_sf3|740_sf3|1
741_sf3|737_sf3|2
742_sf3|741_sf3|2
742_sf3|740_sf3|2
743_sf3|742_sf3|1
744_sf3|743_sf3|4
745_sf3|744_sf3|1
746_sf3|745_sf3|5
747_sf3|746_sf3|5
747_sf3|742_sf3|2
748_sf3|747_sf3|4
749_sf3|748_sf3|1
750_sf3|749_sf3|2
751_sf3|750_sf3|5
751_sf3|749_sf3|3
752_sf3|751_sf3|2
753_sf3|752_sf3|1
754_sf3|753_sf3|4
755_sf3|754_sf3|3
756_sf3|755_sf3|2
757_sf3|756_sf3|4
758_sf3|757_sf3|5
759_sf3|758_sf3|1
760_sf3|759_sf3|4
761_sf3|760_sf3|2
762_sf3|761_sf3|5
762_sf3|759_sf3|1
763_sf3|762_sf3|5
764_sf3|763_sf3|2
765_sf3|764_sf3|2
766_sf3|765_sf3|3
767_sf3|766_sf3|3
768_sf3|767_sf3|1
769_sf3|768_sf3|4
770_sf3|769_sf3|4
771_sf3|770_sf3|4
772_sf3|771_sf3|4
773_sf3|772_sf3|1
773_sf3|771_sf3|2
774_sf3|773_sf3|3
774_sf3|772_sf3|3
775_sf3|774_sf3|1
776_sf3|775_sf3|4
776_sf3|771_sf3|3
777_sf3|776_sf3|5
778_sf3|777_sf3|3
778_sf3|773_sf3|1
779_sf3|778_sf3|2
779_sf3|777_sf3|2
780_sf3|779_sf3|2
781_sf3|780_sf3|2
782_sf3|781_sf3|4
782_sf3|780_sf3|1
783_sf3|782_sf3|5
783_sf3|780_sf3|3
784_sf3|783_sf3|4
784_sf3|781_sf3|3
785_sf3|784_sf3|4
786_sf3|785_sf3|3
786_sf3|783_sf3|1
787_sf3|786_sf3|2
788_sf3|787_sf3|5
788_sf3|783_sf3|1
789_sf3|788_sf3|1
790_sf3|789_sf3|2
790_sf3|786_sf3|3
791_sf3|790_sf3|2
791_sf3|787_sf3|2
792_sf3|791_sf3|4
793_sf3|792_sf3|4
793_sf3|791_sf3|3
794_sf3|793_sf3|2
795_sf3|794_sf3|2
796_sf3|795_sf3|5
797_sf3|796_sf3|5
798_sf3|797_sf3|4
799_sf3|798_sf3|3
800_sf3|799_sf3|1
801_sf3|800_sf3|2
802_sf3|801_sf3|4
802_sf3|798_sf3|2
803_sf3|802_sf3|2
803_sf3|798_sf3|1
804_sf3|803_sf3|1
805_sf3|804_sf3|5
806_sf3|805_sf3|1
807_sf3|806_sf3|3
808_sf3|807_sf3|4
808_sf3|804_sf3|3
809_sf3|808_sf3|5
810_sf3|809_sf3|2
811_sf3|810_sf3|3
812_sf3|811_sf3|1
813_sf3|812_sf3|2
814_sf3|813_sf3|2
814_sf3|809_sf3|1
815_sf3|814_sf3|5
816_sf3|815_sf3|4
817_sf3|816_sf3|5
818_sf3|817_sf3|4
819_sf3|818_sf3|1
820_sf3|819_sf3|3
821_sf3|820_sf3|4
822_sf3|821_sf3|4
822_sf3|818_sf3|2
823_sf3|822_sf3|4
824_sf3|823_sf3|5
825_sf3|824_sf3|5
826_sf3|825_sf3|1
826_sf3|822_sf3|1
827_sf3|826_sf3|1
827_sf3|825_sf3|3
828_sf3|827_sf3|4
829_sf3|828_sf3|2
830_sf3|829_sf3|1
831_sf3|830_sf3|3
832_sf3|831_sf3|1
832_sf3|829_sf3|2
833_sf3|832_sf3|5
833_sf3|830_sf3|1
834_sf3|833_sf3|1
834_sf3|832_sf3|3
835_sf3|834_sf3|2
835_sf3|832_sf3|1
836_sf3|835_sf3|4
837_sf3|836_sf3|5
837_sf3|834_sf3|2
838_sf3|837_sf3|3
839_sf3|838_sf3|2
839_sf3|836_sf3|1
840_sf3|839_sf3|3
840_sf3|837_sf3|2
841_sf3|840_sf3|5
842_sf3|841_sf3|2
843_sf3|842_sf3|3
844_sf3|843_sf3|5
845_sf3|844_sf3|3
846_sf3|845_sf3|2
846_sf3|842_sf3|3
847_sf3|846_sf3|5
848_sf3|847_sf3|1
848_sf3|843_sf3|1
849_sf3|848_sf3|4
850_sf3|849_sf3|5
850_sf3|847_sf3|1
851_sf3|850_sf3|4
852_sf3|851_sf3|5
853_sf3|852_sf3|5
854_sf3|853_sf3|5
855_sf3|854_sf3|4
855_sf3|853_sf3|2
856_sf3|855_sf3|5
857_sf3|856_sf3|5
858_sf3|857_sf3|3
859_sf3|858_sf3|3
860_sf3|859_sf3|5
861_sf3|860_sf3|4
862_sf3|861_sf3|5
863_sf3|862_sf3|5
864_sf3|863_sf3|5
865_sf3|864_sf3|2
865_sf3|860_sf3|3
866_sf3|865_sf3|1
867_sf3|866_sf3|2
868_sf3|867_sf3|3
869_sf3|868_sf3|2
870_sf3|869_sf3|1
871_sf3|870_sf3|3
872_sf3|871_sf3|4
873_sf3|872_sf3|5
874_sf3|873_sf3|5
875_sf3|874_sf3|2
875_sf3|870_sf3|2
876_sf3|875_sf3|1
876_sf3|872_sf3|3
877_sf3|876_sf3|4
878_sf3|877_sf3|4
878_sf3|874_sf3|3
879_sf3|878_sf3|4
879_sf3|876_sf3|2
880_sf3|879_sf3|1
881_sf3|880_sf3|1
882_sf3|881_sf3|5
882_sf3|879_sf3|1
883_sf3|882_sf3|2
883_sf3|878_sf3|2
884_sf3|883_sf3|5
885_sf3|884_sf3|5
886_sf3|885_sf3|1
887_sf3|886_sf3|3
888_sf3|887_sf3|4
888_sf3|885_sf3|2
889_sf3|888_sf3|3
890_sf3|889_sf3|5
891_sf3|890_sf3|2
891_sf3|887_sf3|1
892_sf3|891_sf3|1
893_sf3|892_sf3|4
894_sf3|893_sf3|3
894_sf3|890_sf3|2
895_sf3|894_sf3|2
895_sf3|891_sf3|1
896_sf3|895_sf3|4
896_sf3|892_sf3|2
897_sf3|896_sf3|5
898_sf3|897_sf3|5
898_sf3|896_sf3|3
899_sf3|898_sf3|2
899_sf3|896_sf3|2
900_sf3|899_sf3|5
900_sf3|898_sf3|2
901_sf3|900_sf3|5
901_sf3|899_sf3|3
902_sf3|901_sf3|3
902_sf3|900_sf3|1
903_sf3|902_sf3|3
904_sf3|903_sf3|1
905_sf3|904_sf3|4
906_sf3|905_sf3|4
907_sf3|906_sf3|5
908_sf3|907_sf3|3
909_sf3|908_sf3|1
910_sf3|909_sf3|4
911_sf3|910_sf3|2
911_sf3|907_sf3|2
912_sf3|911_sf3|3
912_sf3|910_sf3|2
913_sf3|912_sf3|4
914_sf3|913_sf3|2
915_sf3|914_sf3|1
915_sf3|910_sf3|2
916_sf3|915_sf3|3
916_sf3|911_sf3|1
917_sf3|916_sf3|2
918_sf3|917_sf3|3
918_sf3|913_sf3|3
919_sf3|918_sf3|5
919_sf3|914_sf3|2
920_sf3|919_sf3|4
920_sf3|915_sf3|3
921_sf3|920_sf3|1
922_sf3|921_sf3|3
922_sf3|917_sf3|1
923_sf3|922_sf3|5
923_sf3|920_sf3|1
924_sf3|923_sf3|5
924_sf3|919_sf3|2
925_sf3|924_sf3|2
926_sf3|925_sf3|4
927_sf3|926_sf3|3
928_sf3|927_sf3|1
929_sf3|928_sf3|4
929_sf3|924_sf3|2
930_sf3|929_sf3|4
931_sf3|930_sf3|1
932_sf3|931_sf3|3
933_sf3|932_sf3|4
933_sf3|931_sf3|2
934_sf3|933_sf3|3
935_sf3|934_sf3|2
935_sf3|931_sf3|2
936_sf3|935_sf3|4
937_sf3|936_sf3|4
938_sf3|937_sf3|5
939_sf3|938_sf3|3
940_sf3|939_sf3|5
941_sf3|940_sf3|3
942_sf3|941_sf3|4
943_sf3|942_sf3|1
943_sf3|940_sf3|3
944_sf3|943_sf3|3
944_sf3|942_sf3|3
945_sf3|944_sf3|3
945_sf3|943_sf3|1
946_sf3|945_sf3|2
946_sf3|944_sf3|2
947_sf3|946_sf3|4
948_sf3|947_sf3|2
949_sf3|948_sf3|5
950_sf3|949_sf3|1
951_sf3|950_sf3|3
952_sf3|951_sf3|5
953_sf3|952_sf3|2
953_sf3|948_sf3|2
954_sf3|953_sf3|2
955_sf3|954_sf3|1
956_sf3|955_sf3|1
957_sf3|956_sf3|4
958_sf3|957_sf3|1
959_sf3|958_sf3|5
960_sf3|959_sf3|5
960_sf3|956_sf3|1
961_sf3|960_sf3|1
962_sf3|961_sf3|1
962_sf3|960_sf3|3
963_sf3|962_sf3|2
964_sf3|963_sf3|1
964_sf3|962_sf3|3
965_sf3|964_sf3|2
966_sf3|965_sf3|3
967_sf3|966_sf3|4
967_sf3|963_sf3|2
968_sf3|967_sf3|2
969_sf3|968_sf3|4
970_sf3|969_sf3|5
971_sf3|970_sf3|1
972_sf3|971_sf3|5
972_sf3|968_sf3|1
973_sf3|972_sf3|1
973_sf3|971_sf3|2
974_sf3|973_sf3|5
975_sf3|974_sf3|1
976_sf3|975_sf3|5
977_sf3|976_sf3|3
978_sf3|977_sf3|5
979_sf3|978_sf3|2
980_sf3|979_sf3|4
980_sf3|978_sf3|3
981_sf3|980_sf3|2
981_sf3|979_sf3|2
982_sf3|981_sf3|5
983_sf3|982_sf3|1
984_sf3|983_sf3|4
985_sf3|984_sf3|5
985_sf3|983_sf3|3
986_sf3|985_sf3|1
987_sf3|986_sf3|1
988_sf3|987_sf3|1
989_sf3|988_sf3|4
990_sf3|989_sf3|1
991_sf3|990_sf3|3
992_sf3|991_sf3|3
993_sf3|992_sf3|3
993_sf3|990_sf3|1
994_sf3|993_sf3|5
995_sf3|994_sf3|4
996_sf3|995_sf3|2
997_sf3|996_sf3|1
998_sf3|997_sf3|4
998_sf3|993_sf3|1
999_sf3|998_sf3|3
1000_sf3|999_sf3|1
1000_sf3|998_sf3|1
1001_sf3|1000_sf3|3
1002_sf3|1001_sf3|4
1003_sf3|1002_sf3|3
1004_sf3|1003_sf3|2
1004_sf3|1001_sf3|3
1005_sf3|1004_sf3|1
1005_sf3|1002_sf3|1
1006_sf3|1005_sf3|1
1007_sf3|1006_sf3|4
1008_sf3|1007_sf3|5
1008_sf3|1004_sf3|2
1009_sf3|1008_sf3|5
1010_sf3|1009_sf3|5
1010_sf3|1005_sf3|1
1011_sf3|1010_sf3|3
1012_sf3|1011_sf3|1
1012_sf3|1010_sf3|3
1013_sf3|1012_sf3|5
1013_sf3|1008_sf3|1
1014_sf3|1013_sf3|5
1014_sf3|1009_sf3|1
1015_sf3|1014_sf3|3
1016_sf3|1015_sf3|3
1017_sf3|1016_sf3|5
1018_sf3|1017_sf3|3
1019_sf3|1018_sf3|4
1020_sf3|1019_sf3|5
1020_sf3|1015_sf3|1
1021_sf3|1020_sf3|3
1022_sf3|1021_sf3|1
1023_sf3|1022_sf3|1
1024_sf3|1023_sf3|1
1025_sf3|1024_sf3|2
1026_sf3|1025_sf3|2
1027_sf3|1026_sf3|4
1028_sf3|1027_sf3|4
1028_sf3|1023_sf3|1
1029_sf3|1028_sf3|2
1029_sf3|1027_sf3|3
1030_sf3|1029_sf3|1
1031_sf3|1030_sf3|4
1032_sf3|1031_sf3|1
1032_sf3|1029_sf3|3
1033_sf3|1032_sf3|4
1034_sf3|1033_sf3|3
1035_sf3|1034_sf3|3
1035_sf3|1033_sf3|2
1036_sf3|1035_sf3|1
1036_sf3|1033_sf3|3
1037_sf3|1036_sf3|3
1038_sf3|1037_sf3|5
1038_sf3|1034_sf3|3
1039_sf3|1038_sf3|4
1040_sf3|1039_sf3|1
1041_sf3|1040_sf3|4
1042_sf3|1041_sf3|1
1042_sf3|1037_sf3|3
1043_sf3|1042_sf3|3
1043_sf3|1040_sf3|3
1044_sf3|1043_sf3|3
1045_sf3|1044_sf3|4
1046_sf3|1045_sf3|4
1046_sf3|1041_sf3|2
1047_sf3|1046_sf3|3
1048_sf3|1047_sf3|4
1049_sf3|1048_sf3|3
1050_sf3|1049_sf3|1
1051_sf3|1050_sf3|2
1052_sf3|1051_sf3|5
1053_sf3|1052_sf3|4
1053_sf3|1051_sf3|2
1054_sf3|1053_sf3|4
1054_sf3|1052_sf3|2
1055_sf3|1054_sf3|5
1056_sf3|1055_sf3|5
1056_sf3|1054_sf3|1
1057_sf3|1056_sf3|3
1058_sf3|1057_sf3|4
1059_sf3|1058_sf3|5
1060_sf3|1059_sf3|5
1061_sf3|1060_sf3|1
1061_sf3|1059_sf3|1
1062_sf3|1061_sf3|3
1063_sf3|1062_sf3|2
1063_sf3|1059_sf3|1
1064_sf3|1063_sf3|2
1065_sf3|1064_sf3|4
1066_sf3|1065_sf3|2
1067_sf3|1066_sf3|2
1067_sf3|1062_sf3|2
1068_sf3|1067_sf3|5
1068_sf3|1064_sf3|1
1069_sf3|1068_sf3|3
1069_sf3|1065_sf3|3
1070_sf3|1069_sf3|4
1071_sf3|1070_sf3|5
1072_sf3|1071_sf3|2
1073_sf3|1072_sf3|2
1074_sf3|1073_sf3|4
1074_sf3|1072_sf3|3
1075_sf3|1074_sf3|5
1076_sf3|1075_sf3|5
1076_sf3|1072_sf3|1
1077_sf3|1076_sf3|2
1078_sf3|1077_sf3|3
1078_sf3|1074_sf3|2
1079_sf3|1078_sf3|2
1080_sf3|1079_sf3|2
1081_sf3|1080_sf3|3
1082_sf3|1081_sf3|3
1083_sf3|1082_sf3|1
1084_sf3|1083_sf3|2
1085_sf3|1084_sf3|5
1086_sf3|1085_sf3|1
1087_sf3|1086_sf3|3
1088_sf3|1087_sf3|3
1089_sf3|1088_sf3|1
1089_sf3|1086_sf3|1
1090_sf3|1089_sf3|5
1090_sf3|1087_sf3|1
1091_sf3|1090_sf3|4
1091_sf3|1088_sf3|1
1092_sf3|1091_sf3|5
1093_sf3|1092_sf3|1
1093_sf3|1089_sf3|2
1094_sf3|1093_sf3|2
1095_sf3|1094_sf3|3
1095_sf3|1091_sf3|2
1096_sf3|1095_sf3|2
1097_sf3|1096_sf3|1
1098_sf3|1097_sf3|3
1098_sf3|1096_sf3|1
1099_sf3|1098_sf3|3
1100_sf3|1099_sf3|1
1101_sf3|1100_sf3|5
1102_sf3|1101_sf3|4
1103_sf3|1102_sf3|5
1104_sf3|1103_sf3|2
1105_sf3|1104_sf3|5
1106_sf3|1105_sf3|4
1107_sf3|1106_sf3|3
1108_sf3|1107_sf3|4
1108_sf3|1106_sf3|2
1109_sf3|1108_sf3|5
1110_sf3|1109_sf3|2
1111_sf3|1110_sf3|2
1112_sf3|1111_sf3|1
1112_sf3|1107_sf3|3
1113_sf3|1112_sf3|2
1114_sf3|1113_sf3|2
1115_sf3|1114_sf3|3
1116_sf3|1115_sf3|2
1117_sf3|1116_sf3|2
1118_sf3|1117_sf3|3
1118_sf3|1116_sf3|1
1119_sf3|1118_sf3|1
1120_sf3|1119_sf3|2
1121_sf3|1120_sf3|5
1122_sf3|1121_sf3|5
1122_sf3|1120_sf3|2
1123_sf3|1122_sf3|3
1123_sf3|1121_sf3|2
1124_sf3|1123_sf3|4
1125_sf3|1124_sf3|5
1126_sf3|1125_sf3|1
1127_sf3|1126_sf3|1
1128_sf3|1127_sf3|2
1128_sf3|1126_sf3|1
1129_sf3|1128_sf3|1
1129_sf3|1127_sf3|2
1130_sf3|1129_sf3|5
1131_sf3|1130_sf3|1
1132_sf3|1131_sf3|4
1133_sf3|1132_sf3|4
1133_sf3|1130_sf3|3
1134_sf3|1133_sf3|4
1135_sf3|1134_sf3|2
1136_sf3|1135_sf3|2
1137_sf3|1136_sf3|2
1137_sf3|1133_sf3|3
1138_sf3|1137_sf3|3
1138_sf3|1134_sf3|3
1139_sf3|1138_sf3|2
1139_sf3|1135_sf3|1
1140_sf3|1139_sf3|2
1140_sf3|1136_sf3|1
1141_sf3|1140_sf3|2
1142_sf3|1141_sf3|1
1142_sf3|1137_sf3|3
1143_sf3|1142_sf3|4
1143_sf3|1140_sf3|3
1144_sf3|1143_sf3|3
1145_sf3|1144_sf3|1
1145_sf3|1143_sf3|3
1146_sf3|1145_sf3|4
1147_sf3|1146_sf3|5
1148_sf3|1147_sf3|5
1148_sf3|1144_sf3|3
1149_sf3|1148_sf3|1
1149_sf3|1147_sf3|3
1150_sf3|1149_sf3|1
1151_sf3|1150_sf3|3
1152_sf3|1151_sf3|3
1152_sf3|1148_sf3|2
1153_sf3|1152_sf3|4
1154_sf3|1153_sf3|4
1154_sf3|1152_sf3|1
1155_sf3|1154_sf3|1
1156_sf3|1155_sf3|4
1156_sf3|1153_sf3|1
1157_sf3|1156_sf3|1
1158_sf3|1157_sf3|4
1159_sf3|1158_sf3|4
1159_sf3|1156_sf3|2
1160_sf3|1159_sf3|5
1161_sf3|1160_sf3|1
1161_sf3|1157_sf3|3
1162_sf3|1161_sf3|5
1163_sf3|1162_sf3|5
1164_sf3|1163_sf3|4
1164_sf3|1160_sf3|3
1165_sf3|1164_sf3|4
1166_sf3|1165_sf3|1
1167_sf3|1166_sf3|3
1168_sf3|1167_sf3|1
1169_sf3|1168_sf3|4
1169_sf3|1166_sf3|3
1170_sf3|1169_sf3|4
1170_sf3|1166_sf3|1
1171_sf3|1170_sf3|4
1172_sf3|1171_sf3|4
1173_sf3|1172_sf3|1
1174_sf3|1173_sf3|3
1175_sf3|1174_sf3|3
1175_sf3|1172_sf3|3
1176_sf3|1175_sf3|4
1176_sf3|1172_sf3|3
1177_sf3|1176_sf3|4
1178_sf3|1177_sf3|5
1179_sf3|1178_sf3|1
1179_sf3|1175_sf3|2
1180_sf3|1179_sf3|3
1181_sf3|1180_sf3|4
1181_sf3|1176_sf3|1
1182_sf3|1181_sf3|4
1183_sf3|1182_sf3|2
1184_sf3|1183_sf3|1
1185_sf3|1184_sf3|2
1186_sf3|1185_sf3|2
1186_sf3|1181_sf3|2
1187_sf3|1186_sf3|1
1187_sf3|1185_sf3|2
1188_sf3|1187_sf3|4
1189_sf3|1188_sf3|3
1190_sf3|1189_sf3|3
1191_sf3|1190_sf3|5
1191_sf3|1187_sf3|1
1192_sf3|1191_sf3|5
1193_sf3|1192_sf3|5
1193_sf3|1188_sf3|2
1194_sf3|1193_sf3|4
1195_sf3|1194_sf3|3
1195_sf3|1191_sf3|2
1196_sf3|1195_sf3|4
1196_sf3|1194_sf3|2
1197_sf3|1196_sf3|1
1197_sf3|1195_sf3|2
1198_sf3|1197_sf3|1
1199_sf3|1198_sf3|5
1200_sf3|1199_sf3|5
1201_sf3|1200_sf3|2
1202_sf3|1201_sf3|4
1202_sf3|1199_sf3|3
1203_sf3|1202_sf3|2
1204_sf3|1203_sf3|3
1205_sf3|1204_sf3|2
1206_sf3|1205_sf3|5
1207_sf3|1206_sf3|5
1208_sf3|1207_sf3|1
1209_sf3|1208_sf3|2
1210_sf3|1209_sf3|2
1211_sf3|1210_sf3|4
1211_sf3|1208_sf3|1
1212_sf3|1211_sf3|4
1213_sf3|1212_sf3|1
1214_sf3|1213_sf3|5
1215_sf3|1214_sf3|5
1215_sf3|1212_sf3|2
1216_sf3|1215_sf3|2
1216_sf3|1213_sf3|3
1217_sf3|1216_sf3|4
1218_sf3|1217_sf3|4
1219_sf3|1218_sf3|3
1220_sf3|1219_sf3|4
1221_sf3|1220_sf3|5
1221_sf3|1217_sf3|2
1222_sf3|1221_sf3|1
1222_sf3|1220_sf3|2
1223_sf3|1222_sf3|2
1224_sf3|1223_sf3|5
1225_sf3|1224_sf3|2
1226_sf3|1225_sf3|1
1227_sf3|1226_sf3|1
1228_sf3|1227_sf3|1
1229_sf3|1228_sf3|5
1229_sf3|1225_sf3|1
1230_sf3|1229_sf3|5
1230_sf3|1228_sf3|1
1231_sf3|1230_sf3|5
1231_sf3|1228_sf3|2
1232_sf3|1231_sf3|5
1233_sf3|1232_sf3|5
1234_sf3|1233_sf3|3
1235_sf3|1234_sf3|5
1236_sf3|1235_sf3|4
1236_sf3|1231_sf3|3
1237_sf3|1236_sf3|5
1238_sf3|1237_sf3|1
1239_sf3|1238_sf3|2
1240_sf3|1239_sf3|5
1241_sf3|1240_sf3|1
1242_sf3|1241_sf3|5
1243_sf3|1242_sf3|3
1243_sf3|1240_sf3|3
1244_sf3|1243_sf3|3
1244_sf3|1241_sf3|2
1245_sf3|1244_sf3|2
1246_sf3|1245_sf3|2
1247_sf3|1246_sf3|5
1247_sf3|1245_sf3|3
1248_sf3|1247_sf3|3
1249_sf3|1248_sf3|5
1249_sf3|1247_sf3|2
1250_sf3|1249_sf3|4
1251_sf3|1250_sf3|5
1252_sf3|1251_sf3|2
1252_sf3|1249_sf3|2
1253_sf3|1252_sf3|2
1253_sf3|1248_sf3|2
1254_sf3|1253_sf3|2
1255_sf3|1254_sf3|4
1256_sf3|1255_sf3|5
1257_sf3|1256_sf3|1
1257_sf3|1254_sf3|1
1258_sf3|1257_sf3|4
1259_sf3|1258_sf3|2
1260_sf3|1259_sf3|3
1261_sf3|1260_sf3|2
1262_sf3|1261_sf3|3
1262_sf3|1257_sf3|3
1263_sf3|1262_sf3|2
1263_sf3|1261_sf3|1
1264_sf3|1263_sf3|3
1265_sf3|1264_sf3|5
1266_sf3|1265_sf3|3
1267_sf3|1266_sf3|4
1268_sf3|1267_sf3|4
1269_sf3|1268_sf3|5
1269_sf3|1267_sf3|2
1270_sf3|1269_sf3|5
1271_sf3|1270_sf3|4
1271_sf3|1266_sf3|3
1272_sf3|1271_sf3|5
1273_sf3|1272_sf3|4
1274_sf3|1273_sf3|4
1275_sf3|1274_sf3|4
1276_sf3|1275_sf3|5
1277_sf3|1276_sf3|3
1277_sf3|1272_sf3|2
1278_sf3|1277_sf3|3
1278_sf3|1273_sf3|1
1279_sf3|1278_sf3|5
1280_sf3|1279_sf3|5
1281_sf3|1280_sf3|4
1282_sf3|1281_sf3|2
1283_sf3|1282_sf3|3
1284_sf3|1283_sf3|3
1284_sf3|1281_sf3|3
1285_sf3|1284_sf3|1
1286_sf3|1285_sf3|5
1286_sf3|1282_sf3|3
1287_sf3|1286_sf3|5
1288_sf3|1287_sf3|5
1288_sf3|1283_sf3|3
1289_sf3|1288_sf3|3
1289_sf3|1284_sf3|1
1290_sf3|1289_sf3|3
1290_sf3|1288_sf3|1
1291_sf3|1290_sf3|5
1292_sf3|1291_sf3|5
1292_sf3|1288_sf3|3
1293_sf3|1292_sf3|2
1294_sf3|1293_sf3|3
1294_sf3|1289_sf3|2
1295_sf3|1294_sf3|3
1296_sf3|1295_sf3|4
1297_sf3|1296_sf3|3
1298_sf3|1297_sf3|4
1299_sf3|1298_sf3|3
1299_sf3|1296_sf3|2
1300_sf3|1299_sf3|2
1301_sf3|1300_sf3|3
1301_sf3|1297_sf3|3
1302_sf3|1301_sf3|5
1303_sf3|1302_sf3|2
1303_sf3|1298_sf3|3
1304_sf3|1303_sf3|3
1305_sf3|1304_sf3|2
1306_sf3|1305_sf3|2
1306_sf3|1301_sf3|2
1307_sf3|1306_sf3|3
1307_sf3|1304_sf3|1
1308_sf3|1307_sf3|5
1309_sf3|1308_sf3|5
1310_sf3|1309_sf3|4
1311_sf3|1310_sf3|5
1311_sf3|1307_sf3|3
1312_sf3|1311_sf3|5
1313_sf3|1312_sf3|4
1314_sf3|1313_sf3|4
1315_sf3|1314_sf3|1
1316_sf3|1315_sf3|3
1317_sf3|1316_sf3|4
1318_sf3|1317_sf3|2
1319_sf3|1318_sf3|4
1319_sf3|1317_sf3|3
1320_sf3|1319_sf3|5
1320_sf3|1315_sf3|1
1321_sf3|1320_sf3|3
1321_sf3|1317_sf3|2
1322_sf3|1321_sf3|4
1323_sf3|1322_sf3|5
1324_sf3|1323_sf3|1
1325_sf3|1324_sf3|2
1325_sf3|1320_sf3|3
1326_sf3|1325_sf3|1
1326_sf3|1324_sf3|3
1327_sf3|1326_sf3|5
1327_sf3|1322_sf3|1
1328_sf3|1327_sf3|2
1329_sf3|1328_sf3|2
1330_sf3|1329_sf3|5
1331_sf3|1330_sf3|4
1332_sf3|1331_sf3|3
1333_sf3|1332_sf3|5
1333_sf3|1329_sf3|1
1334_sf3|1333_sf3|5
1335_sf3|1334_sf3|2
1336_sf3|1335_sf3|1
1337_sf3|1336_sf3|5
1338_sf3|1337_sf3|1
1339_sf3|1338_sf3|1
1340_sf3|1339_sf3|5
1341_sf3|1340_sf3|4
1342_sf3|1341_sf3|1
1343_sf3|1342_sf3|4
1344_sf3|1343_sf3|5
1345_sf3|1344_sf3|3
1346_sf3|1345_sf3|5
1347_sf3|1346_sf3|5
1348_sf3|1347_sf3|3
1349_sf3|1348_sf3|4
1350_sf3|1349_sf3|2
1351_sf3|1350_sf3|1
1351_sf3|1349_sf3|1
1352_sf3|1351_sf3|4
1353_sf3|1352_sf3|2
1354_sf3|1353_sf3|3
1355_sf3|1354_sf3|3
1356_sf3|1355_sf3|5
1357_sf3|1356_sf3|2
1357_sf3|1354_sf3|1
1358_sf3|1357_sf3|5
1358_sf3|1356_sf3|2
1359_sf3|1358_sf3|3
1360_sf3|1359_sf3|5
1361_sf3|1360_sf3|3
1362_sf3|1361_sf3|2
1363_sf3|1362_sf3|5
1364_sf3|1363_sf3|3
1365_sf3|1364_sf3|2
1366_sf3|1365_sf3|2
1367_sf3|1366_sf3|5
1367_sf3|1365_sf3|2
1368_sf3|1367_sf3|3
1369_sf3|1368_sf3|2
1370_sf3|1369_sf3|5
1371_sf3|1370_sf3|2
1372_sf3|1371_sf3|5
1372_sf3|1369_sf3|1
1373_sf3|1372_sf3|5
1374_sf3|1373_sf3|5
1374_sf3|1370_sf3|1
1375_sf3|1374_sf3|3
1376_sf3|1375_sf3|5
1377_sf3|1376_sf3|2
1377_sf3|1372_sf3|3
1378_sf3|1377_sf3|1
1379_sf3|1378_sf3|1
1380_sf3|1379_sf3|4
1381_sf3|1380_sf3|2
1382_sf3|1381_sf3|2
1383_sf3|1382_sf3|5
1383_sf3|1379_sf3|2
1384_sf3|1383_sf3|2
1385_sf3|1384_sf3|1
1386_sf3|1385_sf3|4
1387_sf3|1386_sf3|2
1388_sf3|1387_sf3|2
1389_sf3|1388_sf3|4
1390_sf3|1389_sf3|4
1390_sf3|1386_sf3|2
1391_sf3|1390_sf3|3
1391_sf3|1388_sf3|2
1392_sf3|1391_sf3|2
1393_sf3|1392_sf3|4
1393_sf3|1389_sf3|3
1394_sf3|1393_sf3|2
1394_sf3|1389_sf3|3
1395_sf3|1394_sf3|4
1396_sf3|1395_sf3|4
1396_sf3|1391_sf3|3
1397_sf3|1396_sf3|3
1398_sf3|1397_sf3|4
1398_sf3|1393_sf3|3
1399_sf3|1398_sf3|2
1400_sf3|1399_sf3|3
1401_sf3|1400_sf3|3
1402_sf3|1401_sf3|1
1403_sf3|1402_sf3|3
1403_sf3|1399_sf3|3
1404_sf3|1403_sf3|5
1405_sf3|1404_sf3|4
1406_sf3|1405_sf3|1
1407_sf3|1406_sf3|5
1407_sf3|1403_sf3|2
1408_sf3|1407_sf3|3
1409_sf3|1408_sf3|1
1410_sf3|1409_sf3|5
1411_sf3|1410_sf3|4
1412_sf3|1411_sf3|2
1413_sf3|1412_sf3|1
1414_sf3|1413_sf3|3
1415_sf3|1414_sf3|2
1415_sf3|1412_sf3|1
1416_sf3|1415_sf3|1
1417_sf3|1416_sf3|5
1417_sf3|1415_sf3|2
1418_sf3|1417_sf3|2
1419_sf3|1418_sf3|1
1419_sf3|1416_sf3|2
1420_sf3|1419_sf3|5
1421_sf3|1420_sf3|1
1422_sf3|1421_sf3|3
1422_sf3|1417_sf3|3
1423_sf3|1422_sf3|1
1424_sf3|1423_sf3|4
1425_sf3|1424_sf3|1
1426_sf3|1425_sf3|4
1427_sf3|1426_sf3|1
1428_sf3|1427_sf3|5
1428_sf3|1426_sf3|3
1429_sf3|1428_sf3|1
1430_sf3|1429_sf3|1
1430_sf3|1426_sf3|1
1431_sf3|1430_sf3|5
1432_sf3|1431_sf3|5
1433_sf3|1432_sf3|2
1434_sf3|1433_sf3|5
1435_sf3|1434_sf3|4
1436_sf3|1435_sf3|1
1437_sf3|1436_sf3|1
1438_sf3|1437_sf3|1
1439_sf3|1438_sf3|5
1440_sf3|1439_sf3|1
1440_sf3|1437_sf3|1
1441_sf3|1440_sf3|5
1442_sf3|1441_sf3|2
1443_sf3|1442_sf3|5
1444_sf3|1443_sf3|3
1444_sf3|1439_sf3|2
1445_sf3|1444_sf3|5
1445_sf3|1441_sf3|2
1446_sf3|1445_sf3|5
1447_sf3|1446_sf3|2
1447_sf3|1442_sf3|1
1448_sf3|1447_sf3|1
1449_sf3|1448_sf3|3
1450_sf3|1449_sf3|5
1450_sf3|1448_sf3|3
1451_sf3|1450_sf3|4
1452_sf3|1451_sf3|4
1453_sf3|1452_sf3|5
1454_sf3|1453_sf3|5
1455_sf3|1454_sf3|3
1456_sf3|1455_sf3|3
1457_sf3|1456_sf3|1
1458_sf3|1457_sf3|5
1459_sf3|1458_sf3|1
1460_sf3|1459_sf3|3
1461_sf3|1460_sf3|2
1462_sf3|1461_sf3|5
1463_sf3|1462_sf3|5
1464_sf3|1463_sf3|5
1464_sf3|1462_sf3|2
1465_sf3|1464_sf3|5
1466_sf3|1465_sf3|3
1467_sf3|1466_sf3|3
1468_sf3|1467_sf3|1
1468_sf3|1465_sf3|1
1469_sf3|1468_sf3|2
1470_sf3|1469_sf3|3
1470_sf3|1468_sf3|1
1471_sf3|1470_sf3|4
1472_sf3|1471_sf3|1
1473_sf3|1472_sf3|1
1474_sf3|1473_sf3|3
1475_sf3|1474_sf3|2
1475_sf3|1470_sf3|2
1476_sf3|1475_sf3|1
1477_sf3|1476_sf3|3
1477_sf3|1472_sf3|1
1478_sf3|1477_sf3|2
1479_sf3|1478_sf3|4
1479_sf3|1474_sf3|1
1480_sf3|1479_sf3|4
1481_sf3|1480_sf3|2
1482_sf3|1481_sf3|2
1483_sf3|1482_sf3|1
1483_sf3|1481_sf3|3
1484_sf3|1483_sf3|1
1485_sf3|1484_sf3|4
1486_sf3|1485_sf3|1
1487_sf3|1486_sf3|3
1488_sf3|1487_sf3|1
1488_sf3|1483_sf3|2
1489_sf3|1488_sf3|3
1490_sf3|1489_sf3|1
1491_sf3|1490_sf3|5
1492_sf3|1491_sf3|4
1493_sf3|1492_sf3|1
1494_sf3|1493_sf3|5
1495_sf3|1494_sf3|3
1496_sf3|1495_sf3|4
1497_sf3|1496_sf3|3
1497_sf3|1494_sf3|2
1498_sf3|1497_sf3|2
1499_sf3|1498_sf3|3
1500_sf3|1499_sf3|3
1501_sf3|1500_sf3|1
1502_sf3|1501_sf3|4
1503_sf3|1502_sf3|2
1504_sf3|1503_sf3|2
1505_sf3|1504_sf3|2
1506_sf3|1505_sf3|5
1507_sf3|1506_sf3|5
1508_sf3|1507_sf3|5
1508_sf3|1503_sf3|3
1509_sf3|1508_sf3|4
1509_sf3|1507_sf3|3
1510_sf3|1509_sf3|5
1510_sf3|1506_sf3|2
1511_sf3|1510_sf3|2
1512_sf3|1511_sf3|2
1513_sf3|1512_sf3|3
1514_sf3|1513_sf3|5
1514_sf3|1510_sf3|1
1515_sf3|1514_sf3|2
1516_sf3|1515_sf3|4
1517_sf3|1516_sf3|3
1517_sf3|1512_sf3|2
1518_sf3|1517_sf3|5
1518_sf3|1514_sf3|1
1519_sf3|1518_sf3|5
1520_sf3|1519_sf3|2
1521_sf3|1520_sf3|2
1522_sf3|1521_sf3|1
1523_sf3|1522_sf3|5
1524_sf3|1523_sf3|1
1525_sf3|1524_sf3|5
1526_sf3|1525_sf3|3
1526_sf3|1524_sf3|2
1527_sf3|1526_sf3|2
1528_sf3|1527_sf3|3
1529_sf3|1528_sf3|2
1530_sf3|1529_sf3|5
1530_sf3|1525_sf3|3
1531_sf3|1530_sf3|1
1532_sf3|1531_sf3|1
1532_sf3|1529_sf3|1
1533_sf3|1532_sf3|1
1534_sf3|1533_sf3|2
1534_sf3|1532_sf3|3
1535_sf3|1534_sf3|2
1535_sf3|1531_sf3|1
1536_sf3|1535_sf3|2
1537_sf3|1536_sf3|3
1538_sf3|1537_sf3|5
1539_sf3|1538_sf3|2
1540_sf3|1539_sf3|4
1541_sf3|1540_sf3|1
1542_sf3|1541_sf3|1
1543_sf3|1542_sf3|1
1544_sf3|1543_sf3|2
1544_sf3|1540_sf3|2
1545_sf3|1544_sf3|3
1545_sf3|1542_sf3|3
1546_sf3|1545_sf3|3
1546_sf3|1543_sf3|3
1547_sf3|1546_sf3|3
1548_sf3|1547_sf3|3
1549_sf3|1548_sf3|2
1550_sf3|1549_sf3|3
1551_sf3|1550_sf3|4
1552_sf3|1551_sf3|1
1553_sf3|1552_sf3|3
1553_sf3|1548_sf3|3
1554_sf3|1553_sf3|5
1555_sf3|1554_sf3|3
1556_sf3|1555_sf3|3
1557_sf3|1556_sf3|1
1558_sf3|1557_sf3|3
1559_sf3|1558_sf3|1
1560_sf3|1559_sf3|5
1561_sf3|1560_sf3|1
1562_sf3|1561_sf3|1
1563_sf3|1562_sf3|5
1564_sf3|1563_sf3|4
1565_sf3|1564_sf3|4
1566_sf3|1565_sf3|3
1567_sf3|1566_sf3|2
1567_sf3|1565_sf3|3
1568_sf3|1567_sf3|5
1569_sf3|1568_sf3|2
1569_sf3|1567_sf3|2
1570_sf3|1569_sf3|2
1570_sf3|1565_sf3|2
1571_sf3|1570_sf3|4
1572_sf3|1571_sf3|3
1573_sf3|1572_sf3|2
1574_sf3|1573_sf3|5
1575_sf3|1574_sf3|1
1576_sf3|1575_sf3|5
1576_sf3|1573_sf3|3
1577_sf3|1576_sf3|5
1578_sf3|1577_sf3|3
1579_sf3|1578_sf3|5
1580_sf3|1579_sf3|5
1581_sf3|1580_sf3|5
1582_sf3|1581_sf3|5
1583_sf3|1582_sf3|4
1584_sf3|1583_sf3|1
1585_sf3|1584_sf3|1
1586_sf3|1585_sf3|5
1587_sf3|1586_sf3|3
1588_sf3|1587_sf3|3
1589_sf3|1588_sf3|4
1590_sf3|1589_sf3|4
1591_sf3|1590_sf3|3
1591_sf3|1587_sf3|2
1592_sf3|1591_sf3|1
1593_sf3|1592_sf3|3
1593_sf3|1588_sf3|3
1594_sf3|1593_sf3|3
1594_sf3|1590_sf3|2
1595_sf3|1594_sf3|1
1596_sf3|1595_sf3|1
1597_sf3|1596_sf3|2
1598_sf3|1597_sf3|2
1598_sf3|1593_sf3|3
1599_sf3|1598_sf3|3
1599_sf3|1597_sf3|2
1600_sf3|1599_sf3|4
1601_sf3|1600_sf3|4
1602_sf3|1601_sf3|3
1603_sf3|1602_sf3|5
1604_sf3|1603_sf3|5
1604_sf3|1601_sf3|3
1605_sf3|1604_sf3|2
1606_sf3|1605_sf3|4
1607_sf3|1606_sf3|5
1608_sf3|1607_sf3|2
1608_sf3|1604_sf3|3
1609_sf3|1608_sf3|5
1609_sf3|1605_sf3|2
1610_sf3|1609_sf3|1
1610_sf3|1606_sf3|3
1611_sf3|1610_sf3|5
1611_sf3|1609_sf3|2
1612_sf3|1611_sf3|2
1612_sf3|1607_sf3|1
1613_sf3|1612_sf3|1
1614_sf3|1613_sf3|5
1614_sf3|1610_sf3|2
1615_sf3|1614_sf3|3
1616_sf3|1615_sf3|3
1617_sf3|1616_sf3|2
1618_sf3|1617_sf3|1
1618_sf3|1616_sf3|3
1619_sf3|1618_sf3|2
1620_sf3|1619_sf3|3
1620_sf3|1618_sf3|3
1621_sf3|1620_sf3|2
1622_sf3|1621_sf3|3
1623_sf3|1622_sf3|3
1624_sf3|1623_sf3|5
1625_sf3|1624_sf3|1
1626_sf3|1625_sf3|1
1627_sf3|1626_sf3|4
1628_sf3|1627_sf3|3
1628_sf3|1626_sf3|1
1629_sf3|1628_sf3|2
1630_sf3|1629_sf3|5
1631_sf3|1630_sf3|5
1631_sf3|1627_sf3|1
1632_sf3|1631_sf3|2
1633_sf3|1632_sf3|3
1633_sf3|1629_sf3|3
1634_sf3|1633_sf3|3
1635_sf3|1634_sf3|3
1636_sf3|1635_sf3|4
1636_sf3|1632_sf3|3
1637_sf3|1636_sf3|2
1638_sf3|1637_sf3|4
1638_sf3|1635_sf3|1
1639_sf3|1638_sf3|5
1640_sf3|1639_sf3|4
1640_sf3|1638_sf3|3
1641_sf3|1640_sf3|2
1641_sf3|1636_sf3|2
1642_sf3|1641_sf3|5
1642_sf3|1638_sf3|2
1643_sf3|1642_sf3|1
1644_sf3|1643_sf3|3
1645_sf3|1644_sf3|5
1646_sf3|1645_sf3|4
1646_sf3|1642_sf3|3
1647_sf3|1646_sf3|4
1647_sf3|1643_sf3|2
1648_sf3|1647_sf3|2
1648_sf3|1644_sf3|3
1649_sf3|1648_sf3|1
1650_sf3|1649_sf3|2
1651_sf3|1650_sf3|4
1651_sf3|1647_sf3|1
1652_sf3|1651_sf3|1
1653_sf3|1652_sf3|1
1654_sf3|1653_sf3|2
1655_sf3|1654_sf3|3
1655_sf3|1653_sf3|2
1656_sf3|1655_sf3|5
1657_sf3|1656_sf3|1
1657_sf3|1653_sf3|3
1658_sf3|1657_sf3|4
1659_sf3|1658_sf3|4
1660_sf3|1659_sf3|5
1661_sf3|1660_sf3|3
1662_sf3|1661_sf3|4
1662_sf3|1658_sf3|3
1663_sf3|1662_sf3|2
1664_sf3|1663_sf3|3
1664_sf3|1659_sf3|2
1665_sf3|1664_sf3|1
1665_sf3|1660_sf3|2
1666_sf3|1665_sf3|1
1667_sf3|1666_sf3|4
1668_sf3|1667_sf3|4
1669_sf3|1668_sf3|1
1670_sf3|1669_sf3|1
1671_sf3|1670_sf3|1
1672_sf3|1671_sf3|4
1673_sf3|1672_sf3|1
1674_sf3|1673_sf3|4
1675_sf3|1674_sf3|5
1675_sf3|1671_sf3|1
1676_sf3|1675_sf3|2
1676_sf3|1673_sf3|2
1677_sf3|1676_sf3|5
1677_sf3|1673_sf3|3
1678_sf3|1677_sf3|1
1679_sf3|1678_sf3|5
1680_sf3|1679_sf3|2
1681_sf3|1680_sf3|5
1682_sf3|1681_sf3|5
1683_sf3|1682_sf3|3
1684_sf3|1683_sf3|4
1685_sf3|1684_sf3|2
1685_sf3|1682_sf3|2
1686_sf3|1685_sf3|5
1687_sf3|1686_sf3|2
1688_sf3|1687_sf3|3
1688_sf3|1685_sf3|2
1689_sf3|1688_sf3|1
1690_sf3|1689_sf3|4
1691_sf3|1690_sf3|4
1692_sf3|1691_sf3|1
1692_sf3|1688_sf3|3
1693_sf3|1692_sf3|3
1694_sf3|1693_sf3|1
1695_sf3|1694_sf3|2
1695_sf3|1693_sf3|1
1696_sf3|1695_sf3|2
1696_sf3|1691_sf3|1
1697_sf3|1696_sf3|5
1698_sf3|1697_sf3|3
1698_sf3|1696_sf3|3
1699_sf3|1698_sf3|1
1700_sf3|1699_sf3|5
1701_sf3|1700_sf3|2
1702_sf3|1701_sf3|1
1702_sf3|1699_sf3|2
1703_sf3|1702_sf3|5
1704_sf3|1703_sf3|2
1705_sf3|1704_sf3|4
1705_sf3|1700_sf3|1
1706_sf3|1705_sf3|2
1706_sf3|1701_sf3|3
1707_sf3|1706_sf3|1
1708_sf3|1707_sf3|3
1709_sf3|1708_sf3|1
1709_sf3|1707_sf3|1
1710_sf3|1709_sf3|4
1711_sf3|1710_sf3|4
1711_sf3|1707_sf3|2
1712_sf3|1711_sf3|2
1713_sf3|1712_sf3|2
1713_sf3|1711_sf3|3
1714_sf3|1713_sf3|4
1714_sf3|1709_sf3|3
1715_sf3|1714_sf3|4
1715_sf3|1710_sf3|3
1716_sf3|1715_sf3|2
1717_sf3|1716_sf3|1
1717_sf3|1712_sf3|1
1718_sf3|1717_sf3|4
1718_sf3|1714_sf3|3
1719_sf3|1718_sf3|2
1719_sf3|1714_sf3|3
1720_sf3|1719_sf3|1
1720_sf3|1717_sf3|3
1721_sf3|1720_sf3|4
1722_sf3|1721_sf3|1
1722_sf3|1717_sf3|2
1723_sf3|1722_sf3|5
1724_sf3|1723_sf3|2
1725_sf3|1724_sf3|1
1725_sf3|1720_sf3|2
1726_sf3|1725_sf3|4
1727_sf3|1726_sf3|4
1727_sf3|1723_sf3|3
1728_sf3|1727_sf3|2
1729_sf3|1728_sf3|1
1730_sf3|1729_sf3|4
1731_sf3|1730_sf3|3
1732_sf3|1731_sf3|4
1733_sf3|1732_sf3|5
1734_sf3|1733_sf3|1
1734_sf3|1731_sf3|3
1735_sf3|1734_sf3|5
1735_sf3|1730_sf3|1
1736_sf3|1735_sf3|3
1737_sf3|1736_sf3|1
1738_sf3|1737_sf3|3
1739_sf3|1738_sf3|1
1739_sf3|1737_sf3|1
1740_sf3|1739_sf3|3
1741_sf3|1740_sf3|5
1742_sf3|1741_sf3|4
1743_sf3|1742_sf3|2
1744_sf3|1743_sf3|5
1745_sf3|1744_sf3|4
1746_sf3|1745_sf3|4
1746_sf3|1744_sf3|3
1747_sf3|1746_sf3|4
1748_sf3|1747_sf3|3
1749_sf3|1748_sf3|3
1750_sf3|1749_sf3|4
1751_sf3|1750_sf3|3
1752_sf3|1751_sf3|3
1752_sf3|1748_sf3|3
1753_sf3|1752_sf3|3
1754_sf3|1753_sf3|1
1755_sf3|1754_sf3|5
1756_sf3|1755_sf3|4
1757_sf3|1756_sf3|1
1758_sf3|1757_sf3|5
1758_sf3|1753_sf3|3
1759_sf3|1758_sf3|1
1760_sf3|1759_sf3|3
1760_sf3|1756_sf3|1
1761_sf3|1760_sf3|1
1762_sf3|1761_sf3|5
1763_sf3|1762_sf3|3
1764_sf3|1763_sf3|2
1764_sf3|1762_sf3|1
1765_sf3|1764_sf3|4
1766_sf3|1765_sf3|2
1767_sf3|1766_sf3|2
1767_sf3|1762_sf3|1
1768_sf3|1767_sf3|4
1768_sf3|1763_sf3|2
1769_sf3|1768_sf3|2
1770_sf3|1769_sf3|1
1771_sf3|1770_sf3|4
1772_sf3|1771_sf3|5
1773_sf3|1772_sf3|1
1773_sf3|1768_sf3|2
1774_sf3|1773_sf3|1
1775_sf3|1774_sf3|4
1775_sf3|1770_sf3|1
1776_sf3|1775_sf3|1
1777_sf3|1776_sf3|2
1777_sf3|1774_sf3|2
1778_sf3|1777_sf3|3
1779_sf3|1778_sf3|4
1780_sf3|1779_sf3|4
1781_sf3|1780_sf3|4
1782_sf3|1781_sf3|3
1783_sf3|1782_sf3|3
1783_sf3|1780_sf3|2
1784_sf3|1783_sf3|5
1785_sf3|1784_sf3|4
1785_sf3|1780_sf3|2
1786_sf3|1785_sf3|1
1787_sf3|1786_sf3|4
1787_sf3|1785_sf3|1
1788_sf3|1787_sf3|3
1789_sf3|1788_sf3|4
1790_sf3|1789_sf3|3
1790_sf3|1786_sf3|2
1791_sf3|1790_sf3|5
1791_sf3|1787_sf3|3
1792_sf3|1791_sf3|5
1793_sf3|1792_sf3|1
1793_sf3|1788_sf3|1
1794_sf3|1793_sf3|4
1795_sf3|1794_sf3|2
1795_sf3|1792_sf3|2
1796_sf3|1795_sf3|5
1797_sf3|1796_sf3|4
1798_sf3|1797_sf3|4
1799_sf3|1798_sf3|4
1799_sf3|1796_sf3|1
1800_sf3|1799_sf3|5
1801_sf3|1800_sf3|3
1802_sf3|1801_sf3|5
1803_sf3|1802_sf3|5
1804_sf3|1803_sf3|2
1804_sf3|1799_sf3|1
1805_sf3|1804_sf3|1
1806_sf3|1805_sf3|1
1807_sf3|1806_sf3|5
1808_sf3|1807_sf3|4
1809_sf3|1808_sf3|4
1809_sf3|1806_sf3|1
1810_sf3|1809_sf3|5
1811_sf3|1810_sf3|3
1812_sf3|1811_sf3|5
1812_sf3|1808_sf3|2
1813_sf3|1812_sf3|5
1814_sf3|1813_sf3|5
1814_sf3|1811_sf3|2
1815_sf3|1814_sf3|4
1816_sf3|1815_sf3|1
1817_sf3|1816_sf3|5
1818_sf3|1817_sf3|5
1819_sf3|1818_sf3|4
1819_sf3|1816_sf3|2
1820_sf3|1819_sf3|5
1821_sf3|1820_sf3|5
1822_sf3|1821_sf3|1
1823_sf3|1822_sf3|4
1824_sf3|1823_sf3|4
1825_sf3|1824_sf3|1
1826_sf3|1825_sf3|4
1826_sf3|1821_sf3|1
1827_sf3|1826_sf3|2
1828_sf3|1827_sf3|3
1828_sf3|1824_sf3|3
1829_sf3|1828_sf3|1
1829_sf3|1825_sf3|3
1830_sf3|1829_sf3|3
1830_sf3|1825_sf3|3
1831_sf3|1830_sf3|3
1832_sf3|1831_sf3|3
1833_sf3|1832_sf3|4
1834_sf3|1833_sf3|5
1835_sf3|1834_sf3|1
1836_sf3|1835_sf3|4
1837_sf3|1836_sf3|3
1838_sf3|1837_sf3|5
1839_sf3|1838_sf3|1
1839_sf3|1834_sf3|1
1840_sf3|1839_sf3|5
1840_sf3|1835_sf3|1
1841_sf3|1840_sf3|1
1842_sf3|1841_sf3|2
1842_sf3|1838_sf3|2
1843_sf3|1842_sf3|2
1844_sf3|1843_sf3|1
1844_sf3|1841_sf3|2
1845_sf3|1844_sf3|4
1846_sf3|1845_sf3|3
1847_sf3|1846_sf3|3
1848_sf3|1847_sf3|5
1849_sf3|1848_sf3|5
1850_sf3|1849_sf3|2
1851_sf3|1850_sf3|3
1852_sf3|1851_sf3|4
1853_sf3|1852_sf3|1
1853_sf3|1850_sf3|1
1854_sf3|1853_sf3|1
1854_sf3|1852_sf3|2
1855_sf3|1854_sf3|5
1856_sf3|1855_sf3|5
1857_sf3|1856_sf3|3
1858_sf3|1857_sf3|2
1859_sf3|1858_sf3|5
1859_sf3|1855_sf3|3
1860_sf3|1859_sf3|4
1860_sf3|1856_sf3|3
1861_sf3|1860_sf3|5
1861_sf3|1856_sf3|2
1862_sf3|1861_sf3|3
1863_sf3|1862_sf3|2
1863_sf3|1859_sf3|3
1864_sf3|1863_sf3|3
1865_sf3|1864_sf3|3
1865_sf3|1860_sf3|2
1866_sf3|1865_sf3|3
1867_sf3|1866_sf3|3
1868_sf3|1867_sf3|3
1868_sf3|1866_sf3|1
1869_sf3|1868_sf3|4
1870_sf3|1869_sf3|3
1871_sf3|1870_sf3|4
1872_sf3|1871_sf3|4
1872_sf3|1867_sf3|2
1873_sf3|1872_sf3|3
1873_sf3|1869_sf3|3
1874_sf3|1873_sf3|2
1875_sf3|1874_sf3|3
1876_sf3|1875_sf3|4
1877_sf3|1876_sf3|5
1878_sf3|1877_sf3|4
1878_sf3|1873_sf3|3
1879_sf3|1878_sf3|5
1880_sf3|1879_sf3|5
1880_sf3|1875_sf3|2
1881_sf3|1880_sf3|5
1882_sf3|1881_sf3|2
1882_sf3|1880_sf3|1
1883_sf3|1882_sf3|5
1884_sf3|1883_sf3|2
1885_sf3|1884_sf3|4
1885_sf3|1882_sf3|1
1886_sf3|1885_sf3|4
1887_sf3|1886_sf3|1
1888_sf3|1887_sf3|5
1889_sf3|1888_sf3|5
1890_sf3|1889_sf3|4
1891_sf3|1890_sf3|2
1891_sf3|1889_sf3|1
1892_sf3|1891_sf3|3
1892_sf3|1890_sf3|2
1893_sf3|1892_sf3|5
1894_sf3|1893_sf3|5
1895_sf3|1894_sf3|1
1896_sf3|1895_sf3|4
1896_sf3|1894_sf3|3
1897_sf3|1896_sf3|3
1898_sf3|1897_sf3|1
1898_sf3|1896_sf3|3
1899_sf3|1898_sf3|1
1899_sf3|1895_sf3|3
1900_sf3|1899_sf3|3
1901_sf3|1900_sf3|2
1901_sf3|1898_sf3|2
1902_sf3|1901_sf3|2
1903_sf3|1902_sf3|4
1904_sf3|1903_sf3|2
1905_sf3|1904_sf3|4
1905_sf3|1903_sf3|2
1906_sf3|1905_sf3|3
1907_sf3|1906_sf3|1
1908_sf3|1907_sf3|2
1909_sf3|1908_sf3|1
1909_sf3|1905_sf3|1
1910_sf3|1909_sf3|3
1911_sf3|1910_sf3|1
1912_sf3|1911_sf3|4
1913_sf3|1912_sf3|2
1913_sf3|1908_sf3|1
1914_sf3|1913_sf3|3
1915_sf3|1914_sf3|5
1916_sf3|1915_sf3|3
1916_sf3|1911_sf3|2
1917_sf3|1916_sf3|4
1917_sf3|1915_sf3|3
1918_sf3|1917_sf3|1
1918_sf3|1914_sf3|3
1919_sf3|1918_sf3|3
1920_sf3|1919_sf3|2
1921_sf3|1920_sf3|2
1922_sf3|1921_sf3|2
1923_sf3|1922_sf3|4
1924_sf3|1923_sf3|1
1925_sf3|1924_sf3|4
1926_sf3|1925_sf3|4
1926_sf3|1922_sf3|3
1927_sf3|1926_sf3|5
1928_sf3|1927_sf3|1
1929_sf3|1928_sf3|3
1929_sf3|1927_sf3|2
1930_sf3|1929_sf3|1
1930_sf3|1926_sf3|2
1931_sf3|1930_sf3|5
1932_sf3|1931_sf3|3
1932_sf3|1928_sf3|1
1933_sf3|1932_sf3|4
1933_sf3|1929_sf3|3
1934_sf3|1933_sf3|3
1934_sf3|1930_sf3|3
1935_sf3|1934_sf3|3
1936_sf3|1935_sf3|4
1936_sf3|1932_sf3|3
1937_sf3|1936_sf3|3
1938_sf3|1937_sf3|2
1939_sf3|1938_sf3|2
1940_sf3|1939_sf3|4
1941_sf3|1940_sf3|1
1941_sf3|1936_sf3|2
1942_sf3|1941_sf3|1
1943_sf3|1942_sf3|3
1944_sf3|1943_sf3|3
1945_sf3|1944_sf3|4
1946_sf3|1945_sf3|1
1947_sf3|1946_sf3|2
1948_sf3|1947_sf3|3
1949_sf3|1948_sf3|2
1950_sf3|1949_sf3|3
1951_sf3|1950_sf3|2
1952_sf3|1951_sf3|3
1952_sf3|1948_sf3|2
1953_sf3|1952_sf3|4
1954_sf3|1953_sf3|4
1955_sf3|1954_sf3|4
1956_sf3|1955_sf3|3
1957_sf3|1956_sf3|2
1958_sf3|1957_sf3|5
1959_sf3|1958_sf3|5
1960_sf3|1959_sf3|1
1960_sf3|1957_sf3|3
1961_sf3|1960_sf3|4
1962_sf3|1961_sf3|4
1963_sf3|1962_sf3|1
1963_sf3|1960_sf3|2
1964_sf3|1963_sf3|1
1964_sf3|1961_sf3|1
1965_sf3|1964_sf3|2
1966_sf3|1965_sf3|1
1967_sf3|1966_sf3|1
1968_sf3|1967_sf3|2
1969_sf3|1968_sf3|3
1969_sf3|1966_sf3|2
1970_sf3|1969_sf3|4
1971_sf3|1970_sf3|1
1972_sf3|1971_sf3|4
1972_sf3|1968_sf3|3
1973_sf3|1972_sf3|5
1973_sf3|1970_sf3|1
1974_sf3|1973_sf3|3
1974_sf3|1972_sf3|2
1975_sf3|1974_sf3|4
1976_sf3|1975_sf3|5
1977_sf3|1976_sf3|5
1977_sf3|1975_sf3|1
1978_sf3|1977_sf3|2
1978_sf3|1975_sf3|1
1979_sf3|1978_sf3|2
1980_sf3|1979_sf3|1
1981_sf3|1980_sf3|5
1981_sf3|1978_sf3|2
1982_sf3|1981_sf3|1
1983_sf3|1982_sf3|4
1984_sf3|1983_sf3|4
1985_sf3|1984_sf3|2
1986_sf3|1985_sf3|5
1987_sf3|1986_sf3|2
1987_sf3|1985_sf3|2
1988_sf3|1987_sf3|4
1988_sf3|1985_sf3|2
1989_sf3|1988_sf3|4
1990_sf3|1989_sf3|5
1991_sf3|1990_sf3|1
1991_sf3|1986_sf3|3
1992_sf3|1991_sf3|4
1993_sf3|1992_sf3|5
1994_sf3|1993_sf3|4
1995_sf3|1994_sf3|2
1996_sf3|1995_sf3|5
1996_sf3|1992_sf3|1
1997_sf3|1996_sf3|1
1998_sf3|1997_sf3|5
1999_sf3|1998_sf3|2
1999_sf3|1996_sf3|3
1_sf4|0_sf4|4
2_sf4|1_sf4|2
3_sf4|2_sf4|1
4_sf4|3_sf4|5
5_sf4|4_sf4|5
6_sf4|5_sf4|5
6_sf4|1_sf4|3
7_sf4|6_sf4|1
7_sf4|2_sf4|1
8_sf4|7_sf4|2
9_sf4|8_sf4|5
9_sf4|6_sf4|1
10_sf4|9_sf4|4
10_sf4|7_sf4|2
11_sf4|10_sf4|4
12_sf4|11_sf4|4
13_sf4|12_sf4|5
14_sf4|13_sf4|2
15_sf4|14_sf4|1
16_sf4|15_sf4|2
17_sf4|16_sf4|3
18_sf4|17_sf4|4
19_sf4|18_sf4|2
20_sf4|19_sf4|1
21_sf4|20_sf4|3
22_sf4|21_sf4|5
23_sf4|22_sf4|5
23_sf4|18_sf4|3
24_sf4|23_sf4|4
25_sf4|24_sf4|1
26_sf4|25_sf4|3
26_sf4|24_sf4|2
27_sf4|26_sf4|1
28_sf4|27_sf4|4
29_sf4|28_sf4|3
30_sf4|29_sf4|4
31_sf4|30_sf4|3
32_sf4|31_sf4|4
32_sf4|27_sf4|2
33_sf4|32_sf4|1
34_sf4|33_sf4|5
35_sf4|34_sf4|4
35_sf4|33_sf4|3
36_sf4|35_sf4|3
36_sf4|32_sf4|1
37_sf4|36_sf4|4
38_sf4|37_sf4|4
38_sf4|36_sf4|2
39_sf4|38_sf4|1
39_sf4|34_sf4|3
40_sf4|39_sf4|1
40_sf4|35_sf4|2
41_sf4|40_sf4|1
41_sf4|36_sf4|1
42_sf4|41_sf4|1
42_sf4|39_sf4|3
43_sf4|42_sf4|5
44_sf4|43_sf4|2
45_sf4|44_sf4|2
45_sf4|40_sf4|3
46_sf4|45_sf4|5
46_sf4|44_sf4|2
47_sf4|46_sf4|2
47_sf4|42_sf4|2
48_sf4|47_sf4|4
49_sf4|48_sf4|1
50_sf4|49_sf4|4
51_sf4|50_sf4|5
52_sf4|51_sf4|1
53_sf4|52_sf4|4
54_sf4|53_sf4|2
54_sf4|49_sf4|2
55_sf4|54_sf4|3
55_sf4|53_sf4|3
56_sf4|55_sf4|1
56_sf4|51_sf4|1
57_sf4|56_sf4|2
57_sf4|55_sf4|3
58_sf4|57_sf4|1
59_sf4|58_sf4|4
60_sf4|59_sf4|3
60_sf4|55_sf4|1
61_sf4|60_sf4|1
62_sf4|61_sf4|1
63_sf4|62_sf4|2
64_sf4|63_sf4|2
65_sf4|64_sf4|2
65_sf4|60_sf4|3
66_sf4|65_sf4|1
67_sf4|66_sf4|2
67_sf4|63_sf4|1
68_sf4|67_sf4|5
69_sf4|68_sf4|4
70_sf4|69_sf4|3
71_sf4|70_sf4|2
72_sf4|71_sf4|2
72_sf4|68_sf4|3
73_sf4|72_sf4|2
73_sf4|70_sf4|2
74_sf4|73_sf4|2
75_sf4|74_sf4|1
76_sf4|75_sf4|2
77_sf4|76_sf4|1
78_sf4|77_sf4|5
79_sf4|78_sf4|2
80_sf4|79_sf4|4
81_sf4|80_sf4|4
82_sf4|81_sf4|5
82_sf4|78_sf4|2
83_sf4|82_sf4|5
84_sf4|83_sf4|1
84_sf4|82_sf4|3
85_sf4|84_sf4|4
86_sf4|85_sf4|1
87_sf4|86_sf4|5
88_sf4|87_sf4|2
89_sf4|88_sf4|3
90_sf4|89_sf4|5
91_sf4|90_sf4|5
92_sf4|91_sf4|3
93_sf4|92_sf4|4
94_sf4|93_sf4|5
95_sf4|94_sf4|2
96_sf4|95_sf4|2
97_sf4|96_sf4|1
98_sf4|97_sf4|1
99_sf4|98_sf4|1
100_sf4|99_sf4|1
100_sf4|95_sf4|3
101_sf4|100_sf4|3
102_sf4|101_sf4|3
103_sf4|102_sf4|1
104_sf4|103_sf4|1
105_sf4|104_sf4|3
106_sf4|105_sf4|3
106_sf4|104_sf4|2
107_sf4|106_sf4|1
108_sf4|107_sf4|2
109_sf4|108_sf4|1
110_sf4|109_sf4|4
111_sf4|110_sf4|1
112_sf4|111_sf4|4
112_sf4|108_sf4|1
113_sf4|112_sf4|3
114_sf4|113_sf4|2
115_sf4|114_sf4|4
116_sf4|115_sf4|4
117_sf4|116_sf4|5
118_sf4|117_sf4|2
119_sf4|118_sf4|2
120_sf4|119_sf4|3
120_sf4|117_sf4|1
121_sf4|120_sf4|2
122_sf4|121_sf4|3
123_sf4|122_sf4|2
124_sf4|123_sf4|2
125_sf4|124_sf4|5
126_sf4|125_sf4|5
127_sf4|126_sf4|1
127_sf4|124_sf4|2
128_sf4|127_sf4|5
128_sf4|123_sf4|1
129_sf4|128_sf4|2
130_sf4|129_sf4|1
130_sf4|127_sf4|2
131_sf4|130_sf4|2
132_sf4|131_sf4|4
132_sf4|129_sf4|3
133_sf4|132_sf4|4
134_sf4|133_sf4|4
135_sf4|134_sf4|5
136_sf4|135_sf4|3
136_sf4|132_sf4|2
137_sf4|136_sf4|3
137_sf4|135_sf4|2
138_sf4|137_sf4|2
139_sf4|138_sf4|5
139_sf4|134_sf4|3
140_sf4|139_sf4|2
140_sf4|137_sf4|1
141_sf4|140_sf4|5
142_sf4|141_sf4|4
143_sf4|142_sf4|5
143_sf4|141_sf4|2
144_sf4|143_sf4|4
145_sf4|144_sf4|4
146_sf4|145_sf4|4
147_sf4|146_sf4|2
148_sf4|147_sf4|4
148_sf4|145_sf4|3
149_sf4|148_sf4|2
150_sf4|149_sf4|1
151_sf4|150_sf4|3
152_sf4|151_sf4|1
153_sf4|152_sf4|1
154_sf4|153_sf4|2
155_sf4|154_sf4|3
156_sf4|155_sf4|5
156_sf4|154_sf4|2
157_sf4|156_sf4|2
158_sf4|157_sf4|2
158_sf4|155_sf4|2
159_sf4|158_sf4|1
160_sf4|159_sf4|2
161_sf4|160_sf4|2
162_sf4|161_sf4|3
163_sf4|162_sf4|1
164_sf4|163_sf4|3
165_sf4|164_sf4|2
166_sf4|165_sf4|3
167_sf4|166_sf4|2
168_sf4|167_sf4|4
169_sf4|168_sf4|2
170_sf4|169_sf4|1
171_sf4|170_sf4|2
172_sf4|171_sf4|1
173_sf4|172_sf4|5
174_sf4|173_sf4|5
174_sf4|170_sf4|2
175_sf4|174_sf4|2
176_sf4|175_sf4|4
177_sf4|176_sf4|5
178_sf4|177_sf4|2
178_sf4|173_sf4|1
179_sf4|178_sf4|5
179_sf4|175_sf4|3
180_sf4|179_sf4|4
181_sf4|180_sf4|4
182_sf4|181_sf4|4
183_sf4|182_sf4|3
184_sf4|183_sf4|1
184_sf4|182_sf4|3
185_sf4|184_sf4|5
186_sf4|185_sf4|5
187_sf4|186_sf4|5
188_sf4|187_sf4|3
189_sf4|188_sf4|4
190_sf4|189_sf4|3
190_sf4|188_sf4|2
191_sf4|190_sf4|4
192_sf4|191_sf4|1
193_sf4|192_sf4|1
194_sf4|193_sf4|3
195_sf4|194_sf4|5
196_sf4|195_sf4|5
197_sf4|196_sf4|1
198_sf4|197_sf4|1
198_sf4|195_sf4|1
199_sf4|198_sf4|4
200_sf4|199_sf4|5
201_sf4|200_sf4|5
201_sf4|199_sf4|3
202_sf4|201_sf4|1
203_sf4|202_sf4|2
204_sf4|203_sf4|4
205_sf4|204_sf4|2
206_sf4|205_sf4|3
207_sf4|206_sf4|1
207_sf4|202_sf4|3
208_sf4|207_sf4|3
209_sf4|208_sf4|1
209_sf4|204_sf4|3
210_sf4|209_sf4|4
211_sf4|210_sf4|5
212_sf4|211_sf4|4
213_sf4|212_sf4|5
213_sf4|210_sf4|1
214_sf4|213_sf4|3
215_sf4|214_sf4|2
216_sf4|215_sf4|1
216_sf4|211_sf4|3
217_sf4|216_sf4|5
217_sf4|212_sf4|3
218_sf4|217_sf4|4
218_sf4|213_sf4|1
219_sf4|218_sf4|5
220_sf4|219_sf4|3
221_sf4|220_sf4|4
222_sf4|221_sf4|4
223_sf4|222_sf4|5
224_sf4|223_sf4|5
225_sf4|224_sf4|2
226_sf4|225_sf4|5
227_sf4|226_sf4|3
228_sf4|227_sf4|2
229_sf4|228_sf4|1
230_sf4|229_sf4|5
231_sf4|230_sf4|2
231_sf4|227_sf4|3
232_sf4|231_sf4|1
233_sf4|232_sf4|4
234_sf4|233_sf4|2
235_sf4|234_sf4|3
236_sf4|235_sf4|5
237_sf4|236_sf4|5
238_sf4|237_sf4|5
239_sf4|238_sf4|1
240_sf4|239_sf4|1
240_sf4|237_sf4|2
241_sf4|240_sf4|5
242_sf4|241_sf4|2
242_sf4|240_sf4|1
243_sf4|242_sf4|5
244_sf4|243_sf4|5
244_sf4|241_sf4|3
245_sf4|244_sf4|3
246_sf4|245_sf4|2
247_sf4|246_sf4|3
247_sf4|245_sf4|1
248_sf4|247_sf4|3
248_sf4|246_sf4|3
249_sf4|248_sf4|4
250_sf4|249_sf4|1
250_sf4|246_sf4|2
251_sf4|250_sf4|3
251_sf4|249_sf4|2
252_sf4|251_sf4|3
253_sf4|252_sf4|2
253_sf4|248_sf4|1
254_sf4|253_sf4|1
255_sf4|254_sf4|3
256_sf4|255_sf4|4
257_sf4|256_sf4|1
258_sf4|257_sf4|3
259_sf4|258_sf4|3
260_sf4|259_sf4|3
260_sf4|257_sf4|1
261_sf4|260_sf4|2
262_sf4|261_sf4|5
262_sf4|258_sf4|2
263_sf4|262_sf4|5
263_sf4|258_sf4|2
264_sf4|263_sf4|4
265_sf4|264_sf4|1
266_sf4|265_sf4|2
267_sf4|266_sf4|3
267_sf4|265_sf4|2
268_sf4|267_sf4|3
269_sf4|268_sf4|1
270_sf4|269_sf4|3
270_sf4|265_sf4|1
271_sf4|270_sf4|3
271_sf4|268_sf4|2
272_sf4|271_sf4|1
272_sf4|267_sf4|2
273_sf4|272_sf4|4
274_sf4|273_sf4|2
275_sf4|274_sf4|1
276_sf4|275_sf4|2
277_sf4|276_sf4|5
278_sf4|277_sf4|1
279_sf4|278_sf4|3
280_sf4|279_sf4|3
280_sf4|278_sf4|3
281_sf4|280_sf4|3
282_sf4|281_sf4|4
283_sf4|282_sf4|1
284_sf4|283_sf4|1
285_sf4|284_sf4|5
286_sf4|285_sf4|1
287_sf4|286_sf4|4
288_sf4|287_sf4|4
289_sf4|288_sf4|5
290_sf4|289_sf4|2
290_sf4|285_sf4|3
291_sf4|290_sf4|1
292_sf4|291_sf4|2
293_sf4|292_sf4|3
294_sf4|293_sf4|5
294_sf4|291_sf4|2
295_sf4|294_sf4|3
296_sf4|295_sf4|2
296_sf4|294_sf4|2
297_sf4|296_sf4|4
297_sf4|292_sf4|2
298_sf4|297_sf4|3
299_sf4|298_sf4|5
299_sf4|295_sf4|3
300_sf4|299_sf4|3
300_sf4|296_sf4|3
301_sf4|300_sf4|5
302_sf4|301_sf4|3
302_sf4|299_sf4|3
303_sf4|302_sf4|1
304_sf4|303_sf4|5
305_sf4|304_sf4|3
306_sf4|305_sf4|2
307_sf4|306_sf4|1
308_sf4|307_sf4|5
309_sf4|308_sf4|2
309_sf4|305_sf4|1
310_sf4|309_sf4|5
310_sf4|305_sf4|3
311_sf4|310_sf4|3
312_sf4|311_sf4|4
312_sf4|307_sf4|2
313_sf4|312_sf4|3
313_sf4|309_sf4|1
314_sf4|313_sf4|2
315_sf4|314_sf4|5
316_sf4|315_sf4|3
317_sf4|316_sf4|3
317_sf4|314_sf4|1
318_sf4|317_sf4|3
319_sf4|318_sf4|3
320_sf4|319_sf4|2
321_sf4|320_sf4|2
322_sf4|321_sf4|3
323_sf4|322_sf4|1
324_sf4|323_sf4|4
325_sf4|324_sf4|2
325_sf4|320_sf4|1
326_sf4|325_sf4|5
327_sf4|326_sf4|3
328_sf4|327_sf4|5
328_sf4|326_sf4|1
329_sf4|328_sf4|1
329_sf4|324_sf4|3
330_sf4|329_sf4|5
331_sf4|330_sf4|1
331_sf4|329_sf4|2
332_sf4|331_sf4|1
333_sf4|332_sf4|3
334_sf4|333_sf4|2
335_sf4|334_sf4|2
336_sf4|335_sf4|5
337_sf4|336_sf4|3
338_sf4|337_sf4|2
338_sf4|335_sf4|1
339_sf4|338_sf4|3
340_sf4|339_sf4|4
340_sf4|337_sf4|1
341_sf4|340_sf4|1
342_sf4|341_sf4|4
343_sf4|342_sf4|2
343_sf4|339_sf4|3
344_sf4|343_sf4|1
344_sf4|340_sf4|3
345_sf4|344_sf4|2
346_sf4|345_sf4|2
347_sf4|346_sf4|1
347_sf4|342_sf4|2
348_sf4|347_sf4|1
348_sf4|344_sf4|1
349_sf4|348_sf4|1
350_sf4|349_sf4|2
351_sf4|350_sf4|2
352_sf4|351_sf4|2
353_sf4|352_sf4|5
354_sf4|353_sf4|1
354_sf4|350_sf4|2
355_sf4|354_sf4|5
355_sf4|353_sf4|3
356_sf4|355_sf4|2
357_sf4|356_sf4|1
358_sf4|357_sf4|5
359_sf4|358_sf4|1
359_sf4|356_sf4|3
360_sf4|359_sf4|4
360_sf4|358_sf4|1
361_sf4|360_sf4|5
361_sf4|359_sf4|2
362_sf4|361_sf4|3
362_sf4|359_sf4|3
363_sf4|362_sf4|5
364_sf4|363_sf4|5
365_sf4|364_sf4|1
366_sf4|365_sf4|1
367_sf4|366_sf4|2
367_sf4|362_sf4|3
368_sf4|367_sf4|1
369_sf4|368_sf4|2
370_sf4|369_sf4|1
370_sf4|366_sf4|1
371_sf4|370_sf4|3
372_sf4|371_sf4|5
372_sf4|368_sf4|2
373_sf4|372_sf4|1
374_sf4|373_sf4|2
375_sf4|374_sf4|3
375_sf4|373_sf4|3
376_sf4|375_sf4|4
376_sf4|374_sf4|3
377_sf4|376_sf4|3
377_sf4|373_sf4|3
378_sf4|377_sf4|2
379_sf4|378_sf4|1
380_sf4|379_sf4|4
381_sf4|380_sf4|1
382_sf4|381_sf4|1
383_sf4|382_sf4|4
383_sf4|380_sf4|2
384_sf4|383_sf4|4
385_sf4|384_sf4|2
386_sf4|385_sf4|2
387_sf4|386_sf4|3
388_sf4|387_sf4|2
388_sf4|386_sf4|3
389_sf4|388_sf4|3
389_sf4|384_sf4|2
390_sf4|389_sf4|2
391_sf4|390_sf4|4
391_sf4|386_sf4|1
392_sf4|391_sf4|4
392_sf4|388_sf4|1
393_sf4|392_sf4|1
394_sf4|393_sf4|5
395_sf4|394_sf4|1
396_sf4|395_sf4|1
397_sf4|396_sf4|1
398_sf4|397_sf4|2
399_sf4|398_sf4|5
400_sf4|399_sf4|2
401_sf4|400_sf4|5
402_sf4|401_sf4|3
403_sf4|402_sf4|5
404_sf4|403_sf4|5
404_sf4|402_sf4|1
405_sf4|404_sf4|2
406_sf4|405_sf4|2
407_sf4|406_sf4|1
408_sf4|407_sf4|1
409_sf4|408_sf4|1
410_sf4|409_sf4|2
410_sf4|408_sf4|3
411_sf4|410_sf4|3
412_sf4|411_sf4|2
413_sf4|412_sf4|3
414_sf4|413_sf4|3
414_sf4|410_sf4|2
415_sf4|414_sf4|1
415_sf4|413_sf4|2
416_sf4|415_sf4|1
417_sf4|416_sf4|2
418_sf4|417_sf4|5
419_sf4|418_sf4|5
420_sf4|419_sf4|4
421_sf4|420_sf4|5
422_sf4|421_sf4|1
422_sf4|419_sf4|1
423_sf4|422_sf4|4
424_sf4|423_sf4|2
424_sf4|419_sf4|3
425_sf4|424_sf4|4
426_sf4|425_sf4|1
426_sf4|423_sf4|2
427_sf4|426_sf4|5
428_sf4|427_sf4|1
429_sf4|428_sf4|1
430_sf4|429_sf4|4
431_sf4|430_sf4|1
432_sf4|431_sf4|1
433_sf4|432_sf4|2
433_sf4|429_sf4|1
434_sf4|433_sf4|4
435_sf4|434_sf4|5
436_sf4|435_sf4|2
437_sf4|436_sf4|1
438_sf4|437_sf4|5
438_sf4|435_sf4|3
439_sf4|438_sf4|2
440_sf4|439_sf4|1
441_sf4|440_sf4|3
442_sf4|441_sf4|3
443_sf4|442_sf4|4
444_sf4|443_sf4|5
445_sf4|444_sf4|1
446_sf4|445_sf4|3
446_sf4|443_sf4|1
447_sf4|446_sf4|1
448_sf4|447_sf4|5
449_sf4|448_sf4|2
450_sf4|449_sf4|2
451_sf4|450_sf4|5
451_sf4|448_sf4|1
452_sf4|451_sf4|4
453_sf4|452_sf4|5
454_sf4|453_sf4|4
455_sf4|454_sf4|5
455_sf4|450_sf4|3
456_sf4|455_sf4|3
456_sf4|451_sf4|2
457_sf4|456_sf4|4
458_sf4|457_sf4|3
459_sf4|458_sf4|2
460_sf4|459_sf4|1
461_sf4|460_sf4|2
462_sf4|461_sf4|2
463_sf4|462_sf4|4
463_sf4|458_sf4|2
464_sf4|463_sf4|4
464_sf4|459_sf4|3
465_sf4|464_sf4|4
466_sf4|465_sf4|5
466_sf4|461_sf4|1
467_sf4|466_sf4|2
468_sf4|467_sf4|1
469_sf4|468_sf4|4
469_sf4|464_sf4|2
470_sf4|469_sf4|5
471_sf4|470_sf4|5
472_sf4|471_sf4|3
473_sf4|472_sf4|4
473_sf4|469_sf4|3
474_sf4|473_sf4|2
475_sf4|474_sf4|1
476_sf4|475_sf4|3
477_sf4|476_sf4|3
477_sf4|472_sf4|3
478_sf4|477_sf4|3
479_sf4|478_sf4|4
479_sf4|476_sf4|1
480_sf4|479_sf4|4
481_sf4|480_sf4|4
481_sf4|479_sf4|1
482_sf4|481_sf4|4
483_sf4|482_sf4|4
484_sf4|483_sf4|1
485_sf4|484_sf4|2
485_sf4|482_sf4|2
486_sf4|485_sf4|4
487_sf4|486_sf4|1
487_sf4|482_sf4|1
488_sf4|487_sf4|3
489_sf4|488_sf4|4
489_sf4|484_sf4|3
490_sf4|489_sf4|1
491_sf4|490_sf4|5
492_sf4|491_sf4|3
492_sf4|490_sf4|2
493_sf4|492_sf4|2
493_sf4|490_sf4|2
494_sf4|493_sf4|3
495_sf4|494_sf4|4
496_sf4|495_sf4|1
497_sf4|496_sf4|3
497_sf4|493_sf4|3
498_sf4|497_sf4|1
498_sf4|493_sf4|3
499_sf4|498_sf4|2
500_sf4|499_sf4|4
501_sf4|500_sf4|4
502_sf4|501_sf4|2
502_sf4|498_sf4|2
503_sf4|502_sf4|4
504_sf4|503_sf4|4
505_sf4|504_sf4|2
505_sf4|502_sf4|1
506_sf4|505_sf4|1
506_sf4|501_sf4|3
507_sf4|506_sf4|3
508_sf4|507_sf4|5
509_sf4|508_sf4|4
510_sf4|509_sf4|5
511_sf4|510_sf4|1
512_sf4|511_sf4|4
512_sf4|507_sf4|2
513_sf4|512_sf4|4
514_sf4|513_sf4|3
515_sf4|514_sf4|4
515_sf4|512_sf4|1
516_sf4|515_sf4|3
517_sf4|516_sf4|2
518_sf4|517_sf4|1
519_sf4|518_sf4|3
520_sf4|519_sf4|2
521_sf4|520_sf4|4
521_sf4|517_sf4|1
522_sf4|521_sf4|3
523_sf4|522_sf4|3
523_sf4|518_sf4|2
524_sf4|523_sf4|5
525_sf4|524_sf4|4
526_sf4|525_sf4|3
527_sf4|526_sf4|5
528_sf4|527_sf4|4
529_sf4|528_sf4|2
529_sf4|527_sf4|1
530_sf4|529_sf4|5
531_sf4|530_sf4|3
531_sf4|529_sf4|3
532_sf4|531_sf4|3
533_sf4|532_sf4|3
534_sf4|533_sf4|1
535_sf4|534_sf4|1
536_sf4|535_sf4|4
536_sf4|531_sf4|2
537_sf4|536_sf4|2
538_sf4|537_sf4|4
539_sf4|538_sf4|3
540_sf4|539_sf4|3
540_sf4|537_sf4|2
541_sf4|540_sf4|4
541_sf4|539_sf4|2
542_sf4|541_sf4|1
543_sf4|542_sf4|4
544_sf4|543_sf4|4
544_sf4|540_sf4|3
545_sf4|544_sf4|2
545_sf4|543_sf4|2
546_sf4|545_sf4|2
547_sf4|546_sf4|1
547_sf4|543_sf4|1
548_sf4|547_sf4|1
549_sf4|548_sf4|3
549_sf4|546_sf4|3
550_sf4|549_sf4|2
550_sf4|546_sf4|2
551_sf4|550_sf4|2
552_sf4|551_sf4|4
553_sf4|552_sf4|2
553_sf4|551_sf4|1
554_sf4|553_sf4|3
554_sf4|551_sf4|3
555_sf4|554_sf4|2
555_sf4|553_sf4|1
556_sf4|555_sf4|4
557_sf4|556_sf4|5
557_sf4|552_sf4|1
558_sf4|557_sf4|3
559_sf4|558_sf4|1
560_sf4|559_sf4|4
561_sf4|560_sf4|5
561_sf4|556_sf4|1
562_sf4|561_sf4|3
563_sf4|562_sf4|1
563_sf4|561_sf4|3
564_sf4|563_sf4|1
564_sf4|560_sf4|3
565_sf4|564_sf4|1
566_sf4|565_sf4|2
567_sf4|566_sf4|4
568_sf4|567_sf4|1
568_sf4|564_sf4|3
569_sf4|568_sf4|3
569_sf4|566_sf4|2
570_sf4|569_sf4|1
571_sf4|570_sf4|3
572_sf4|571_sf4|3
573_sf4|572_sf4|1
574_sf4|573_sf4|3
575_sf4|574_sf4|2
576_sf4|575_sf4|3
577_sf4|576_sf4|5
578_sf4|577_sf4|5
579_sf4|578_sf4|5
580_sf4|579_sf4|4
580_sf4|578_sf4|3
581_sf4|580_sf4|1
582_sf4|581_sf4|4
582_sf4|579_sf4|1
583_sf4|582_sf4|1
583_sf4|579_sf4|2
584_sf4|583_sf4|4
585_sf4|584_sf4|4
586_sf4|585_sf4|5
587_sf4|586_sf4|1
588_sf4|587_sf4|5
588_sf4|586_sf4|2
589_sf4|588_sf4|3
590_sf4|589_sf4|3
591_sf4|590_sf4|1
591_sf4|587_sf4|1
592_sf4|591_sf4|3
593_sf4|592_sf4|2
594_sf4|593_sf4|5
595_sf4|594_sf4|5
596_sf4|595_sf4|3
597_sf4|596_sf4|1
598_sf4|597_sf4|4
598_sf4|593_sf4|2
599_sf4|598_sf4|4
600_sf4|599_sf4|4
601_sf4|600_sf4|1
601_sf4|599_sf4|3
602_sf4|601_sf4|3
602_sf4|597_sf4|1
603_sf4|602_sf4|5
604_sf4|603_sf4|5
605_sf4|604_sf4|1
606_sf4|605_sf4|2
607_sf4|606_sf4|2
608_sf4|607_sf4|1
609_sf4|608_sf4|3
609_sf4|604_sf4|1
610_sf4|609_sf4|4
610_sf4|607_sf4|2
611_sf4|610_sf4|3
611_sf4|607_sf4|2
612_sf4|611_sf4|3
612_sf4|608_sf4|3
613_sf4|612_sf4|2
613_sf4|611_sf4|3
614_sf4|613_sf4|5
615_sf4|614_sf4|1
616_sf4|615_sf4|1
617_sf4|616_sf4|2
618_sf4|617_sf4|5
618_sf4|613_sf4|3
619_sf4|618_sf4|5
620_sf4|619_sf4|2
621_sf4|620_sf4|5
622_sf4|621_sf4|4
623_sf4|622_sf4|3
624_sf4|623_sf4|4
625_sf4|624_sf4|5
626_sf4|625_sf4|3
627_sf4|626_sf4|5
628_sf4|627_sf4|4
629_sf4|628_sf4|3
630_sf4|629_sf4|1
631_sf4|630_sf4|1
632_sf4|631_sf4|4
632_sf4|627_sf4|1
633_sf4|632_sf4|1
634_sf4|633_sf4|5
635_sf4|634_sf4|4
635_sf4|633_sf4|1
636_sf4|635_sf4|4
637_sf4|636_sf4|2
638_sf4|637_sf4|5
639_sf4|638_sf4|5
640_sf4|639_sf4|1
641_sf4|640_sf4|4
642_sf4|641_sf4|5
643_sf4|642_sf4|2
644_sf4|643_sf4|1
645_sf4|644_sf4|5
646_sf4|645_sf4|1
647_sf4|646_sf4|2
648_sf4|647_sf4|4
649_sf4|648_sf4|4
650_sf4|649_sf4|4
650_sf4|648_sf4|2
651_sf4|650_sf4|4
651_sf4|649_sf4|2
652_sf4|651_sf4|4
652_sf4|648_sf4|3
653_sf4|652_sf4|4
653_sf4|651_sf4|1
654_sf4|653_sf4|4
655_sf4|654_sf4|1
656_sf4|655_sf4|3
657_sf4|656_sf4|4
658_sf4|657_sf4|1
659_sf4|658_sf4|2
659_sf4|654_sf4|1
660_sf4|659_sf4|1
661_sf4|660_sf4|2
662_sf4|661_sf4|4
662_sf4|660_sf4|3
663_sf4|662_sf4|5
664_sf4|663_sf4|3
665_sf4|664_sf4|4
666_sf4|665_sf4|5
667_sf4|666_sf4|4
668_sf4|667_sf4|2
669_sf4|668_sf4|5
670_sf4|669_sf4|2
671_sf4|670_sf4|2
672_sf4|671_sf4|5
673_sf4|672_sf4|3
673_sf4|671_sf4|1
674_sf4|673_sf4|1
674_sf4|669_sf4|2
675_sf4|674_sf4|4
675_sf4|671_sf4|1
676_sf4|675_sf4|3
677_sf4|676_sf4|3
677_sf4|675_sf4|2
678_sf4|677_sf4|4
679_sf4|678_sf4|3
680_sf4|679_sf4|4
681_sf4|680_sf4|3
682_sf4|681_sf4|3
682_sf4|678_sf4|3
683_sf4|682_sf4|3
684_sf4|683_sf4|3
684_sf4|680_sf4|2
685_sf4|684_sf4|2
686_sf4|685_sf4|5
687_sf4|686_sf4|3
687_sf4|685_sf4|3
688_sf4|687_sf4|2
689_sf4|688_sf4|5
690_sf4|689_sf4|3
691_sf4|690_sf4|4
691_sf4|688_sf4|3
692_sf4|691_sf4|4
693_sf4|692_sf4|1
694_sf4|693_sf4|1
695_sf4|694_sf4|1
696_sf4|695_sf4|2
697_sf4|696_sf4|4
698_sf4|697_sf4|1
698_sf4|693_sf4|2
699_sf4|698_sf4|1
700_sf4|699_sf4|4
701_sf4|700_sf4|1
702_sf4|701_sf4|4
702_sf4|699_sf4|3
703_sf4|702_sf4|3
703_sf4|701_sf4|1
704_sf4|703_sf4|4
704_sf4|701_sf4|2
705_sf4|704_sf4|4
706_sf4|705_sf4|5
706_sf4|702_sf4|1
707_sf4|706_sf4|1
707_sf4|702_sf4|1
708_sf4|707_sf4|1
709_sf4|708_sf4|5
709_sf4|704_sf4|2
710_sf4|709_sf4|1
711_sf4|710_sf4|1
712_sf4|711_sf4|4
713_sf4|712_sf4|3
714_sf4|713_sf4|4
715_sf4|714_sf4|1
715_sf4|713_sf4|2
716_sf4|715_sf4|5
717_sf4|716_sf4|3
718_sf4|717_sf4|2
718_sf4|715_sf4|1
719_sf4|718_sf4|5
720_sf4|719_sf4|4
721_sf4|720_sf4|4
721_sf4|716_sf4|2
722_sf4|721_sf4|1
723_sf4|722_sf4|1
723_sf4|721_sf4|1
724_sf4|723_sf4|4
725_sf4|724_sf4|4
726_sf4|725_sf4|2
727_sf4|726_sf4|3
728_sf4|727_sf4|1
729_sf4|728_sf4|1
730_sf4|729_sf4|1
731_sf4|730_sf4|2
732_sf4|731_sf4|5
733_sf4|732_sf4|1
733_sf4|728_sf4|3
734_sf4|733_sf4|4
735_sf4|734_sf4|2
736_sf4|735_sf4|1
737_sf4|736_sf4|3
738_sf4|737_sf4|4
738_sf4|734_sf4|3
739_sf4|738_sf4|4
739_sf4|735_sf4|1
740_sf4|739_sf4|2
740_sf4|735_sf4|2
741_sf4|740_sf4|1
741_sf4|737_sf4|2
742_sf4|741_sf4|2
742_sf4|740_sf4|2
743_sf4|742_sf4|1
744_sf4|743_sf4|4
745_sf4|744_sf4|1
746_sf4|745_sf4|5
747_sf4|746_sf4|5
747_sf4|742_sf4|2
748_sf4|747_sf4|4
749_sf4|748_sf4|1
750_sf4|749_sf4|2
751_sf4|750_sf4|5
751_sf4|749_sf4|3
752_sf4|751_sf4|2
753_sf4|752_sf4|1
754_sf4|753_sf4|4
755_sf4|754_sf4|3
756_sf4|755_sf4|2
757_sf4|756_sf4|4
758_sf4|757_sf4|5
759_sf4|758_sf4|1
760_sf4|759_sf4|4
761_sf4|760_sf4|2
762_sf4|761_sf4|5
762_sf4|759_sf4|1
763_sf4|762_sf4|5
764_sf4|763_sf4|2
765_sf4|764_sf4|2
766_sf4|765_sf4|3
767_sf4|766_sf4|3
768_sf4|767_sf4|1
769_sf4|768_sf4|4
770_sf4|769_sf4|4
771_sf4|770_sf4|4
772_sf4|771_sf4|4
773_sf4|772_sf4|1
773_sf4|771_sf4|2
774_sf4|773_sf4|3
774_sf4|772_sf4|3
775_sf4|774_sf4|1
776_sf4|775_sf4|4
776_sf4|771_sf4|3
777_sf4|776_sf4|5
778_sf4|777_sf4|3
778_sf4|773_sf4|1
779_sf4|778_sf4|2
779_sf4|777_sf4|2
780_sf4|779_sf4|2
781_sf4|780_sf4|2
782_sf4|781_sf4|4
782_sf4|780_sf4|1
783_sf4|782_sf4|5
783_sf4|780_sf4|3
784_sf4|783_sf4|4
784_sf4|781_sf4|3
785_sf4|784_sf4|4
786_sf4|785_sf4|3
786_sf4|783_sf4|1
787_sf4|786_sf4|2
788_sf4|787_sf4|5
788_sf4|783_sf4|1
789_sf4|788_sf4|1
790_sf4|789_sf4|2
790_sf4|786_sf4|3
791_sf4|790_sf4|2
791_sf4|787_sf4|2
792_sf4|791_sf4|4
793_sf4|792_sf4|4
793_sf4|791_sf4|3
794_sf4|793_sf4|2
795_sf4|794_sf4|2
796_sf4|795_sf4|5
797_sf4|796_sf4|5
798_sf4|797_sf4|4
799_sf4|798_sf4|3
800_sf4|799_sf4|1
801_sf4|800_sf4|2
802_sf4|801_sf4|4
802_sf4|798_sf4|2
803_sf4|802_sf4|2
803_sf4|798_sf4|1
804_sf4|803_sf4|1
805_sf4|804_sf4|5
806_sf4|805_sf4|1
807_sf4|806_sf4|3
808_sf4|807_sf4|4
808_sf4|804_sf4|3
809_sf4|808_sf4|5
810_sf4|809_sf4|2
811_sf4|810_sf4|3
812_sf4|811_sf4|1
813_sf4|812_sf4|2
814_sf4|813_sf4|2
814_sf4|809_sf4|1
815_sf4|814_sf4|5
816_sf4|815_sf4|4
817_sf4|816_sf4|5
818_sf4|817_sf4|4
819_sf4|818_sf4|1
820_sf4|819_sf4|3
821_sf4|820_sf4|4
822_sf4|821_sf4|4
822_sf4|818_sf4|2
823_sf4|822_sf4|4
824_sf4|823_sf4|5
825_sf4|824_sf4|5
826_sf4|825_sf4|1
826_sf4|822_sf4|1
827_sf4|826_sf4|1
827_sf4|825_sf4|3
828_sf4|827_sf4|4
829_sf4|828_sf4|2
830_sf4|829_sf4|1
831_sf4|830_sf4|3
832_sf4|831_sf4|1
832_sf4|829_sf4|2
833_sf4|832_sf4|5
833_sf4|830_sf4|1
834_sf4|833_sf4|1
834_sf4|832_sf4|3
835_sf4|834_sf4|2
835_sf4|832_sf4|1
836_sf4|835_sf4|4
837_sf4|836_sf4|5
837_sf4|834_sf4|2
838_sf4|837_sf4|3
839_sf4|838_sf4|2
839_sf4|836_sf4|1
840_sf4|839_sf4|3
840_sf4|837_sf4|2
841_sf4|840_sf4|5
842_sf4|841_sf4|2
843_sf4|842_sf4|3
844_sf4|843_sf4|5
845_sf4|844_sf4|3
846_sf4|845_sf4|2
846_sf4|842_sf4|3
847_sf4|846_sf4|5
848_sf4|847_sf4|1
848_sf4|843_sf4|1
849_sf4|848_sf4|4
850_sf4|849_sf4|5
850_sf4|847_sf4|1
851_sf4|850_sf4|4
852_sf4|851_sf4|5
853_sf4|852_sf4|5
854_sf4|853_sf4|5
855_sf4|854_sf4|4
855_sf4|853_sf4|2
856_sf4|855_sf4|5
857_sf4|856_sf4|5
858_sf4|857_sf4|3
859_sf4|858_sf4|3
860_sf4|859_sf4|5
861_sf4|860_sf4|4
862_sf4|861_sf4|5
863_sf4|862_sf4|5
864_sf4|863_sf4|5
865_sf4|864_sf4|2
865_sf4|860_sf4|3
866_sf4|865_sf4|1
867_sf4|866_sf4|2
868_sf4|867_sf4|3
869_sf4|868_sf4|2
870_sf4|869_sf4|1
871_sf4|870_sf4|3
872_sf4|871_sf4|4
873_sf4|872_sf4|5
874_sf4|873_sf4|5
875_sf4|874_sf4|2
875_sf4|870_sf4|2
876_sf4|875_sf4|1
876_sf4|872_sf4|3
877_sf4|876_sf4|4
878_sf4|877_sf4|4
878_sf4|874_sf4|3
879_sf4|878_sf4|4
879_sf4|876_sf4|2
880_sf4|879_sf4|1
881_sf4|880_sf4|1
882_sf4|881_sf4|5
882_sf4|879_sf4|1
883_sf4|882_sf4|2
883_sf4|878_sf4|2
884_sf4|883_sf4|5
885_sf4|884_sf4|5
886_sf4|885_sf4|1
887_sf4|886_sf4|3
888_sf4|887_sf4|4
888_sf4|885_sf4|2
889_sf4|888_sf4|3
890_sf4|889_sf4|5
891_sf4|890_sf4|2
891_sf4|887_sf4|1
892_sf4|891_sf4|1
893_sf4|892_sf4|4
894_sf4|893_sf4|3
894_sf4|890_sf4|2
895_sf4|894_sf4|2
895_sf4|891_sf4|1
896_sf4|895_sf4|4
896_sf4|892_sf4|2
897_sf4|896_sf4|5
898_sf4|897_sf4|5
898_sf4|896_sf4|3
899_sf4|898_sf4|2
899_sf4|896_sf4|2
900_sf4|899_sf4|5
900_sf4|898_sf4|2
901_sf4|900_sf4|5
901_sf4|899_sf4|3
902_sf4|901_sf4|3
902_sf4|900_sf4|1
903_sf4|902_sf4|3
904_sf4|903_sf4|1
905_sf4|904_sf4|4
906_sf4|905_sf4|4
907_sf4|906_sf4|5
908_sf4|907_sf4|3
909_sf4|908_sf4|1
910_sf4|909_sf4|4
911_sf4|910_sf4|2
911_sf4|907_sf4|2
912_sf4|911_sf4|3
912_sf4|910_sf4|2
913_sf4|912_sf4|4
914_sf4|913_sf4|2
915_sf4|914_sf4|1
915_sf4|910_sf4|2
916_sf4|915_sf4|3
916_sf4|911_sf4|1
917_sf4|916_sf4|2
918_sf4|917_sf4|3
918_sf4|913_sf4|3
919_sf4|918_sf4|5
919_sf4|914_sf4|2
920_sf4|919_sf4|4
920_sf4|915_sf4|3
921_sf4|920_sf4|1
922_sf4|921_sf4|3
922_sf4|917_sf4|1
923_sf4|922_sf4|5
923_sf4|920_sf4|1
924_sf4|923_sf4|5
924_sf4|919_sf4|2
925_sf4|924_sf4|2
926_sf4|925_sf4|4
927_sf4|926_sf4|3
928_sf4|927_sf4|1
929_sf4|928_sf4|4
929_sf4|924_sf4|2
930_sf4|929_sf4|4
931_sf4|930_sf4|1
932_sf4|931_sf4|3
933_sf4|932_sf4|4
933_sf4|931_sf4|2
934_sf4|933_sf4|3
935_sf4|934_sf4|2
935_sf4|931_sf4|2
936_sf4|935_sf4|4
937_sf4|936_sf4|4
938_sf4|937_sf4|5
939_sf4|938_sf4|3
940_sf4|939_sf4|5
941_sf4|940_sf4|3
942_sf4|941_sf4|4
943_sf4|942_sf4|1
943_sf4|940_sf4|3
944_sf4|943_sf4|3
944_sf4|942_sf4|3
945_sf4|944_sf4|3
945_sf4|943_sf4|1
946_sf4|945_sf4|2
946_sf4|944_sf4|2
947_sf4|946_sf4|4
948_sf4|947_sf4|2
949_sf4|948_sf4|5
950_sf4|949_sf4|1
951_sf4|950_sf4|3
952_sf4|951_sf4|5
953_sf4|952_sf4|2
953_sf4|948_sf4|2
954_sf4|953_sf4|2
955_sf4|954_sf4|1
956_sf4|955_sf4|1
957_sf4|956_sf4|4
958_sf4|957_sf4|1
959_sf4|958_sf4|5
960_sf4|959_sf4|5
960_sf4|956_sf4|1
961_sf4|960_sf4|1
962_sf4|961_sf4|1
962_sf4|960_sf4|3
963_sf4|962_sf4|2
964_sf4|963_sf4|1
964_sf4|962_sf4|3
965_sf4|964_sf4|2
966_sf4|965_sf4|3
967_sf4|966_sf4|4
967_sf4|963_sf4|2
968_sf4|967_sf4|2
969_sf4|968_sf4|4
970_sf4|969_sf4|5
971_sf4|970_sf4|1
972_sf4|971_sf4|5
972_sf4|968_sf4|1
973_sf4|972_sf4|1
973_sf4|971_sf4|2
974_sf4|973_sf4|5
975_sf4|974_sf4|1
976_sf4|975_sf4|5
977_sf4|976_sf4|3
978_sf4|977_sf4|5
979_sf4|978_sf4|2
980_sf4|979_sf4|4
980_sf4|978_sf4|3
981_sf4|980_sf4|2
981_sf4|979_sf4|2
982_sf4|981_sf4|5
983_sf4|982_sf4|1
984_sf4|983_sf4|4
985_sf4|984_sf4|5
985_sf4|983_sf4|3
986_sf4|985_sf4|1
987_sf4|986_sf4|1
988_sf4|987_sf4|1
989_sf4|988_sf4|4
990_sf4|989_sf4|1
991_sf4|990_sf4|3
992_sf4|991_sf4|3
993_sf4|992_sf4|3
993_sf4|990_sf4|1
994_sf4|993_sf4|5
995_sf4|994_sf4|4
996_sf4|995_sf4|2
997_sf4|996_sf4|1
998_sf4|997_sf4|4
998_sf4|993_sf4|1
999_sf4|998_sf4|3
1000_sf4|999_sf4|1
1000_sf4|998_sf4|1
1001_sf4|1000_sf4|3
1002_sf4|1001_sf4|4
1003_sf4|1002_sf4|3
1004_sf4|1003_sf4|2
1004_sf4|1001_sf4|3
1005_sf4|1004_sf4|1
1005_sf4|1002_sf4|1
1006_sf4|1005_sf4|1
1007_sf4|1006_sf4|4
1008_sf4|1007_sf4|5
1008_sf4|1004_sf4|2
1009_sf4|1008_sf4|5
1010_sf4|1009_sf4|5
1010_sf4|1005_sf4|1
1011_sf4|1010_sf4|3
1012_sf4|1011_sf4|1
1012_sf4|1010_sf4|3
1013_sf4|1012_sf4|5
1013_sf4|1008_sf4|1
1014_sf4|1013_sf4|5
1014_sf4|1009_sf4|1
1015_sf4|1014_sf4|3
1016_sf4|1015_sf4|3
1017_sf4|1016_sf4|5
1018_sf4|1017_sf4|3
1019_sf4|1018_sf4|4
1020_sf4|1019_sf4|5
1020_sf4|1015_sf4|1
1021_sf4|1020_sf4|3
1022_sf4|1021_sf4|1
1023_sf4|1022_sf4|1
1024_sf4|1023_sf4|1
1025_sf4|1024_sf4|2
1026_sf4|1025_sf4|2
1027_sf4|1026_sf4|4
1028_sf4|1027_sf4|4
1028_sf4|1023_sf4|1
1029_sf4|1028_sf4|2
1029_sf4|1027_sf4|3
1030_sf4|1029_sf4|1
1031_sf4|1030_sf4|4
1032_sf4|1031_sf4|1
1032_sf4|1029_sf4|3
1033_sf4|1032_sf4|4
1034_sf4|1033_sf4|3
1035_sf4|1034_sf4|3
1035_sf4|1033_sf4|2
1036_sf4|1035_sf4|1
1036_sf4|1033_sf4|3
1037_sf4|1036_sf4|3
1038_sf4|1037_sf4|5
1038_sf4|1034_sf4|3
1039_sf4|1038_sf4|4
1040_sf4|1039_sf4|1
1041_sf4|1040_sf4|4
1042_sf4|1041_sf4|1
1042_sf4|1037_sf4|3
1043_sf4|1042_sf4|3
1043_sf4|1040_sf4|3
1044_sf4|1043_sf4|3
1045_sf4|1044_sf4|4
1046_sf4|1045_sf4|4
1046_sf4|1041_sf4|2
1047_sf4|1046_sf4|3
1048_sf4|1047_sf4|4
1049_sf4|1048_sf4|3
1050_sf4|1049_sf4|1
1051_sf4|1050_sf4|2
1052_sf4|1051_sf4|5
1053_sf4|1052_sf4|4
1053_sf4|1051_sf4|2
1054_sf4|1053_sf4|4
1054_sf4|1052_sf4|2
1055_sf4|1054_sf4|5
1056_sf4|1055_sf4|5
1056_sf4|1054_sf4|1
1057_sf4|1056_sf4|3
1058_sf4|1057_sf4|4
1059_sf4|1058_sf4|5
1060_sf4|1059_sf4|5
1061_sf4|1060_sf4|1
1061_sf4|1059_sf4|1
1062_sf4|1061_sf4|3
1063_sf4|1062_sf4|2
1063_sf4|1059_sf4|1
1064_sf4|1063_sf4|2
1065_sf4|1064_sf4|4
1066_sf4|1065_sf4|2
1067_sf4|1066_sf4|2
1067_sf4|1062_sf4|2
1068_sf4|1067_sf4|5
1068_sf4|1064_sf4|1
1069_sf4|1068_sf4|3
1069_sf4|1065_sf4|3
1070_sf4|1069_sf4|4
1071_sf4|1070_sf4|5
1072_sf4|1071_sf4|2
1073_sf4|1072_sf4|2
1074_sf4|1073_sf4|4
1074_sf4|1072_sf4|3
1075_sf4|1074_sf4|5
1076_sf4|1075_sf4|5
1076_sf4|1072_sf4|1
1077_sf4|1076_sf4|2
1078_sf4|1077_sf4|3
1078_sf4|1074_sf4|2
1079_sf4|1078_sf4|2
1080_sf4|1079_sf4|2
1081_sf4|1080_sf4|3
1082_sf4|1081_sf4|3
1083_sf4|1082_sf4|1
1084_sf4|1083_sf4|2
1085_sf4|1084_sf4|5
1086_sf4|1085_sf4|1
1087_sf4|1086_sf4|3
1088_sf4|1087_sf4|3
1089_sf4|1088_sf4|1
1089_sf4|1086_sf4|1
1090_sf4|1089_sf4|5
1090_sf4|1087_sf4|1
1091_sf4|1090_sf4|4
1091_sf4|1088_sf4|1
1092_sf4|1091_sf4|5
1093_sf4|1092_sf4|1
1093_sf4|1089_sf4|2
1094_sf4|1093_sf4|2
1095_sf4|1094_sf4|3
1095_sf4|1091_sf4|2
1096_sf4|1095_sf4|2
1097_sf4|1096_sf4|1
1098_sf4|1097_sf4|3
1098_sf4|1096_sf4|1
1099_sf4|1098_sf4|3
1100_sf4|1099_sf4|1
1101_sf4|1100_sf4|5
1102_sf4|1101_sf4|4
1103_sf4|1102_sf4|5
1104_sf4|1103_sf4|2
1105_sf4|1104_sf4|5
1106_sf4|1105_sf4|4
1107_sf4|1106_sf4|3
1108_sf4|1107_sf4|4
1108_sf4|1106_sf4|2
1109_sf4|1108_sf4|5
1110_sf4|1109_sf4|2
1111_sf4|1110_sf4|2
1112_sf4|1111_sf4|1
1112_sf4|1107_sf4|3
1113_sf4|1112_sf4|2
1114_sf4|1113_sf4|2
1115_sf4|1114_sf4|3
1116_sf4|1115_sf4|2
1117_sf4|1116_sf4|2
1118_sf4|1117_sf4|3
1118_sf4|1116_sf4|1
1119_sf4|1118_sf4|1
1120_sf4|1119_sf4|2
1121_sf4|1120_sf4|5
1122_sf4|1121_sf4|5
1122_sf4|1120_sf4|2
1123_sf4|1122_sf4|3
1123_sf4|1121_sf4|2
1124_sf4|1123_sf4|4
1125_sf4|1124_sf4|5
1126_sf4|1125_sf4|1
1127_sf4|1126_sf4|1
1128_sf4|1127_sf4|2
1128_sf4|1126_sf4|1
1129_sf4|1128_sf4|1
1129_sf4|1127_sf4|2
1130_sf4|1129_sf4|5
1131_sf4|1130_sf4|1
1132_sf4|1131_sf4|4
1133_sf4|1132_sf4|4
1133_sf4|1130_sf4|3
1134_sf4|1133_sf4|4
1135_sf4|1134_sf4|2
1136_sf4|1135_sf4|2
1137_sf4|1136_sf4|2
1137_sf4|1133_sf4|3
1138_sf4|1137_sf4|3
1138_sf4|1134_sf4|3
1139_sf4|1138_sf4|2
1139_sf4|1135_sf4|1
1140_sf4|1139_sf4|2
1140_sf4|1136_sf4|1
1141_sf4|1140_sf4|2
1142_sf4|1141_sf4|1
1142_sf4|1137_sf4|3
1143_sf4|1142_sf4|4
1143_sf4|1140_sf4|3
1144_sf4|1143_sf4|3
1145_sf4|1144_sf4|1
1145_sf4|1143_sf4|3
1146_sf4|1145_sf4|4
1147_sf4|1146_sf4|5
1148_sf4|1147_sf4|5
1148_sf4|1144_sf4|3
1149_sf4|1148_sf4|1
1149_sf4|1147_sf4|3
1150_sf4|1149_sf4|1
1151_sf4|1150_sf4|3
1152_sf4|1151_sf4|3
1152_sf4|1148_sf4|2
1153_sf4|1152_sf4|4
1154_sf4|1153_sf4|4
1154_sf4|1152_sf4|1
1155_sf4|1154_sf4|1
1156_sf4|1155_sf4|4
1156_sf4|1153_sf4|1
1157_sf4|1156_sf4|1
1158_sf4|1157_sf4|4
1159_sf4|1158_sf4|4
1159_sf4|1156_sf4|2
1160_sf4|1159_sf4|5
1161_sf4|1160_sf4|1
1161_sf4|1157_sf4|3
1162_sf4|1161_sf4|5
1163_sf4|1162_sf4|5
1164_sf4|1163_sf4|4
1164_sf4|1160_sf4|3
1165_sf4|1164_sf4|4
1166_sf4|1165_sf4|1
1167_sf4|1166_sf4|3
1168_sf4|1167_sf4|1
1169_sf4|1168_sf4|4
1169_sf4|1166_sf4|3
1170_sf4|1169_sf4|4
1170_sf4|1166_sf4|1
1171_sf4|1170_sf4|4
1172_sf4|1171_sf4|4
1173_sf4|1172_sf4|1
1174_sf4|1173_sf4|3
1175_sf4|1174_sf4|3
1175_sf4|1172_sf4|3
1176_sf4|1175_sf4|4
1176_sf4|1172_sf4|3
1177_sf4|1176_sf4|4
1178_sf4|1177_sf4|5
1179_sf4|1178_sf4|1
1179_sf4|1175_sf4|2
1180_sf4|1179_sf4|3
1181_sf4|1180_sf4|4
1181_sf4|1176_sf4|1
1182_sf4|1181_sf4|4
1183_sf4|1182_sf4|2
1184_sf4|1183_sf4|1
1185_sf4|1184_sf4|2
1186_sf4|1185_sf4|2
1186_sf4|1181_sf4|2
1187_sf4|1186_sf4|1
1187_sf4|1185_sf4|2
1188_sf4|1187_sf4|4
1189_sf4|1188_sf4|3
1190_sf4|1189_sf4|3
1191_sf4|1190_sf4|5
1191_sf4|1187_sf4|1
1192_sf4|1191_sf4|5
1193_sf4|1192_sf4|5
1193_sf4|1188_sf4|2
1194_sf4|1193_sf4|4
1195_sf4|1194_sf4|3
1195_sf4|1191_sf4|2
1196_sf4|1195_sf4|4
1196_sf4|1194_sf4|2
1197_sf4|1196_sf4|1
1197_sf4|1195_sf4|2
1198_sf4|1197_sf4|1
1199_sf4|1198_sf4|5
1200_sf4|1199_sf4|5
1201_sf4|1200_sf4|2
1202_sf4|1201_sf4|4
1202_sf4|1199_sf4|3
1203_sf4|1202_sf4|2
1204_sf4|1203_sf4|3
1205_sf4|1204_sf4|2
1206_sf4|1205_sf4|5
1207_sf4|1206_sf4|5
1208_sf4|1207_sf4|1
1209_sf4|1208_sf4|2
1210_sf4|1209_sf4|2
1211_sf4|1210_sf4|4
1211_sf4|1208_sf4|1
1212_sf4|1211_sf4|4
1213_sf4|1212_sf4|1
1214_sf4|1213_sf4|5
1215_sf4|1214_sf4|5
1215_sf4|1212_sf4|2
1216_sf4|1215_sf4|2
1216_sf4|1213_sf4|3
1217_sf4|1216_sf4|4
1218_sf4|1217_sf4|4
1219_sf4|1218_sf4|3
1220_sf4|1219_sf4|4
1221_sf4|1220_sf4|5
1221_sf4|1217_sf4|2
1222_sf4|1221_sf4|1
1222_sf4|1220_sf4|2
1223_sf4|1222_sf4|2
1224_sf4|1223_sf4|5
1225_sf4|1224_sf4|2
1226_sf4|1225_sf4|1
1227_sf4|1226_sf4|1
1228_sf4|1227_sf4|1
1229_sf4|1228_sf4|5
1229_sf4|1225_sf4|1
1230_sf4|1229_sf4|5
1230_sf4|1228_sf4|1
1231_sf4|1230_sf4|5
1231_sf4|1228_sf4|2
1232_sf4|1231_sf4|5
1233_sf4|1232_sf4|5
1234_sf4|1233_sf4|3
1235_sf4|1234_sf4|5
1236_sf4|1235_sf4|4
1236_sf4|1231_sf4|3
1237_sf4|1236_sf4|5
1238_sf4|1237_sf4|1
1239_sf4|1238_sf4|2
1240_sf4|1239_sf4|5
1241_sf4|1240_sf4|1
1242_sf4|1241_sf4|5
1243_sf4|1242_sf4|3
1243_sf4|1240_sf4|3
1244_sf4|1243_sf4|3
1244_sf4|1241_sf4|2
1245_sf4|1244_sf4|2
1246_sf4|1245_sf4|2
1247_sf4|1246_sf4|5
1247_sf4|1245_sf4|3
1248_sf4|1247_sf4|3
1249_sf4|1248_sf4|5
1249_sf4|1247_sf4|2
1250_sf4|1249_sf4|4
1251_sf4|1250_sf4|5
1252_sf4|1251_sf4|2
1252_sf4|1249_sf4|2
1253_sf4|1252_sf4|2
1253_sf4|1248_sf4|2
1254_sf4|1253_sf4|2
1255_sf4|1254_sf4|4
1256_sf4|1255_sf4|5
1257_sf4|1256_sf4|1
1257_sf4|1254_sf4|1
1258_sf4|1257_sf4|4
1259_sf4|1258_sf4|2
1260_sf4|1259_sf4|3
1261_sf4|1260_sf4|2
1262_sf4|1261_sf4|3
1262_sf4|1257_sf4|3
1263_sf4|1262_sf4|2
1263_sf4|1261_sf4|1
1264_sf4|1263_sf4|3
1265_sf4|1264_sf4|5
1266_sf4|1265_sf4|3
1267_sf4|1266_sf4|4
1268_sf4|1267_sf4|4
1269_sf4|1268_sf4|5
1269_sf4|1267_sf4|2
1270_sf4|1269_sf4|5
1271_sf4|1270_sf4|4
1271_sf4|1266_sf4|3
1272_sf4|1271_sf4|5
1273_sf4|1272_sf4|4
1274_sf4|1273_sf4|4
1275_sf4|1274_sf4|4
1276_sf4|1275_sf4|5
1277_sf4|1276_sf4|3
1277_sf4|1272_sf4|2
1278_sf4|1277_sf4|3
1278_sf4|1273_sf4|1
1279_sf4|1278_sf4|5
1280_sf4|1279_sf4|5
1281_sf4|1280_sf4|4
1282_sf4|1281_sf4|2
1283_sf4|1282_sf4|3
1284_sf4|1283_sf4|3
1284_sf4|1281_sf4|3
1285_sf4|1284_sf4|1
1286_sf4|1285_sf4|5
1286_sf4|1282_sf4|3
1287_sf4|1286_sf4|5
1288_sf4|1287_sf4|5
1288_sf4|1283_sf4|3
1289_sf4|1288_sf4|3
1289_sf4|1284_sf4|1
1290_sf4|1289_sf4|3
1290_sf4|1288_sf4|1
1291_sf4|1290_sf4|5
1292_sf4|1291_sf4|5
1292_sf4|1288_sf4|3
1293_sf4|1292_sf4|2
1294_sf4|1293_sf4|3
1294_sf4|1289_sf4|2
1295_sf4|1294_sf4|3
1296_sf4|1295_sf4|4
1297_sf4|1296_sf4|3
1298_sf4|1297_sf4|4
1299_sf4|1298_sf4|3
1299_sf4|1296_sf4|2
1300_sf4|1299_sf4|2
1301_sf4|1300_sf4|3
1301_sf4|1297_sf4|3
1302_sf4|1301_sf4|5
1303_sf4|1302_sf4|2
1303_sf4|1298_sf4|3
1304_sf4|1303_sf4|3
1305_sf4|1304_sf4|2
1306_sf4|1305_sf4|2
1306_sf4|1301_sf4|2
1307_sf4|1306_sf4|3
1307_sf4|1304_sf4|1
1308_sf4|1307_sf4|5
1309_sf4|1308_sf4|5
1310_sf4|1309_sf4|4
1311_sf4|1310_sf4|5
1311_sf4|1307_sf4|3
1312_sf4|1311_sf4|5
1313_sf4|1312_sf4|4
1314_sf4|1313_sf4|4
1315_sf4|1314_sf4|1
1316_sf4|1315_sf4|3
1317_sf4|1316_sf4|4
1318_sf4|1317_sf4|2
1319_sf4|1318_sf4|4
1319_sf4|1317_sf4|3
1320_sf4|1319_sf4|5
1320_sf4|1315_sf4|1
1321_sf4|1320_sf4|3
1321_sf4|1317_sf4|2
1322_sf4|1321_sf4|4
1323_sf4|1322_sf4|5
1324_sf4|1323_sf4|1
1325_sf4|1324_sf4|2
1325_sf4|1320_sf4|3
1326_sf4|1325_sf4|1
1326_sf4|1324_sf4|3
1327_sf4|1326_sf4|5
1327_sf4|1322_sf4|1
1328_sf4|1327_sf4|2
1329_sf4|1328_sf4|2
1330_sf4|1329_sf4|5
1331_sf4|1330_sf4|4
1332_sf4|1331_sf4|3
1333_sf4|1332_sf4|5
1333_sf4|1329_sf4|1
1334_sf4|1333_sf4|5
1335_sf4|1334_sf4|2
1336_sf4|1335_sf4|1
1337_sf4|1336_sf4|5
1338_sf4|1337_sf4|1
1339_sf4|1338_sf4|1
1340_sf4|1339_sf4|5
1341_sf4|1340_sf4|4
1342_sf4|1341_sf4|1
1343_sf4|1342_sf4|4
1344_sf4|1343_sf4|5
1345_sf4|1344_sf4|3
1346_sf4|1345_sf4|5
1347_sf4|1346_sf4|5
1348_sf4|1347_sf4|3
1349_sf4|1348_sf4|4
1350_sf4|1349_sf4|2
1351_sf4|1350_sf4|1
1351_sf4|1349_sf4|1
1352_sf4|1351_sf4|4
1353_sf4|1352_sf4|2
1354_sf4|1353_sf4|3
1355_sf4|1354_sf4|3
1356_sf4|1355_sf4|5
1357_sf4|1356_sf4|2
1357_sf4|1354_sf4|1
1358_sf4|1357_sf4|5
1358_sf4|1356_sf4|2
1359_sf4|1358_sf4|3
1360_sf4|1359_sf4|5
1361_sf4|1360_sf4|3
1362_sf4|1361_sf4|2
1363_sf4|1362_sf4|5
1364_sf4|1363_sf4|3
1365_sf4|1364_sf4|2
1366_sf4|1365_sf4|2
1367_sf4|1366_sf4|5
1367_sf4|1365_sf4|2
1368_sf4|1367_sf4|3
1369_sf4|1368_sf4|2
1370_sf4|1369_sf4|5
1371_sf4|1370_sf4|2
1372_sf4|1371_sf4|5
1372_sf4|1369_sf4|1
1373_sf4|1372_sf4|5
1374_sf4|1373_sf4|5
1374_sf4|1370_sf4|1
1375_sf4|1374_sf4|3
1376_sf4|1375_sf4|5
1377_sf4|1376_sf4|2
1377_sf4|1372_sf4|3
1378_sf4|1377_sf4|1
1379_sf4|1378_sf4|1
1380_sf4|1379_sf4|4
1381_sf4|1380_sf4|2
1382_sf4|1381_sf4|2
1383_sf4|1382_sf4|5
1383_sf4|1379_sf4|2
1384_sf4|1383_sf4|2
1385_sf4|1384_sf4|1
1386_sf4|1385_sf4|4
1387_sf4|1386_sf4|2
1388_sf4|1387_sf4|2
1389_sf4|1388_sf4|4
1390_sf4|1389_sf4|4
1390_sf4|1386_sf4|2
1391_sf4|1390_sf4|3
1391_sf4|1388_sf4|2
1392_sf4|1391_sf4|2
1393_sf4|1392_sf4|4
1393_sf4|1389_sf4|3
1394_sf4|1393_sf4|2
1394_sf4|1389_sf4|3
1395_sf4|1394_sf4|4
1396_sf4|1395_sf4|4
1396_sf4|1391_sf4|3
1397_sf4|1396_sf4|3
1398_sf4|1397_sf4|4
1398_sf4|1393_sf4|3
1399_sf4|1398_sf4|2
1400_sf4|1399_sf4|3
1401_sf4|1400_sf4|3
1402_sf4|1401_sf4|1
1403_sf4|1402_sf4|3
1403_sf4|1399_sf4|3
1404_sf4|1403_sf4|5
1405_sf4|1404_sf4|4
1406_sf4|1405_sf4|1
1407_sf4|1406_sf4|5
1407_sf4|1403_sf4|2
1408_sf4|1407_sf4|3
1409_sf4|1408_sf4|1
1410_sf4|1409_sf4|5
1411_sf4|1410_sf4|4
1412_sf4|1411_sf4|2
1413_sf4|1412_sf4|1
1414_sf4|1413_sf4|3
1415_sf4|1414_sf4|2
1415_sf4|1412_sf4|1
1416_sf4|1415_sf4|1
1417_sf4|1416_sf4|5
1417_sf4|1415_sf4|2
1418_sf4|1417_sf4|2
1419_sf4|1418_sf4|1
1419_sf4|1416_sf4|2
1420_sf4|1419_sf4|5
1421_sf4|1420_sf4|1
1422_sf4|1421_sf4|3
1422_sf4|1417_sf4|3
1423_sf4|1422_sf4|1
1424_sf4|1423_sf4|4
1425_sf4|1424_sf4|1
1426_sf4|1425_sf4|4
1427_sf4|1426_sf4|1
1428_sf4|1427_sf4|5
1428_sf4|1426_sf4|3
1429_sf4|1428_sf4|1
1430_sf4|1429_sf4|1
1430_sf4|1426_sf4|1
1431_sf4|1430_sf4|5
1432_sf4|1431_sf4|5
1433_sf4|1432_sf4|2
1434_sf4|1433_sf4|5
1435_sf4|1434_sf4|4
1436_sf4|1435_sf4|1
1437_sf4|1436_sf4|1
1438_sf4|1437_sf4|1
1439_sf4|1438_sf4|5
1440_sf4|1439_sf4|1
1440_sf4|1437_sf4|1
1441_sf4|1440_sf4|5
1442_sf4|1441_sf4|2
1443_sf4|1442_sf4|5
1444_sf4|1443_sf4|3
1444_sf4|1439_sf4|2
1445_sf4|1444_sf4|5
1445_sf4|1441_sf4|2
1446_sf4|1445_sf4|5
1447_sf4|1446_sf4|2
1447_sf4|1442_sf4|1
1448_sf4|1447_sf4|1
1449_sf4|1448_sf4|3
1450_sf4|1449_sf4|5
1450_sf4|1448_sf4|3
1451_sf4|1450_sf4|4
1452_sf4|1451_sf4|4
1453_sf4|1452_sf4|5
1454_sf4|1453_sf4|5
1455_sf4|1454_sf4|3
1456_sf4|1455_sf4|3
1457_sf4|1456_sf4|1
1458_sf4|1457_sf4|5
1459_sf4|1458_sf4|1
1460_sf4|1459_sf4|3
1461_sf4|1460_sf4|2
1462_sf4|1461_sf4|5
1463_sf4|1462_sf4|5
1464_sf4|1463_sf4|5
1464_sf4|1462_sf4|2
1465_sf4|1464_sf4|5
1466_sf4|1465_sf4|3
1467_sf4|1466_sf4|3
1468_sf4|1467_sf4|1
1468_sf4|1465_sf4|1
1469_sf4|1468_sf4|2
1470_sf4|1469_sf4|3
1470_sf4|1468_sf4|1
1471_sf4|1470_sf4|4
1472_sf4|1471_sf4|1
1473_sf4|1472_sf4|1
1474_sf4|1473_sf4|3
1475_sf4|1474_sf4|2
1475_sf4|1470_sf4|2
1476_sf4|1475_sf4|1
1477_sf4|1476_sf4|3
1477_sf4|1472_sf4|1
1478_sf4|1477_sf4|2
1479_sf4|1478_sf4|4
1479_sf4|1474_sf4|1
1480_sf4|1479_sf4|4
1481_sf4|1480_sf4|2
1482_sf4|1481_sf4|2
1483_sf4|1482_sf4|1
1483_sf4|1481_sf4|3
1484_sf4|1483_sf4|1
1485_sf4|1484_sf4|4
1486_sf4|1485_sf4|1
1487_sf4|1486_sf4|3
1488_sf4|1487_sf4|1
1488_sf4|1483_sf4|2
1489_sf4|1488_sf4|3
1490_sf4|1489_sf4|1
1491_sf4|1490_sf4|5
1492_sf4|1491_sf4|4
1493_sf4|1492_sf4|1
1494_sf4|1493_sf4|5
1495_sf4|1494_sf4|3
1496_sf4|1495_sf4|4
1497_sf4|1496_sf4|3
1497_sf4|1494_sf4|2
1498_sf4|1497_sf4|2
1499_sf4|1498_sf4|3
1500_sf4|1499_sf4|3
1501_sf4|1500_sf4|1
1502_sf4|1501_sf4|4
1503_sf4|1502_sf4|2
1504_sf4|1503_sf4|2
1505_sf4|1504_sf4|2
1506_sf4|1505_sf4|5
1507_sf4|1506_sf4|5
1508_sf4|1507_sf4|5
1508_sf4|1503_sf4|3
1509_sf4|1508_sf4|4
1509_sf4|1507_sf4|3
1510_sf4|1509_sf4|5
1510_sf4|1506_sf4|2
1511_sf4|1510_sf4|2
1512_sf4|1511_sf4|2
1513_sf4|1512_sf4|3
1514_sf4|1513_sf4|5
1514_sf4|1510_sf4|1
1515_sf4|1514_sf4|2
1516_sf4|1515_sf4|4
1517_sf4|1516_sf4|3
1517_sf4|1512_sf4|2
1518_sf4|1517_sf4|5
1518_sf4|1514_sf4|1
1519_sf4|1518_sf4|5
1520_sf4|1519_sf4|2
1521_sf4|1520_sf4|2
1522_sf4|1521_sf4|1
1523_sf4|1522_sf4|5
1524_sf4|1523_sf4|1
1525_sf4|1524_sf4|5
1526_sf4|1525_sf4|3
1526_sf4|1524_sf4|2
1527_sf4|1526_sf4|2
1528_sf4|1527_sf4|3
1529_sf4|1528_sf4|2
1530_sf4|1529_sf4|5
1530_sf4|1525_sf4|3
1531_sf4|1530_sf4|1
1532_sf4|1531_sf4|1
1532_sf4|1529_sf4|1
1533_sf4|1532_sf4|1
1534_sf4|1533_sf4|2
1534_sf4|1532_sf4|3
1535_sf4|1534_sf4|2
1535_sf4|1531_sf4|1
1536_sf4|1535_sf4|2
1537_sf4|1536_sf4|3
1538_sf4|1537_sf4|5
1539_sf4|1538_sf4|2
1540_sf4|1539_sf4|4
1541_sf4|1540_sf4|1
1542_sf4|1541_sf4|1
1543_sf4|1542_sf4|1
1544_sf4|1543_sf4|2
1544_sf4|1540_sf4|2
1545_sf4|1544_sf4|3
1545_sf4|1542_sf4|3
1546_sf4|1545_sf4|3
1546_sf4|1543_sf4|3
1547_sf4|1546_sf4|3
1548_sf4|1547_sf4|3
1549_sf4|1548_sf4|2
1550_sf4|1549_sf4|3
1551_sf4|1550_sf4|4
1552_sf4|1551_sf4|1
1553_sf4|1552_sf4|3
1553_sf4|1548_sf4|3
1554_sf4|1553_sf4|5
1555_sf4|1554_sf4|3
1556_sf4|1555_sf4|3
1557_sf4|1556_sf4|1
1558_sf4|1557_sf4|3
1559_sf4|1558_sf4|1
1560_sf4|1559_sf4|5
1561_sf4|1560_sf4|1
1562_sf4|1561_sf4|1
1563_sf4|1562_sf4|5
1564_sf4|1563_sf4|4
1565_sf4|1564_sf4|4
1566_sf4|1565_sf4|3
1567_sf4|1566_sf4|2
1567_sf4|1565_sf4|3
1568_sf4|1567_sf4|5
1569_sf4|1568_sf4|2
1569_sf4|1567_sf4|2
1570_sf4|1569_sf4|2
1570_sf4|1565_sf4|2
1571_sf4|1570_sf4|4
1572_sf4|1571_sf4|3
1573_sf4|1572_sf4|2
1574_sf4|1573_sf4|5
1575_sf4|1574_sf4|1
1576_sf4|1575_sf4|5
1576_sf4|1573_sf4|3
1577_sf4|1576_sf4|5
1578_sf4|1577_sf4|3
1579_sf4|1578_sf4|5
1580_sf4|1579_sf4|5
1581_sf4|1580_sf4|5
1582_sf4|1581_sf4|5
1583_sf4|1582_sf4|4
1584_sf4|1583_sf4|1
1585_sf4|1584_sf4|1
1586_sf4|1585_sf4|5
1587_sf4|1586_sf4|3
1588_sf4|1587_sf4|3
1589_sf4|1588_sf4|4
1590_sf4|1589_sf4|4
1591_sf4|1590_sf4|3
1591_sf4|1587_sf4|2
1592_sf4|1591_sf4|1
1593_sf4|1592_sf4|3
1593_sf4|1588_sf4|3
1594_sf4|1593_sf4|3
1594_sf4|1590_sf4|2
1595_sf4|1594_sf4|1
1596_sf4|1595_sf4|1
1597_sf4|1596_sf4|2
1598_sf4|1597_sf4|2
1598_sf4|1593_sf4|3
1599_sf4|1598_sf4|3
1599_sf4|1597_sf4|2
1600_sf4|1599_sf4|4
1601_sf4|1600_sf4|4
1602_sf4|1601_sf4|3
1603_sf4|1602_sf4|5
1604_sf4|1603_sf4|5
1604_sf4|1601_sf4|3
1605_sf4|1604_sf4|2
1606_sf4|1605_sf4|4
1607_sf4|1606_sf4|5
1608_sf4|1607_sf4|2
1608_sf4|1604_sf4|3
1609_sf4|1608_sf4|5
1609_sf4|1605_sf4|2
1610_sf4|1609_sf4|1
1610_sf4|1606_sf4|3
1611_sf4|1610_sf4|5
1611_sf4|1609_sf4|2
1612_sf4|1611_sf4|2
1612_sf4|1607_sf4|1
1613_sf4|1612_sf4|1
1614_sf4|1613_sf4|5
1614_sf4|1610_sf4|2
1615_sf4|1614_sf4|3
1616_sf4|1615_sf4|3
1617_sf4|1616_sf4|2
1618_sf4|1617_sf4|1
1618_sf4|1616_sf4|3
1619_sf4|1618_sf4|2
1620_sf4|1619_sf4|3
1620_sf4|1618_sf4|3
1621_sf4|1620_sf4|2
1622_sf4|1621_sf4|3
1623_sf4|1622_sf4|3
1624_sf4|1623_sf4|5
1625_sf4|1624_sf4|1
1626_sf4|1625_sf4|1
1627_sf4|1626_sf4|4
1628_sf4|1627_sf4|3
1628_sf4|1626_sf4|1
1629_sf4|1628_sf4|2
1630_sf4|1629_sf4|5
1631_sf4|1630_sf4|5
1631_sf4|1627_sf4|1
1632_sf4|1631_sf4|2
1633_sf4|1632_sf4|3
1633_sf4|1629_sf4|3
1634_sf4|1633_sf4|3
1635_sf4|1634_sf4|3
1636_sf4|1635_sf4|4
1636_sf4|1632_sf4|3
1637_sf4|1636_sf4|2
1638_sf4|1637_sf4|4
1638_sf4|1635_sf4|1
1639_sf4|1638_sf4|5
1640_sf4|1639_sf4|4
1640_sf4|1638_sf4|3
1641_sf4|1640_sf4|2
1641_sf4|1636_sf4|2
1642_sf4|1641_sf4|5
1642_sf4|1638_sf4|2
1643_sf4|1642_sf4|1
1644_sf4|1643_sf4|3
1645_sf4|1644_sf4|5
1646_sf4|1645_sf4|4
1646_sf4|1642_sf4|3
1647_sf4|1646_sf4|4
1647_sf4|1643_sf4|2
1648_sf4|1647_sf4|2
1648_sf4|1644_sf4|3
1649_sf4|1648_sf4|1
1650_sf4|1649_sf4|2
1651_sf4|1650_sf4|4
1651_sf4|1647_sf4|1
1652_sf4|1651_sf4|1
1653_sf4|1652_sf4|1
1654_sf4|1653_sf4|2
1655_sf4|1654_sf4|3
1655_sf4|1653_sf4|2
1656_sf4|1655_sf4|5
1657_sf4|1656_sf4|1
1657_sf4|1653_sf4|3
1658_sf4|1657_sf4|4
1659_sf4|1658_sf4|4
1660_sf4|1659_sf4|5
1661_sf4|1660_sf4|3
1662_sf4|1661_sf4|4
1662_sf4|1658_sf4|3
1663_sf4|1662_sf4|2
1664_sf4|1663_sf4|3
1664_sf4|1659_sf4|2
1665_sf4|1664_sf4|1
1665_sf4|1660_sf4|2
1666_sf4|1665_sf4|1
1667_sf4|1666_sf4|4
1668_sf4|1667_sf4|4
1669_sf4|1668_sf4|1
1670_sf4|1669_sf4|1
1671_sf4|1670_sf4|1
1672_sf4|1671_sf4|4
1673_sf4|1672_sf4|1
1674_sf4|1673_sf4|4
1675_sf4|1674_sf4|5
1675_sf4|1671_sf4|1
1676_sf4|1675_sf4|2
1676_sf4|1673_sf4|2
1677_sf4|1676_sf4|5
1677_sf4|1673_sf4|3
1678_sf4|1677_sf4|1
1679_sf4|1678_sf4|5
1680_sf4|1679_sf4|2
1681_sf4|1680_sf4|5
1682_sf4|1681_sf4|5
1683_sf4|1682_sf4|3
1684_sf4|1683_sf4|4
1685_sf4|1684_sf4|2
1685_sf4|1682_sf4|2
1686_sf4|1685_sf4|5
1687_sf4|1686_sf4|2
1688_sf4|1687_sf4|3
1688_sf4|1685_sf4|2
1689_sf4|1688_sf4|1
1690_sf4|1689_sf4|4
1691_sf4|1690_sf4|4
1692_sf4|1691_sf4|1
1692_sf4|1688_sf4|3
1693_sf4|1692_sf4|3
1694_sf4|1693_sf4|1
1695_sf4|1694_sf4|2
1695_sf4|1693_sf4|1
1696_sf4|1695_sf4|2
1696_sf4|1691_sf4|1
1697_sf4|1696_sf4|5
1698_sf4|1697_sf4|3
1698_sf4|1696_sf4|3
1699_sf4|1698_sf4|1
1700_sf4|1699_sf4|5
1701_sf4|1700_sf4|2
1702_sf4|1701_sf4|1
1702_sf4|1699_sf4|2
1703_sf4|1702_sf4|5
1704_sf4|1703_sf4|2
1705_sf4|1704_sf4|4
1705_sf4|1700_sf4|1
1706_sf4|1705_sf4|2
1706_sf4|1701_sf4|3
1707_sf4|1706_sf4|1
1708_sf4|1707_sf4|3
1709_sf4|1708_sf4|1
1709_sf4|1707_sf4|1
1710_sf4|1709_sf4|4
1711_sf4|1710_sf4|4
1711_sf4|1707_sf4|2
1712_sf4|1711_sf4|2
1713_sf4|1712_sf4|2
1713_sf4|1711_sf4|3
1714_sf4|1713_sf4|4
1714_sf4|1709_sf4|3
1715_sf4|1714_sf4|4
1715_sf4|1710_sf4|3
1716_sf4|1715_sf4|2
1717_sf4|1716_sf4|1
1717_sf4|1712_sf4|1
1718_sf4|1717_sf4|4
1718_sf4|1714_sf4|3
1719_sf4|1718_sf4|2
1719_sf4|1714_sf4|3
1720_sf4|1719_sf4|1
1720_sf4|1717_sf4|3
1721_sf4|1720_sf4|4
1722_sf4|1721_sf4|1
1722_sf4|1717_sf4|2
1723_sf4|1722_sf4|5
1724_sf4|1723_sf4|2
1725_sf4|1724_sf4|1
1725_sf4|1720_sf4|2
1726_sf4|1725_sf4|4
1727_sf4|1726_sf4|4
1727_sf4|1723_sf4|3
1728_sf4|1727_sf4|2
1729_sf4|1728_sf4|1
1730_sf4|1729_sf4|4
1731_sf4|1730_sf4|3
1732_sf4|1731_sf4|4
1733_sf4|1732_sf4|5
1734_sf4|1733_sf4|1
1734_sf4|1731_sf4|3
1735_sf4|1734_sf4|5
1735_sf4|1730_sf4|1
1736_sf4|1735_sf4|3
1737_sf4|1736_sf4|1
1738_sf4|1737_sf4|3
1739_sf4|1738_sf4|1
1739_sf4|1737_sf4|1
1740_sf4|1739_sf4|3
1741_sf4|1740_sf4|5
1742_sf4|1741_sf4|4
1743_sf4|1742_sf4|2
1744_sf4|1743_sf4|5
1745_sf4|1744_sf4|4
1746_sf4|1745_sf4|4
1746_sf4|1744_sf4|3
1747_sf4|1746_sf4|4
1748_sf4|1747_sf4|3
1749_sf4|1748_sf4|3
1750_sf4|1749_sf4|4
1751_sf4|1750_sf4|3
1752_sf4|1751_sf4|3
1752_sf4|1748_sf4|3
1753_sf4|1752_sf4|3
1754_sf4|1753_sf4|1
1755_sf4|1754_sf4|5
1756_sf4|1755_sf4|4
1757_sf4|1756_sf4|1
1758_sf4|1757_sf4|5
1758_sf4|1753_sf4|3
1759_sf4|1758_sf4|1
1760_sf4|1759_sf4|3
1760_sf4|1756_sf4|1
1761_sf4|1760_sf4|1
1762_sf4|1761_sf4|5
1763_sf4|1762_sf4|3
1764_sf4|1763_sf4|2
1764_sf4|1762_sf4|1
1765_sf4|1764_sf4|4
1766_sf4|1765_sf4|2
1767_sf4|1766_sf4|2
1767_sf4|1762_sf4|1
1768_sf4|1767_sf4|4
1768_sf4|1763_sf4|2
1769_sf4|1768_sf4|2
1770_sf4|1769_sf4|1
1771_sf4|1770_sf4|4
1772_sf4|1771_sf4|5
1773_sf4|1772_sf4|1
1773_sf4|1768_sf4|2
1774_sf4|1773_sf4|1
1775_sf4|1774_sf4|4
1775_sf4|1770_sf4|1
1776_sf4|1775_sf4|1
1777_sf4|1776_sf4|2
1777_sf4|1774_sf4|2
1778_sf4|1777_sf4|3
1779_sf4|1778_sf4|4
1780_sf4|1779_sf4|4
1781_sf4|1780_sf4|4
1782_sf4|1781_sf4|3
1783_sf4|1782_sf4|3
1783_sf4|1780_sf4|2
1784_sf4|1783_sf4|5
1785_sf4|1784_sf4|4
1785_sf4|1780_sf4|2
1786_sf4|1785_sf4|1
1787_sf4|1786_sf4|4
1787_sf4|1785_sf4|1
1788_sf4|1787_sf4|3
1789_sf4|1788_sf4|4
1790_sf4|1789_sf4|3
1790_sf4|1786_sf4|2
1791_sf4|1790_sf4|5
1791_sf4|1787_sf4|3
1792_sf4|1791_sf4|5
1793_sf4|1792_sf4|1
1793_sf4|1788_sf4|1
1794_sf4|1793_sf4|4
1795_sf4|1794_sf4|2
1795_sf4|1792_sf4|2
1796_sf4|1795_sf4|5
1797_sf4|1796_sf4|4
1798_sf4|1797_sf4|4
1799_sf4|1798_sf4|4
1799_sf4|1796_sf4|1
1800_sf4|1799_sf4|5
1801_sf4|1800_sf4|3
1802_sf4|1801_sf4|5
1803_sf4|1802_sf4|5
1804_sf4|1803_sf4|2
1804_sf4|1799_sf4|1
1805_sf4|1804_sf4|1
1806_sf4|1805_sf4|1
1807_sf4|1806_sf4|5
1808_sf4|1807_sf4|4
1809_sf4|1808_sf4|4
1809_sf4|1806_sf4|1
1810_sf4|1809_sf4|5
1811_sf4|1810_sf4|3
1812_sf4|1811_sf4|5
1812_sf4|1808_sf4|2
1813_sf4|1812_sf4|5
1814_sf4|1813_sf4|5
1814_sf4|1811_sf4|2
1815_sf4|1814_sf4|4
1816_sf4|1815_sf4|1
1817_sf4|1816_sf4|5
1818_sf4|1817_sf4|5
1819_sf4|1818_sf4|4
1819_sf4|1816_sf4|2
1820_sf4|1819_sf4|5
1821_sf4|1820_sf4|5
1822_sf4|1821_sf4|1
1823_sf4|1822_sf4|4
1824_sf4|1823_sf4|4
1825_sf4|1824_sf4|1
1826_sf4|1825_sf4|4
1826_sf4|1821_sf4|1
1827_sf4|1826_sf4|2
1828_sf4|1827_sf4|3
1828_sf4|1824_sf4|3
1829_sf4|1828_sf4|1
1829_sf4|1825_sf4|3
1830_sf4|1829_sf4|3
1830_sf4|1825_sf4|3
1831_sf4|1830_sf4|3
1832_sf4|1831_sf4|3
1833_sf4|1832_sf4|4
1834_sf4|1833_sf4|5
1835_sf4|1834_sf4|1
1836_sf4|1835_sf4|4
1837_sf4|1836_sf4|3
1838_sf4|1837_sf4|5
1839_sf4|1838_sf4|1
1839_sf4|1834_sf4|1
1840_sf4|1839_sf4|5
1840_sf4|1835_sf4|1
1841_sf4|1840_sf4|1
1842_sf4|1841_sf4|2
1842_sf4|1838_sf4|2
1843_sf4|1842_sf4|2
1844_sf4|1843_sf4|1
1844_sf4|1841_sf4|2
1845_sf4|1844_sf4|4
1846_sf4|1845_sf4|3
1847_sf4|1846_sf4|3
1848_sf4|1847_sf4|5
1849_sf4|1848_sf4|5
1850_sf4|1849_sf4|2
1851_sf4|1850_sf4|3
1852_sf4|1851_sf4|4
1853_sf4|1852_sf4|1
1853_sf4|1850_sf4|1
1854_sf4|1853_sf4|1
1854_sf4|1852_sf4|2
1855_sf4|1854_sf4|5
1856_sf4|1855_sf4|5
1857_sf4|1856_sf4|3
1858_sf4|1857_sf4|2
1859_sf4|1858_sf4|5
1859_sf4|1855_sf4|3
1860_sf4|1859_sf4|4
1860_sf4|1856_sf4|3
1861_sf4|1860_sf4|5
1861_sf4|1856_sf4|2
1862_sf4|1861_sf4|3
1863_sf4|1862_sf4|2
1863_sf4|1859_sf4|3
1864_sf4|1863_sf4|3
1865_sf4|1864_sf4|3
1865_sf4|1860_sf4|2
1866_sf4|1865_sf4|3
1867_sf4|1866_sf4|3
1868_sf4|1867_sf4|3
1868_sf4|1866_sf4|1
1869_sf4|1868_sf4|4
1870_sf4|1869_sf4|3
1871_sf4|1870_sf4|4
1872_sf4|1871_sf4|4
1872_sf4|1867_sf4|2
1873_sf4|1872_sf4|3
1873_sf4|1869_sf4|3
1874_sf4|1873_sf4|2
1875_sf4|1874_sf4|3
1876_sf4|1875_sf4|4
1877_sf4|1876_sf4|5
1878_sf4|1877_sf4|4
1878_sf4|1873_sf4|3
1879_sf4|1878_sf4|5
1880_sf4|1879_sf4|5
1880_sf4|1875_sf4|2
1881_sf4|1880_sf4|5
1882_sf4|1881_sf4|2
1882_sf4|1880_sf4|1
1883_sf4|1882_sf4|5
1884_sf4|1883_sf4|2
1885_sf4|1884_sf4|4
1885_sf4|1882_sf4|1
1886_sf4|1885_sf4|4
1887_sf4|1886_sf4|1
1888_sf4|1887_sf4|5
1889_sf4|1888_sf4|5
1890_sf4|1889_sf4|4
1891_sf4|1890_sf4|2
1891_sf4|1889_sf4|1
1892_sf4|1891_sf4|3
1892_sf4|1890_sf4|2
1893_sf4|1892_sf4|5
1894_sf4|1893_sf4|5
1895_sf4|1894_sf4|1
1896_sf4|1895_sf4|4
1896_sf4|1894_sf4|3
1897_sf4|1896_sf4|3
1898_sf4|1897_sf4|1
1898_sf4|1896_sf4|3
1899_sf4|1898_sf4|1
1899_sf4|1895_sf4|3
1900_sf4|1899_sf4|3
1901_sf4|1900_sf4|2
1901_sf4|1898_sf4|2
1902_sf4|1901_sf4|2
1903_sf4|1902_sf4|4
1904_sf4|1903_sf4|2
1905_sf4|1904_sf4|4
1905_sf4|1903_sf4|2
1906_sf4|1905_sf4|3
1907_sf4|1906_sf4|1
1908_sf4|1907_sf4|2
1909_sf4|1908_sf4|1
1909_sf4|1905_sf4|1
1910_sf4|1909_sf4|3
1911_sf4|1910_sf4|1
1912_sf4|1911_sf4|4
1913_sf4|1912_sf4|2
1913_sf4|1908_sf4|1
1914_sf4|1913_sf4|3
1915_sf4|1914_sf4|5
1916_sf4|1915_sf4|3
1916_sf4|1911_sf4|2
1917_sf4|1916_sf4|4
1917_sf4|1915_sf4|3
1918_sf4|1917_sf4|1
1918_sf4|1914_sf4|3
1919_sf4|1918_sf4|3
1920_sf4|1919_sf4|2
1921_sf4|1920_sf4|2
1922_sf4|1921_sf4|2
1923_sf4|1922_sf4|4
1924_sf4|1923_sf4|1
1925_sf4|1924_sf4|4
1926_sf4|1925_sf4|4
1926_sf4|1922_sf4|3
1927_sf4|1926_sf4|5
1928_sf4|1927_sf4|1
1929_sf4|1928_sf4|3
1929_sf4|1927_sf4|2
1930_sf4|1929_sf4|1
1930_sf4|1926_sf4|2
1931_sf4|1930_sf4|5
1932_sf4|1931_sf4|3
1932_sf4|1928_sf4|1
1933_sf4|1932_sf4|4
1933_sf4|1929_sf4|3
1934_sf4|1933_sf4|3
1934_sf4|1930_sf4|3
1935_sf4|1934_sf4|3
1936_sf4|1935_sf4|4
1936_sf4|1932_sf4|3
1937_sf4|1936_sf4|3
1938_sf4|1937_sf4|2
1939_sf4|1938_sf4|2
1940_sf4|1939_sf4|4
1941_sf4|1940_sf4|1
1941_sf4|1936_sf4|2
1942_sf4|1941_sf4|1
1943_sf4|1942_sf4|3
1944_sf4|1943_sf4|3
1945_sf4|1944_sf4|4
1946_sf4|1945_sf4|1
1947_sf4|1946_sf4|2
1948_sf4|1947_sf4|3
1949_sf4|1948_sf4|2
1950_sf4|1949_sf4|3
1951_sf4|1950_sf4|2
1952_sf4|1951_sf4|3
1952_sf4|1948_sf4|2
1953_sf4|1952_sf4|4
1954_sf4|1953_sf4|4
1955_sf4|1954_sf4|4
1956_sf4|1955_sf4|3
1957_sf4|1956_sf4|2
1958_sf4|1957_sf4|5
1959_sf4|1958_sf4|5
1960_sf4|1959_sf4|1
1960_sf4|1957_sf4|3
1961_sf4|1960_sf4|4
1962_sf4|1961_sf4|4
1963_sf4|1962_sf4|1
1963_sf4|1960_sf4|2
1964_sf4|1963_sf4|1
1964_sf4|1961_sf4|1
1965_sf4|1964_sf4|2
1966_sf4|1965_sf4|1
1967_sf4|1966_sf4|1
1968_sf4|1967_sf4|2
1969_sf4|1968_sf4|3
1969_sf4|1966_sf4|2
1970_sf4|1969_sf4|4
1971_sf4|1970_sf4|1
1972_sf4|1971_sf4|4
1972_sf4|1968_sf4|3
1973_sf4|1972_sf4|5
1973_sf4|1970_sf4|1
1974_sf4|1973_sf4|3
1974_sf4|1972_sf4|2
1975_sf4|1974_sf4|4
1976_sf4|1975_sf4|5
1977_sf4|1976_sf4|5
1977_sf4|1975_sf4|1
1978_sf4|1977_sf4|2
1978_sf4|1975_sf4|1
1979_sf4|1978_sf4|2
1980_sf4|1979_sf4|1
1981_sf4|1980_sf4|5
1981_sf4|1978_sf4|2
1982_sf4|1981_sf4|1
1983_sf4|1982_sf4|4
1984_sf4|1983_sf4|4
1985_sf4|1984_sf4|2
1986_sf4|1985_sf4|5
1987_sf4|1986_sf4|2
1987_sf4|1985_sf4|2
1988_sf4|1987_sf4|4
1988_sf4|1985_sf4|2
1989_sf4|1988_sf4|4
1990_sf4|1989_sf4|5
1991_sf4|1990_sf4|1
1991_sf4|1986_sf4|3
1992_sf4|1991_sf4|4
1993_sf4|1992_sf4|5
1994_sf4|1993_sf4|4
1995_sf4|1994_sf4|2
1996_sf4|1995_sf4|5
1996_sf4|1992_sf4|1
1997_sf4|1996_sf4|1
1998_sf4|1997_sf4|5
1999_sf4|1998_sf4|2
1999_sf4|1996_sf4|3
1_sf5|0_sf5|4
2_sf5|1_sf5|2
3_sf5|2_sf5|1
4_sf5|3_sf5|5
5_sf5|4_sf5|5
6_sf5|5_sf5|5
6_sf5|1_sf5|3
7_sf5|6_sf5|1
7_sf5|2_sf5|1
8_sf5|7_sf5|2
9_sf5|8_sf5|5
9_sf5|6_sf5|1
10_sf5|9_sf5|4
10_sf5|7_sf5|2
11_sf5|10_sf5|4
12_sf5|11_sf5|4
13_sf5|12_sf5|5
14_sf5|13_sf5|2
15_sf5|14_sf5|1
16_sf5|15_sf5|2
17_sf5|16_sf5|3
18_sf5|17_sf5|4
19_sf5|18_sf5|2
20_sf5|19_sf5|1
21_sf5|20_sf5|3
22_sf5|21_sf5|5
23_sf5|22_sf5|5
23_sf5|18_sf5|3
24_sf5|23_sf5|4
25_sf5|24_sf5|1
26_sf5|25_sf5|3
26_sf5|24_sf5|2
27_sf5|26_sf5|1
28_sf5|27_sf5|4
29_sf5|28_sf5|3
30_sf5|29_sf5|4
31_sf5|30_sf5|3
32_sf5|31_sf5|4
32_sf5|27_sf5|2
33_sf5|32_sf5|1
34_sf5|33_sf5|5
35_sf5|34_sf5|4
35_sf5|33_sf5|3
36_sf5|35_sf5|3
36_sf5|32_sf5|1
37_sf5|36_sf5|4
38_sf5|37_sf5|4
38_sf5|36_sf5|2
39_sf5|38_sf5|1
39_sf5|34_sf5|3
40_sf5|39_sf5|1
40_sf5|35_sf5|2
41_sf5|40_sf5|1
41_sf5|36_sf5|1
42_sf5|41_sf5|1
42_sf5|39_sf5|3
43_sf5|42_sf5|5
44_sf5|43_sf5|2
45_sf5|44_sf5|2
45_sf5|40_sf5|3
46_sf5|45_sf5|5
46_sf5|44_sf5|2
47_sf5|46_sf5|2
47_sf5|42_sf5|2
48_sf5|47_sf5|4
49_sf5|48_sf5|1
50_sf5|49_sf5|4
51_sf5|50_sf5|5
52_sf5|51_sf5|1
53_sf5|52_sf5|4
54_sf5|53_sf5|2
54_sf5|49_sf5|2
55_sf5|54_sf5|3
55_sf5|53_sf5|3
56_sf5|55_sf5|1
56_sf5|51_sf5|1
57_sf5|56_sf5|2
57_sf5|55_sf5|3
58_sf5|57_sf5|1
59_sf5|58_sf5|4
60_sf5|59_sf5|3
60_sf5|55_sf5|1
61_sf5|60_sf5|1
62_sf5|61_sf5|1
63_sf5|62_sf5|2
64_sf5|63_sf5|2
65_sf5|64_sf5|2
65_sf5|60_sf5|3
66_sf5|65_sf5|1
67_sf5|66_sf5|2
67_sf5|63_sf5|1
68_sf5|67_sf5|5
69_sf5|68_sf5|4
70_sf5|69_sf5|3
71_sf5|70_sf5|2
72_sf5|71_sf5|2
72_sf5|68_sf5|3
73_sf5|72_sf5|2
73_sf5|70_sf5|2
74_sf5|73_sf5|2
75_sf5|74_sf5|1
76_sf5|75_sf5|2
77_sf5|76_sf5|1
78_sf5|77_sf5|5
79_sf5|78_sf5|2
80_sf5|79_sf5|4
81_sf5|80_sf5|4
82_sf5|81_sf5|5
82_sf5|78_sf5|2
83_sf5|82_sf5|5
84_sf5|83_sf5|1
84_sf5|82_sf5|3
85_sf5|84_sf5|4
86_sf5|85_sf5|1
87_sf5|86_sf5|5
88_sf5|87_sf5|2
89_sf5|88_sf5|3
90_sf5|89_sf5|5
91_sf5|90_sf5|5
92_sf5|91_sf5|3
93_sf5|92_sf5|4
94_sf5|93_sf5|5
95_sf5|94_sf5|2
96_sf5|95_sf5|2
97_sf5|96_sf5|1
98_sf5|97_sf5|1
99_sf5|98_sf5|1
100_sf5|99_sf5|1
100_sf5|95_sf5|3
101_sf5|100_sf5|3
102_sf5|101_sf5|3
103_sf5|102_sf5|1
104_sf5|103_sf5|1
105_sf5|104_sf5|3
106_sf5|105_sf5|3
106_sf5|104_sf5|2
107_sf5|106_sf5|1
108_sf5|107_sf5|2
109_sf5|108_sf5|1
110_sf5|109_sf5|4
111_sf5|110_sf5|1
112_sf5|111_sf5|4
112_sf5|108_sf5|1
113_sf5|112_sf5|3
114_sf5|113_sf5|2
115_sf5|114_sf5|4
116_sf5|115_sf5|4
117_sf5|116_sf5|5
118_sf5|117_sf5|2
119_sf5|118_sf5|2
120_sf5|119_sf5|3
120_sf5|117_sf5|1
121_sf5|120_sf5|2
122_sf5|121_sf5|3
123_sf5|122_sf5|2
124_sf5|123_sf5|2
125_sf5|124_sf5|5
126_sf5|125_sf5|5
127_sf5|126_sf5|1
127_sf5|124_sf5|2
128_sf5|127_sf5|5
128_sf5|123_sf5|1
129_sf5|128_sf5|2
130_sf5|129_sf5|1
130_sf5|127_sf5|2
131_sf5|130_sf5|2
132_sf5|131_sf5|4
132_sf5|129_sf5|3
133_sf5|132_sf5|4
134_sf5|133_sf5|4
135_sf5|134_sf5|5
136_sf5|135_sf5|3
136_sf5|132_sf5|2
137_sf5|136_sf5|3
137_sf5|135_sf5|2
138_sf5|137_sf5|2
139_sf5|138_sf5|5
139_sf5|134_sf5|3
140_sf5|139_sf5|2
140_sf5|137_sf5|1
141_sf5|140_sf5|5
142_sf5|141_sf5|4
143_sf5|142_sf5|5
143_sf5|141_sf5|2
144_sf5|143_sf5|4
145_sf5|144_sf5|4
146_sf5|145_sf5|4
147_sf5|146_sf5|2
148_sf5|147_sf5|4
148_sf5|145_sf5|3
149_sf5|148_sf5|2
150_sf5|149_sf5|1
151_sf5|150_sf5|3
152_sf5|151_sf5|1
153_sf5|152_sf5|1
154_sf5|153_sf5|2
155_sf5|154_sf5|3
156_sf5|155_sf5|5
156_sf5|154_sf5|2
157_sf5|156_sf5|2
158_sf5|157_sf5|2
158_sf5|155_sf5|2
159_sf5|158_sf5|1
160_sf5|159_sf5|2
161_sf5|160_sf5|2
162_sf5|161_sf5|3
163_sf5|162_sf5|1
164_sf5|163_sf5|3
165_sf5|164_sf5|2
166_sf5|165_sf5|3
167_sf5|166_sf5|2
168_sf5|167_sf5|4
169_sf5|168_sf5|2
170_sf5|169_sf5|1
171_sf5|170_sf5|2
172_sf5|171_sf5|1
173_sf5|172_sf5|5
174_sf5|173_sf5|5
174_sf5|170_sf5|2
175_sf5|174_sf5|2
176_sf5|175_sf5|4
177_sf5|176_sf5|5
178_sf5|177_sf5|2
178_sf5|173_sf5|1
179_sf5|178_sf5|5
179_sf5|175_sf5|3
180_sf5|179_sf5|4
181_sf5|180_sf5|4
182_sf5|181_sf5|4
183_sf5|182_sf5|3
184_sf5|183_sf5|1
184_sf5|182_sf5|3
185_sf5|184_sf5|5
186_sf5|185_sf5|5
187_sf5|186_sf5|5
188_sf5|187_sf5|3
189_sf5|188_sf5|4
190_sf5|189_sf5|3
190_sf5|188_sf5|2
191_sf5|190_sf5|4
192_sf5|191_sf5|1
193_sf5|192_sf5|1
194_sf5|193_sf5|3
195_sf5|194_sf5|5
196_sf5|195_sf5|5
197_sf5|196_sf5|1
198_sf5|197_sf5|1
198_sf5|195_sf5|1
199_sf5|198_sf5|4
200_sf5|199_sf5|5
201_sf5|200_sf5|5
201_sf5|199_sf5|3
202_sf5|201_sf5|1
203_sf5|202_sf5|2
204_sf5|203_sf5|4
205_sf5|204_sf5|2
206_sf5|205_sf5|3
207_sf5|206_sf5|1
207_sf5|202_sf5|3
208_sf5|207_sf5|3
209_sf5|208_sf5|1
209_sf5|204_sf5|3
210_sf5|209_sf5|4
211_sf5|210_sf5|5
212_sf5|211_sf5|4
213_sf5|212_sf5|5
213_sf5|210_sf5|1
214_sf5|213_sf5|3
215_sf5|214_sf5|2
216_sf5|215_sf5|1
216_sf5|211_sf5|3
217_sf5|216_sf5|5
217_sf5|212_sf5|3
218_sf5|217_sf5|4
218_sf5|213_sf5|1
219_sf5|218_sf5|5
220_sf5|219_sf5|3
221_sf5|220_sf5|4
222_sf5|221_sf5|4
223_sf5|222_sf5|5
224_sf5|223_sf5|5
225_sf5|224_sf5|2
226_sf5|225_sf5|5
227_sf5|226_sf5|3
228_sf5|227_sf5|2
229_sf5|228_sf5|1
230_sf5|229_sf5|5
231_sf5|230_sf5|2
231_sf5|227_sf5|3
232_sf5|231_sf5|1
233_sf5|232_sf5|4
234_sf5|233_sf5|2
235_sf5|234_sf5|3
236_sf5|235_sf5|5
237_sf5|236_sf5|5
238_sf5|237_sf5|5
239_sf5|238_sf5|1
240_sf5|239_sf5|1
240_sf5|237_sf5|2
241_sf5|240_sf5|5
242_sf5|241_sf5|2
242_sf5|240_sf5|1
243_sf5|242_sf5|5
244_sf5|243_sf5|5
244_sf5|241_sf5|3
245_sf5|244_sf5|3
246_sf5|245_sf5|2
247_sf5|246_sf5|3
247_sf5|245_sf5|1
248_sf5|247_sf5|3
248_sf5|246_sf5|3
249_sf5|248_sf5|4
250_sf5|249_sf5|1
250_sf5|246_sf5|2
251_sf5|250_sf5|3
251_sf5|249_sf5|2
252_sf5|251_sf5|3
253_sf5|252_sf5|2
253_sf5|248_sf5|1
254_sf5|253_sf5|1
255_sf5|254_sf5|3
256_sf5|255_sf5|4
257_sf5|256_sf5|1
258_sf5|257_sf5|3
259_sf5|258_sf5|3
260_sf5|259_sf5|3
260_sf5|257_sf5|1
261_sf5|260_sf5|2
262_sf5|261_sf5|5
262_sf5|258_sf5|2
263_sf5|262_sf5|5
263_sf5|258_sf5|2
264_sf5|263_sf5|4
265_sf5|264_sf5|1
266_sf5|265_sf5|2
267_sf5|266_sf5|3
267_sf5|265_sf5|2
268_sf5|267_sf5|3
269_sf5|268_sf5|1
270_sf5|269_sf5|3
270_sf5|265_sf5|1
271_sf5|270_sf5|3
271_sf5|268_sf5|2
272_sf5|271_sf5|1
272_sf5|267_sf5|2
273_sf5|272_sf5|4
274_sf5|273_sf5|2
275_sf5|274_sf5|1
276_sf5|275_sf5|2
277_sf5|276_sf5|5
278_sf5|277_sf5|1
279_sf5|278_sf5|3
280_sf5|279_sf5|3
280_sf5|278_sf5|3
281_sf5|280_sf5|3
282_sf5|281_sf5|4
283_sf5|282_sf5|1
284_sf5|283_sf5|1
285_sf5|284_sf5|5
286_sf5|285_sf5|1
287_sf5|286_sf5|4
288_sf5|287_sf5|4
289_sf5|288_sf5|5
290_sf5|289_sf5|2
290_sf5|285_sf5|3
291_sf5|290_sf5|1
292_sf5|291_sf5|2
293_sf5|292_sf5|3
294_sf5|293_sf5|5
294_sf5|291_sf5|2
295_sf5|294_sf5|3
296_sf5|295_sf5|2
296_sf5|294_sf5|2
297_sf5|296_sf5|4
297_sf5|292_sf5|2
298_sf5|297_sf5|3
299_sf5|298_sf5|5
299_sf5|295_sf5|3
300_sf5|299_sf5|3
300_sf5|296_sf5|3
301_sf5|300_sf5|5
302_sf5|301_sf5|3
302_sf5|299_sf5|3
303_sf5|302_sf5|1
304_sf5|303_sf5|5
305_sf5|304_sf5|3
306_sf5|305_sf5|2
307_sf5|306_sf5|1
308_sf5|307_sf5|5
309_sf5|308_sf5|2
309_sf5|305_sf5|1
310_sf5|309_sf5|5
310_sf5|305_sf5|3
311_sf5|310_sf5|3
312_sf5|311_sf5|4
312_sf5|307_sf5|2
313_sf5|312_sf5|3
313_sf5|309_sf5|1
314_sf5|313_sf5|2
315_sf5|314_sf5|5
316_sf5|315_sf5|3
317_sf5|316_sf5|3
317_sf5|314_sf5|1
318_sf5|317_sf5|3
319_sf5|318_sf5|3
320_sf5|319_sf5|2
321_sf5|320_sf5|2
322_sf5|321_sf5|3
323_sf5|322_sf5|1
324_sf5|323_sf5|4
325_sf5|324_sf5|2
325_sf5|320_sf5|1
326_sf5|325_sf5|5
327_sf5|326_sf5|3
328_sf5|327_sf5|5
328_sf5|326_sf5|1
329_sf5|328_sf5|1
329_sf5|324_sf5|3
330_sf5|329_sf5|5
331_sf5|330_sf5|1
331_sf5|329_sf5|2
332_sf5|331_sf5|1
333_sf5|332_sf5|3
334_sf5|333_sf5|2
335_sf5|334_sf5|2
336_sf5|335_sf5|5
337_sf5|336_sf5|3
338_sf5|337_sf5|2
338_sf5|335_sf5|1
339_sf5|338_sf5|3
340_sf5|339_sf5|4
340_sf5|337_sf5|1
341_sf5|340_sf5|1
342_sf5|341_sf5|4
343_sf5|342_sf5|2
343_sf5|339_sf5|3
344_sf5|343_sf5|1
344_sf5|340_sf5|3
345_sf5|344_sf5|2
346_sf5|345_sf5|2
347_sf5|346_sf5|1
347_sf5|342_sf5|2
348_sf5|347_sf5|1
348_sf5|344_sf5|1
349_sf5|348_sf5|1
350_sf5|349_sf5|2
351_sf5|350_sf5|2
352_sf5|351_sf5|2
353_sf5|352_sf5|5
354_sf5|353_sf5|1
354_sf5|350_sf5|2
355_sf5|354_sf5|5
355_sf5|353_sf5|3
356_sf5|355_sf5|2
357_sf5|356_sf5|1
358_sf5|357_sf5|5
359_sf5|358_sf5|1
359_sf5|356_sf5|3
360_sf5|359_sf5|4
360_sf5|358_sf5|1
361_sf5|360_sf5|5
361_sf5|359_sf5|2
362_sf5|361_sf5|3
362_sf5|359_sf5|3
363_sf5|362_sf5|5
364_sf5|363_sf5|5
365_sf5|364_sf5|1
366_sf5|365_sf5|1
367_sf5|366_sf5|2
367_sf5|362_sf5|3
368_sf5|367_sf5|1
369_sf5|368_sf5|2
370_sf5|369_sf5|1
370_sf5|366_sf5|1
371_sf5|370_sf5|3
372_sf5|371_sf5|5
372_sf5|368_sf5|2
373_sf5|372_sf5|1
374_sf5|373_sf5|2
375_sf5|374_sf5|3
375_sf5|373_sf5|3
376_sf5|375_sf5|4
376_sf5|374_sf5|3
377_sf5|376_sf5|3
377_sf5|373_sf5|3
378_sf5|377_sf5|2
379_sf5|378_sf5|1
380_sf5|379_sf5|4
381_sf5|380_sf5|1
382_sf5|381_sf5|1
383_sf5|382_sf5|4
383_sf5|380_sf5|2
384_sf5|383_sf5|4
385_sf5|384_sf5|2
386_sf5|385_sf5|2
387_sf5|386_sf5|3
388_sf5|387_sf5|2
388_sf5|386_sf5|3
389_sf5|388_sf5|3
389_sf5|384_sf5|2
390_sf5|389_sf5|2
391_sf5|390_sf5|4
391_sf5|386_sf5|1
392_sf5|391_sf5|4
392_sf5|388_sf5|1
393_sf5|392_sf5|1
394_sf5|393_sf5|5
395_sf5|394_sf5|1
396_sf5|395_sf5|1
397_sf5|396_sf5|1
398_sf5|397_sf5|2
399_sf5|398_sf5|5
400_sf5|399_sf5|2
401_sf5|400_sf5|5
402_sf5|401_sf5|3
403_sf5|402_sf5|5
404_sf5|403_sf5|5
404_sf5|402_sf5|1
405_sf5|404_sf5|2
406_sf5|405_sf5|2
407_sf5|406_sf5|1
408_sf5|407_sf5|1
409_sf5|408_sf5|1
410_sf5|409_sf5|2
410_sf5|408_sf5|3
411_sf5|410_sf5|3
412_sf5|411_sf5|2
413_sf5|412_sf5|3
414_sf5|413_sf5|3
414_sf5|410_sf5|2
415_sf5|414_sf5|1
415_sf5|413_sf5|2
416_sf5|415_sf5|1
417_sf5|416_sf5|2
418_sf5|417_sf5|5
419_sf5|418_sf5|5
420_sf5|419_sf5|4
421_sf5|420_sf5|5
422_sf5|421_sf5|1
422_sf5|419_sf5|1
423_sf5|422_sf5|4
424_sf5|423_sf5|2
424_sf5|419_sf5|3
425_sf5|424_sf5|4
426_sf5|425_sf5|1
426_sf5|423_sf5|2
427_sf5|426_sf5|5
428_sf5|427_sf5|1
429_sf5|428_sf5|1
430_sf5|429_sf5|4
431_sf5|430_sf5|1
432_sf5|431_sf5|1
433_sf5|432_sf5|2
433_sf5|429_sf5|1
434_sf5|433_sf5|4
435_sf5|434_sf5|5
436_sf5|435_sf5|2
437_sf5|436_sf5|1
438_sf5|437_sf5|5
438_sf5|435_sf5|3
439_sf5|438_sf5|2
440_sf5|439_sf5|1
441_sf5|440_sf5|3
442_sf5|441_sf5|3
443_sf5|442_sf5|4
444_sf5|443_sf5|5
445_sf5|444_sf5|1
446_sf5|445_sf5|3
446_sf5|443_sf5|1
447_sf5|446_sf5|1
448_sf5|447_sf5|5
449_sf5|448_sf5|2
450_sf5|449_sf5|2
451_sf5|450_sf5|5
451_sf5|448_sf5|1
452_sf5|451_sf5|4
453_sf5|452_sf5|5
454_sf5|453_sf5|4
455_sf5|454_sf5|5
455_sf5|450_sf5|3
456_sf5|455_sf5|3
456_sf5|451_sf5|2
457_sf5|456_sf5|4
458_sf5|457_sf5|3
459_sf5|458_sf5|2
460_sf5|459_sf5|1
461_sf5|460_sf5|2
462_sf5|461_sf5|2
463_sf5|462_sf5|4
463_sf5|458_sf5|2
464_sf5|463_sf5|4
464_sf5|459_sf5|3
465_sf5|464_sf5|4
466_sf5|465_sf5|5
466_sf5|461_sf5|1
467_sf5|466_sf5|2
468_sf5|467_sf5|1
469_sf5|468_sf5|4
469_sf5|464_sf5|2
470_sf5|469_sf5|5
471_sf5|470_sf5|5
472_sf5|471_sf5|3
473_sf5|472_sf5|4
473_sf5|469_sf5|3
474_sf5|473_sf5|2
475_sf5|474_sf5|1
476_sf5|475_sf5|3
477_sf5|476_sf5|3
477_sf5|472_sf5|3
478_sf5|477_sf5|3
479_sf5|478_sf5|4
479_sf5|476_sf5|1
480_sf5|479_sf5|4
481_sf5|480_sf5|4
481_sf5|479_sf5|1
482_sf5|481_sf5|4
483_sf5|482_sf5|4
484_sf5|483_sf5|1
485_sf5|484_sf5|2
485_sf5|482_sf5|2
486_sf5|485_sf5|4
487_sf5|486_sf5|1
487_sf5|482_sf5|1
488_sf5|487_sf5|3
489_sf5|488_sf5|4
489_sf5|484_sf5|3
490_sf5|489_sf5|1
491_sf5|490_sf5|5
492_sf5|491_sf5|3
492_sf5|490_sf5|2
493_sf5|492_sf5|2
493_sf5|490_sf5|2
494_sf5|493_sf5|3
495_sf5|494_sf5|4
496_sf5|495_sf5|1
497_sf5|496_sf5|3
497_sf5|493_sf5|3
498_sf5|497_sf5|1
498_sf5|493_sf5|3
499_sf5|498_sf5|2
500_sf5|499_sf5|4
501_sf5|500_sf5|4
502_sf5|501_sf5|2
502_sf5|498_sf5|2
503_sf5|502_sf5|4
504_sf5|503_sf5|4
505_sf5|504_sf5|2
505_sf5|502_sf5|1
506_sf5|505_sf5|1
506_sf5|501_sf5|3
507_sf5|506_sf5|3
508_sf5|507_sf5|5
509_sf5|508_sf5|4
510_sf5|509_sf5|5
511_sf5|510_sf5|1
512_sf5|511_sf5|4
512_sf5|507_sf5|2
513_sf5|512_sf5|4
514_sf5|513_sf5|3
515_sf5|514_sf5|4
515_sf5|512_sf5|1
516_sf5|515_sf5|3
517_sf5|516_sf5|2
518_sf5|517_sf5|1
519_sf5|518_sf5|3
520_sf5|519_sf5|2
521_sf5|520_sf5|4
521_sf5|517_sf5|1
522_sf5|521_sf5|3
523_sf5|522_sf5|3
523_sf5|518_sf5|2
524_sf5|523_sf5|5
525_sf5|524_sf5|4
526_sf5|525_sf5|3
527_sf5|526_sf5|5
528_sf5|527_sf5|4
529_sf5|528_sf5|2
529_sf5|527_sf5|1
530_sf5|529_sf5|5
531_sf5|530_sf5|3
531_sf5|529_sf5|3
532_sf5|531_sf5|3
533_sf5|532_sf5|3
534_sf5|533_sf5|1
535_sf5|534_sf5|1
536_sf5|535_sf5|4
536_sf5|531_sf5|2
537_sf5|536_sf5|2
538_sf5|537_sf5|4
539_sf5|538_sf5|3
540_sf5|539_sf5|3
540_sf5|537_sf5|2
541_sf5|540_sf5|4
541_sf5|539_sf5|2
542_sf5|541_sf5|1
543_sf5|542_sf5|4
544_sf5|543_sf5|4
544_sf5|540_sf5|3
545_sf5|544_sf5|2
545_sf5|543_sf5|2
546_sf5|545_sf5|2
547_sf5|546_sf5|1
547_sf5|543_sf5|1
548_sf5|547_sf5|1
549_sf5|548_sf5|3
549_sf5|546_sf5|3
550_sf5|549_sf5|2
550_sf5|546_sf5|2
551_sf5|550_sf5|2
552_sf5|551_sf5|4
553_sf5|552_sf5|2
553_sf5|551_sf5|1
554_sf5|553_sf5|3
554_sf5|551_sf5|3
555_sf5|554_sf5|2
555_sf5|553_sf5|1
556_sf5|555_sf5|4
557_sf5|556_sf5|5
557_sf5|552_sf5|1
558_sf5|557_sf5|3
559_sf5|558_sf5|1
560_sf5|559_sf5|4
561_sf5|560_sf5|5
561_sf5|556_sf5|1
562_sf5|561_sf5|3
563_sf5|562_sf5|1
563_sf5|561_sf5|3
564_sf5|563_sf5|1
564_sf5|560_sf5|3
565_sf5|564_sf5|1
566_sf5|565_sf5|2
567_sf5|566_sf5|4
568_sf5|567_sf5|1
568_sf5|564_sf5|3
569_sf5|568_sf5|3
569_sf5|566_sf5|2
570_sf5|569_sf5|1
571_sf5|570_sf5|3
572_sf5|571_sf5|3
573_sf5|572_sf5|1
574_sf5|573_sf5|3
575_sf5|574_sf5|2
576_sf5|575_sf5|3
577_sf5|576_sf5|5
578_sf5|577_sf5|5
579_sf5|578_sf5|5
580_sf5|579_sf5|4
580_sf5|578_sf5|3
581_sf5|580_sf5|1
582_sf5|581_sf5|4
582_sf5|579_sf5|1
583_sf5|582_sf5|1
583_sf5|579_sf5|2
584_sf5|583_sf5|4
585_sf5|584_sf5|4
586_sf5|585_sf5|5
587_sf5|586_sf5|1
588_sf5|587_sf5|5
588_sf5|586_sf5|2
589_sf5|588_sf5|3
590_sf5|589_sf5|3
591_sf5|590_sf5|1
591_sf5|587_sf5|1
592_sf5|591_sf5|3
593_sf5|592_sf5|2
594_sf5|593_sf5|5
595_sf5|594_sf5|5
596_sf5|595_sf5|3
597_sf5|596_sf5|1
598_sf5|597_sf5|4
598_sf5|593_sf5|2
599_sf5|598_sf5|4
600_sf5|599_sf5|4
601_sf5|600_sf5|1
601_sf5|599_sf5|3
602_sf5|601_sf5|3
602_sf5|597_sf5|1
603_sf5|602_sf5|5
604_sf5|603_sf5|5
605_sf5|604_sf5|1
606_sf5|605_sf5|2
607_sf5|606_sf5|2
608_sf5|607_sf5|1
609_sf5|608_sf5|3
609_sf5|604_sf5|1
610_sf5|609_sf5|4
610_sf5|607_sf5|2
611_sf5|610_sf5|3
611_sf5|607_sf5|2
612_sf5|611_sf5|3
612_sf5|608_sf5|3
613_sf5|612_sf5|2
613_sf5|611_sf5|3
614_sf5|613_sf5|5
615_sf5|614_sf5|1
616_sf5|615_sf5|1
617_sf5|616_sf5|2
618_sf5|617_sf5|5
618_sf5|613_sf5|3
619_sf5|618_sf5|5
620_sf5|619_sf5|2
621_sf5|620_sf5|5
622_sf5|621_sf5|4
623_sf5|622_sf5|3
624_sf5|623_sf5|4
625_sf5|624_sf5|5
626_sf5|625_sf5|3
627_sf5|626_sf5|5
628_sf5|627_sf5|4
629_sf5|628_sf5|3
630_sf5|629_sf5|1
631_sf5|630_sf5|1
632_sf5|631_sf5|4
632_sf5|627_sf5|1
633_sf5|632_sf5|1
634_sf5|633_sf5|5
635_sf5|634_sf5|4
635_sf5|633_sf5|1
636_sf5|635_sf5|4
637_sf5|636_sf5|2
638_sf5|637_sf5|5
639_sf5|638_sf5|5
640_sf5|639_sf5|1
641_sf5|640_sf5|4
642_sf5|641_sf5|5
643_sf5|642_sf5|2
644_sf5|643_sf5|1
645_sf5|644_sf5|5
646_sf5|645_sf5|1
647_sf5|646_sf5|2
648_sf5|647_sf5|4
649_sf5|648_sf5|4
650_sf5|649_sf5|4
650_sf5|648_sf5|2
651_sf5|650_sf5|4
651_sf5|649_sf5|2
652_sf5|651_sf5|4
652_sf5|648_sf5|3
653_sf5|652_sf5|4
653_sf5|651_sf5|1
654_sf5|653_sf5|4
655_sf5|654_sf5|1
656_sf5|655_sf5|3
657_sf5|656_sf5|4
658_sf5|657_sf5|1
659_sf5|658_sf5|2
659_sf5|654_sf5|1
660_sf5|659_sf5|1
661_sf5|660_sf5|2
662_sf5|661_sf5|4
662_sf5|660_sf5|3
663_sf5|662_sf5|5
664_sf5|663_sf5|3
665_sf5|664_sf5|4
666_sf5|665_sf5|5
667_sf5|666_sf5|4
668_sf5|667_sf5|2
669_sf5|668_sf5|5
670_sf5|669_sf5|2
671_sf5|670_sf5|2
672_sf5|671_sf5|5
673_sf5|672_sf5|3
673_sf5|671_sf5|1
674_sf5|673_sf5|1
674_sf5|669_sf5|2
675_sf5|674_sf5|4
675_sf5|671_sf5|1
676_sf5|675_sf5|3
677_sf5|676_sf5|3
677_sf5|675_sf5|2
678_sf5|677_sf5|4
679_sf5|678_sf5|3
680_sf5|679_sf5|4
681_sf5|680_sf5|3
682_sf5|681_sf5|3
682_sf5|678_sf5|3
683_sf5|682_sf5|3
684_sf5|683_sf5|3
684_sf5|680_sf5|2
685_sf5|684_sf5|2
686_sf5|685_sf5|5
687_sf5|686_sf5|3
687_sf5|685_sf5|3
688_sf5|687_sf5|2
689_sf5|688_sf5|5
690_sf5|689_sf5|3
691_sf5|690_sf5|4
691_sf5|688_sf5|3
692_sf5|691_sf5|4
693_sf5|692_sf5|1
694_sf5|693_sf5|1
695_sf5|694_sf5|1
696_sf5|695_sf5|2
697_sf5|696_sf5|4
698_sf5|697_sf5|1
698_sf5|693_sf5|2
699_sf5|698_sf5|1
700_sf5|699_sf5|4
701_sf5|700_sf5|1
702_sf5|701_sf5|4
702_sf5|699_sf5|3
703_sf5|702_sf5|3
703_sf5|701_sf5|1
704_sf5|703_sf5|4
704_sf5|701_sf5|2
705_sf5|704_sf5|4
706_sf5|705_sf5|5
706_sf5|702_sf5|1
707_sf5|706_sf5|1
707_sf5|702_sf5|1
708_sf5|707_sf5|1
709_sf5|708_sf5|5
709_sf5|704_sf5|2
710_sf5|709_sf5|1
711_sf5|710_sf5|1
712_sf5|711_sf5|4
713_sf5|712_sf5|3
714_sf5|713_sf5|4
715_sf5|714_sf5|1
715_sf5|713_sf5|2
716_sf5|715_sf5|5
717_sf5|716_sf5|3
718_sf5|717_sf5|2
718_sf5|715_sf5|1
719_sf5|718_sf5|5
720_sf5|719_sf5|4
721_sf5|720_sf5|4
721_sf5|716_sf5|2
722_sf5|721_sf5|1
723_sf5|722_sf5|1
723_sf5|721_sf5|1
724_sf5|723_sf5|4
725_sf5|724_sf5|4
726_sf5|725_sf5|2
727_sf5|726_sf5|3
728_sf5|727_sf5|1
729_sf5|728_sf5|1
730_sf5|729_sf5|1
731_sf5|730_sf5|2
732_sf5|731_sf5|5
733_sf5|732_sf5|1
733_sf5|728_sf5|3
734_sf5|733_sf5|4
735_sf5|734_sf5|2
736_sf5|735_sf5|1
737_sf5|736_sf5|3
738_sf5|737_sf5|4
738_sf5|734_sf5|3
739_sf5|738_sf5|4
739_sf5|735_sf5|1
740_sf5|739_sf5|2
740_sf5|735_sf5|2
741_sf5|740_sf5|1
741_sf5|737_sf5|2
742_sf5|741_sf5|2
742_sf5|740_sf5|2
743_sf5|742_sf5|1
744_sf5|743_sf5|4
745_sf5|744_sf5|1
746_sf5|745_sf5|5
747_sf5|746_sf5|5
747_sf5|742_sf5|2
748_sf5|747_sf5|4
749_sf5|748_sf5|1
750_sf5|749_sf5|2
751_sf5|750_sf5|5
751_sf5|749_sf5|3
752_sf5|751_sf5|2
753_sf5|752_sf5|1
754_sf5|753_sf5|4
755_sf5|754_sf5|3
756_sf5|755_sf5|2
757_sf5|756_sf5|4
758_sf5|757_sf5|5
759_sf5|758_sf5|1
760_sf5|759_sf5|4
761_sf5|760_sf5|2
762_sf5|761_sf5|5
762_sf5|759_sf5|1
763_sf5|762_sf5|5
764_sf5|763_sf5|2
765_sf5|764_sf5|2
766_sf5|765_sf5|3
767_sf5|766_sf5|3
768_sf5|767_sf5|1
769_sf5|768_sf5|4
770_sf5|769_sf5|4
771_sf5|770_sf5|4
772_sf5|771_sf5|4
773_sf5|772_sf5|1
773_sf5|771_sf5|2
774_sf5|773_sf5|3
774_sf5|772_sf5|3
775_sf5|774_sf5|1
776_sf5|775_sf5|4
776_sf5|771_sf5|3
777_sf5|776_sf5|5
778_sf5|777_sf5|3
778_sf5|773_sf5|1
779_sf5|778_sf5|2
779_sf5|777_sf5|2
780_sf5|779_sf5|2
781_sf5|780_sf5|2
782_sf5|781_sf5|4
782_sf5|780_sf5|1
783_sf5|782_sf5|5
783_sf5|780_sf5|3
784_sf5|783_sf5|4
784_sf5|781_sf5|3
785_sf5|784_sf5|4
786_sf5|785_sf5|3
786_sf5|783_sf5|1
787_sf5|786_sf5|2
788_sf5|787_sf5|5
788_sf5|783_sf5|1
789_sf5|788_sf5|1
790_sf5|789_sf5|2
790_sf5|786_sf5|3
791_sf5|790_sf5|2
791_sf5|787_sf5|2
792_sf5|791_sf5|4
793_sf5|792_sf5|4
793_sf5|791_sf5|3
794_sf5|793_sf5|2
795_sf5|794_sf5|2
796_sf5|795_sf5|5
797_sf5|796_sf5|5
798_sf5|797_sf5|4
799_sf5|798_sf5|3
800_sf5|799_sf5|1
801_sf5|800_sf5|2
802_sf5|801_sf5|4
802_sf5|798_sf5|2
803_sf5|802_sf5|2
803_sf5|798_sf5|1
804_sf5|803_sf5|1
805_sf5|804_sf5|5
806_sf5|805_sf5|1
807_sf5|806_sf5|3
808_sf5|807_sf5|4
808_sf5|804_sf5|3
809_sf5|808_sf5|5
810_sf5|809_sf5|2
811_sf5|810_sf5|3
812_sf5|811_sf5|1
813_sf5|812_sf5|2
814_sf5|813_sf5|2
814_sf5|809_sf5|1
815_sf5|814_sf5|5
816_sf5|815_sf5|4
817_sf5|816_sf5|5
818_sf5|817_sf5|4
819_sf5|818_sf5|1
820_sf5|819_sf5|3
821_sf5|820_sf5|4
822_sf5|821_sf5|4
822_sf5|818_sf5|2
823_sf5|822_sf5|4
824_sf5|823_sf5|5
825_sf5|824_sf5|5
826_sf5|825_sf5|1
826_sf5|822_sf5|1
827_sf5|826_sf5|1
827_sf5|825_sf5|3
828_sf5|827_sf5|4
829_sf5|828_sf5|2
830_sf5|829_sf5|1
831_sf5|830_sf5|3
832_sf5|831_sf5|1
832_sf5|829_sf5|2
833_sf5|832_sf5|5
833_sf5|830_sf5|1
834_sf5|833_sf5|1
834_sf5|832_sf5|3
835_sf5|834_sf5|2
835_sf5|832_sf5|1
836_sf5|835_sf5|4
837_sf5|836_sf5|5
837_sf5|834_sf5|2
838_sf5|837_sf5|3
839_sf5|838_sf5|2
839_sf5|836_sf5|1
840_sf5|839_sf5|3
840_sf5|837_sf5|2
841_sf5|840_sf5|5
842_sf5|841_sf5|2
843_sf5|842_sf5|3
844_sf5|843_sf5|5
845_sf5|844_sf5|3
846_sf5|845_sf5|2
846_sf5|842_sf5|3
847_sf5|846_sf5|5
848_sf5|847_sf5|1
848_sf5|843_sf5|1
849_sf5|848_sf5|4
850_sf5|849_sf5|5
850_sf5|847_sf5|1
851_sf5|850_sf5|4
852_sf5|851_sf5|5
853_sf5|852_sf5|5
854_sf5|853_sf5|5
855_sf5|854_sf5|4
855_sf5|853_sf5|2
856_sf5|855_sf5|5
857_sf5|856_sf5|5
858_sf5|857_sf5|3
859_sf5|858_sf5|3
860_sf5|859_sf5|5
861_sf5|860_sf5|4
862_sf5|861_sf5|5
863_sf5|862_sf5|5
864_sf5|863_sf5|5
865_sf5|864_sf5|2
865_sf5|860_sf5|3
866_sf5|865_sf5|1
867_sf5|866_sf5|2
868_sf5|867_sf5|3
869_sf5|868_sf5|2
870_sf5|869_sf5|1
871_sf5|870_sf5|3
872_sf5|871_sf5|4
873_sf5|872_sf5|5
874_sf5|873_sf5|5
875_sf5|874_sf5|2
875_sf5|870_sf5|2
876_sf5|875_sf5|1
876_sf5|872_sf5|3
877_sf5|876_sf5|4
878_sf5|877_sf5|4
878_sf5|874_sf5|3
879_sf5|878_sf5|4
879_sf5|876_sf5|2
880_sf5|879_sf5|1
881_sf5|880_sf5|1
882_sf5|881_sf5|5
882_sf5|879_sf5|1
883_sf5|882_sf5|2
883_sf5|878_sf5|2
884_sf5|883_sf5|5
885_sf5|884_sf5|5
886_sf5|885_sf5|1
887_sf5|886_sf5|3
888_sf5|887_sf5|4
888_sf5|885_sf5|2
889_sf5|888_sf5|3
890_sf5|889_sf5|5
891_sf5|890_sf5|2
891_sf5|887_sf5|1
892_sf5|891_sf5|1
893_sf5|892_sf5|4
894_sf5|893_sf5|3
894_sf5|890_sf5|2
895_sf5|894_sf5|2
895_sf5|891_sf5|1
896_sf5|895_sf5|4
896_sf5|892_sf5|2
897_sf5|896_sf5|5
898_sf5|897_sf5|5
898_sf5|896_sf5|3
899_sf5|898_sf5|2
899_sf5|896_sf5|2
900_sf5|899_sf5|5
900_sf5|898_sf5|2
901_sf5|900_sf5|5
901_sf5|899_sf5|3
902_sf5|901_sf5|3
902_sf5|900_sf5|1
903_sf5|902_sf5|3
904_sf5|903_sf5|1
905_sf5|904_sf5|4
906_sf5|905_sf5|4
907_sf5|906_sf5|5
908_sf5|907_sf5|3
909_sf5|908_sf5|1
910_sf5|909_sf5|4
911_sf5|910_sf5|2
911_sf5|907_sf5|2
912_sf5|911_sf5|3
912_sf5|910_sf5|2
913_sf5|912_sf5|4
914_sf5|913_sf5|2
915_sf5|914_sf5|1
915_sf5|910_sf5|2
916_sf5|915_sf5|3
916_sf5|911_sf5|1
917_sf5|916_sf5|2
918_sf5|917_sf5|3
918_sf5|913_sf5|3
919_sf5|918_sf5|5
919_sf5|914_sf5|2
920_sf5|919_sf5|4
920_sf5|915_sf5|3
921_sf5|920_sf5|1
922_sf5|921_sf5|3
922_sf5|917_sf5|1
923_sf5|922_sf5|5
923_sf5|920_sf5|1
924_sf5|923_sf5|5
924_sf5|919_sf5|2
925_sf5|924_sf5|2
926_sf5|925_sf5|4
927_sf5|926_sf5|3
928_sf5|927_sf5|1
929_sf5|928_sf5|4
929_sf5|924_sf5|2
930_sf5|929_sf5|4
931_sf5|930_sf5|1
932_sf5|931_sf5|3
933_sf5|932_sf5|4
933_sf5|931_sf5|2
934_sf5|933_sf5|3
935_sf5|934_sf5|2
935_sf5|931_sf5|2
936_sf5|935_sf5|4
937_sf5|936_sf5|4
938_sf5|937_sf5|5
939_sf5|938_sf5|3
940_sf5|939_sf5|5
941_sf5|940_sf5|3
942_sf5|941_sf5|4
943_sf5|942_sf5|1
943_sf5|940_sf5|3
944_sf5|943_sf5|3
944_sf5|942_sf5|3
945_sf5|944_sf5|3
945_sf5|943_sf5|1
946_sf5|945_sf5|2
946_sf5|944_sf5|2
947_sf5|946_sf5|4
948_sf5|947_sf5|2
949_sf5|948_sf5|5
950_sf5|949_sf5|1
951_sf5|950_sf5|3
952_sf5|951_sf5|5
953_sf5|952_sf5|2
953_sf5|948_sf5|2
954_sf5|953_sf5|2
955_sf5|954_sf5|1
956_sf5|955_sf5|1
957_sf5|956_sf5|4
958_sf5|957_sf5|1
959_sf5|958_sf5|5
960_sf5|959_sf5|5
960_sf5|956_sf5|1
961_sf5|960_sf5|1
962_sf5|961_sf5|1
962_sf5|960_sf5|3
963_sf5|962_sf5|2
964_sf5|963_sf5|1
964_sf5|962_sf5|3
965_sf5|964_sf5|2
966_sf5|965_sf5|3
967_sf5|966_sf5|4
967_sf5|963_sf5|2
968_sf5|967_sf5|2
969_sf5|968_sf5|4
970_sf5|969_sf5|5
971_sf5|970_sf5|1
972_sf5|971_sf5|5
972_sf5|968_sf5|1
973_sf5|972_sf5|1
973_sf5|971_sf5|2
974_sf5|973_sf5|5
975_sf5|974_sf5|1
976_sf5|975_sf5|5
977_sf5|976_sf5|3
978_sf5|977_sf5|5
979_sf5|978_sf5|2
980_sf5|979_sf5|4
980_sf5|978_sf5|3
981_sf5|980_sf5|2
981_sf5|979_sf5|2
982_sf5|981_sf5|5
983_sf5|982_sf5|1
984_sf5|983_sf5|4
985_sf5|984_sf5|5
985_sf5|983_sf5|3
986_sf5|985_sf5|1
987_sf5|986_sf5|1
988_sf5|987_sf5|1
989_sf5|988_sf5|4
990_sf5|989_sf5|1
991_sf5|990_sf5|3
992_sf5|991_sf5|3
993_sf5|992_sf5|3
993_sf5|990_sf5|1
994_sf5|993_sf5|5
995_sf5|994_sf5|4
996_sf5|995_sf5|2
997_sf5|996_sf5|1
998_sf5|997_sf5|4
998_sf5|993_sf5|1
999_sf5|998_sf5|3
1000_sf5|999_sf5|1
1000_sf5|998_sf5|1
1001_sf5|1000_sf5|3
1002_sf5|1001_sf5|4
1003_sf5|1002_sf5|3
1004_sf5|1003_sf5|2
1004_sf5|1001_sf5|3
1005_sf5|1004_sf5|1
1005_sf5|1002_sf5|1
1006_sf5|1005_sf5|1
1007_sf5|1006_sf5|4
1008_sf5|1007_sf5|5
1008_sf5|1004_sf5|2
1009_sf5|1008_sf5|5
1010_sf5|1009_sf5|5
1010_sf5|1005_sf5|1
1011_sf5|1010_sf5|3
1012_sf5|1011_sf5|1
1012_sf5|1010_sf5|3
1013_sf5|1012_sf5|5
1013_sf5|1008_sf5|1
1014_sf5|1013_sf5|5
1014_sf5|1009_sf5|1
1015_sf5|1014_sf5|3
1016_sf5|1015_sf5|3
1017_sf5|1016_sf5|5
1018_sf5|1017_sf5|3
1019_sf5|1018_sf5|4
1020_sf5|1019_sf5|5
1020_sf5|1015_sf5|1
1021_sf5|1020_sf5|3
1022_sf5|1021_sf5|1
1023_sf5|1022_sf5|1
1024_sf5|1023_sf5|1
1025_sf5|1024_sf5|2
1026_sf5|1025_sf5|2
1027_sf5|1026_sf5|4
1028_sf5|1027_sf5|4
1028_sf5|1023_sf5|1
1029_sf5|1028_sf5|2
1029_sf5|1027_sf5|3
1030_sf5|1029_sf5|1
1031_sf5|1030_sf5|4
1032_sf5|1031_sf5|1
1032_sf5|1029_sf5|3
1033_sf5|1032_sf5|4
1034_sf5|1033_sf5|3
1035_sf5|1034_sf5|3
1035_sf5|1033_sf5|2
1036_sf5|1035_sf5|1
1036_sf5|1033_sf5|3
1037_sf5|1036_sf5|3
1038_sf5|1037_sf5|5
1038_sf5|1034_sf5|3
1039_sf5|1038_sf5|4
1040_sf5|1039_sf5|1
1041_sf5|1040_sf5|4
1042_sf5|1041_sf5|1
1042_sf5|1037_sf5|3
1043_sf5|1042_sf5|3
1043_sf5|1040_sf5|3
1044_sf5|1043_sf5|3
1045_sf5|1044_sf5|4
1046_sf5|1045_sf5|4
1046_sf5|1041_sf5|2
1047_sf5|1046_sf5|3
1048_sf5|1047_sf5|4
1049_sf5|1048_sf5|3
1050_sf5|1049_sf5|1
1051_sf5|1050_sf5|2
1052_sf5|1051_sf5|5
1053_sf5|1052_sf5|4
1053_sf5|1051_sf5|2
1054_sf5|1053_sf5|4
1054_sf5|1052_sf5|2
1055_sf5|1054_sf5|5
1056_sf5|1055_sf5|5
1056_sf5|1054_sf5|1
1057_sf5|1056_sf5|3
1058_sf5|1057_sf5|4
1059_sf5|1058_sf5|5
1060_sf5|1059_sf5|5
1061_sf5|1060_sf5|1
1061_sf5|1059_sf5|1
1062_sf5|1061_sf5|3
1063_sf5|1062_sf5|2
1063_sf5|1059_sf5|1
1064_sf5|1063_sf5|2
1065_sf5|1064_sf5|4
1066_sf5|1065_sf5|2
1067_sf5|1066_sf5|2
1067_sf5|1062_sf5|2
1068_sf5|1067_sf5|5
1068_sf5|1064_sf5|1
1069_sf5|1068_sf5|3
1069_sf5|1065_sf5|3
1070_sf5|1069_sf5|4
1071_sf5|1070_sf5|5
1072_sf5|1071_sf5|2
1073_sf5|1072_sf5|2
1074_sf5|1073_sf5|4
1074_sf5|1072_sf5|3
1075_sf5|1074_sf5|5
1076_sf5|1075_sf5|5
1076_sf5|1072_sf5|1
1077_sf5|1076_sf5|2
1078_sf5|1077_sf5|3
1078_sf5|1074_sf5|2
1079_sf5|1078_sf5|2
1080_sf5|1079_sf5|2
1081_sf5|1080_sf5|3
1082_sf5|1081_sf5|3
1083_sf5|1082_sf5|1
1084_sf5|1083_sf5|2
1085_sf5|1084_sf5|5
1086_sf5|1085_sf5|1
1087_sf5|1086_sf5|3
1088_sf5|1087_sf5|3
1089_sf5|1088_sf5|1
1089_sf5|1086_sf5|1
1090_sf5|1089_sf5|5
1090_sf5|1087_sf5|1
1091_sf5|1090_sf5|4
1091_sf5|1088_sf5|1
1092_sf5|1091_sf5|5
1093_sf5|1092_sf5|1
1093_sf5|1089_sf5|2
1094_sf5|1093_sf5|2
1095_sf5|1094_sf5|3
1095_sf5|1091_sf5|2
1096_sf5|1095_sf5|2
1097_sf5|1096_sf5|1
1098_sf5|1097_sf5|3
1098_sf5|1096_sf5|1
1099_sf5|1098_sf5|3
1100_sf5|1099_sf5|1
1101_sf5|1100_sf5|5
1102_sf5|1101_sf5|4
1103_sf5|1102_sf5|5
1104_sf5|1103_sf5|2
1105_sf5|1104_sf5|5
1106_sf5|1105_sf5|4
1107_sf5|1106_sf5|3
1108_sf5|1107_sf5|4
1108_sf5|1106_sf5|2
1109_sf5|1108_sf5|5
1110_sf5|1109_sf5|2
1111_sf5|1110_sf5|2
1112_sf5|1111_sf5|1
1112_sf5|1107_sf5|3
1113_sf5|1112_sf5|2
1114_sf5|1113_sf5|2
1115_sf5|1114_sf5|3
1116_sf5|1115_sf5|2
1117_sf5|1116_sf5|2
1118_sf5|1117_sf5|3
1118_sf5|1116_sf5|1
1119_sf5|1118_sf5|1
1120_sf5|1119_sf5|2
1121_sf5|1120_sf5|5
1122_sf5|1121_sf5|5
1122_sf5|1120_sf5|2
1123_sf5|1122_sf5|3
1123_sf5|1121_sf5|2
1124_sf5|1123_sf5|4
1125_sf5|1124_sf5|5
1126_sf5|1125_sf5|1
1127_sf5|1126_sf5|1
1128_sf5|1127_sf5|2
1128_sf5|1126_sf5|1
1129_sf5|1128_sf5|1
1129_sf5|1127_sf5|2
1130_sf5|1129_sf5|5
1131_sf5|1130_sf5|1
1132_sf5|1131_sf5|4
1133_sf5|1132_sf5|4
1133_sf5|1130_sf5|3
1134_sf5|1133_sf5|4
1135_sf5|1134_sf5|2
1136_sf5|1135_sf5|2
1137_sf5|1136_sf5|2
1137_sf5|1133_sf5|3
1138_sf5|1137_sf5|3
1138_sf5|1134_sf5|3
1139_sf5|1138_sf5|2
1139_sf5|1135_sf5|1
1140_sf5|1139_sf5|2
1140_sf5|1136_sf5|1
1141_sf5|1140_sf5|2
1142_sf5|1141_sf5|1
1142_sf5|1137_sf5|3
1143_sf5|1142_sf5|4
1143_sf5|1140_sf5|3
1144_sf5|1143_sf5|3
1145_sf5|1144_sf5|1
1145_sf5|1143_sf5|3
1146_sf5|1145_sf5|4
1147_sf5|1146_sf5|5
1148_sf5|1147_sf5|5
1148_sf5|1144_sf5|3
1149_sf5|1148_sf5|1
1149_sf5|1147_sf5|3
1150_sf5|1149_sf5|1
1151_sf5|1150_sf5|3
1152_sf5|1151_sf5|3
1152_sf5|1148_sf5|2
1153_sf5|1152_sf5|4
1154_sf5|1153_sf5|4
1154_sf5|1152_sf5|1
1155_sf5|1154_sf5|1
1156_sf5|1155_sf5|4
1156_sf5|1153_sf5|1
1157_sf5|1156_sf5|1
1158_sf5|1157_sf5|4
1159_sf5|1158_sf5|4
1159_sf5|1156_sf5|2
1160_sf5|1159_sf5|5
1161_sf5|1160_sf5|1
1161_sf5|1157_sf5|3
1162_sf5|1161_sf5|5
1163_sf5|1162_sf5|5
1164_sf5|1163_sf5|4
1164_sf5|1160_sf5|3
1165_sf5|1164_sf5|4
1166_sf5|1165_sf5|1
1167_sf5|1166_sf5|3
1168_sf5|1167_sf5|1
1169_sf5|1168_sf5|4
1169_sf5|1166_sf5|3
1170_sf5|1169_sf5|4
1170_sf5|1166_sf5|1
1171_sf5|1170_sf5|4
1172_sf5|1171_sf5|4
1173_sf5|1172_sf5|1
1174_sf5|1173_sf5|3
1175_sf5|1174_sf5|3
1175_sf5|1172_sf5|3
1176_sf5|1175_sf5|4
1176_sf5|1172_sf5|3
1177_sf5|1176_sf5|4
1178_sf5|1177_sf5|5
1179_sf5|1178_sf5|1
1179_sf5|1175_sf5|2
1180_sf5|1179_sf5|3
1181_sf5|1180_sf5|4
1181_sf5|1176_sf5|1
1182_sf5|1181_sf5|4
1183_sf5|1182_sf5|2
1184_sf5|1183_sf5|1
1185_sf5|1184_sf5|2
1186_sf5|1185_sf5|2
1186_sf5|1181_sf5|2
1187_sf5|1186_sf5|1
1187_sf5|1185_sf5|2
1188_sf5|1187_sf5|4
1189_sf5|1188_sf5|3
1190_sf5|1189_sf5|3
1191_sf5|1190_sf5|5
1191_sf5|1187_sf5|1
1192_sf5|1191_sf5|5
1193_sf5|1192_sf5|5
1193_sf5|1188_sf5|2
1194_sf5|1193_sf5|4
1195_sf5|1194_sf5|3
1195_sf5|1191_sf5|2
1196_sf5|1195_sf5|4
1196_sf5|1194_sf5|2
1197_sf5|1196_sf5|1
1197_sf5|1195_sf5|2
1198_sf5|1197_sf5|1
1199_sf5|1198_sf5|5
1200_sf5|1199_sf5|5
1201_sf5|1200_sf5|2
1202_sf5|1201_sf5|4
1202_sf5|1199_sf5|3
1203_sf5|1202_sf5|2
1204_sf5|1203_sf5|3
1205_sf5|1204_sf5|2
1206_sf5|1205_sf5|5
1207_sf5|1206_sf5|5
1208_sf5|1207_sf5|1
1209_sf5|1208_sf5|2
1210_sf5|1209_sf5|2
1211_sf5|1210_sf5|4
1211_sf5|1208_sf5|1
1212_sf5|1211_sf5|4
1213_sf5|1212_sf5|1
1214_sf5|1213_sf5|5
1215_sf5|1214_sf5|5
1215_sf5|1212_sf5|2
1216_sf5|1215_sf5|2
1216_sf5|1213_sf5|3
1217_sf5|1216_sf5|4
1218_sf5|1217_sf5|4
1219_sf5|1218_sf5|3
1220_sf5|1219_sf5|4
1221_sf5|1220_sf5|5
1221_sf5|1217_sf5|2
1222_sf5|1221_sf5|1
1222_sf5|1220_sf5|2
1223_sf5|1222_sf5|2
1224_sf5|1223_sf5|5
1225_sf5|1224_sf5|2
1226_sf5|1225_sf5|1
1227_sf5|1226_sf5|1
1228_sf5|1227_sf5|1
1229_sf5|1228_sf5|5
1229_sf5|1225_sf5|1
1230_sf5|1229_sf5|5
1230_sf5|1228_sf5|1
1231_sf5|1230_sf5|5
1231_sf5|1228_sf5|2
1232_sf5|1231_sf5|5
1233_sf5|1232_sf5|5
1234_sf5|1233_sf5|3
1235_sf5|1234_sf5|5
1236_sf5|1235_sf5|4
1236_sf5|1231_sf5|3
1237_sf5|1236_sf5|5
1238_sf5|1237_sf5|1
1239_sf5|1238_sf5|2
1240_sf5|1239_sf5|5
1241_sf5|1240_sf5|1
1242_sf5|1241_sf5|5
1243_sf5|1242_sf5|3
1243_sf5|1240_sf5|3
1244_sf5|1243_sf5|3
1244_sf5|1241_sf5|2
1245_sf5|1244_sf5|2
1246_sf5|1245_sf5|2
1247_sf5|1246_sf5|5
1247_sf5|1245_sf5|3
1248_sf5|1247_sf5|3
1249_sf5|1248_sf5|5
1249_sf5|1247_sf5|2
1250_sf5|1249_sf5|4
1251_sf5|1250_sf5|5
1252_sf5|1251_sf5|2
1252_sf5|1249_sf5|2
1253_sf5|1252_sf5|2
1253_sf5|1248_sf5|2
1254_sf5|1253_sf5|2
1255_sf5|1254_sf5|4
1256_sf5|1255_sf5|5
1257_sf5|1256_sf5|1
1257_sf5|1254_sf5|1
1258_sf5|1257_sf5|4
1259_sf5|1258_sf5|2
1260_sf5|1259_sf5|3
1261_sf5|1260_sf5|2
1262_sf5|1261_sf5|3
1262_sf5|1257_sf5|3
1263_sf5|1262_sf5|2
1263_sf5|1261_sf5|1
1264_sf5|1263_sf5|3
1265_sf5|1264_sf5|5
1266_sf5|1265_sf5|3
1267_sf5|1266_sf5|4
1268_sf5|1267_sf5|4
1269_sf5|1268_sf5|5
1269_sf5|1267_sf5|2
1270_sf5|1269_sf5|5
1271_sf5|1270_sf5|4
1271_sf5|1266_sf5|3
1272_sf5|1271_sf5|5
1273_sf5|1272_sf5|4
1274_sf5|1273_sf5|4
1275_sf5|1274_sf5|4
1276_sf5|1275_sf5|5
1277_sf5|1276_sf5|3
1277_sf5|1272_sf5|2
1278_sf5|1277_sf5|3
1278_sf5|1273_sf5|1
1279_sf5|1278_sf5|5
1280_sf5|1279_sf5|5
1281_sf5|1280_sf5|4
1282_sf5|1281_sf5|2
1283_sf5|1282_sf5|3
1284_sf5|1283_sf5|3
1284_sf5|1281_sf5|3
1285_sf5|1284_sf5|1
1286_sf5|1285_sf5|5
1286_sf5|1282_sf5|3
1287_sf5|1286_sf5|5
1288_sf5|1287_sf5|5
1288_sf5|1283_sf5|3
1289_sf5|1288_sf5|3
1289_sf5|1284_sf5|1
1290_sf5|1289_sf5|3
1290_sf5|1288_sf5|1
1291_sf5|1290_sf5|5
1292_sf5|1291_sf5|5
1292_sf5|1288_sf5|3
1293_sf5|1292_sf5|2
1294_sf5|1293_sf5|3
1294_sf5|1289_sf5|2
1295_sf5|1294_sf5|3
1296_sf5|1295_sf5|4
1297_sf5|1296_sf5|3
1298_sf5|1297_sf5|4
1299_sf5|1298_sf5|3
1299_sf5|1296_sf5|2
1300_sf5|1299_sf5|2
1301_sf5|1300_sf5|3
1301_sf5|1297_sf5|3
1302_sf5|1301_sf5|5
1303_sf5|1302_sf5|2
1303_sf5|1298_sf5|3
1304_sf5|1303_sf5|3
1305_sf5|1304_sf5|2
1306_sf5|1305_sf5|2
1306_sf5|1301_sf5|2
1307_sf5|1306_sf5|3
1307_sf5|1304_sf5|1
1308_sf5|1307_sf5|5
1309_sf5|1308_sf5|5
1310_sf5|1309_sf5|4
1311_sf5|1310_sf5|5
1311_sf5|1307_sf5|3
1312_sf5|1311_sf5|5
1313_sf5|1312_sf5|4
1314_sf5|1313_sf5|4
1315_sf5|1314_sf5|1
1316_sf5|1315_sf5|3
1317_sf5|1316_sf5|4
1318_sf5|1317_sf5|2
1319_sf5|1318_sf5|4
1319_sf5|1317_sf5|3
1320_sf5|1319_sf5|5
1320_sf5|1315_sf5|1
1321_sf5|1320_sf5|3
1321_sf5|1317_sf5|2
1322_sf5|1321_sf5|4
1323_sf5|1322_sf5|5
1324_sf5|1323_sf5|1
1325_sf5|1324_sf5|2
1325_sf5|1320_sf5|3
1326_sf5|1325_sf5|1
1326_sf5|1324_sf5|3
1327_sf5|1326_sf5|5
1327_sf5|1322_sf5|1
1328_sf5|1327_sf5|2
1329_sf5|1328_sf5|2
1330_sf5|1329_sf5|5
1331_sf5|1330_sf5|4
1332_sf5|1331_sf5|3
1333_sf5|1332_sf5|5
1333_sf5|1329_sf5|1
1334_sf5|1333_sf5|5
1335_sf5|1334_sf5|2
1336_sf5|1335_sf5|1
1337_sf5|1336_sf5|5
1338_sf5|1337_sf5|1
1339_sf5|1338_sf5|1
1340_sf5|1339_sf5|5
1341_sf5|1340_sf5|4
1342_sf5|1341_sf5|1
1343_sf5|1342_sf5|4
1344_sf5|1343_sf5|5
1345_sf5|1344_sf5|3
1346_sf5|1345_sf5|5
1347_sf5|1346_sf5|5
1348_sf5|1347_sf5|3
1349_sf5|1348_sf5|4
1350_sf5|1349_sf5|2
1351_sf5|1350_sf5|1
1351_sf5|1349_sf5|1
1352_sf5|1351_sf5|4
1353_sf5|1352_sf5|2
1354_sf5|1353_sf5|3
1355_sf5|1354_sf5|3
1356_sf5|1355_sf5|5
1357_sf5|1356_sf5|2
1357_sf5|1354_sf5|1
1358_sf5|1357_sf5|5
1358_sf5|1356_sf5|2
1359_sf5|1358_sf5|3
1360_sf5|1359_sf5|5
1361_sf5|1360_sf5|3
1362_sf5|1361_sf5|2
1363_sf5|1362_sf5|5
1364_sf5|1363_sf5|3
1365_sf5|1364_sf5|2
1366_sf5|1365_sf5|2
1367_sf5|1366_sf5|5
1367_sf5|1365_sf5|2
1368_sf5|1367_sf5|3
1369_sf5|1368_sf5|2
1370_sf5|1369_sf5|5
1371_sf5|1370_sf5|2
1372_sf5|1371_sf5|5
1372_sf5|1369_sf5|1
1373_sf5|1372_sf5|5
1374_sf5|1373_sf5|5
1374_sf5|1370_sf5|1
1375_sf5|1374_sf5|3
1376_sf5|1375_sf5|5
1377_sf5|1376_sf5|2
1377_sf5|1372_sf5|3
1378_sf5|1377_sf5|1
1379_sf5|1378_sf5|1
1380_sf5|1379_sf5|4
1381_sf5|1380_sf5|2
1382_sf5|1381_sf5|2
1383_sf5|1382_sf5|5
1383_sf5|1379_sf5|2
1384_sf5|1383_sf5|2
1385_sf5|1384_sf5|1
1386_sf5|1385_sf5|4
1387_sf5|1386_sf5|2
1388_sf5|1387_sf5|2
1389_sf5|1388_sf5|4
1390_sf5|1389_sf5|4
1390_sf5|1386_sf5|2
1391_sf5|1390_sf5|3
1391_sf5|1388_sf5|2
1392_sf5|1391_sf5|2
1393_sf5|1392_sf5|4
1393_sf5|1389_sf5|3
1394_sf5|1393_sf5|2
1394_sf5|1389_sf5|3
1395_sf5|1394_sf5|4
1396_sf5|1395_sf5|4
1396_sf5|1391_sf5|3
1397_sf5|1396_sf5|3
1398_sf5|1397_sf5|4
1398_sf5|1393_sf5|3
1399_sf5|1398_sf5|2
1400_sf5|1399_sf5|3
1401_sf5|1400_sf5|3
1402_sf5|1401_sf5|1
1403_sf5|1402_sf5|3
1403_sf5|1399_sf5|3
1404_sf5|1403_sf5|5
1405_sf5|1404_sf5|4
1406_sf5|1405_sf5|1
1407_sf5|1406_sf5|5
1407_sf5|1403_sf5|2
1408_sf5|1407_sf5|3
1409_sf5|1408_sf5|1
1410_sf5|1409_sf5|5
1411_sf5|1410_sf5|4
1412_sf5|1411_sf5|2
1413_sf5|1412_sf5|1
1414_sf5|1413_sf5|3
1415_sf5|1414_sf5|2
1415_sf5|1412_sf5|1
1416_sf5|1415_sf5|1
1417_sf5|1416_sf5|5
1417_sf5|1415_sf5|2
1418_sf5|1417_sf5|2
1419_sf5|1418_sf5|1
1419_sf5|1416_sf5|2
1420_sf5|1419_sf5|5
1421_sf5|1420_sf5|1
1422_sf5|1421_sf5|3
1422_sf5|1417_sf5|3
1423_sf5|1422_sf5|1
1424_sf5|1423_sf5|4
1425_sf5|1424_sf5|1
1426_sf5|1425_sf5|4
1427_sf5|1426_sf5|1
1428_sf5|1427_sf5|5
1428_sf5|1426_sf5|3
1429_sf5|1428_sf5|1
1430_sf5|1429_sf5|1
1430_sf5|1426_sf5|1
1431_sf5|1430_sf5|5
1432_sf5|1431_sf5|5
1433_sf5|1432_sf5|2
1434_sf5|1433_sf5|5
1435_sf5|1434_sf5|4
1436_sf5|1435_sf5|1
1437_sf5|1436_sf5|1
1438_sf5|1437_sf5|1
1439_sf5|1438_sf5|5
1440_sf5|1439_sf5|1
1440_sf5|1437_sf5|1
1441_sf5|1440_sf5|5
1442_sf5|1441_sf5|2
1443_sf5|1442_sf5|5
1444_sf5|1443_sf5|3
1444_sf5|1439_sf5|2
1445_sf5|1444_sf5|5
1445_sf5|1441_sf5|2
1446_sf5|1445_sf5|5
1447_sf5|1446_sf5|2
1447_sf5|1442_sf5|1
1448_sf5|1447_sf5|1
1449_sf5|1448_sf5|3
1450_sf5|1449_sf5|5
1450_sf5|1448_sf5|3
1451_sf5|1450_sf5|4
1452_sf5|1451_sf5|4
1453_sf5|1452_sf5|5
1454_sf5|1453_sf5|5
1455_sf5|1454_sf5|3
1456_sf5|1455_sf5|3
1457_sf5|1456_sf5|1
1458_sf5|1457_sf5|5
1459_sf5|1458_sf5|1
1460_sf5|1459_sf5|3
1461_sf5|1460_sf5|2
1462_sf5|1461_sf5|5
1463_sf5|1462_sf5|5
1464_sf5|1463_sf5|5
1464_sf5|1462_sf5|2
1465_sf5|1464_sf5|5
1466_sf5|1465_sf5|3
1467_sf5|1466_sf5|3
1468_sf5|1467_sf5|1
1468_sf5|1465_sf5|1
1469_sf5|1468_sf5|2
1470_sf5|1469_sf5|3
1470_sf5|1468_sf5|1
1471_sf5|1470_sf5|4
1472_sf5|1471_sf5|1
1473_sf5|1472_sf5|1
1474_sf5|1473_sf5|3
1475_sf5|1474_sf5|2
1475_sf5|1470_sf5|2
1476_sf5|1475_sf5|1
1477_sf5|1476_sf5|3
1477_sf5|1472_sf5|1
1478_sf5|1477_sf5|2
1479_sf5|1478_sf5|4
1479_sf5|1474_sf5|1
1480_sf5|1479_sf5|4
1481_sf5|1480_sf5|2
1482_sf5|1481_sf5|2
1483_sf5|1482_sf5|1
1483_sf5|1481_sf5|3
1484_sf5|1483_sf5|1
1485_sf5|1484_sf5|4
1486_sf5|1485_sf5|1
1487_sf5|1486_sf5|3
1488_sf5|1487_sf5|1
1488_sf5|1483_sf5|2
1489_sf5|1488_sf5|3
1490_sf5|1489_sf5|1
1491_sf5|1490_sf5|5
1492_sf5|1491_sf5|4
1493_sf5|1492_sf5|1
1494_sf5|1493_sf5|5
1495_sf5|1494_sf5|3
1496_sf5|1495_sf5|4
1497_sf5|1496_sf5|3
1497_sf5|1494_sf5|2
1498_sf5|1497_sf5|2
1499_sf5|1498_sf5|3
1500_sf5|1499_sf5|3
1501_sf5|1500_sf5|1
1502_sf5|1501_sf5|4
1503_sf5|1502_sf5|2
1504_sf5|1503_sf5|2
1505_sf5|1504_sf5|2
1506_sf5|1505_sf5|5
1507_sf5|1506_sf5|5
1508_sf5|1507_sf5|5
1508_sf5|1503_sf5|3
1509_sf5|1508_sf5|4
1509_sf5|1507_sf5|3
1510_sf5|1509_sf5|5
1510_sf5|1506_sf5|2
1511_sf5|1510_sf5|2
1512_sf5|1511_sf5|2
1513_sf5|1512_sf5|3
1514_sf5|1513_sf5|5
1514_sf5|1510_sf5|1
1515_sf5|1514_sf5|2
1516_sf5|1515_sf5|4
1517_sf5|1516_sf5|3
1517_sf5|1512_sf5|2
1518_sf5|1517_sf5|5
1518_sf5|1514_sf5|1
1519_sf5|1518_sf5|5
1520_sf5|1519_sf5|2
1521_sf5|1520_sf5|2
1522_sf5|1521_sf5|1
1523_sf5|1522_sf5|5
1524_sf5|1523_sf5|1
1525_sf5|1524_sf5|5
1526_sf5|1525_sf5|3
1526_sf5|1524_sf5|2
1527_sf5|1526_sf5|2
1528_sf5|1527_sf5|3
1529_sf5|1528_sf5|2
1530_sf5|1529_sf5|5
1530_sf5|1525_sf5|3
1531_sf5|1530_sf5|1
1532_sf5|1531_sf5|1
1532_sf5|1529_sf5|1
1533_sf5|1532_sf5|1
1534_sf5|1533_sf5|2
1534_sf5|1532_sf5|3
1535_sf5|1534_sf5|2
1535_sf5|1531_sf5|1
1536_sf5|1535_sf5|2
1537_sf5|1536_sf5|3
1538_sf5|1537_sf5|5
1539_sf5|1538_sf5|2
1540_sf5|1539_sf5|4
1541_sf5|1540_sf5|1
1542_sf5|1541_sf5|1
1543_sf5|1542_sf5|1
1544_sf5|1543_sf5|2
1544_sf5|1540_sf5|2
1545_sf5|1544_sf5|3
1545_sf5|1542_sf5|3
1546_sf5|1545_sf5|3
1546_sf5|1543_sf5|3
1547_sf5|1546_sf5|3
1548_sf5|1547_sf5|3
1549_sf5|1548_sf5|2
1550_sf5|1549_sf5|3
1551_sf5|1550_sf5|4
1552_sf5|1551_sf5|1
1553_sf5|1552_sf5|3
1553_sf5|1548_sf5|3
1554_sf5|1553_sf5|5
1555_sf5|1554_sf5|3
1556_sf5|1555_sf5|3
1557_sf5|1556_sf5|1
1558_sf5|1557_sf5|3
1559_sf5|1558_sf5|1
1560_sf5|1559_sf5|5
1561_sf5|1560_sf5|1
1562_sf5|1561_sf5|1
1563_sf5|1562_sf5|5
1564_sf5|1563_sf5|4
1565_sf5|1564_sf5|4
1566_sf5|1565_sf5|3
1567_sf5|1566_sf5|2
1567_sf5|1565_sf5|3
1568_sf5|1567_sf5|5
1569_sf5|1568_sf5|2
1569_sf5|1567_sf5|2
1570_sf5|1569_sf5|2
1570_sf5|1565_sf5|2
1571_sf5|1570_sf5|4
1572_sf5|1571_sf5|3
1573_sf5|1572_sf5|2
1574_sf5|1573_sf5|5
1575_sf5|1574_sf5|1
1576_sf5|1575_sf5|5
1576_sf5|1573_sf5|3
1577_sf5|1576_sf5|5
1578_sf5|1577_sf5|3
1579_sf5|1578_sf5|5
1580_sf5|1579_sf5|5
1581_sf5|1580_sf5|5
1582_sf5|1581_sf5|5
1583_sf5|1582_sf5|4
1584_sf5|1583_sf5|1
1585_sf5|1584_sf5|1
1586_sf5|1585_sf5|5
1587_sf5|1586_sf5|3
1588_sf5|1587_sf5|3
1589_sf5|1588_sf5|4
1590_sf5|1589_sf5|4
1591_sf5|1590_sf5|3
1591_sf5|1587_sf5|2
1592_sf5|1591_sf5|1
1593_sf5|1592_sf5|3
1593_sf5|1588_sf5|3
1594_sf5|1593_sf5|3
1594_sf5|1590_sf5|2
1595_sf5|1594_sf5|1
1596_sf5|1595_sf5|1
1597_sf5|1596_sf5|2
1598_sf5|1597_sf5|2
1598_sf5|1593_sf5|3
1599_sf5|1598_sf5|3
1599_sf5|1597_sf5|2
1600_sf5|1599_sf5|4
1601_sf5|1600_sf5|4
1602_sf5|1601_sf5|3
1603_sf5|1602_sf5|5
1604_sf5|1603_sf5|5
1604_sf5|1601_sf5|3
1605_sf5|1604_sf5|2
1606_sf5|1605_sf5|4
1607_sf5|1606_sf5|5
1608_sf5|1607_sf5|2
1608_sf5|1604_sf5|3
1609_sf5|1608_sf5|5
1609_sf5|1605_sf5|2
1610_sf5|1609_sf5|1
1610_sf5|1606_sf5|3
1611_sf5|1610_sf5|5
1611_sf5|1609_sf5|2
1612_sf5|1611_sf5|2
1612_sf5|1607_sf5|1
1613_sf5|1612_sf5|1
1614_sf5|1613_sf5|5
1614_sf5|1610_sf5|2
1615_sf5|1614_sf5|3
1616_sf5|1615_sf5|3
1617_sf5|1616_sf5|2
1618_sf5|1617_sf5|1
1618_sf5|1616_sf5|3
1619_sf5|1618_sf5|2
1620_sf5|1619_sf5|3
1620_sf5|1618_sf5|3
1621_sf5|1620_sf5|2
1622_sf5|1621_sf5|3
1623_sf5|1622_sf5|3
1624_sf5|1623_sf5|5
1625_sf5|1624_sf5|1
1626_sf5|1625_sf5|1
1627_sf5|1626_sf5|4
1628_sf5|1627_sf5|3
1628_sf5|1626_sf5|1
1629_sf5|1628_sf5|2
1630_sf5|1629_sf5|5
1631_sf5|1630_sf5|5
1631_sf5|1627_sf5|1
1632_sf5|1631_sf5|2
1633_sf5|1632_sf5|3
1633_sf5|1629_sf5|3
1634_sf5|1633_sf5|3
1635_sf5|1634_sf5|3
1636_sf5|1635_sf5|4
1636_sf5|1632_sf5|3
1637_sf5|1636_sf5|2
1638_sf5|1637_sf5|4
1638_sf5|1635_sf5|1
1639_sf5|1638_sf5|5
1640_sf5|1639_sf5|4
1640_sf5|1638_sf5|3
1641_sf5|1640_sf5|2
1641_sf5|1636_sf5|2
1642_sf5|1641_sf5|5
1642_sf5|1638_sf5|2
1643_sf5|1642_sf5|1
1644_sf5|1643_sf5|3
1645_sf5|1644_sf5|5
1646_sf5|1645_sf5|4
1646_sf5|1642_sf5|3
1647_sf5|1646_sf5|4
1647_sf5|1643_sf5|2
1648_sf5|1647_sf5|2
1648_sf5|1644_sf5|3
1649_sf5|1648_sf5|1
1650_sf5|1649_sf5|2
1651_sf5|1650_sf5|4
1651_sf5|1647_sf5|1
1652_sf5|1651_sf5|1
1653_sf5|1652_sf5|1
1654_sf5|1653_sf5|2
1655_sf5|1654_sf5|3
1655_sf5|1653_sf5|2
1656_sf5|1655_sf5|5
1657_sf5|1656_sf5|1
1657_sf5|1653_sf5|3
1658_sf5|1657_sf5|4
1659_sf5|1658_sf5|4
1660_sf5|1659_sf5|5
1661_sf5|1660_sf5|3
1662_sf5|1661_sf5|4
1662_sf5|1658_sf5|3
1663_sf5|1662_sf5|2
1664_sf5|1663_sf5|3
1664_sf5|1659_sf5|2
1665_sf5|1664_sf5|1
1665_sf5|1660_sf5|2
1666_sf5|1665_sf5|1
1667_sf5|1666_sf5|4
1668_sf5|1667_sf5|4
1669_sf5|1668_sf5|1
1670_sf5|1669_sf5|1
1671_sf5|1670_sf5|1
1672_sf5|1671_sf5|4
1673_sf5|1672_sf5|1
1674_sf5|1673_sf5|4
1675_sf5|1674_sf5|5
1675_sf5|1671_sf5|1
1676_sf5|1675_sf5|2
1676_sf5|1673_sf5|2
1677_sf5|1676_sf5|5
1677_sf5|1673_sf5|3
1678_sf5|1677_sf5|1
1679_sf5|1678_sf5|5
1680_sf5|1679_sf5|2
1681_sf5|1680_sf5|5
1682_sf5|1681_sf5|5
1683_sf5|1682_sf5|3
1684_sf5|1683_sf5|4
1685_sf5|1684_sf5|2
1685_sf5|1682_sf5|2
1686_sf5|1685_sf5|5
1687_sf5|1686_sf5|2
1688_sf5|1687_sf5|3
1688_sf5|1685_sf5|2
1689_sf5|1688_sf5|1
1690_sf5|1689_sf5|4
1691_sf5|1690_sf5|4
1692_sf5|1691_sf5|1
1692_sf5|1688_sf5|3
1693_sf5|1692_sf5|3
1694_sf5|1693_sf5|1
1695_sf5|1694_sf5|2
1695_sf5|1693_sf5|1
1696_sf5|1695_sf5|2
1696_sf5|1691_sf5|1
1697_sf5|1696_sf5|5
1698_sf5|1697_sf5|3
1698_sf5|1696_sf5|3
1699_sf5|1698_sf5|1
1700_sf5|1699_sf5|5
1701_sf5|1700_sf5|2
1702_sf5|1701_sf5|1
1702_sf5|1699_sf5|2
1703_sf5|1702_sf5|5
1704_sf5|1703_sf5|2
1705_sf5|1704_sf5|4
1705_sf5|1700_sf5|1
1706_sf5|1705_sf5|2
1706_sf5|1701_sf5|3
1707_sf5|1706_sf5|1
1708_sf5|1707_sf5|3
1709_sf5|1708_sf5|1
1709_sf5|1707_sf5|1
1710_sf5|1709_sf5|4
1711_sf5|1710_sf5|4
1711_sf5|1707_sf5|2
1712_sf5|1711_sf5|2
1713_sf5|1712_sf5|2
1713_sf5|1711_sf5|3
1714_sf5|1713_sf5|4
1714_sf5|1709_sf5|3
1715_sf5|1714_sf5|4
1715_sf5|1710_sf5|3
1716_sf5|1715_sf5|2
1717_sf5|1716_sf5|1
1717_sf5|1712_sf5|1
1718_sf5|1717_sf5|4
1718_sf5|1714_sf5|3
1719_sf5|1718_sf5|2
1719_sf5|1714_sf5|3
1720_sf5|1719_sf5|1
1720_sf5|1717_sf5|3
1721_sf5|1720_sf5|4
1722_sf5|1721_sf5|1
1722_sf5|1717_sf5|2
1723_sf5|1722_sf5|5
1724_sf5|1723_sf5|2
1725_sf5|1724_sf5|1
1725_sf5|1720_sf5|2
1726_sf5|1725_sf5|4
1727_sf5|1726_sf5|4
1727_sf5|1723_sf5|3
1728_sf5|1727_sf5|2
1729_sf5|1728_sf5|1
1730_sf5|1729_sf5|4
1731_sf5|1730_sf5|3
1732_sf5|1731_sf5|4
1733_sf5|1732_sf5|5
1734_sf5|1733_sf5|1
1734_sf5|1731_sf5|3
1735_sf5|1734_sf5|5
1735_sf5|1730_sf5|1
1736_sf5|1735_sf5|3
1737_sf5|1736_sf5|1
1738_sf5|1737_sf5|3
1739_sf5|1738_sf5|1
1739_sf5|1737_sf5|1
1740_sf5|1739_sf5|3
1741_sf5|1740_sf5|5
1742_sf5|1741_sf5|4
1743_sf5|1742_sf5|2
1744_sf5|1743_sf5|5
1745_sf5|1744_sf5|4
1746_sf5|1745_sf5|4
1746_sf5|1744_sf5|3
1747_sf5|1746_sf5|4
1748_sf5|1747_sf5|3
1749_sf5|1748_sf5|3
1750_sf5|1749_sf5|4
1751_sf5|1750_sf5|3
1752_sf5|1751_sf5|3
1752_sf5|1748_sf5|3
1753_sf5|1752_sf5|3
1754_sf5|1753_sf5|1
1755_sf5|1754_sf5|5
1756_sf5|1755_sf5|4
1757_sf5|1756_sf5|1
1758_sf5|1757_sf5|5
1758_sf5|1753_sf5|3
1759_sf5|1758_sf5|1
1760_sf5|1759_sf5|3
1760_sf5|1756_sf5|1
1761_sf5|1760_sf5|1
1762_sf5|1761_sf5|5
1763_sf5|1762_sf5|3
1764_sf5|1763_sf5|2
1764_sf5|1762_sf5|1
1765_sf5|1764_sf5|4
1766_sf5|1765_sf5|2
1767_sf5|1766_sf5|2
1767_sf5|1762_sf5|1
1768_sf5|1767_sf5|4
1768_sf5|1763_sf5|2
1769_sf5|1768_sf5|2
1770_sf5|1769_sf5|1
1771_sf5|1770_sf5|4
1772_sf5|1771_sf5|5
1773_sf5|1772_sf5|1
1773_sf5|1768_sf5|2
1774_sf5|1773_sf5|1
1775_sf5|1774_sf5|4
1775_sf5|1770_sf5|1
1776_sf5|1775_sf5|1
1777_sf5|1776_sf5|2
1777_sf5|1774_sf5|2
1778_sf5|1777_sf5|3
1779_sf5|1778_sf5|4
1780_sf5|1779_sf5|4
1781_sf5|1780_sf5|4
1782_sf5|1781_sf5|3
1783_sf5|1782_sf5|3
1783_sf5|1780_sf5|2
1784_sf5|1783_sf5|5
1785_sf5|1784_sf5|4
1785_sf5|1780_sf5|2
1786_sf5|1785_sf5|1
1787_sf5|1786_sf5|4
1787_sf5|1785_sf5|1
1788_sf5|1787_sf5|3
1789_sf5|1788_sf5|4
1790_sf5|1789_sf5|3
1790_sf5|1786_sf5|2
1791_sf5|1790_sf5|5
1791_sf5|1787_sf5|3
1792_sf5|1791_sf5|5
1793_sf5|1792_sf5|1
1793_sf5|1788_sf5|1
1794_sf5|1793_sf5|4
1795_sf5|1794_sf5|2
1795_sf5|1792_sf5|2
1796_sf5|1795_sf5|5
1797_sf5|1796_sf5|4
1798_sf5|1797_sf5|4
1799_sf5|1798_sf5|4
1799_sf5|1796_sf5|1
1800_sf5|1799_sf5|5
1801_sf5|1800_sf5|3
1802_sf5|1801_sf5|5
1803_sf5|1802_sf5|5
1804_sf5|1803_sf5|2
1804_sf5|1799_sf5|1
1805_sf5|1804_sf5|1
1806_sf5|1805_sf5|1
1807_sf5|1806_sf5|5
1808_sf5|1807_sf5|4
1809_sf5|1808_sf5|4
1809_sf5|1806_sf5|1
1810_sf5|1809_sf5|5
1811_sf5|1810_sf5|3
1812_sf5|1811_sf5|5
1812_sf5|1808_sf5|2
1813_sf5|1812_sf5|5
1814_sf5|1813_sf5|5
1814_sf5|1811_sf5|2
1815_sf5|1814_sf5|4
1816_sf5|1815_sf5|1
1817_sf5|1816_sf5|5
1818_sf5|1817_sf5|5
1819_sf5|1818_sf5|4
1819_sf5|1816_sf5|2
1820_sf5|1819_sf5|5
1821_sf5|1820_sf5|5
1822_sf5|1821_sf5|1
1823_sf5|1822_sf5|4
1824_sf5|1823_sf5|4
1825_sf5|1824_sf5|1
1826_sf5|1825_sf5|4
1826_sf5|1821_sf5|1
1827_sf5|1826_sf5|2
1828_sf5|1827_sf5|3
1828_sf5|1824_sf5|3
1829_sf5|1828_sf5|1
1829_sf5|1825_sf5|3
1830_sf5|1829_sf5|3
1830_sf5|1825_sf5|3
1831_sf5|1830_sf5|3
1832_sf5|1831_sf5|3
1833_sf5|1832_sf5|4
1834_sf5|1833_sf5|5
1835_sf5|1834_sf5|1
1836_sf5|1835_sf5|4
1837_sf5|1836_sf5|3
1838_sf5|1837_sf5|5
1839_sf5|1838_sf5|1
1839_sf5|1834_sf5|1
1840_sf5|1839_sf5|5
1840_sf5|1835_sf5|1
1841_sf5|1840_sf5|1
1842_sf5|1841_sf5|2
1842_sf5|1838_sf5|2
1843_sf5|1842_sf5|2
1844_sf5|1843_sf5|1
1844_sf5|1841_sf5|2
1845_sf5|1844_sf5|4
1846_sf5|1845_sf5|3
1847_sf5|1846_sf5|3
1848_sf5|1847_sf5|5
1849_sf5|1848_sf5|5
1850_sf5|1849_sf5|2
1851_sf5|1850_sf5|3
1852_sf5|1851_sf5|4
1853_sf5|1852_sf5|1
1853_sf5|1850_sf5|1
1854_sf5|1853_sf5|1
1854_sf5|1852_sf5|2
1855_sf5|1854_sf5|5
1856_sf5|1855_sf5|5
1857_sf5|1856_sf5|3
1858_sf5|1857_sf5|2
1859_sf5|1858_sf5|5
1859_sf5|1855_sf5|3
1860_sf5|1859_sf5|4
1860_sf5|1856_sf5|3
1861_sf5|1860_sf5|5
1861_sf5|1856_sf5|2
1862_sf5|1861_sf5|3
1863_sf5|1862_sf5|2
1863_sf5|1859_sf5|3
1864_sf5|1863_sf5|3
1865_sf5|1864_sf5|3
1865_sf5|1860_sf5|2
1866_sf5|1865_sf5|3
1867_sf5|1866_sf5|3
1868_sf5|1867_sf5|3
1868_sf5|1866_sf5|1
1869_sf5|1868_sf5|4
1870_sf5|1869_sf5|3
1871_sf5|1870_sf5|4
1872_sf5|1871_sf5|4
1872_sf5|1867_sf5|2
1873_sf5|1872_sf5|3
1873_sf5|1869_sf5|3
1874_sf5|1873_sf5|2
1875_sf5|1874_sf5|3
1876_sf5|1875_sf5|4
1877_sf5|1876_sf5|5
1878_sf5|1877_sf5|4
1878_sf5|1873_sf5|3
1879_sf5|1878_sf5|5
1880_sf5|1879_sf5|5
1880_sf5|1875_sf5|2
1881_sf5|1880_sf5|5
1882_sf5|1881_sf5|2
1882_sf5|1880_sf5|1
1883_sf5|1882_sf5|5
1884_sf5|1883_sf5|2
1885_sf5|1884_sf5|4
1885_sf5|1882_sf5|1
1886_sf5|1885_sf5|4
1887_sf5|1886_sf5|1
1888_sf5|1887_sf5|5
1889_sf5|1888_sf5|5
1890_sf5|1889_sf5|4
1891_sf5|1890_sf5|2
1891_sf5|1889_sf5|1
1892_sf5|1891_sf5|3
1892_sf5|1890_sf5|2
1893_sf5|1892_sf5|5
1894_sf5|1893_sf5|5
1895_sf5|1894_sf5|1
1896_sf5|1895_sf5|4
1896_sf5|1894_sf5|3
1897_sf5|1896_sf5|3
1898_sf5|1897_sf5|1
1898_sf5|1896_sf5|3
1899_sf5|1898_sf5|1
1899_sf5|1895_sf5|3
1900_sf5|1899_sf5|3
1901_sf5|1900_sf5|2
1901_sf5|1898_sf5|2
1902_sf5|1901_sf5|2
1903_sf5|1902_sf5|4
1904_sf5|1903_sf5|2
1905_sf5|1904_sf5|4
1905_sf5|1903_sf5|2
1906_sf5|1905_sf5|3
1907_sf5|1906_sf5|1
1908_sf5|1907_sf5|2
1909_sf5|1908_sf5|1
1909_sf5|1905_sf5|1
1910_sf5|1909_sf5|3
1911_sf5|1910_sf5|1
1912_sf5|1911_sf5|4
1913_sf5|1912_sf5|2
1913_sf5|1908_sf5|1
1914_sf5|1913_sf5|3
1915_sf5|1914_sf5|5
1916_sf5|1915_sf5|3
1916_sf5|1911_sf5|2
1917_sf5|1916_sf5|4
1917_sf5|1915_sf5|3
1918_sf5|1917_sf5|1
1918_sf5|1914_sf5|3
1919_sf5|1918_sf5|3
1920_sf5|1919_sf5|2
1921_sf5|1920_sf5|2
1922_sf5|1921_sf5|2
1923_sf5|1922_sf5|4
1924_sf5|1923_sf5|1
1925_sf5|1924_sf5|4
1926_sf5|1925_sf5|4
1926_sf5|1922_sf5|3
1927_sf5|1926_sf5|5
1928_sf5|1927_sf5|1
1929_sf5|1928_sf5|3
1929_sf5|1927_sf5|2
1930_sf5|1929_sf5|1
1930_sf5|1926_sf5|2
1931_sf5|1930_sf5|5
1932_sf5|1931_sf5|3
1932_sf5|1928_sf5|1
1933_sf5|1932_sf5|4
1933_sf5|1929_sf5|3
1934_sf5|1933_sf5|3
1934_sf5|1930_sf5|3
1935_sf5|1934_sf5|3
1936_sf5|1935_sf5|4
1936_sf5|1932_sf5|3
1937_sf5|1936_sf5|3
1938_sf5|1937_sf5|2
1939_sf5|1938_sf5|2
1940_sf5|1939_sf5|4
1941_sf5|1940_sf5|1
1941_sf5|1936_sf5|2
1942_sf5|1941_sf5|1
1943_sf5|1942_sf5|3
1944_sf5|1943_sf5|3
1945_sf5|1944_sf5|4
1946_sf5|1945_sf5|1
1947_sf5|1946_sf5|2
1948_sf5|1947_sf5|3
1949_sf5|1948_sf5|2
1950_sf5|1949_sf5|3
1951_sf5|1950_sf5|2
1952_sf5|1951_sf5|3
1952_sf5|1948_sf5|2
1953_sf5|1952_sf5|4
1954_sf5|1953_sf5|4
1955_sf5|1954_sf5|4
1956_sf5|1955_sf5|3
1957_sf5|1956_sf5|2
1958_sf5|1957_sf5|5
1959_sf5|1958_sf5|5
1960_sf5|1959_sf5|1
1960_sf5|1957_sf5|3
1961_sf5|1960_sf5|4
1962_sf5|1961_sf5|4
1963_sf5|1962_sf5|1
1963_sf5|1960_sf5|2
1964_sf5|1963_sf5|1
1964_sf5|1961_sf5|1
1965_sf5|1964_sf5|2
1966_sf5|1965_sf5|1
1967_sf5|1966_sf5|1
1968_sf5|1967_sf5|2
1969_sf5|1968_sf5|3
1969_sf5|1966_sf5|2
1970_sf5|1969_sf5|4
1971_sf5|1970_sf5|1
1972_sf5|1971_sf5|4
1972_sf5|1968_sf5|3
1973_sf5|1972_sf5|5
1973_sf5|1970_sf5|1
1974_sf5|1973_sf5|3
1974_sf5|1972_sf5|2
1975_sf5|1974_sf5|4
1976_sf5|1975_sf5|5
1977_sf5|1976_sf5|5
1977_sf5|1975_sf5|1
1978_sf5|1977_sf5|2
1978_sf5|1975_sf5|1
1979_sf5|1978_sf5|2
1980_sf5|1979_sf5|1
1981_sf5|1980_sf5|5
1981_sf5|1978_sf5|2
1982_sf5|1981_sf5|1
1983_sf5|1982_sf5|4
1984_sf5|1983_sf5|4
1985_sf5|1984_sf5|2
1986_sf5|1985_sf5|5
1987_sf5|1986_sf5|2
1987_sf5|1985_sf5|2
1988_sf5|1987_sf5|4
1988_sf5|1985_sf5|2
1989_sf5|1988_sf5|4
1990_sf5|1989_sf5|5
1991_sf5|1990_sf5|1
1991_sf5|1986_sf5|3
1992_sf5|1991_sf5|4
1993_sf5|1992_sf5|5
1994_sf5|1993_sf5|4
1995_sf5|1994_sf5|2
1996_sf5|1995_sf5|5
1996_sf5|1992_sf5|1
1997_sf5|1996_sf5|1
1998_sf5|1997_sf5|5
1999_sf5|1998_sf5|2
1999_sf5|1996_sf5|3
1_sf6|0_sf6|4
2_sf6|1_sf6|2
3_sf6|2_sf6|1
4_sf6|3_sf6|5
5_sf6|4_sf6|5
6_sf6|5_sf6|5
6_sf6|1_sf6|3
7_sf6|6_sf6|1
7_sf6|2_sf6|1
8_sf6|7_sf6|2
9_sf6|8_sf6|5
9_sf6|6_sf6|1
10_sf6|9_sf6|4
10_sf6|7_sf6|2
11_sf6|10_sf6|4
12_sf6|11_sf6|4
13_sf6|12_sf6|5
14_sf6|13_sf6|2
15_sf6|14_sf6|1
16_sf6|15_sf6|2
17_sf6|16_sf6|3
18_sf6|17_sf6|4
19_sf6|18_sf6|2
20_sf6|19_sf6|1
21_sf6|20_sf6|3
22_sf6|21_sf6|5
23_sf6|22_sf6|5
23_sf6|18_sf6|3
24_sf6|23_sf6|4
25_sf6|24_sf6|1
26_sf6|25_sf6|3
26_sf6|24_sf6|2
27_sf6|26_sf6|1
28_sf6|27_sf6|4
29_sf6|28_sf6|3
30_sf6|29_sf6|4
31_sf6|30_sf6|3
32_sf6|31_sf6|4
32_sf6|27_sf6|2
33_sf6|32_sf6|1
34_sf6|33_sf6|5
35_sf6|34_sf6|4
35_sf6|33_sf6|3
36_sf6|35_sf6|3
36_sf6|32_sf6|1
37_sf6|36_sf6|4
38_sf6|37_sf6|4
38_sf6|36_sf6|2
39_sf6|38_sf6|1
39_sf6|34_sf6|3
40_sf6|39_sf6|1
40_sf6|35_sf6|2
41_sf6|40_sf6|1
41_sf6|36_sf6|1
42_sf6|41_sf6|1
42_sf6|39_sf6|3
43_sf6|42_sf6|5
44_sf6|43_sf6|2
45_sf6|44_sf6|2
45_sf6|40_sf6|3
46_sf6|45_sf6|5
46_sf6|44_sf6|2
47_sf6|46_sf6|2
47_sf6|42_sf6|2
48_sf6|47_sf6|4
49_sf6|48_sf6|1
50_sf6|49_sf6|4
51_sf6|50_sf6|5
52_sf6|51_sf6|1
53_sf6|52_sf6|4
54_sf6|53_sf6|2
54_sf6|49_sf6|2
55_sf6|54_sf6|3
55_sf6|53_sf6|3
56_sf6|55_sf6|1
56_sf6|51_sf6|1
57_sf6|56_sf6|2
57_sf6|55_sf6|3
58_sf6|57_sf6|1
59_sf6|58_sf6|4
60_sf6|59_sf6|3
60_sf6|55_sf6|1
61_sf6|60_sf6|1
62_sf6|61_sf6|1
63_sf6|62_sf6|2
64_sf6|63_sf6|2
65_sf6|64_sf6|2
65_sf6|60_sf6|3
66_sf6|65_sf6|1
67_sf6|66_sf6|2
67_sf6|63_sf6|1
68_sf6|67_sf6|5
69_sf6|68_sf6|4
70_sf6|69_sf6|3
71_sf6|70_sf6|2
72_sf6|71_sf6|2
72_sf6|68_sf6|3
73_sf6|72_sf6|2
73_sf6|70_sf6|2
74_sf6|73_sf6|2
75_sf6|74_sf6|1
76_sf6|75_sf6|2
77_sf6|76_sf6|1
78_sf6|77_sf6|5
79_sf6|78_sf6|2
80_sf6|79_sf6|4
81_sf6|80_sf6|4
82_sf6|81_sf6|5
82_sf6|78_sf6|2
83_sf6|82_sf6|5
84_sf6|83_sf6|1
84_sf6|82_sf6|3
85_sf6|84_sf6|4
86_sf6|85_sf6|1
87_sf6|86_sf6|5
88_sf6|87_sf6|2
89_sf6|88_sf6|3
90_sf6|89_sf6|5
91_sf6|90_sf6|5
92_sf6|91_sf6|3
93_sf6|92_sf6|4
94_sf6|93_sf6|5
95_sf6|94_sf6|2
96_sf6|95_sf6|2
97_sf6|96_sf6|1
98_sf6|97_sf6|1
99_sf6|98_sf6|1
100_sf6|99_sf6|1
100_sf6|95_sf6|3
101_sf6|100_sf6|3
102_sf6|101_sf6|3
103_sf6|102_sf6|1
104_sf6|103_sf6|1
105_sf6|104_sf6|3
106_sf6|105_sf6|3
106_sf6|104_sf6|2
107_sf6|106_sf6|1
108_sf6|107_sf6|2
109_sf6|108_sf6|1
110_sf6|109_sf6|4
111_sf6|110_sf6|1
112_sf6|111_sf6|4
112_sf6|108_sf6|1
113_sf6|112_sf6|3
114_sf6|113_sf6|2
115_sf6|114_sf6|4
116_sf6|115_sf6|4
117_sf6|116_sf6|5
118_sf6|117_sf6|2
119_sf6|118_sf6|2
120_sf6|119_sf6|3
120_sf6|117_sf6|1
121_sf6|120_sf6|2
122_sf6|121_sf6|3
123_sf6|122_sf6|2
124_sf6|123_sf6|2
125_sf6|124_sf6|5
126_sf6|125_sf6|5
127_sf6|126_sf6|1
127_sf6|124_sf6|2
128_sf6|127_sf6|5
128_sf6|123_sf6|1
129_sf6|128_sf6|2
130_sf6|129_sf6|1
130_sf6|127_sf6|2
131_sf6|130_sf6|2
132_sf6|131_sf6|4
132_sf6|129_sf6|3
133_sf6|132_sf6|4
134_sf6|133_sf6|4
135_sf6|134_sf6|5
136_sf6|135_sf6|3
136_sf6|132_sf6|2
137_sf6|136_sf6|3
137_sf6|135_sf6|2
138_sf6|137_sf6|2
139_sf6|138_sf6|5
139_sf6|134_sf6|3
140_sf6|139_sf6|2
140_sf6|137_sf6|1
141_sf6|140_sf6|5
142_sf6|141_sf6|4
143_sf6|142_sf6|5
143_sf6|141_sf6|2
144_sf6|143_sf6|4
145_sf6|144_sf6|4
146_sf6|145_sf6|4
147_sf6|146_sf6|2
148_sf6|147_sf6|4
148_sf6|145_sf6|3
149_sf6|148_sf6|2
150_sf6|149_sf6|1
151_sf6|150_sf6|3
152_sf6|151_sf6|1
153_sf6|152_sf6|1
154_sf6|153_sf6|2
155_sf6|154_sf6|3
156_sf6|155_sf6|5
156_sf6|154_sf6|2
157_sf6|156_sf6|2
158_sf6|157_sf6|2
158_sf6|155_sf6|2
159_sf6|158_sf6|1
160_sf6|159_sf6|2
161_sf6|160_sf6|2
162_sf6|161_sf6|3
163_sf6|162_sf6|1
164_sf6|163_sf6|3
165_sf6|164_sf6|2
166_sf6|165_sf6|3
167_sf6|166_sf6|2
168_sf6|167_sf6|4
169_sf6|168_sf6|2
170_sf6|169_sf6|1
171_sf6|170_sf6|2
172_sf6|171_sf6|1
173_sf6|172_sf6|5
174_sf6|173_sf6|5
174_sf6|170_sf6|2
175_sf6|174_sf6|2
176_sf6|175_sf6|4
177_sf6|176_sf6|5
178_sf6|177_sf6|2
178_sf6|173_sf6|1
179_sf6|178_sf6|5
179_sf6|175_sf6|3
180_sf6|179_sf6|4
181_sf6|180_sf6|4
182_sf6|181_sf6|4
183_sf6|182_sf6|3
184_sf6|183_sf6|1
184_sf6|182_sf6|3
185_sf6|184_sf6|5
186_sf6|185_sf6|5
187_sf6|186_sf6|5
188_sf6|187_sf6|3
189_sf6|188_sf6|4
190_sf6|189_sf6|3
190_sf6|188_sf6|2
191_sf6|190_sf6|4
192_sf6|191_sf6|1
193_sf6|192_sf6|1
194_sf6|193_sf6|3
195_sf6|194_sf6|5
196_sf6|195_sf6|5
197_sf6|196_sf6|1
198_sf6|197_sf6|1
198_sf6|195_sf6|1
199_sf6|198_sf6|4
200_sf6|199_sf6|5
201_sf6|200_sf6|5
201_sf6|199_sf6|3
202_sf6|201_sf6|1
203_sf6|202_sf6|2
204_sf6|203_sf6|4
205_sf6|204_sf6|2
206_sf6|205_sf6|3
207_sf6|206_sf6|1
207_sf6|202_sf6|3
208_sf6|207_sf6|3
209_sf6|208_sf6|1
209_sf6|204_sf6|3
210_sf6|209_sf6|4
211_sf6|210_sf6|5
212_sf6|211_sf6|4
213_sf6|212_sf6|5
213_sf6|210_sf6|1
214_sf6|213_sf6|3
215_sf6|214_sf6|2
216_sf6|215_sf6|1
216_sf6|211_sf6|3
217_sf6|216_sf6|5
217_sf6|212_sf6|3
218_sf6|217_sf6|4
218_sf6|213_sf6|1
219_sf6|218_sf6|5
220_sf6|219_sf6|3
221_sf6|220_sf6|4
222_sf6|221_sf6|4
223_sf6|222_sf6|5
224_sf6|223_sf6|5
225_sf6|224_sf6|2
226_sf6|225_sf6|5
227_sf6|226_sf6|3
228_sf6|227_sf6|2
229_sf6|228_sf6|1
230_sf6|229_sf6|5
231_sf6|230_sf6|2
231_sf6|227_sf6|3
232_sf6|231_sf6|1
233_sf6|232_sf6|4
234_sf6|233_sf6|2
235_sf6|234_sf6|3
236_sf6|235_sf6|5
237_sf6|236_sf6|5
238_sf6|237_sf6|5
239_sf6|238_sf6|1
240_sf6|239_sf6|1
240_sf6|237_sf6|2
241_sf6|240_sf6|5
242_sf6|241_sf6|2
242_sf6|240_sf6|1
243_sf6|242_sf6|5
244_sf6|243_sf6|5
244_sf6|241_sf6|3
245_sf6|244_sf6|3
246_sf6|245_sf6|2
247_sf6|246_sf6|3
247_sf6|245_sf6|1
248_sf6|247_sf6|3
248_sf6|246_sf6|3
249_sf6|248_sf6|4
250_sf6|249_sf6|1
250_sf6|246_sf6|2
251_sf6|250_sf6|3
251_sf6|249_sf6|2
252_sf6|251_sf6|3
253_sf6|252_sf6|2
253_sf6|248_sf6|1
254_sf6|253_sf6|1
255_sf6|254_sf6|3
256_sf6|255_sf6|4
257_sf6|256_sf6|1
258_sf6|257_sf6|3
259_sf6|258_sf6|3
260_sf6|259_sf6|3
260_sf6|257_sf6|1
261_sf6|260_sf6|2
262_sf6|261_sf6|5
262_sf6|258_sf6|2
263_sf6|262_sf6|5
263_sf6|258_sf6|2
264_sf6|263_sf6|4
265_sf6|264_sf6|1
266_sf6|265_sf6|2
267_sf6|266_sf6|3
267_sf6|265_sf6|2
268_sf6|267_sf6|3
269_sf6|268_sf6|1
270_sf6|269_sf6|3
270_sf6|265_sf6|1
271_sf6|270_sf6|3
271_sf6|268_sf6|2
272_sf6|271_sf6|1
272_sf6|267_sf6|2
273_sf6|272_sf6|4
274_sf6|273_sf6|2
275_sf6|274_sf6|1
276_sf6|275_sf6|2
277_sf6|276_sf6|5
278_sf6|277_sf6|1
279_sf6|278_sf6|3
280_sf6|279_sf6|3
280_sf6|278_sf6|3
281_sf6|280_sf6|3
282_sf6|281_sf6|4
283_sf6|282_sf6|1
284_sf6|283_sf6|1
285_sf6|284_sf6|5
286_sf6|285_sf6|1
287_sf6|286_sf6|4
288_sf6|287_sf6|4
289_sf6|288_sf6|5
290_sf6|289_sf6|2
290_sf6|285_sf6|3
291_sf6|290_sf6|1
292_sf6|291_sf6|2
293_sf6|292_sf6|3
294_sf6|293_sf6|5
294_sf6|291_sf6|2
295_sf6|294_sf6|3
296_sf6|295_sf6|2
296_sf6|294_sf6|2
297_sf6|296_sf6|4
297_sf6|292_sf6|2
298_sf6|297_sf6|3
299_sf6|298_sf6|5
299_sf6|295_sf6|3
300_sf6|299_sf6|3
300_sf6|296_sf6|3
301_sf6|300_sf6|5
302_sf6|301_sf6|3
302_sf6|299_sf6|3
303_sf6|302_sf6|1
304_sf6|303_sf6|5
305_sf6|304_sf6|3
306_sf6|305_sf6|2
307_sf6|306_sf6|1
308_sf6|307_sf6|5
309_sf6|308_sf6|2
309_sf6|305_sf6|1
310_sf6|309_sf6|5
310_sf6|305_sf6|3
311_sf6|310_sf6|3
312_sf6|311_sf6|4
312_sf6|307_sf6|2
313_sf6|312_sf6|3
313_sf6|309_sf6|1
314_sf6|313_sf6|2
315_sf6|314_sf6|5
316_sf6|315_sf6|3
317_sf6|316_sf6|3
317_sf6|314_sf6|1
318_sf6|317_sf6|3
319_sf6|318_sf6|3
320_sf6|319_sf6|2
321_sf6|320_sf6|2
322_sf6|321_sf6|3
323_sf6|322_sf6|1
324_sf6|323_sf6|4
325_sf6|324_sf6|2
325_sf6|320_sf6|1
326_sf6|325_sf6|5
327_sf6|326_sf6|3
328_sf6|327_sf6|5
328_sf6|326_sf6|1
329_sf6|328_sf6|1
329_sf6|324_sf6|3
330_sf6|329_sf6|5
331_sf6|330_sf6|1
331_sf6|329_sf6|2
332_sf6|331_sf6|1
333_sf6|332_sf6|3
334_sf6|333_sf6|2
335_sf6|334_sf6|2
336_sf6|335_sf6|5
337_sf6|336_sf6|3
338_sf6|337_sf6|2
338_sf6|335_sf6|1
339_sf6|338_sf6|3
340_sf6|339_sf6|4
340_sf6|337_sf6|1
341_sf6|340_sf6|1
342_sf6|341_sf6|4
343_sf6|342_sf6|2
343_sf6|339_sf6|3
344_sf6|343_sf6|1
344_sf6|340_sf6|3
345_sf6|344_sf6|2
346_sf6|345_sf6|2
347_sf6|346_sf6|1
347_sf6|342_sf6|2
348_sf6|347_sf6|1
348_sf6|344_sf6|1
349_sf6|348_sf6|1
350_sf6|349_sf6|2
351_sf6|350_sf6|2
352_sf6|351_sf6|2
353_sf6|352_sf6|5
354_sf6|353_sf6|1
354_sf6|350_sf6|2
355_sf6|354_sf6|5
355_sf6|353_sf6|3
356_sf6|355_sf6|2
357_sf6|356_sf6|1
358_sf6|357_sf6|5
359_sf6|358_sf6|1
359_sf6|356_sf6|3
360_sf6|359_sf6|4
360_sf6|358_sf6|1
361_sf6|360_sf6|5
361_sf6|359_sf6|2
362_sf6|361_sf6|3
362_sf6|359_sf6|3
363_sf6|362_sf6|5
364_sf6|363_sf6|5
365_sf6|364_sf6|1
366_sf6|365_sf6|1
367_sf6|366_sf6|2
367_sf6|362_sf6|3
368_sf6|367_sf6|1
369_sf6|368_sf6|2
370_sf6|369_sf6|1
370_sf6|366_sf6|1
371_sf6|370_sf6|3
372_sf6|371_sf6|5
372_sf6|368_sf6|2
373_sf6|372_sf6|1
374_sf6|373_sf6|2
375_sf6|374_sf6|3
375_sf6|373_sf6|3
376_sf6|375_sf6|4
376_sf6|374_sf6|3
377_sf6|376_sf6|3
377_sf6|373_sf6|3
378_sf6|377_sf6|2
379_sf6|378_sf6|1
380_sf6|379_sf6|4
381_sf6|380_sf6|1
382_sf6|381_sf6|1
383_sf6|382_sf6|4
383_sf6|380_sf6|2
384_sf6|383_sf6|4
385_sf6|384_sf6|2
386_sf6|385_sf6|2
387_sf6|386_sf6|3
388_sf6|387_sf6|2
388_sf6|386_sf6|3
389_sf6|388_sf6|3
389_sf6|384_sf6|2
390_sf6|389_sf6|2
391_sf6|390_sf6|4
391_sf6|386_sf6|1
392_sf6|391_sf6|4
392_sf6|388_sf6|1
393_sf6|392_sf6|1
394_sf6|393_sf6|5
395_sf6|394_sf6|1
396_sf6|395_sf6|1
397_sf6|396_sf6|1
398_sf6|397_sf6|2
399_sf6|398_sf6|5
400_sf6|399_sf6|2
401_sf6|400_sf6|5
402_sf6|401_sf6|3
403_sf6|402_sf6|5
404_sf6|403_sf6|5
404_sf6|402_sf6|1
405_sf6|404_sf6|2
406_sf6|405_sf6|2
407_sf6|406_sf6|1
408_sf6|407_sf6|1
409_sf6|408_sf6|1
410_sf6|409_sf6|2
410_sf6|408_sf6|3
411_sf6|410_sf6|3
412_sf6|411_sf6|2
413_sf6|412_sf6|3
414_sf6|413_sf6|3
414_sf6|410_sf6|2
415_sf6|414_sf6|1
415_sf6|413_sf6|2
416_sf6|415_sf6|1
417_sf6|416_sf6|2
418_sf6|417_sf6|5
419_sf6|418_sf6|5
420_sf6|419_sf6|4
421_sf6|420_sf6|5
422_sf6|421_sf6|1
422_sf6|419_sf6|1
423_sf6|422_sf6|4
424_sf6|423_sf6|2
424_sf6|419_sf6|3
425_sf6|424_sf6|4
426_sf6|425_sf6|1
426_sf6|423_sf6|2
427_sf6|426_sf6|5
428_sf6|427_sf6|1
429_sf6|428_sf6|1
430_sf6|429_sf6|4
431_sf6|430_sf6|1
432_sf6|431_sf6|1
433_sf6|432_sf6|2
433_sf6|429_sf6|1
434_sf6|433_sf6|4
435_sf6|434_sf6|5
436_sf6|435_sf6|2
437_sf6|436_sf6|1
438_sf6|437_sf6|5
438_sf6|435_sf6|3
439_sf6|438_sf6|2
440_sf6|439_sf6|1
441_sf6|440_sf6|3
442_sf6|441_sf6|3
443_sf6|442_sf6|4
444_sf6|443_sf6|5
445_sf6|444_sf6|1
446_sf6|445_sf6|3
446_sf6|443_sf6|1
447_sf6|446_sf6|1
448_sf6|447_sf6|5
449_sf6|448_sf6|2
450_sf6|449_sf6|2
451_sf6|450_sf6|5
451_sf6|448_sf6|1
452_sf6|451_sf6|4
453_sf6|452_sf6|5
454_sf6|453_sf6|4
455_sf6|454_sf6|5
455_sf6|450_sf6|3
456_sf6|455_sf6|3
456_sf6|451_sf6|2
457_sf6|456_sf6|4
458_sf6|457_sf6|3
459_sf6|458_sf6|2
460_sf6|459_sf6|1
461_sf6|460_sf6|2
462_sf6|461_sf6|2
463_sf6|462_sf6|4
463_sf6|458_sf6|2
464_sf6|463_sf6|4
464_sf6|459_sf6|3
465_sf6|464_sf6|4
466_sf6|465_sf6|5
466_sf6|461_sf6|1
467_sf6|466_sf6|2
468_sf6|467_sf6|1
469_sf6|468_sf6|4
469_sf6|464_sf6|2
470_sf6|469_sf6|5
471_sf6|470_sf6|5
472_sf6|471_sf6|3
473_sf6|472_sf6|4
473_sf6|469_sf6|3
474_sf6|473_sf6|2
475_sf6|474_sf6|1
476_sf6|475_sf6|3
477_sf6|476_sf6|3
477_sf6|472_sf6|3
478_sf6|477_sf6|3
479_sf6|478_sf6|4
479_sf6|476_sf6|1
480_sf6|479_sf6|4
481_sf6|480_sf6|4
481_sf6|479_sf6|1
482_sf6|481_sf6|4
483_sf6|482_sf6|4
484_sf6|483_sf6|1
485_sf6|484_sf6|2
485_sf6|482_sf6|2
486_sf6|485_sf6|4
487_sf6|486_sf6|1
487_sf6|482_sf6|1
488_sf6|487_sf6|3
489_sf6|488_sf6|4
489_sf6|484_sf6|3
490_sf6|489_sf6|1
491_sf6|490_sf6|5
492_sf6|491_sf6|3
492_sf6|490_sf6|2
493_sf6|492_sf6|2
493_sf6|490_sf6|2
494_sf6|493_sf6|3
495_sf6|494_sf6|4
496_sf6|495_sf6|1
497_sf6|496_sf6|3
497_sf6|493_sf6|3
498_sf6|497_sf6|1
498_sf6|493_sf6|3
499_sf6|498_sf6|2
500_sf6|499_sf6|4
501_sf6|500_sf6|4
502_sf6|501_sf6|2
502_sf6|498_sf6|2
503_sf6|502_sf6|4
504_sf6|503_sf6|4
505_sf6|504_sf6|2
505_sf6|502_sf6|1
506_sf6|505_sf6|1
506_sf6|501_sf6|3
507_sf6|506_sf6|3
508_sf6|507_sf6|5
509_sf6|508_sf6|4
510_sf6|509_sf6|5
511_sf6|510_sf6|1
512_sf6|511_sf6|4
512_sf6|507_sf6|2
513_sf6|512_sf6|4
514_sf6|513_sf6|3
515_sf6|514_sf6|4
515_sf6|512_sf6|1
516_sf6|515_sf6|3
517_sf6|516_sf6|2
518_sf6|517_sf6|1
519_sf6|518_sf6|3
520_sf6|519_sf6|2
521_sf6|520_sf6|4
521_sf6|517_sf6|1
522_sf6|521_sf6|3
523_sf6|522_sf6|3
523_sf6|518_sf6|2
524_sf6|523_sf6|5
525_sf6|524_sf6|4
526_sf6|525_sf6|3
527_sf6|526_sf6|5
528_sf6|527_sf6|4
529_sf6|528_sf6|2
529_sf6|527_sf6|1
530_sf6|529_sf6|5
531_sf6|530_sf6|3
531_sf6|529_sf6|3
532_sf6|531_sf6|3
533_sf6|532_sf6|3
534_sf6|533_sf6|1
535_sf6|534_sf6|1
536_sf6|535_sf6|4
536_sf6|531_sf6|2
537_sf6|536_sf6|2
538_sf6|537_sf6|4
539_sf6|538_sf6|3
540_sf6|539_sf6|3
540_sf6|537_sf6|2
541_sf6|540_sf6|4
541_sf6|539_sf6|2
542_sf6|541_sf6|1
543_sf6|542_sf6|4
544_sf6|543_sf6|4
544_sf6|540_sf6|3
545_sf6|544_sf6|2
545_sf6|543_sf6|2
546_sf6|545_sf6|2
547_sf6|546_sf6|1
547_sf6|543_sf6|1
548_sf6|547_sf6|1
549_sf6|548_sf6|3
549_sf6|546_sf6|3
550_sf6|549_sf6|2
550_sf6|546_sf6|2
551_sf6|550_sf6|2
552_sf6|551_sf6|4
553_sf6|552_sf6|2
553_sf6|551_sf6|1
554_sf6|553_sf6|3
554_sf6|551_sf6|3
555_sf6|554_sf6|2
555_sf6|553_sf6|1
556_sf6|555_sf6|4
557_sf6|556_sf6|5
557_sf6|552_sf6|1
558_sf6|557_sf6|3
559_sf6|558_sf6|1
560_sf6|559_sf6|4
561_sf6|560_sf6|5
561_sf6|556_sf6|1
562_sf6|561_sf6|3
563_sf6|562_sf6|1
563_sf6|561_sf6|3
564_sf6|563_sf6|1
564_sf6|560_sf6|3
565_sf6|564_sf6|1
566_sf6|565_sf6|2
567_sf6|566_sf6|4
568_sf6|567_sf6|1
568_sf6|564_sf6|3
569_sf6|568_sf6|3
569_sf6|566_sf6|2
570_sf6|569_sf6|1
571_sf6|570_sf6|3
572_sf6|571_sf6|3
573_sf6|572_sf6|1
574_sf6|573_sf6|3
575_sf6|574_sf6|2
576_sf6|575_sf6|3
577_sf6|576_sf6|5
578_sf6|577_sf6|5
579_sf6|578_sf6|5
580_sf6|579_sf6|4
580_sf6|578_sf6|3
581_sf6|580_sf6|1
582_sf6|581_sf6|4
582_sf6|579_sf6|1
583_sf6|582_sf6|1
583_sf6|579_sf6|2
584_sf6|583_sf6|4
585_sf6|584_sf6|4
586_sf6|585_sf6|5
587_sf6|586_sf6|1
588_sf6|587_sf6|5
588_sf6|586_sf6|2
589_sf6|588_sf6|3
590_sf6|589_sf6|3
591_sf6|590_sf6|1
591_sf6|587_sf6|1
592_sf6|591_sf6|3
593_sf6|592_sf6|2
594_sf6|593_sf6|5
595_sf6|594_sf6|5
596_sf6|595_sf6|3
597_sf6|596_sf6|1
598_sf6|597_sf6|4
598_sf6|593_sf6|2
599_sf6|598_sf6|4
600_sf6|599_sf6|4
601_sf6|600_sf6|1
601_sf6|599_sf6|3
602_sf6|601_sf6|3
602_sf6|597_sf6|1
603_sf6|602_sf6|5
604_sf6|603_sf6|5
605_sf6|604_sf6|1
606_sf6|605_sf6|2
607_sf6|606_sf6|2
608_sf6|607_sf6|1
609_sf6|608_sf6|3
609_sf6|604_sf6|1
610_sf6|609_sf6|4
610_sf6|607_sf6|2
611_sf6|610_sf6|3
611_sf6|607_sf6|2
612_sf6|611_sf6|3
612_sf6|608_sf6|3
613_sf6|612_sf6|2
613_sf6|611_sf6|3
614_sf6|613_sf6|5
615_sf6|614_sf6|1
616_sf6|615_sf6|1
617_sf6|616_sf6|2
618_sf6|617_sf6|5
618_sf6|613_sf6|3
619_sf6|618_sf6|5
620_sf6|619_sf6|2
621_sf6|620_sf6|5
622_sf6|621_sf6|4
623_sf6|622_sf6|3
624_sf6|623_sf6|4
625_sf6|624_sf6|5
626_sf6|625_sf6|3
627_sf6|626_sf6|5
628_sf6|627_sf6|4
629_sf6|628_sf6|3
630_sf6|629_sf6|1
631_sf6|630_sf6|1
632_sf6|631_sf6|4
632_sf6|627_sf6|1
633_sf6|632_sf6|1
634_sf6|633_sf6|5
635_sf6|634_sf6|4
635_sf6|633_sf6|1
636_sf6|635_sf6|4
637_sf6|636_sf6|2
638_sf6|637_sf6|5
639_sf6|638_sf6|5
640_sf6|639_sf6|1
641_sf6|640_sf6|4
642_sf6|641_sf6|5
643_sf6|642_sf6|2
644_sf6|643_sf6|1
645_sf6|644_sf6|5
646_sf6|645_sf6|1
647_sf6|646_sf6|2
648_sf6|647_sf6|4
649_sf6|648_sf6|4
650_sf6|649_sf6|4
650_sf6|648_sf6|2
651_sf6|650_sf6|4
651_sf6|649_sf6|2
652_sf6|651_sf6|4
652_sf6|648_sf6|3
653_sf6|652_sf6|4
653_sf6|651_sf6|1
654_sf6|653_sf6|4
655_sf6|654_sf6|1
656_sf6|655_sf6|3
657_sf6|656_sf6|4
658_sf6|657_sf6|1
659_sf6|658_sf6|2
659_sf6|654_sf6|1
660_sf6|659_sf6|1
661_sf6|660_sf6|2
662_sf6|661_sf6|4
662_sf6|660_sf6|3
663_sf6|662_sf6|5
664_sf6|663_sf6|3
665_sf6|664_sf6|4
666_sf6|665_sf6|5
667_sf6|666_sf6|4
668_sf6|667_sf6|2
669_sf6|668_sf6|5
670_sf6|669_sf6|2
671_sf6|670_sf6|2
672_sf6|671_sf6|5
673_sf6|672_sf6|3
673_sf6|671_sf6|1
674_sf6|673_sf6|1
674_sf6|669_sf6|2
675_sf6|674_sf6|4
675_sf6|671_sf6|1
676_sf6|675_sf6|3
677_sf6|676_sf6|3
677_sf6|675_sf6|2
678_sf6|677_sf6|4
679_sf6|678_sf6|3
680_sf6|679_sf6|4
681_sf6|680_sf6|3
682_sf6|681_sf6|3
682_sf6|678_sf6|3
683_sf6|682_sf6|3
684_sf6|683_sf6|3
684_sf6|680_sf6|2
685_sf6|684_sf6|2
686_sf6|685_sf6|5
687_sf6|686_sf6|3
687_sf6|685_sf6|3
688_sf6|687_sf6|2
689_sf6|688_sf6|5
690_sf6|689_sf6|3
691_sf6|690_sf6|4
691_sf6|688_sf6|3
692_sf6|691_sf6|4
693_sf6|692_sf6|1
694_sf6|693_sf6|1
695_sf6|694_sf6|1
696_sf6|695_sf6|2
697_sf6|696_sf6|4
698_sf6|697_sf6|1
698_sf6|693_sf6|2
699_sf6|698_sf6|1
700_sf6|699_sf6|4
701_sf6|700_sf6|1
702_sf6|701_sf6|4
702_sf6|699_sf6|3
703_sf6|702_sf6|3
703_sf6|701_sf6|1
704_sf6|703_sf6|4
704_sf6|701_sf6|2
705_sf6|704_sf6|4
706_sf6|705_sf6|5
706_sf6|702_sf6|1
707_sf6|706_sf6|1
707_sf6|702_sf6|1
708_sf6|707_sf6|1
709_sf6|708_sf6|5
709_sf6|704_sf6|2
710_sf6|709_sf6|1
711_sf6|710_sf6|1
712_sf6|711_sf6|4
713_sf6|712_sf6|3
714_sf6|713_sf6|4
715_sf6|714_sf6|1
715_sf6|713_sf6|2
716_sf6|715_sf6|5
717_sf6|716_sf6|3
718_sf6|717_sf6|2
718_sf6|715_sf6|1
719_sf6|718_sf6|5
720_sf6|719_sf6|4
721_sf6|720_sf6|4
721_sf6|716_sf6|2
722_sf6|721_sf6|1
723_sf6|722_sf6|1
723_sf6|721_sf6|1
724_sf6|723_sf6|4
725_sf6|724_sf6|4
726_sf6|725_sf6|2
727_sf6|726_sf6|3
728_sf6|727_sf6|1
729_sf6|728_sf6|1
730_sf6|729_sf6|1
731_sf6|730_sf6|2
732_sf6|731_sf6|5
733_sf6|732_sf6|1
733_sf6|728_sf6|3
734_sf6|733_sf6|4
735_sf6|734_sf6|2
736_sf6|735_sf6|1
737_sf6|736_sf6|3
738_sf6|737_sf6|4
738_sf6|734_sf6|3
739_sf6|738_sf6|4
739_sf6|735_sf6|1
740_sf6|739_sf6|2
740_sf6|735_sf6|2
741_sf6|740_sf6|1
741_sf6|737_sf6|2
742_sf6|741_sf6|2
742_sf6|740_sf6|2
743_sf6|742_sf6|1
744_sf6|743_sf6|4
745_sf6|744_sf6|1
746_sf6|745_sf6|5
747_sf6|746_sf6|5
747_sf6|742_sf6|2
748_sf6|747_sf6|4
749_sf6|748_sf6|1
750_sf6|749_sf6|2
751_sf6|750_sf6|5
751_sf6|749_sf6|3
752_sf6|751_sf6|2
753_sf6|752_sf6|1
754_sf6|753_sf6|4
755_sf6|754_sf6|3
756_sf6|755_sf6|2
757_sf6|756_sf6|4
758_sf6|757_sf6|5
759_sf6|758_sf6|1
760_sf6|759_sf6|4
761_sf6|760_sf6|2
762_sf6|761_sf6|5
762_sf6|759_sf6|1
763_sf6|762_sf6|5
764_sf6|763_sf6|2
765_sf6|764_sf6|2
766_sf6|765_sf6|3
767_sf6|766_sf6|3
768_sf6|767_sf6|1
769_sf6|768_sf6|4
770_sf6|769_sf6|4
771_sf6|770_sf6|4
772_sf6|771_sf6|4
773_sf6|772_sf6|1
773_sf6|771_sf6|2
774_sf6|773_sf6|3
774_sf6|772_sf6|3
775_sf6|774_sf6|1
776_sf6|775_sf6|4
776_sf6|771_sf6|3
777_sf6|776_sf6|5
778_sf6|777_sf6|3
778_sf6|773_sf6|1
779_sf6|778_sf6|2
779_sf6|777_sf6|2
780_sf6|779_sf6|2
781_sf6|780_sf6|2
782_sf6|781_sf6|4
782_sf6|780_sf6|1
783_sf6|782_sf6|5
783_sf6|780_sf6|3
784_sf6|783_sf6|4
784_sf6|781_sf6|3
785_sf6|784_sf6|4
786_sf6|785_sf6|3
786_sf6|783_sf6|1
787_sf6|786_sf6|2
788_sf6|787_sf6|5
788_sf6|783_sf6|1
789_sf6|788_sf6|1
790_sf6|789_sf6|2
790_sf6|786_sf6|3
791_sf6|790_sf6|2
791_sf6|787_sf6|2
792_sf6|791_sf6|4
793_sf6|792_sf6|4
793_sf6|791_sf6|3
794_sf6|793_sf6|2
795_sf6|794_sf6|2
796_sf6|795_sf6|5
797_sf6|796_sf6|5
798_sf6|797_sf6|4
799_sf6|798_sf6|3
800_sf6|799_sf6|1
801_sf6|800_sf6|2
802_sf6|801_sf6|4
802_sf6|798_sf6|2
803_sf6|802_sf6|2
803_sf6|798_sf6|1
804_sf6|803_sf6|1
805_sf6|804_sf6|5
806_sf6|805_sf6|1
807_sf6|806_sf6|3
808_sf6|807_sf6|4
808_sf6|804_sf6|3
809_sf6|808_sf6|5
810_sf6|809_sf6|2
811_sf6|810_sf6|3
812_sf6|811_sf6|1
813_sf6|812_sf6|2
814_sf6|813_sf6|2
814_sf6|809_sf6|1
815_sf6|814_sf6|5
816_sf6|815_sf6|4
817_sf6|816_sf6|5
818_sf6|817_sf6|4
819_sf6|818_sf6|1
820_sf6|819_sf6|3
821_sf6|820_sf6|4
822_sf6|821_sf6|4
822_sf6|818_sf6|2
823_sf6|822_sf6|4
824_sf6|823_sf6|5
825_sf6|824_sf6|5
826_sf6|825_sf6|1
826_sf6|822_sf6|1
827_sf6|826_sf6|1
827_sf6|825_sf6|3
828_sf6|827_sf6|4
829_sf6|828_sf6|2
830_sf6|829_sf6|1
831_sf6|830_sf6|3
832_sf6|831_sf6|1
832_sf6|829_sf6|2
833_sf6|832_sf6|5
833_sf6|830_sf6|1
834_sf6|833_sf6|1
834_sf6|832_sf6|3
835_sf6|834_sf6|2
835_sf6|832_sf6|1
836_sf6|835_sf6|4
837_sf6|836_sf6|5
837_sf6|834_sf6|2
838_sf6|837_sf6|3
839_sf6|838_sf6|2
839_sf6|836_sf6|1
840_sf6|839_sf6|3
840_sf6|837_sf6|2
841_sf6|840_sf6|5
842_sf6|841_sf6|2
843_sf6|842_sf6|3
844_sf6|843_sf6|5
845_sf6|844_sf6|3
846_sf6|845_sf6|2
846_sf6|842_sf6|3
847_sf6|846_sf6|5
848_sf6|847_sf6|1
848_sf6|843_sf6|1
849_sf6|848_sf6|4
850_sf6|849_sf6|5
850_sf6|847_sf6|1
851_sf6|850_sf6|4
852_sf6|851_sf6|5
853_sf6|852_sf6|5
854_sf6|853_sf6|5
855_sf6|854_sf6|4
855_sf6|853_sf6|2
856_sf6|855_sf6|5
857_sf6|856_sf6|5
858_sf6|857_sf6|3
859_sf6|858_sf6|3
860_sf6|859_sf6|5
861_sf6|860_sf6|4
862_sf6|861_sf6|5
863_sf6|862_sf6|5
864_sf6|863_sf6|5
865_sf6|864_sf6|2
865_sf6|860_sf6|3
866_sf6|865_sf6|1
867_sf6|866_sf6|2
868_sf6|867_sf6|3
869_sf6|868_sf6|2
870_sf6|869_sf6|1
871_sf6|870_sf6|3
872_sf6|871_sf6|4
873_sf6|872_sf6|5
874_sf6|873_sf6|5
875_sf6|874_sf6|2
875_sf6|870_sf6|2
876_sf6|875_sf6|1
876_sf6|872_sf6|3
877_sf6|876_sf6|4
878_sf6|877_sf6|4
878_sf6|874_sf6|3
879_sf6|878_sf6|4
879_sf6|876_sf6|2
880_sf6|879_sf6|1
881_sf6|880_sf6|1
882_sf6|881_sf6|5
882_sf6|879_sf6|1
883_sf6|882_sf6|2
883_sf6|878_sf6|2
884_sf6|883_sf6|5
885_sf6|884_sf6|5
886_sf6|885_sf6|1
887_sf6|886_sf6|3
888_sf6|887_sf6|4
888_sf6|885_sf6|2
889_sf6|888_sf6|3
890_sf6|889_sf6|5
891_sf6|890_sf6|2
891_sf6|887_sf6|1
892_sf6|891_sf6|1
893_sf6|892_sf6|4
894_sf6|893_sf6|3
894_sf6|890_sf6|2
895_sf6|894_sf6|2
895_sf6|891_sf6|1
896_sf6|895_sf6|4
896_sf6|892_sf6|2
897_sf6|896_sf6|5
898_sf6|897_sf6|5
898_sf6|896_sf6|3
899_sf6|898_sf6|2
899_sf6|896_sf6|2
900_sf6|899_sf6|5
900_sf6|898_sf6|2
901_sf6|900_sf6|5
901_sf6|899_sf6|3
902_sf6|901_sf6|3
902_sf6|900_sf6|1
903_sf6|902_sf6|3
904_sf6|903_sf6|1
905_sf6|904_sf6|4
906_sf6|905_sf6|4
907_sf6|906_sf6|5
908_sf6|907_sf6|3
909_sf6|908_sf6|1
910_sf6|909_sf6|4
911_sf6|910_sf6|2
911_sf6|907_sf6|2
912_sf6|911_sf6|3
912_sf6|910_sf6|2
913_sf6|912_sf6|4
914_sf6|913_sf6|2
915_sf6|914_sf6|1
915_sf6|910_sf6|2
916_sf6|915_sf6|3
916_sf6|911_sf6|1
917_sf6|916_sf6|2
918_sf6|917_sf6|3
918_sf6|913_sf6|3
919_sf6|918_sf6|5
919_sf6|914_sf6|2
920_sf6|919_sf6|4
920_sf6|915_sf6|3
921_sf6|920_sf6|1
922_sf6|921_sf6|3
922_sf6|917_sf6|1
923_sf6|922_sf6|5
923_sf6|920_sf6|1
924_sf6|923_sf6|5
924_sf6|919_sf6|2
925_sf6|924_sf6|2
926_sf6|925_sf6|4
927_sf6|926_sf6|3
928_sf6|927_sf6|1
929_sf6|928_sf6|4
929_sf6|924_sf6|2
930_sf6|929_sf6|4
931_sf6|930_sf6|1
932_sf6|931_sf6|3
933_sf6|932_sf6|4
933_sf6|931_sf6|2
934_sf6|933_sf6|3
935_sf6|934_sf6|2
935_sf6|931_sf6|2
936_sf6|935_sf6|4
937_sf6|936_sf6|4
938_sf6|937_sf6|5
939_sf6|938_sf6|3
940_sf6|939_sf6|5
941_sf6|940_sf6|3
942_sf6|941_sf6|4
943_sf6|942_sf6|1
943_sf6|940_sf6|3
944_sf6|943_sf6|3
944_sf6|942_sf6|3
945_sf6|944_sf6|3
945_sf6|943_sf6|1
946_sf6|945_sf6|2
946_sf6|944_sf6|2
947_sf6|946_sf6|4
948_sf6|947_sf6|2
949_sf6|948_sf6|5
950_sf6|949_sf6|1
951_sf6|950_sf6|3
952_sf6|951_sf6|5
953_sf6|952_sf6|2
953_sf6|948_sf6|2
954_sf6|953_sf6|2
955_sf6|954_sf6|1
956_sf6|955_sf6|1
957_sf6|956_sf6|4
958_sf6|957_sf6|1
959_sf6|958_sf6|5
960_sf6|959_sf6|5
960_sf6|956_sf6|1
961_sf6|960_sf6|1
962_sf6|961_sf6|1
962_sf6|960_sf6|3
963_sf6|962_sf6|2
964_sf6|963_sf6|1
964_sf6|962_sf6|3
965_sf6|964_sf6|2
966_sf6|965_sf6|3
967_sf6|966_sf6|4
967_sf6|963_sf6|2
968_sf6|967_sf6|2
969_sf6|968_sf6|4
970_sf6|969_sf6|5
971_sf6|970_sf6|1
972_sf6|971_sf6|5
972_sf6|968_sf6|1
973_sf6|972_sf6|1
973_sf6|971_sf6|2
974_sf6|973_sf6|5
975_sf6|974_sf6|1
976_sf6|975_sf6|5
977_sf6|976_sf6|3
978_sf6|977_sf6|5
979_sf6|978_sf6|2
980_sf6|979_sf6|4
980_sf6|978_sf6|3
981_sf6|980_sf6|2
981_sf6|979_sf6|2
982_sf6|981_sf6|5
983_sf6|982_sf6|1
984_sf6|983_sf6|4
985_sf6|984_sf6|5
985_sf6|983_sf6|3
986_sf6|985_sf6|1
987_sf6|986_sf6|1
988_sf6|987_sf6|1
989_sf6|988_sf6|4
990_sf6|989_sf6|1
991_sf6|990_sf6|3
992_sf6|991_sf6|3
993_sf6|992_sf6|3
993_sf6|990_sf6|1
994_sf6|993_sf6|5
995_sf6|994_sf6|4
996_sf6|995_sf6|2
997_sf6|996_sf6|1
998_sf6|997_sf6|4
998_sf6|993_sf6|1
999_sf6|998_sf6|3
1000_sf6|999_sf6|1
1000_sf6|998_sf6|1
1001_sf6|1000_sf6|3
1002_sf6|1001_sf6|4
1003_sf6|1002_sf6|3
1004_sf6|1003_sf6|2
1004_sf6|1001_sf6|3
1005_sf6|1004_sf6|1
1005_sf6|1002_sf6|1
1006_sf6|1005_sf6|1
1007_sf6|1006_sf6|4
1008_sf6|1007_sf6|5
1008_sf6|1004_sf6|2
1009_sf6|1008_sf6|5
1010_sf6|1009_sf6|5
1010_sf6|1005_sf6|1
1011_sf6|1010_sf6|3
1012_sf6|1011_sf6|1
1012_sf6|1010_sf6|3
1013_sf6|1012_sf6|5
1013_sf6|1008_sf6|1
1014_sf6|1013_sf6|5
1014_sf6|1009_sf6|1
1015_sf6|1014_sf6|3
1016_sf6|1015_sf6|3
1017_sf6|1016_sf6|5
1018_sf6|1017_sf6|3
1019_sf6|1018_sf6|4
1020_sf6|1019_sf6|5
1020_sf6|1015_sf6|1
1021_sf6|1020_sf6|3
1022_sf6|1021_sf6|1
1023_sf6|1022_sf6|1
1024_sf6|1023_sf6|1
1025_sf6|1024_sf6|2
1026_sf6|1025_sf6|2
1027_sf6|1026_sf6|4
1028_sf6|1027_sf6|4
1028_sf6|1023_sf6|1
1029_sf6|1028_sf6|2
1029_sf6|1027_sf6|3
1030_sf6|1029_sf6|1
1031_sf6|1030_sf6|4
1032_sf6|1031_sf6|1
1032_sf6|1029_sf6|3
1033_sf6|1032_sf6|4
1034_sf6|1033_sf6|3
1035_sf6|1034_sf6|3
1035_sf6|1033_sf6|2
1036_sf6|1035_sf6|1
1036_sf6|1033_sf6|3
1037_sf6|1036_sf6|3
1038_sf6|1037_sf6|5
1038_sf6|1034_sf6|3
1039_sf6|1038_sf6|4
1040_sf6|1039_sf6|1
1041_sf6|1040_sf6|4
1042_sf6|1041_sf6|1
1042_sf6|1037_sf6|3
1043_sf6|1042_sf6|3
1043_sf6|1040_sf6|3
1044_sf6|1043_sf6|3
1045_sf6|1044_sf6|4
1046_sf6|1045_sf6|4
1046_sf6|1041_sf6|2
1047_sf6|1046_sf6|3
1048_sf6|1047_sf6|4
1049_sf6|1048_sf6|3
1050_sf6|1049_sf6|1
1051_sf6|1050_sf6|2
1052_sf6|1051_sf6|5
1053_sf6|1052_sf6|4
1053_sf6|1051_sf6|2
1054_sf6|1053_sf6|4
1054_sf6|1052_sf6|2
1055_sf6|1054_sf6|5
1056_sf6|1055_sf6|5
1056_sf6|1054_sf6|1
1057_sf6|1056_sf6|3
1058_sf6|1057_sf6|4
1059_sf6|1058_sf6|5
1060_sf6|1059_sf6|5
1061_sf6|1060_sf6|1
1061_sf6|1059_sf6|1
1062_sf6|1061_sf6|3
1063_sf6|1062_sf6|2
1063_sf6|1059_sf6|1
1064_sf6|1063_sf6|2
1065_sf6|1064_sf6|4
1066_sf6|1065_sf6|2
1067_sf6|1066_sf6|2
1067_sf6|1062_sf6|2
1068_sf6|1067_sf6|5
1068_sf6|1064_sf6|1
1069_sf6|1068_sf6|3
1069_sf6|1065_sf6|3
1070_sf6|1069_sf6|4
1071_sf6|1070_sf6|5
1072_sf6|1071_sf6|2
1073_sf6|1072_sf6|2
1074_sf6|1073_sf6|4
1074_sf6|1072_sf6|3
1075_sf6|1074_sf6|5
1076_sf6|1075_sf6|5
1076_sf6|1072_sf6|1
1077_sf6|1076_sf6|2
1078_sf6|1077_sf6|3
1078_sf6|1074_sf6|2
1079_sf6|1078_sf6|2
1080_sf6|1079_sf6|2
1081_sf6|1080_sf6|3
1082_sf6|1081_sf6|3
1083_sf6|1082_sf6|1
1084_sf6|1083_sf6|2
1085_sf6|1084_sf6|5
1086_sf6|1085_sf6|1
1087_sf6|1086_sf6|3
1088_sf6|1087_sf6|3
1089_sf6|1088_sf6|1
1089_sf6|1086_sf6|1
1090_sf6|1089_sf6|5
1090_sf6|1087_sf6|1
1091_sf6|1090_sf6|4
1091_sf6|1088_sf6|1
1092_sf6|1091_sf6|5
1093_sf6|1092_sf6|1
1093_sf6|1089_sf6|2
1094_sf6|1093_sf6|2
1095_sf6|1094_sf6|3
1095_sf6|1091_sf6|2
1096_sf6|1095_sf6|2
1097_sf6|1096_sf6|1
1098_sf6|1097_sf6|3
1098_sf6|1096_sf6|1
1099_sf6|1098_sf6|3
1100_sf6|1099_sf6|1
1101_sf6|1100_sf6|5
1102_sf6|1101_sf6|4
1103_sf6|1102_sf6|5
1104_sf6|1103_sf6|2
1105_sf6|1104_sf6|5
1106_sf6|1105_sf6|4
1107_sf6|1106_sf6|3
1108_sf6|1107_sf6|4
1108_sf6|1106_sf6|2
1109_sf6|1108_sf6|5
1110_sf6|1109_sf6|2
1111_sf6|1110_sf6|2
1112_sf6|1111_sf6|1
1112_sf6|1107_sf6|3
1113_sf6|1112_sf6|2
1114_sf6|1113_sf6|2
1115_sf6|1114_sf6|3
1116_sf6|1115_sf6|2
1117_sf6|1116_sf6|2
1118_sf6|1117_sf6|3
1118_sf6|1116_sf6|1
1119_sf6|1118_sf6|1
1120_sf6|1119_sf6|2
1121_sf6|1120_sf6|5
1122_sf6|1121_sf6|5
1122_sf6|1120_sf6|2
1123_sf6|1122_sf6|3
1123_sf6|1121_sf6|2
1124_sf6|1123_sf6|4
1125_sf6|1124_sf6|5
1126_sf6|1125_sf6|1
1127_sf6|1126_sf6|1
1128_sf6|1127_sf6|2
1128_sf6|1126_sf6|1
1129_sf6|1128_sf6|1
1129_sf6|1127_sf6|2
1130_sf6|1129_sf6|5
1131_sf6|1130_sf6|1
1132_sf6|1131_sf6|4
1133_sf6|1132_sf6|4
1133_sf6|1130_sf6|3
1134_sf6|1133_sf6|4
1135_sf6|1134_sf6|2
1136_sf6|1135_sf6|2
1137_sf6|1136_sf6|2
1137_sf6|1133_sf6|3
1138_sf6|1137_sf6|3
1138_sf6|1134_sf6|3
1139_sf6|1138_sf6|2
1139_sf6|1135_sf6|1
1140_sf6|1139_sf6|2
1140_sf6|1136_sf6|1
1141_sf6|1140_sf6|2
1142_sf6|1141_sf6|1
1142_sf6|1137_sf6|3
1143_sf6|1142_sf6|4
1143_sf6|1140_sf6|3
1144_sf6|1143_sf6|3
1145_sf6|1144_sf6|1
1145_sf6|1143_sf6|3
1146_sf6|1145_sf6|4
1147_sf6|1146_sf6|5
1148_sf6|1147_sf6|5
1148_sf6|1144_sf6|3
1149_sf6|1148_sf6|1
1149_sf6|1147_sf6|3
1150_sf6|1149_sf6|1
1151_sf6|1150_sf6|3
1152_sf6|1151_sf6|3
1152_sf6|1148_sf6|2
1153_sf6|1152_sf6|4
1154_sf6|1153_sf6|4
1154_sf6|1152_sf6|1
1155_sf6|1154_sf6|1
1156_sf6|1155_sf6|4
1156_sf6|1153_sf6|1
1157_sf6|1156_sf6|1
1158_sf6|1157_sf6|4
1159_sf6|1158_sf6|4
1159_sf6|1156_sf6|2
1160_sf6|1159_sf6|5
1161_sf6|1160_sf6|1
1161_sf6|1157_sf6|3
1162_sf6|1161_sf6|5
1163_sf6|1162_sf6|5
1164_sf6|1163_sf6|4
1164_sf6|1160_sf6|3
1165_sf6|1164_sf6|4
1166_sf6|1165_sf6|1
1167_sf6|1166_sf6|3
1168_sf6|1167_sf6|1
1169_sf6|1168_sf6|4
1169_sf6|1166_sf6|3
1170_sf6|1169_sf6|4
1170_sf6|1166_sf6|1
1171_sf6|1170_sf6|4
1172_sf6|1171_sf6|4
1173_sf6|1172_sf6|1
1174_sf6|1173_sf6|3
1175_sf6|1174_sf6|3
1175_sf6|1172_sf6|3
1176_sf6|1175_sf6|4
1176_sf6|1172_sf6|3
1177_sf6|1176_sf6|4
1178_sf6|1177_sf6|5
1179_sf6|1178_sf6|1
1179_sf6|1175_sf6|2
1180_sf6|1179_sf6|3
1181_sf6|1180_sf6|4
1181_sf6|1176_sf6|1
1182_sf6|1181_sf6|4
1183_sf6|1182_sf6|2
1184_sf6|1183_sf6|1
1185_sf6|1184_sf6|2
1186_sf6|1185_sf6|2
1186_sf6|1181_sf6|2
1187_sf6|1186_sf6|1
1187_sf6|1185_sf6|2
1188_sf6|1187_sf6|4
1189_sf6|1188_sf6|3
1190_sf6|1189_sf6|3
1191_sf6|1190_sf6|5
1191_sf6|1187_sf6|1
1192_sf6|1191_sf6|5
1193_sf6|1192_sf6|5
1193_sf6|1188_sf6|2
1194_sf6|1193_sf6|4
1195_sf6|1194_sf6|3
1195_sf6|1191_sf6|2
1196_sf6|1195_sf6|4
1196_sf6|1194_sf6|2
1197_sf6|1196_sf6|1
1197_sf6|1195_sf6|2
1198_sf6|1197_sf6|1
1199_sf6|1198_sf6|5
1200_sf6|1199_sf6|5
1201_sf6|1200_sf6|2
1202_sf6|1201_sf6|4
1202_sf6|1199_sf6|3
1203_sf6|1202_sf6|2
1204_sf6|1203_sf6|3
1205_sf6|1204_sf6|2
1206_sf6|1205_sf6|5
1207_sf6|1206_sf6|5
1208_sf6|1207_sf6|1
1209_sf6|1208_sf6|2
1210_sf6|1209_sf6|2
1211_sf6|1210_sf6|4
1211_sf6|1208_sf6|1
1212_sf6|1211_sf6|4
1213_sf6|1212_sf6|1
1214_sf6|1213_sf6|5
1215_sf6|1214_sf6|5
1215_sf6|1212_sf6|2
1216_sf6|1215_sf6|2
1216_sf6|1213_sf6|3
1217_sf6|1216_sf6|4
1218_sf6|1217_sf6|4
1219_sf6|1218_sf6|3
1220_sf6|1219_sf6|4
1221_sf6|1220_sf6|5
1221_sf6|1217_sf6|2
1222_sf6|1221_sf6|1
1222_sf6|1220_sf6|2
1223_sf6|1222_sf6|2
1224_sf6|1223_sf6|5
1225_sf6|1224_sf6|2
1226_sf6|1225_sf6|1
1227_sf6|1226_sf6|1
1228_sf6|1227_sf6|1
1229_sf6|1228_sf6|5
1229_sf6|1225_sf6|1
1230_sf6|1229_sf6|5
1230_sf6|1228_sf6|1
1231_sf6|1230_sf6|5
1231_sf6|1228_sf6|2
1232_sf6|1231_sf6|5
1233_sf6|1232_sf6|5
1234_sf6|1233_sf6|3
1235_sf6|1234_sf6|5
1236_sf6|1235_sf6|4
1236_sf6|1231_sf6|3
1237_sf6|1236_sf6|5
1238_sf6|1237_sf6|1
1239_sf6|1238_sf6|2
1240_sf6|1239_sf6|5
1241_sf6|1240_sf6|1
1242_sf6|1241_sf6|5
1243_sf6|1242_sf6|3
1243_sf6|1240_sf6|3
1244_sf6|1243_sf6|3
1244_sf6|1241_sf6|2
1245_sf6|1244_sf6|2
1246_sf6|1245_sf6|2
1247_sf6|1246_sf6|5
1247_sf6|1245_sf6|3
1248_sf6|1247_sf6|3
1249_sf6|1248_sf6|5
1249_sf6|1247_sf6|2
1250_sf6|1249_sf6|4
1251_sf6|1250_sf6|5
1252_sf6|1251_sf6|2
1252_sf6|1249_sf6|2
1253_sf6|1252_sf6|2
1253_sf6|1248_sf6|2
1254_sf6|1253_sf6|2
1255_sf6|1254_sf6|4
1256_sf6|1255_sf6|5
1257_sf6|1256_sf6|1
1257_sf6|1254_sf6|1
1258_sf6|1257_sf6|4
1259_sf6|1258_sf6|2
1260_sf6|1259_sf6|3
1261_sf6|1260_sf6|2
1262_sf6|1261_sf6|3
1262_sf6|1257_sf6|3
1263_sf6|1262_sf6|2
1263_sf6|1261_sf6|1
1264_sf6|1263_sf6|3
1265_sf6|1264_sf6|5
1266_sf6|1265_sf6|3
1267_sf6|1266_sf6|4
1268_sf6|1267_sf6|4
1269_sf6|1268_sf6|5
1269_sf6|1267_sf6|2
1270_sf6|1269_sf6|5
1271_sf6|1270_sf6|4
1271_sf6|1266_sf6|3
1272_sf6|1271_sf6|5
1273_sf6|1272_sf6|4
1274_sf6|1273_sf6|4
1275_sf6|1274_sf6|4
1276_sf6|1275_sf6|5
1277_sf6|1276_sf6|3
1277_sf6|1272_sf6|2
1278_sf6|1277_sf6|3
1278_sf6|1273_sf6|1
1279_sf6|1278_sf6|5
1280_sf6|1279_sf6|5
1281_sf6|1280_sf6|4
1282_sf6|1281_sf6|2
1283_sf6|1282_sf6|3
1284_sf6|1283_sf6|3
1284_sf6|1281_sf6|3
1285_sf6|1284_sf6|1
1286_sf6|1285_sf6|5
1286_sf6|1282_sf6|3
1287_sf6|1286_sf6|5
1288_sf6|1287_sf6|5
1288_sf6|1283_sf6|3
1289_sf6|1288_sf6|3
1289_sf6|1284_sf6|1
1290_sf6|1289_sf6|3
1290_sf6|1288_sf6|1
1291_sf6|1290_sf6|5
1292_sf6|1291_sf6|5
1292_sf6|1288_sf6|3
1293_sf6|1292_sf6|2
1294_sf6|1293_sf6|3
1294_sf6|1289_sf6|2
1295_sf6|1294_sf6|3
1296_sf6|1295_sf6|4
1297_sf6|1296_sf6|3
1298_sf6|1297_sf6|4
1299_sf6|1298_sf6|3
1299_sf6|1296_sf6|2
1300_sf6|1299_sf6|2
1301_sf6|1300_sf6|3
1301_sf6|1297_sf6|3
1302_sf6|1301_sf6|5
1303_sf6|1302_sf6|2
1303_sf6|1298_sf6|3
1304_sf6|1303_sf6|3
1305_sf6|1304_sf6|2
1306_sf6|1305_sf6|2
1306_sf6|1301_sf6|2
1307_sf6|1306_sf6|3
1307_sf6|1304_sf6|1
1308_sf6|1307_sf6|5
1309_sf6|1308_sf6|5
1310_sf6|1309_sf6|4
1311_sf6|1310_sf6|5
1311_sf6|1307_sf6|3
1312_sf6|1311_sf6|5
1313_sf6|1312_sf6|4
1314_sf6|1313_sf6|4
1315_sf6|1314_sf6|1
1316_sf6|1315_sf6|3
1317_sf6|1316_sf6|4
1318_sf6|1317_sf6|2
1319_sf6|1318_sf6|4
1319_sf6|1317_sf6|3
1320_sf6|1319_sf6|5
1320_sf6|1315_sf6|1
1321_sf6|1320_sf6|3
1321_sf6|1317_sf6|2
1322_sf6|1321_sf6|4
1323_sf6|1322_sf6|5
1324_sf6|1323_sf6|1
1325_sf6|1324_sf6|2
1325_sf6|1320_sf6|3
1326_sf6|1325_sf6|1
1326_sf6|1324_sf6|3
1327_sf6|1326_sf6|5
1327_sf6|1322_sf6|1
1328_sf6|1327_sf6|2
1329_sf6|1328_sf6|2
1330_sf6|1329_sf6|5
1331_sf6|1330_sf6|4
1332_sf6|1331_sf6|3
1333_sf6|1332_sf6|5
1333_sf6|1329_sf6|1
1334_sf6|1333_sf6|5
1335_sf6|1334_sf6|2
1336_sf6|1335_sf6|1
1337_sf6|1336_sf6|5
1338_sf6|1337_sf6|1
1339_sf6|1338_sf6|1
1340_sf6|1339_sf6|5
1341_sf6|1340_sf6|4
1342_sf6|1341_sf6|1
1343_sf6|1342_sf6|4
1344_sf6|1343_sf6|5
1345_sf6|1344_sf6|3
1346_sf6|1345_sf6|5
1347_sf6|1346_sf6|5
1348_sf6|1347_sf6|3
1349_sf6|1348_sf6|4
1350_sf6|1349_sf6|2
1351_sf6|1350_sf6|1
1351_sf6|1349_sf6|1
1352_sf6|1351_sf6|4
1353_sf6|1352_sf6|2
1354_sf6|1353_sf6|3
1355_sf6|1354_sf6|3
1356_sf6|1355_sf6|5
1357_sf6|1356_sf6|2
1357_sf6|1354_sf6|1
1358_sf6|1357_sf6|5
1358_sf6|1356_sf6|2
1359_sf6|1358_sf6|3
1360_sf6|1359_sf6|5
1361_sf6|1360_sf6|3
1362_sf6|1361_sf6|2
1363_sf6|1362_sf6|5
1364_sf6|1363_sf6|3
1365_sf6|1364_sf6|2
1366_sf6|1365_sf6|2
1367_sf6|1366_sf6|5
1367_sf6|1365_sf6|2
1368_sf6|1367_sf6|3
1369_sf6|1368_sf6|2
1370_sf6|1369_sf6|5
1371_sf6|1370_sf6|2
1372_sf6|1371_sf6|5
1372_sf6|1369_sf6|1
1373_sf6|1372_sf6|5
1374_sf6|1373_sf6|5
1374_sf6|1370_sf6|1
1375_sf6|1374_sf6|3
1376_sf6|1375_sf6|5
1377_sf6|1376_sf6|2
1377_sf6|1372_sf6|3
1378_sf6|1377_sf6|1
1379_sf6|1378_sf6|1
1380_sf6|1379_sf6|4
1381_sf6|1380_sf6|2
1382_sf6|1381_sf6|2
1383_sf6|1382_sf6|5
1383_sf6|1379_sf6|2
1384_sf6|1383_sf6|2
1385_sf6|1384_sf6|1
1386_sf6|1385_sf6|4
1387_sf6|1386_sf6|2
1388_sf6|1387_sf6|2
1389_sf6|1388_sf6|4
1390_sf6|1389_sf6|4
1390_sf6|1386_sf6|2
1391_sf6|1390_sf6|3
1391_sf6|1388_sf6|2
1392_sf6|1391_sf6|2
1393_sf6|1392_sf6|4
1393_sf6|1389_sf6|3
1394_sf6|1393_sf6|2
1394_sf6|1389_sf6|3
1395_sf6|1394_sf6|4
1396_sf6|1395_sf6|4
1396_sf6|1391_sf6|3
1397_sf6|1396_sf6|3
1398_sf6|1397_sf6|4
1398_sf6|1393_sf6|3
1399_sf6|1398_sf6|2
1400_sf6|1399_sf6|3
1401_sf6|1400_sf6|3
1402_sf6|1401_sf6|1
1403_sf6|1402_sf6|3
1403_sf6|1399_sf6|3
1404_sf6|1403_sf6|5
1405_sf6|1404_sf6|4
1406_sf6|1405_sf6|1
1407_sf6|1406_sf6|5
1407_sf6|1403_sf6|2
1408_sf6|1407_sf6|3
1409_sf6|1408_sf6|1
1410_sf6|1409_sf6|5
1411_sf6|1410_sf6|4
1412_sf6|1411_sf6|2
1413_sf6|1412_sf6|1
1414_sf6|1413_sf6|3
1415_sf6|1414_sf6|2
1415_sf6|1412_sf6|1
1416_sf6|1415_sf6|1
1417_sf6|1416_sf6|5
1417_sf6|1415_sf6|2
1418_sf6|1417_sf6|2
1419_sf6|1418_sf6|1
1419_sf6|1416_sf6|2
1420_sf6|1419_sf6|5
1421_sf6|1420_sf6|1
1422_sf6|1421_sf6|3
1422_sf6|1417_sf6|3
1423_sf6|1422_sf6|1
1424_sf6|1423_sf6|4
1425_sf6|1424_sf6|1
1426_sf6|1425_sf6|4
1427_sf6|1426_sf6|1
1428_sf6|1427_sf6|5
1428_sf6|1426_sf6|3
1429_sf6|1428_sf6|1
1430_sf6|1429_sf6|1
1430_sf6|1426_sf6|1
1431_sf6|1430_sf6|5
1432_sf6|1431_sf6|5
1433_sf6|1432_sf6|2
1434_sf6|1433_sf6|5
1435_sf6|1434_sf6|4
1436_sf6|1435_sf6|1
1437_sf6|1436_sf6|1
1438_sf6|1437_sf6|1
1439_sf6|1438_sf6|5
1440_sf6|1439_sf6|1
1440_sf6|1437_sf6|1
1441_sf6|1440_sf6|5
1442_sf6|1441_sf6|2
1443_sf6|1442_sf6|5
1444_sf6|1443_sf6|3
1444_sf6|1439_sf6|2
1445_sf6|1444_sf6|5
1445_sf6|1441_sf6|2
1446_sf6|1445_sf6|5
1447_sf6|1446_sf6|2
1447_sf6|1442_sf6|1
1448_sf6|1447_sf6|1
1449_sf6|1448_sf6|3
1450_sf6|1449_sf6|5
1450_sf6|1448_sf6|3
1451_sf6|1450_sf6|4
1452_sf6|1451_sf6|4
1453_sf6|1452_sf6|5
1454_sf6|1453_sf6|5
1455_sf6|1454_sf6|3
1456_sf6|1455_sf6|3
1457_sf6|1456_sf6|1
1458_sf6|1457_sf6|5
1459_sf6|1458_sf6|1
1460_sf6|1459_sf6|3
1461_sf6|1460_sf6|2
1462_sf6|1461_sf6|5
1463_sf6|1462_sf6|5
1464_sf6|1463_sf6|5
1464_sf6|1462_sf6|2
1465_sf6|1464_sf6|5
1466_sf6|1465_sf6|3
1467_sf6|1466_sf6|3
1468_sf6|1467_sf6|1
1468_sf6|1465_sf6|1
1469_sf6|1468_sf6|2
1470_sf6|1469_sf6|3
1470_sf6|1468_sf6|1
1471_sf6|1470_sf6|4
1472_sf6|1471_sf6|1
1473_sf6|1472_sf6|1
1474_sf6|1473_sf6|3
1475_sf6|1474_sf6|2
1475_sf6|1470_sf6|2
1476_sf6|1475_sf6|1
1477_sf6|1476_sf6|3
1477_sf6|1472_sf6|1
1478_sf6|1477_sf6|2
1479_sf6|1478_sf6|4
1479_sf6|1474_sf6|1
1480_sf6|1479_sf6|4
1481_sf6|1480_sf6|2
1482_sf6|1481_sf6|2
1483_sf6|1482_sf6|1
1483_sf6|1481_sf6|3
1484_sf6|1483_sf6|1
1485_sf6|1484_sf6|4
1486_sf6|1485_sf6|1
1487_sf6|1486_sf6|3
1488_sf6|1487_sf6|1
1488_sf6|1483_sf6|2
1489_sf6|1488_sf6|3
1490_sf6|1489_sf6|1
1491_sf6|1490_sf6|5
1492_sf6|1491_sf6|4
1493_sf6|1492_sf6|1
1494_sf6|1493_sf6|5
1495_sf6|1494_sf6|3
1496_sf6|1495_sf6|4
1497_sf6|1496_sf6|3
1497_sf6|1494_sf6|2
1498_sf6|1497_sf6|2
1499_sf6|1498_sf6|3
1500_sf6|1499_sf6|3
1501_sf6|1500_sf6|1
1502_sf6|1501_sf6|4
1503_sf6|1502_sf6|2
1504_sf6|1503_sf6|2
1505_sf6|1504_sf6|2
1506_sf6|1505_sf6|5
1507_sf6|1506_sf6|5
1508_sf6|1507_sf6|5
1508_sf6|1503_sf6|3
1509_sf6|1508_sf6|4
1509_sf6|1507_sf6|3
1510_sf6|1509_sf6|5
1510_sf6|1506_sf6|2
1511_sf6|1510_sf6|2
1512_sf6|1511_sf6|2
1513_sf6|1512_sf6|3
1514_sf6|1513_sf6|5
1514_sf6|1510_sf6|1
1515_sf6|1514_sf6|2
1516_sf6|1515_sf6|4
1517_sf6|1516_sf6|3
1517_sf6|1512_sf6|2
1518_sf6|1517_sf6|5
1518_sf6|1514_sf6|1
1519_sf6|1518_sf6|5
1520_sf6|1519_sf6|2
1521_sf6|1520_sf6|2
1522_sf6|1521_sf6|1
1523_sf6|1522_sf6|5
1524_sf6|1523_sf6|1
1525_sf6|1524_sf6|5
1526_sf6|1525_sf6|3
1526_sf6|1524_sf6|2
1527_sf6|1526_sf6|2
1528_sf6|1527_sf6|3
1529_sf6|1528_sf6|2
1530_sf6|1529_sf6|5
1530_sf6|1525_sf6|3
1531_sf6|1530_sf6|1
1532_sf6|1531_sf6|1
1532_sf6|1529_sf6|1
1533_sf6|1532_sf6|1
1534_sf6|1533_sf6|2
1534_sf6|1532_sf6|3
1535_sf6|1534_sf6|2
1535_sf6|1531_sf6|1
1536_sf6|1535_sf6|2
1537_sf6|1536_sf6|3
1538_sf6|1537_sf6|5
1539_sf6|1538_sf6|2
1540_sf6|1539_sf6|4
1541_sf6|1540_sf6|1
1542_sf6|1541_sf6|1
1543_sf6|1542_sf6|1
1544_sf6|1543_sf6|2
1544_sf6|1540_sf6|2
1545_sf6|1544_sf6|3
1545_sf6|1542_sf6|3
1546_sf6|1545_sf6|3
1546_sf6|1543_sf6|3
1547_sf6|1546_sf6|3
1548_sf6|1547_sf6|3
1549_sf6|1548_sf6|2
1550_sf6|1549_sf6|3
1551_sf6|1550_sf6|4
1552_sf6|1551_sf6|1
1553_sf6|1552_sf6|3
1553_sf6|1548_sf6|3
1554_sf6|1553_sf6|5
1555_sf6|1554_sf6|3
1556_sf6|1555_sf6|3
1557_sf6|1556_sf6|1
1558_sf6|1557_sf6|3
1559_sf6|1558_sf6|1
1560_sf6|1559_sf6|5
1561_sf6|1560_sf6|1
1562_sf6|1561_sf6|1
1563_sf6|1562_sf6|5
1564_sf6|1563_sf6|4
1565_sf6|1564_sf6|4
1566_sf6|1565_sf6|3
1567_sf6|1566_sf6|2
1567_sf6|1565_sf6|3
1568_sf6|1567_sf6|5
1569_sf6|1568_sf6|2
1569_sf6|1567_sf6|2
1570_sf6|1569_sf6|2
1570_sf6|1565_sf6|2
1571_sf6|1570_sf6|4
1572_sf6|1571_sf6|3
1573_sf6|1572_sf6|2
1574_sf6|1573_sf6|5
1575_sf6|1574_sf6|1
1576_sf6|1575_sf6|5
1576_sf6|1573_sf6|3
1577_sf6|1576_sf6|5
1578_sf6|1577_sf6|3
1579_sf6|1578_sf6|5
1580_sf6|1579_sf6|5
1581_sf6|1580_sf6|5
1582_sf6|1581_sf6|5
1583_sf6|1582_sf6|4
1584_sf6|1583_sf6|1
1585_sf6|1584_sf6|1
1586_sf6|1585_sf6|5
1587_sf6|1586_sf6|3
1588_sf6|1587_sf6|3
1589_sf6|1588_sf6|4
1590_sf6|1589_sf6|4
1591_sf6|1590_sf6|3
1591_sf6|1587_sf6|2
1592_sf6|1591_sf6|1
1593_sf6|1592_sf6|3
1593_sf6|1588_sf6|3
1594_sf6|1593_sf6|3
1594_sf6|1590_sf6|2
1595_sf6|1594_sf6|1
1596_sf6|1595_sf6|1
1597_sf6|1596_sf6|2
1598_sf6|1597_sf6|2
1598_sf6|1593_sf6|3
1599_sf6|1598_sf6|3
1599_sf6|1597_sf6|2
1600_sf6|1599_sf6|4
1601_sf6|1600_sf6|4
1602_sf6|1601_sf6|3
1603_sf6|1602_sf6|5
1604_sf6|1603_sf6|5
1604_sf6|1601_sf6|3
1605_sf6|1604_sf6|2
1606_sf6|1605_sf6|4
1607_sf6|1606_sf6|5
1608_sf6|1607_sf6|2
1608_sf6|1604_sf6|3
1609_sf6|1608_sf6|5
1609_sf6|1605_sf6|2
1610_sf6|1609_sf6|1
1610_sf6|1606_sf6|3
1611_sf6|1610_sf6|5
1611_sf6|1609_sf6|2
1612_sf6|1611_sf6|2
1612_sf6|1607_sf6|1
1613_sf6|1612_sf6|1
1614_sf6|1613_sf6|5
1614_sf6|1610_sf6|2
1615_sf6|1614_sf6|3
1616_sf6|1615_sf6|3
1617_sf6|1616_sf6|2
1618_sf6|1617_sf6|1
1618_sf6|1616_sf6|3
1619_sf6|1618_sf6|2
1620_sf6|1619_sf6|3
1620_sf6|1618_sf6|3
1621_sf6|1620_sf6|2
1622_sf6|1621_sf6|3
1623_sf6|1622_sf6|3
1624_sf6|1623_sf6|5
1625_sf6|1624_sf6|1
1626_sf6|1625_sf6|1
1627_sf6|1626_sf6|4
1628_sf6|1627_sf6|3
1628_sf6|1626_sf6|1
1629_sf6|1628_sf6|2
1630_sf6|1629_sf6|5
1631_sf6|1630_sf6|5
1631_sf6|1627_sf6|1
1632_sf6|1631_sf6|2
1633_sf6|1632_sf6|3
1633_sf6|1629_sf6|3
1634_sf6|1633_sf6|3
1635_sf6|1634_sf6|3
1636_sf6|1635_sf6|4
1636_sf6|1632_sf6|3
1637_sf6|1636_sf6|2
1638_sf6|1637_sf6|4
1638_sf6|1635_sf6|1
1639_sf6|1638_sf6|5
1640_sf6|1639_sf6|4
1640_sf6|1638_sf6|3
1641_sf6|1640_sf6|2
1641_sf6|1636_sf6|2
1642_sf6|1641_sf6|5
1642_sf6|1638_sf6|2
1643_sf6|1642_sf6|1
1644_sf6|1643_sf6|3
1645_sf6|1644_sf6|5
1646_sf6|1645_sf6|4
1646_sf6|1642_sf6|3
1647_sf6|1646_sf6|4
1647_sf6|1643_sf6|2
1648_sf6|1647_sf6|2
1648_sf6|1644_sf6|3
1649_sf6|1648_sf6|1
1650_sf6|1649_sf6|2
1651_sf6|1650_sf6|4
1651_sf6|1647_sf6|1
1652_sf6|1651_sf6|1
1653_sf6|1652_sf6|1
1654_sf6|1653_sf6|2
1655_sf6|1654_sf6|3
1655_sf6|1653_sf6|2
1656_sf6|1655_sf6|5
1657_sf6|1656_sf6|1
1657_sf6|1653_sf6|3
1658_sf6|1657_sf6|4
1659_sf6|1658_sf6|4
1660_sf6|1659_sf6|5
1661_sf6|1660_sf6|3
1662_sf6|1661_sf6|4
1662_sf6|1658_sf6|3
1663_sf6|1662_sf6|2
1664_sf6|1663_sf6|3
1664_sf6|1659_sf6|2
1665_sf6|1664_sf6|1
1665_sf6|1660_sf6|2
1666_sf6|1665_sf6|1
1667_sf6|1666_sf6|4
1668_sf6|1667_sf6|4
1669_sf6|1668_sf6|1
1670_sf6|1669_sf6|1
1671_sf6|1670_sf6|1
1672_sf6|1671_sf6|4
1673_sf6|1672_sf6|1
1674_sf6|1673_sf6|4
1675_sf6|1674_sf6|5
1675_sf6|1671_sf6|1
1676_sf6|1675_sf6|2
1676_sf6|1673_sf6|2
1677_sf6|1676_sf6|5
1677_sf6|1673_sf6|3
1678_sf6|1677_sf6|1
1679_sf6|1678_sf6|5
1680_sf6|1679_sf6|2
1681_sf6|1680_sf6|5
1682_sf6|1681_sf6|5
1683_sf6|1682_sf6|3
1684_sf6|1683_sf6|4
1685_sf6|1684_sf6|2
1685_sf6|1682_sf6|2
1686_sf6|1685_sf6|5
1687_sf6|1686_sf6|2
1688_sf6|1687_sf6|3
1688_sf6|1685_sf6|2
1689_sf6|1688_sf6|1
1690_sf6|1689_sf6|4
1691_sf6|1690_sf6|4
1692_sf6|1691_sf6|1
1692_sf6|1688_sf6|3
1693_sf6|1692_sf6|3
1694_sf6|1693_sf6|1
1695_sf6|1694_sf6|2
1695_sf6|1693_sf6|1
1696_sf6|1695_sf6|2
1696_sf6|1691_sf6|1
1697_sf6|1696_sf6|5
1698_sf6|1697_sf6|3
1698_sf6|1696_sf6|3
1699_sf6|1698_sf6|1
1700_sf6|1699_sf6|5
1701_sf6|1700_sf6|2
1702_sf6|1701_sf6|1
1702_sf6|1699_sf6|2
1703_sf6|1702_sf6|5
1704_sf6|1703_sf6|2
1705_sf6|1704_sf6|4
1705_sf6|1700_sf6|1
1706_sf6|1705_sf6|2
1706_sf6|1701_sf6|3
1707_sf6|1706_sf6|1
1708_sf6|1707_sf6|3
1709_sf6|1708_sf6|1
1709_sf6|1707_sf6|1
1710_sf6|1709_sf6|4
1711_sf6|1710_sf6|4
1711_sf6|1707_sf6|2
1712_sf6|1711_sf6|2
1713_sf6|1712_sf6|2
1713_sf6|1711_sf6|3
1714_sf6|1713_sf6|4
1714_sf6|1709_sf6|3
1715_sf6|1714_sf6|4
1715_sf6|1710_sf6|3
1716_sf6|1715_sf6|2
1717_sf6|1716_sf6|1
1717_sf6|1712_sf6|1
1718_sf6|1717_sf6|4
1718_sf6|1714_sf6|3
1719_sf6|1718_sf6|2
1719_sf6|1714_sf6|3
1720_sf6|1719_sf6|1
1720_sf6|1717_sf6|3
1721_sf6|1720_sf6|4
1722_sf6|1721_sf6|1
1722_sf6|1717_sf6|2
1723_sf6|1722_sf6|5
1724_sf6|1723_sf6|2
1725_sf6|1724_sf6|1
1725_sf6|1720_sf6|2
1726_sf6|1725_sf6|4
1727_sf6|1726_sf6|4
1727_sf6|1723_sf6|3
1728_sf6|1727_sf6|2
1729_sf6|1728_sf6|1
1730_sf6|1729_sf6|4
1731_sf6|1730_sf6|3
1732_sf6|1731_sf6|4
1733_sf6|1732_sf6|5
1734_sf6|1733_sf6|1
1734_sf6|1731_sf6|3
1735_sf6|1734_sf6|5
1735_sf6|1730_sf6|1
1736_sf6|1735_sf6|3
1737_sf6|1736_sf6|1
1738_sf6|1737_sf6|3
1739_sf6|1738_sf6|1
1739_sf6|1737_sf6|1
1740_sf6|1739_sf6|3
1741_sf6|1740_sf6|5
1742_sf6|1741_sf6|4
1743_sf6|1742_sf6|2
1744_sf6|1743_sf6|5
1745_sf6|1744_sf6|4
1746_sf6|1745_sf6|4
1746_sf6|1744_sf6|3
1747_sf6|1746_sf6|4
1748_sf6|1747_sf6|3
1749_sf6|1748_sf6|3
1750_sf6|1749_sf6|4
1751_sf6|1750_sf6|3
1752_sf6|1751_sf6|3
1752_sf6|1748_sf6|3
1753_sf6|1752_sf6|3
1754_sf6|1753_sf6|1
1755_sf6|1754_sf6|5
1756_sf6|1755_sf6|4
1757_sf6|1756_sf6|1
1758_sf6|1757_sf6|5
1758_sf6|1753_sf6|3
1759_sf6|1758_sf6|1
1760_sf6|1759_sf6|3
1760_sf6|1756_sf6|1
1761_sf6|1760_sf6|1
1762_sf6|1761_sf6|5
1763_sf6|1762_sf6|3
1764_sf6|1763_sf6|2
1764_sf6|1762_sf6|1
1765_sf6|1764_sf6|4
1766_sf6|1765_sf6|2
1767_sf6|1766_sf6|2
1767_sf6|1762_sf6|1
1768_sf6|1767_sf6|4
1768_sf6|1763_sf6|2
1769_sf6|1768_sf6|2
1770_sf6|1769_sf6|1
1771_sf6|1770_sf6|4
1772_sf6|1771_sf6|5
1773_sf6|1772_sf6|1
1773_sf6|1768_sf6|2
1774_sf6|1773_sf6|1
1775_sf6|1774_sf6|4
1775_sf6|1770_sf6|1
1776_sf6|1775_sf6|1
1777_sf6|1776_sf6|2
1777_sf6|1774_sf6|2
1778_sf6|1777_sf6|3
1779_sf6|1778_sf6|4
1780_sf6|1779_sf6|4
1781_sf6|1780_sf6|4
1782_sf6|1781_sf6|3
1783_sf6|1782_sf6|3
1783_sf6|1780_sf6|2
1784_sf6|1783_sf6|5
1785_sf6|1784_sf6|4
1785_sf6|1780_sf6|2
1786_sf6|1785_sf6|1
1787_sf6|1786_sf6|4
1787_sf6|1785_sf6|1
1788_sf6|1787_sf6|3
1789_sf6|1788_sf6|4
1790_sf6|1789_sf6|3
1790_sf6|1786_sf6|2
1791_sf6|1790_sf6|5
1791_sf6|1787_sf6|3
1792_sf6|1791_sf6|5
1793_sf6|1792_sf6|1
1793_sf6|1788_sf6|1
1794_sf6|1793_sf6|4
1795_sf6|1794_sf6|2
1795_sf6|1792_sf6|2
1796_sf6|1795_sf6|5
1797_sf6|1796_sf6|4
1798_sf6|1797_sf6|4
1799_sf6|1798_sf6|4
1799_sf6|1796_sf6|1
1800_sf6|1799_sf6|5
1801_sf6|1800_sf6|3
1802_sf6|1801_sf6|5
1803_sf6|1802_sf6|5
1804_sf6|1803_sf6|2
1804_sf6|1799_sf6|1
1805_sf6|1804_sf6|1
1806_sf6|1805_sf6|1
1807_sf6|1806_sf6|5
1808_sf6|1807_sf6|4
1809_sf6|1808_sf6|4
1809_sf6|1806_sf6|1
1810_sf6|1809_sf6|5
1811_sf6|1810_sf6|3
1812_sf6|1811_sf6|5
1812_sf6|1808_sf6|2
1813_sf6|1812_sf6|5
1814_sf6|1813_sf6|5
1814_sf6|1811_sf6|2
1815_sf6|1814_sf6|4
1816_sf6|1815_sf6|1
1817_sf6|1816_sf6|5
1818_sf6|1817_sf6|5
1819_sf6|1818_sf6|4
1819_sf6|1816_sf6|2
1820_sf6|1819_sf6|5
1821_sf6|1820_sf6|5
1822_sf6|1821_sf6|1
1823_sf6|1822_sf6|4
1824_sf6|1823_sf6|4
1825_sf6|1824_sf6|1
1826_sf6|1825_sf6|4
1826_sf6|1821_sf6|1
1827_sf6|1826_sf6|2
1828_sf6|1827_sf6|3
1828_sf6|1824_sf6|3
1829_sf6|1828_sf6|1
1829_sf6|1825_sf6|3
1830_sf6|1829_sf6|3
1830_sf6|1825_sf6|3
1831_sf6|1830_sf6|3
1832_sf6|1831_sf6|3
1833_sf6|1832_sf6|4
1834_sf6|1833_sf6|5
1835_sf6|1834_sf6|1
1836_sf6|1835_sf6|4
1837_sf6|1836_sf6|3
1838_sf6|1837_sf6|5
1839_sf6|1838_sf6|1
1839_sf6|1834_sf6|1
1840_sf6|1839_sf6|5
1840_sf6|1835_sf6|1
1841_sf6|1840_sf6|1
1842_sf6|1841_sf6|2
1842_sf6|1838_sf6|2
1843_sf6|1842_sf6|2
1844_sf6|1843_sf6|1
1844_sf6|1841_sf6|2
1845_sf6|1844_sf6|4
1846_sf6|1845_sf6|3
1847_sf6|1846_sf6|3
1848_sf6|1847_sf6|5
1849_sf6|1848_sf6|5
1850_sf6|1849_sf6|2
1851_sf6|1850_sf6|3
1852_sf6|1851_sf6|4
1853_sf6|1852_sf6|1
1853_sf6|1850_sf6|1
1854_sf6|1853_sf6|1
1854_sf6|1852_sf6|2
1855_sf6|1854_sf6|5
1856_sf6|1855_sf6|5
1857_sf6|1856_sf6|3
1858_sf6|1857_sf6|2
1859_sf6|1858_sf6|5
1859_sf6|1855_sf6|3
1860_sf6|1859_sf6|4
1860_sf6|1856_sf6|3
1861_sf6|1860_sf6|5
1861_sf6|1856_sf6|2
1862_sf6|1861_sf6|3
1863_sf6|1862_sf6|2
1863_sf6|1859_sf6|3
1864_sf6|1863_sf6|3
1865_sf6|1864_sf6|3
1865_sf6|1860_sf6|2
1866_sf6|1865_sf6|3
1867_sf6|1866_sf6|3
1868_sf6|1867_sf6|3
1868_sf6|1866_sf6|1
1869_sf6|1868_sf6|4
1870_sf6|1869_sf6|3
1871_sf6|1870_sf6|4
1872_sf6|1871_sf6|4
1872_sf6|1867_sf6|2
1873_sf6|1872_sf6|3
1873_sf6|1869_sf6|3
1874_sf6|1873_sf6|2
1875_sf6|1874_sf6|3
1876_sf6|1875_sf6|4
1877_sf6|1876_sf6|5
1878_sf6|1877_sf6|4
1878_sf6|1873_sf6|3
1879_sf6|1878_sf6|5
1880_sf6|1879_sf6|5
1880_sf6|1875_sf6|2
1881_sf6|1880_sf6|5
1882_sf6|1881_sf6|2
1882_sf6|1880_sf6|1
1883_sf6|1882_sf6|5
1884_sf6|1883_sf6|2
1885_sf6|1884_sf6|4
1885_sf6|1882_sf6|1
1886_sf6|1885_sf6|4
1887_sf6|1886_sf6|1
1888_sf6|1887_sf6|5
1889_sf6|1888_sf6|5
1890_sf6|1889_sf6|4
1891_sf6|1890_sf6|2
1891_sf6|1889_sf6|1
1892_sf6|1891_sf6|3
1892_sf6|1890_sf6|2
1893_sf6|1892_sf6|5
1894_sf6|1893_sf6|5
1895_sf6|1894_sf6|1
1896_sf6|1895_sf6|4
1896_sf6|1894_sf6|3
1897_sf6|1896_sf6|3
1898_sf6|1897_sf6|1
1898_sf6|1896_sf6|3
1899_sf6|1898_sf6|1
1899_sf6|1895_sf6|3
1900_sf6|1899_sf6|3
1901_sf6|1900_sf6|2
1901_sf6|1898_sf6|2
1902_sf6|1901_sf6|2
1903_sf6|1902_sf6|4
1904_sf6|1903_sf6|2
1905_sf6|1904_sf6|4
1905_sf6|1903_sf6|2
1906_sf6|1905_sf6|3
1907_sf6|1906_sf6|1
1908_sf6|1907_sf6|2
1909_sf6|1908_sf6|1
1909_sf6|1905_sf6|1
1910_sf6|1909_sf6|3
1911_sf6|1910_sf6|1
1912_sf6|1911_sf6|4
1913_sf6|1912_sf6|2
1913_sf6|1908_sf6|1
1914_sf6|1913_sf6|3
1915_sf6|1914_sf6|5
1916_sf6|1915_sf6|3
1916_sf6|1911_sf6|2
1917_sf6|1916_sf6|4
1917_sf6|1915_sf6|3
1918_sf6|1917_sf6|1
1918_sf6|1914_sf6|3
1919_sf6|1918_sf6|3
1920_sf6|1919_sf6|2
1921_sf6|1920_sf6|2
1922_sf6|1921_sf6|2
1923_sf6|1922_sf6|4
1924_sf6|1923_sf6|1
1925_sf6|1924_sf6|4
1926_sf6|1925_sf6|4
1926_sf6|1922_sf6|3
1927_sf6|1926_sf6|5
1928_sf6|1927_sf6|1
1929_sf6|1928_sf6|3
1929_sf6|1927_sf6|2
1930_sf6|1929_sf6|1
1930_sf6|1926_sf6|2
1931_sf6|1930_sf6|5
1932_sf6|1931_sf6|3
1932_sf6|1928_sf6|1
1933_sf6|1932_sf6|4
1933_sf6|1929_sf6|3
1934_sf6|1933_sf6|3
1934_sf6|1930_sf6|3
1935_sf6|1934_sf6|3
1936_sf6|1935_sf6|4
1936_sf6|1932_sf6|3
1937_sf6|1936_sf6|3
1938_sf6|1937_sf6|2
1939_sf6|1938_sf6|2
1940_sf6|1939_sf6|4
1941_sf6|1940_sf6|1
1941_sf6|1936_sf6|2
1942_sf6|1941_sf6|1
1943_sf6|1942_sf6|3
1944_sf6|1943_sf6|3
1945_sf6|1944_sf6|4
1946_sf6|1945_sf6|1
1947_sf6|1946_sf6|2
1948_sf6|1947_sf6|3
1949_sf6|1948_sf6|2
1950_sf6|1949_sf6|3
1951_sf6|1950_sf6|2
1952_sf6|1951_sf6|3
1952_sf6|1948_sf6|2
1953_sf6|1952_sf6|4
1954_sf6|1953_sf6|4
1955_sf6|1954_sf6|4
1956_sf6|1955_sf6|3
1957_sf6|1956_sf6|2
1958_sf6|1957_sf6|5
1959_sf6|1958_sf6|5
1960_sf6|1959_sf6|1
1960_sf6|1957_sf6|3
1961_sf6|1960_sf6|4
1962_sf6|1961_sf6|4
1963_sf6|1962_sf6|1
1963_sf6|1960_sf6|2
1964_sf6|1963_sf6|1
1964_sf6|1961_sf6|1
1965_sf6|1964_sf6|2
1966_sf6|1965_sf6|1
1967_sf6|1966_sf6|1
1968_sf6|1967_sf6|2
1969_sf6|1968_sf6|3
1969_sf6|1966_sf6|2
1970_sf6|1969_sf6|4
1971_sf6|1970_sf6|1
1972_sf6|1971_sf6|4
1972_sf6|1968_sf6|3
1973_sf6|1972_sf6|5
1973_sf6|1970_sf6|1
1974_sf6|1973_sf6|3
1974_sf6|1972_sf6|2
1975_sf6|1974_sf6|4
1976_sf6|1975_sf6|5
1977_sf6|1976_sf6|5
1977_sf6|1975_sf6|1
1978_sf6|1977_sf6|2
1978_sf6|1975_sf6|1
1979_sf6|1978_sf6|2
1980_sf6|1979_sf6|1
1981_sf6|1980_sf6|5
1981_sf6|1978_sf6|2
1982_sf6|1981_sf6|1
1983_sf6|1982_sf6|4
1984_sf6|1983_sf6|4
1985_sf6|1984_sf6|2
1986_sf6|1985_sf6|5
1987_sf6|1986_sf6|2
1987_sf6|1985_sf6|2
1988_sf6|1987_sf6|4
1988_sf6|1985_sf6|2
1989_sf6|1988_sf6|4
1990_sf6|1989_sf6|5
1991_sf6|1990_sf6|1
1991_sf6|1986_sf6|3
1992_sf6|1991_sf6|4
1993_sf6|1992_sf6|5
1994_sf6|1993_sf6|4
1995_sf6|1994_sf6|2
1996_sf6|1995_sf6|5
1996_sf6|1992_sf6|1
1997_sf6|1996_sf6|1
1998_sf6|1997_sf6|5
1999_sf6|1998_sf6|2
1999_sf6|1996_sf6|3
1_sf7|0_sf7|4
2_sf7|1_sf7|2
3_sf7|2_sf7|1
4_sf7|3_sf7|5
5_sf7|4_sf7|5
6_sf7|5_sf7|5
6_sf7|1_sf7|3
7_sf7|6_sf7|1
7_sf7|2_sf7|1
8_sf7|7_sf7|2
9_sf7|8_sf7|5
9_sf7|6_sf7|1
10_sf7|9_sf7|4
10_sf7|7_sf7|2
11_sf7|10_sf7|4
12_sf7|11_sf7|4
13_sf7|12_sf7|5
14_sf7|13_sf7|2
15_sf7|14_sf7|1
16_sf7|15_sf7|2
17_sf7|16_sf7|3
18_sf7|17_sf7|4
19_sf7|18_sf7|2
20_sf7|19_sf7|1
21_sf7|20_sf7|3
22_sf7|21_sf7|5
23_sf7|22_sf7|5
23_sf7|18_sf7|3
24_sf7|23_sf7|4
25_sf7|24_sf7|1
26_sf7|25_sf7|3
26_sf7|24_sf7|2
27_sf7|26_sf7|1
28_sf7|27_sf7|4
29_sf7|28_sf7|3
30_sf7|29_sf7|4
31_sf7|30_sf7|3
32_sf7|31_sf7|4
32_sf7|27_sf7|2
33_sf7|32_sf7|1
34_sf7|33_sf7|5
35_sf7|34_sf7|4
35_sf7|33_sf7|3
36_sf7|35_sf7|3
36_sf7|32_sf7|1
37_sf7|36_sf7|4
38_sf7|37_sf7|4
38_sf7|36_sf7|2
39_sf7|38_sf7|1
39_sf7|34_sf7|3
40_sf7|39_sf7|1
40_sf7|35_sf7|2
41_sf7|40_sf7|1
41_sf7|36_sf7|1
42_sf7|41_sf7|1
42_sf7|39_sf7|3
43_sf7|42_sf7|5
44_sf7|43_sf7|2
45_sf7|44_sf7|2
45_sf7|40_sf7|3
46_sf7|45_sf7|5
46_sf7|44_sf7|2
47_sf7|46_sf7|2
47_sf7|42_sf7|2
48_sf7|47_sf7|4
49_sf7|48_sf7|1
50_sf7|49_sf7|4
51_sf7|50_sf7|5
52_sf7|51_sf7|1
53_sf7|52_sf7|4
54_sf7|53_sf7|2
54_sf7|49_sf7|2
55_sf7|54_sf7|3
55_sf7|53_sf7|3
56_sf7|55_sf7|1
56_sf7|51_sf7|1
57_sf7|56_sf7|2
57_sf7|55_sf7|3
58_sf7|57_sf7|1
59_sf7|58_sf7|4
60_sf7|59_sf7|3
60_sf7|55_sf7|1
61_sf7|60_sf7|1
62_sf7|61_sf7|1
63_sf7|62_sf7|2
64_sf7|63_sf7|2
65_sf7|64_sf7|2
65_sf7|60_sf7|3
66_sf7|65_sf7|1
67_sf7|66_sf7|2
67_sf7|63_sf7|1
68_sf7|67_sf7|5
69_sf7|68_sf7|4
70_sf7|69_sf7|3
71_sf7|70_sf7|2
72_sf7|71_sf7|2
72_sf7|68_sf7|3
73_sf7|72_sf7|2
73_sf7|70_sf7|2
74_sf7|73_sf7|2
75_sf7|74_sf7|1
76_sf7|75_sf7|2
77_sf7|76_sf7|1
78_sf7|77_sf7|5
79_sf7|78_sf7|2
80_sf7|79_sf7|4
81_sf7|80_sf7|4
82_sf7|81_sf7|5
82_sf7|78_sf7|2
83_sf7|82_sf7|5
84_sf7|83_sf7|1
84_sf7|82_sf7|3
85_sf7|84_sf7|4
86_sf7|85_sf7|1
87_sf7|86_sf7|5
88_sf7|87_sf7|2
89_sf7|88_sf7|3
90_sf7|89_sf7|5
91_sf7|90_sf7|5
92_sf7|91_sf7|3
93_sf7|92_sf7|4
94_sf7|93_sf7|5
95_sf7|94_sf7|2
96_sf7|95_sf7|2
97_sf7|96_sf7|1
98_sf7|97_sf7|1
99_sf7|98_sf7|1
100_sf7|99_sf7|1
100_sf7|95_sf7|3
101_sf7|100_sf7|3
102_sf7|101_sf7|3
103_sf7|102_sf7|1
104_sf7|103_sf7|1
105_sf7|104_sf7|3
106_sf7|105_sf7|3
106_sf7|104_sf7|2
107_sf7|106_sf7|1
108_sf7|107_sf7|2
109_sf7|108_sf7|1
110_sf7|109_sf7|4
111_sf7|110_sf7|1
112_sf7|111_sf7|4
112_sf7|108_sf7|1
113_sf7|112_sf7|3
114_sf7|113_sf7|2
115_sf7|114_sf7|4
116_sf7|115_sf7|4
117_sf7|116_sf7|5
118_sf7|117_sf7|2
119_sf7|118_sf7|2
120_sf7|119_sf7|3
120_sf7|117_sf7|1
121_sf7|120_sf7|2
122_sf7|121_sf7|3
123_sf7|122_sf7|2
124_sf7|123_sf7|2
125_sf7|124_sf7|5
126_sf7|125_sf7|5
127_sf7|126_sf7|1
127_sf7|124_sf7|2
128_sf7|127_sf7|5
128_sf7|123_sf7|1
129_sf7|128_sf7|2
130_sf7|129_sf7|1
130_sf7|127_sf7|2
131_sf7|130_sf7|2
132_sf7|131_sf7|4
132_sf7|129_sf7|3
133_sf7|132_sf7|4
134_sf7|133_sf7|4
135_sf7|134_sf7|5
136_sf7|135_sf7|3
136_sf7|132_sf7|2
137_sf7|136_sf7|3
137_sf7|135_sf7|2
138_sf7|137_sf7|2
139_sf7|138_sf7|5
139_sf7|134_sf7|3
140_sf7|139_sf7|2
140_sf7|137_sf7|1
141_sf7|140_sf7|5
142_sf7|141_sf7|4
143_sf7|142_sf7|5
143_sf7|141_sf7|2
144_sf7|143_sf7|4
145_sf7|144_sf7|4
146_sf7|145_sf7|4
147_sf7|146_sf7|2
148_sf7|147_sf7|4
148_sf7|145_sf7|3
149_sf7|148_sf7|2
150_sf7|149_sf7|1
151_sf7|150_sf7|3
152_sf7|151_sf7|1
153_sf7|152_sf7|1
154_sf7|153_sf7|2
155_sf7|154_sf7|3
156_sf7|155_sf7|5
156_sf7|154_sf7|2
157_sf7|156_sf7|2
158_sf7|157_sf7|2
158_sf7|155_sf7|2
159_sf7|158_sf7|1
160_sf7|159_sf7|2
161_sf7|160_sf7|2
162_sf7|161_sf7|3
163_sf7|162_sf7|1
164_sf7|163_sf7|3
165_sf7|164_sf7|2
166_sf7|165_sf7|3
167_sf7|166_sf7|2
168_sf7|167_sf7|4
169_sf7|168_sf7|2
170_sf7|169_sf7|1
171_sf7|170_sf7|2
172_sf7|171_sf7|1
173_sf7|172_sf7|5
174_sf7|173_sf7|5
174_sf7|170_sf7|2
175_sf7|174_sf7|2
176_sf7|175_sf7|4
177_sf7|176_sf7|5
178_sf7|177_sf7|2
178_sf7|173_sf7|1
179_sf7|178_sf7|5
179_sf7|175_sf7|3
180_sf7|179_sf7|4
181_sf7|180_sf7|4
182_sf7|181_sf7|4
183_sf7|182_sf7|3
184_sf7|183_sf7|1
184_sf7|182_sf7|3
185_sf7|184_sf7|5
186_sf7|185_sf7|5
187_sf7|186_sf7|5
188_sf7|187_sf7|3
189_sf7|188_sf7|4
190_sf7|189_sf7|3
190_sf7|188_sf7|2
191_sf7|190_sf7|4
192_sf7|191_sf7|1
193_sf7|192_sf7|1
194_sf7|193_sf7|3
195_sf7|194_sf7|5
196_sf7|195_sf7|5
197_sf7|196_sf7|1
198_sf7|197_sf7|1
198_sf7|195_sf7|1
199_sf7|198_sf7|4
200_sf7|199_sf7|5
201_sf7|200_sf7|5
201_sf7|199_sf7|3
202_sf7|201_sf7|1
203_sf7|202_sf7|2
204_sf7|203_sf7|4
205_sf7|204_sf7|2
206_sf7|205_sf7|3
207_sf7|206_sf7|1
207_sf7|202_sf7|3
208_sf7|207_sf7|3
209_sf7|208_sf7|1
209_sf7|204_sf7|3
210_sf7|209_sf7|4
211_sf7|210_sf7|5
212_sf7|211_sf7|4
213_sf7|212_sf7|5
213_sf7|210_sf7|1
214_sf7|213_sf7|3
215_sf7|214_sf7|2
216_sf7|215_sf7|1
216_sf7|211_sf7|3
217_sf7|216_sf7|5
217_sf7|212_sf7|3
218_sf7|217_sf7|4
218_sf7|213_sf7|1
219_sf7|218_sf7|5
220_sf7|219_sf7|3
221_sf7|220_sf7|4
222_sf7|221_sf7|4
223_sf7|222_sf7|5
224_sf7|223_sf7|5
225_sf7|224_sf7|2
226_sf7|225_sf7|5
227_sf7|226_sf7|3
228_sf7|227_sf7|2
229_sf7|228_sf7|1
230_sf7|229_sf7|5
231_sf7|230_sf7|2
231_sf7|227_sf7|3
232_sf7|231_sf7|1
233_sf7|232_sf7|4
234_sf7|233_sf7|2
235_sf7|234_sf7|3
236_sf7|235_sf7|5
237_sf7|236_sf7|5
238_sf7|237_sf7|5
239_sf7|238_sf7|1
240_sf7|239_sf7|1
240_sf7|237_sf7|2
241_sf7|240_sf7|5
242_sf7|241_sf7|2
242_sf7|240_sf7|1
243_sf7|242_sf7|5
244_sf7|243_sf7|5
244_sf7|241_sf7|3
245_sf7|244_sf7|3
246_sf7|245_sf7|2
247_sf7|246_sf7|3
247_sf7|245_sf7|1
248_sf7|247_sf7|3
248_sf7|246_sf7|3
249_sf7|248_sf7|4
250_sf7|249_sf7|1
250_sf7|246_sf7|2
251_sf7|250_sf7|3
251_sf7|249_sf7|2
252_sf7|251_sf7|3
253_sf7|252_sf7|2
253_sf7|248_sf7|1
254_sf7|253_sf7|1
255_sf7|254_sf7|3
256_sf7|255_sf7|4
257_sf7|256_sf7|1
258_sf7|257_sf7|3
259_sf7|258_sf7|3
260_sf7|259_sf7|3
260_sf7|257_sf7|1
261_sf7|260_sf7|2
262_sf7|261_sf7|5
262_sf7|258_sf7|2
263_sf7|262_sf7|5
263_sf7|258_sf7|2
264_sf7|263_sf7|4
265_sf7|264_sf7|1
266_sf7|265_sf7|2
267_sf7|266_sf7|3
267_sf7|265_sf7|2
268_sf7|267_sf7|3
269_sf7|268_sf7|1
270_sf7|269_sf7|3
270_sf7|265_sf7|1
271_sf7|270_sf7|3
271_sf7|268_sf7|2
272_sf7|271_sf7|1
272_sf7|267_sf7|2
273_sf7|272_sf7|4
274_sf7|273_sf7|2
275_sf7|274_sf7|1
276_sf7|275_sf7|2
277_sf7|276_sf7|5
278_sf7|277_sf7|1
279_sf7|278_sf7|3
280_sf7|279_sf7|3
280_sf7|278_sf7|3
281_sf7|280_sf7|3
282_sf7|281_sf7|4
283_sf7|282_sf7|1
284_sf7|283_sf7|1
285_sf7|284_sf7|5
286_sf7|285_sf7|1
287_sf7|286_sf7|4
288_sf7|287_sf7|4
289_sf7|288_sf7|5
290_sf7|289_sf7|2
290_sf7|285_sf7|3
291_sf7|290_sf7|1
292_sf7|291_sf7|2
293_sf7|292_sf7|3
294_sf7|293_sf7|5
294_sf7|291_sf7|2
295_sf7|294_sf7|3
296_sf7|295_sf7|2
296_sf7|294_sf7|2
297_sf7|296_sf7|4
297_sf7|292_sf7|2
298_sf7|297_sf7|3
299_sf7|298_sf7|5
299_sf7|295_sf7|3
300_sf7|299_sf7|3
300_sf7|296_sf7|3
301_sf7|300_sf7|5
302_sf7|301_sf7|3
302_sf7|299_sf7|3
303_sf7|302_sf7|1
304_sf7|303_sf7|5
305_sf7|304_sf7|3
306_sf7|305_sf7|2
307_sf7|306_sf7|1
308_sf7|307_sf7|5
309_sf7|308_sf7|2
309_sf7|305_sf7|1
310_sf7|309_sf7|5
310_sf7|305_sf7|3
311_sf7|310_sf7|3
312_sf7|311_sf7|4
312_sf7|307_sf7|2
313_sf7|312_sf7|3
313_sf7|309_sf7|1
314_sf7|313_sf7|2
315_sf7|314_sf7|5
316_sf7|315_sf7|3
317_sf7|316_sf7|3
317_sf7|314_sf7|1
318_sf7|317_sf7|3
319_sf7|318_sf7|3
320_sf7|319_sf7|2
321_sf7|320_sf7|2
322_sf7|321_sf7|3
323_sf7|322_sf7|1
324_sf7|323_sf7|4
325_sf7|324_sf7|2
325_sf7|320_sf7|1
326_sf7|325_sf7|5
327_sf7|326_sf7|3
328_sf7|327_sf7|5
328_sf7|326_sf7|1
329_sf7|328_sf7|1
329_sf7|324_sf7|3
330_sf7|329_sf7|5
331_sf7|330_sf7|1
331_sf7|329_sf7|2
332_sf7|331_sf7|1
333_sf7|332_sf7|3
334_sf7|333_sf7|2
335_sf7|334_sf7|2
336_sf7|335_sf7|5
337_sf7|336_sf7|3
338_sf7|337_sf7|2
338_sf7|335_sf7|1
339_sf7|338_sf7|3
340_sf7|339_sf7|4
340_sf7|337_sf7|1
341_sf7|340_sf7|1
342_sf7|341_sf7|4
343_sf7|342_sf7|2
343_sf7|339_sf7|3
344_sf7|343_sf7|1
344_sf7|340_sf7|3
345_sf7|344_sf7|2
346_sf7|345_sf7|2
347_sf7|346_sf7|1
347_sf7|342_sf7|2
348_sf7|347_sf7|1
348_sf7|344_sf7|1
349_sf7|348_sf7|1
350_sf7|349_sf7|2
351_sf7|350_sf7|2
352_sf7|351_sf7|2
353_sf7|352_sf7|5
354_sf7|353_sf7|1
354_sf7|350_sf7|2
355_sf7|354_sf7|5
355_sf7|353_sf7|3
356_sf7|355_sf7|2
357_sf7|356_sf7|1
358_sf7|357_sf7|5
359_sf7|358_sf7|1
359_sf7|356_sf7|3
360_sf7|359_sf7|4
360_sf7|358_sf7|1
361_sf7|360_sf7|5
361_sf7|359_sf7|2
362_sf7|361_sf7|3
362_sf7|359_sf7|3
363_sf7|362_sf7|5
364_sf7|363_sf7|5
365_sf7|364_sf7|1
366_sf7|365_sf7|1
367_sf7|366_sf7|2
367_sf7|362_sf7|3
368_sf7|367_sf7|1
369_sf7|368_sf7|2
370_sf7|369_sf7|1
370_sf7|366_sf7|1
371_sf7|370_sf7|3
372_sf7|371_sf7|5
372_sf7|368_sf7|2
373_sf7|372_sf7|1
374_sf7|373_sf7|2
375_sf7|374_sf7|3
375_sf7|373_sf7|3
376_sf7|375_sf7|4
376_sf7|374_sf7|3
377_sf7|376_sf7|3
377_sf7|373_sf7|3
378_sf7|377_sf7|2
379_sf7|378_sf7|1
380_sf7|379_sf7|4
381_sf7|380_sf7|1
382_sf7|381_sf7|1
383_sf7|382_sf7|4
383_sf7|380_sf7|2
384_sf7|383_sf7|4
385_sf7|384_sf7|2
386_sf7|385_sf7|2
387_sf7|386_sf7|3
388_sf7|387_sf7|2
388_sf7|386_sf7|3
389_sf7|388_sf7|3
389_sf7|384_sf7|2
390_sf7|389_sf7|2
391_sf7|390_sf7|4
391_sf7|386_sf7|1
392_sf7|391_sf7|4
392_sf7|388_sf7|1
393_sf7|392_sf7|1
394_sf7|393_sf7|5
395_sf7|394_sf7|1
396_sf7|395_sf7|1
397_sf7|396_sf7|1
398_sf7|397_sf7|2
399_sf7|398_sf7|5
400_sf7|399_sf7|2
401_sf7|400_sf7|5
402_sf7|401_sf7|3
403_sf7|402_sf7|5
404_sf7|403_sf7|5
404_sf7|402_sf7|1
405_sf7|404_sf7|2
406_sf7|405_sf7|2
407_sf7|406_sf7|1
408_sf7|407_sf7|1
409_sf7|408_sf7|1
410_sf7|409_sf7|2
410_sf7|408_sf7|3
411_sf7|410_sf7|3
412_sf7|411_sf7|2
413_sf7|412_sf7|3
414_sf7|413_sf7|3
414_sf7|410_sf7|2
415_sf7|414_sf7|1
415_sf7|413_sf7|2
416_sf7|415_sf7|1
417_sf7|416_sf7|2
418_sf7|417_sf7|5
419_sf7|418_sf7|5
420_sf7|419_sf7|4
421_sf7|420_sf7|5
422_sf7|421_sf7|1
422_sf7|419_sf7|1
423_sf7|422_sf7|4
424_sf7|423_sf7|2
424_sf7|419_sf7|3
425_sf7|424_sf7|4
426_sf7|425_sf7|1
426_sf7|423_sf7|2
427_sf7|426_sf7|5
428_sf7|427_sf7|1
429_sf7|428_sf7|1
430_sf7|429_sf7|4
431_sf7|430_sf7|1
432_sf7|431_sf7|1
433_sf7|432_sf7|2
433_sf7|429_sf7|1
434_sf7|433_sf7|4
435_sf7|434_sf7|5
436_sf7|435_sf7|2
437_sf7|436_sf7|1
438_sf7|437_sf7|5
438_sf7|435_sf7|3
439_sf7|438_sf7|2
440_sf7|439_sf7|1
441_sf7|440_sf7|3
442_sf7|441_sf7|3
443_sf7|442_sf7|4
444_sf7|443_sf7|5
445_sf7|444_sf7|1
446_sf7|445_sf7|3
446_sf7|443_sf7|1
447_sf7|446_sf7|1
448_sf7|447_sf7|5
449_sf7|448_sf7|2
450_sf7|449_sf7|2
451_sf7|450_sf7|5
451_sf7|448_sf7|1
452_sf7|451_sf7|4
453_sf7|452_sf7|5
454_sf7|453_sf7|4
455_sf7|454_sf7|5
455_sf7|450_sf7|3
456_sf7|455_sf7|3
456_sf7|451_sf7|2
457_sf7|456_sf7|4
458_sf7|457_sf7|3
459_sf7|458_sf7|2
460_sf7|459_sf7|1
461_sf7|460_sf7|2
462_sf7|461_sf7|2
463_sf7|462_sf7|4
463_sf7|458_sf7|2
464_sf7|463_sf7|4
464_sf7|459_sf7|3
465_sf7|464_sf7|4
466_sf7|465_sf7|5
466_sf7|461_sf7|1
467_sf7|466_sf7|2
468_sf7|467_sf7|1
469_sf7|468_sf7|4
469_sf7|464_sf7|2
470_sf7|469_sf7|5
471_sf7|470_sf7|5
472_sf7|471_sf7|3
473_sf7|472_sf7|4
473_sf7|469_sf7|3
474_sf7|473_sf7|2
475_sf7|474_sf7|1
476_sf7|475_sf7|3
477_sf7|476_sf7|3
477_sf7|472_sf7|3
478_sf7|477_sf7|3
479_sf7|478_sf7|4
479_sf7|476_sf7|1
480_sf7|479_sf7|4
481_sf7|480_sf7|4
481_sf7|479_sf7|1
482_sf7|481_sf7|4
483_sf7|482_sf7|4
484_sf7|483_sf7|1
485_sf7|484_sf7|2
485_sf7|482_sf7|2
486_sf7|485_sf7|4
487_sf7|486_sf7|1
487_sf7|482_sf7|1
488_sf7|487_sf7|3
489_sf7|488_sf7|4
489_sf7|484_sf7|3
490_sf7|489_sf7|1
491_sf7|490_sf7|5
492_sf7|491_sf7|3
492_sf7|490_sf7|2
493_sf7|492_sf7|2
493_sf7|490_sf7|2
494_sf7|493_sf7|3
495_sf7|494_sf7|4
496_sf7|495_sf7|1
497_sf7|496_sf7|3
497_sf7|493_sf7|3
498_sf7|497_sf7|1
498_sf7|493_sf7|3
499_sf7|498_sf7|2
500_sf7|499_sf7|4
501_sf7|500_sf7|4
502_sf7|501_sf7|2
502_sf7|498_sf7|2
503_sf7|502_sf7|4
504_sf7|503_sf7|4
505_sf7|504_sf7|2
505_sf7|502_sf7|1
506_sf7|505_sf7|1
506_sf7|501_sf7|3
507_sf7|506_sf7|3
508_sf7|507_sf7|5
509_sf7|508_sf7|4
510_sf7|509_sf7|5
511_sf7|510_sf7|1
512_sf7|511_sf7|4
512_sf7|507_sf7|2
513_sf7|512_sf7|4
514_sf7|513_sf7|3
515_sf7|514_sf7|4
515_sf7|512_sf7|1
516_sf7|515_sf7|3
517_sf7|516_sf7|2
518_sf7|517_sf7|1
519_sf7|518_sf7|3
520_sf7|519_sf7|2
521_sf7|520_sf7|4
521_sf7|517_sf7|1
522_sf7|521_sf7|3
523_sf7|522_sf7|3
523_sf7|518_sf7|2
524_sf7|523_sf7|5
525_sf7|524_sf7|4
526_sf7|525_sf7|3
527_sf7|526_sf7|5
528_sf7|527_sf7|4
529_sf7|528_sf7|2
529_sf7|527_sf7|1
530_sf7|529_sf7|5
531_sf7|530_sf7|3
531_sf7|529_sf7|3
532_sf7|531_sf7|3
533_sf7|532_sf7|3
534_sf7|533_sf7|1
535_sf7|534_sf7|1
536_sf7|535_sf7|4
536_sf7|531_sf7|2
537_sf7|536_sf7|2
538_sf7|537_sf7|4
539_sf7|538_sf7|3
540_sf7|539_sf7|3
540_sf7|537_sf7|2
541_sf7|540_sf7|4
541_sf7|539_sf7|2
542_sf7|541_sf7|1
543_sf7|542_sf7|4
544_sf7|543_sf7|4
544_sf7|540_sf7|3
545_sf7|544_sf7|2
545_sf7|543_sf7|2
546_sf7|545_sf7|2
547_sf7|546_sf7|1
547_sf7|543_sf7|1
548_sf7|547_sf7|1
549_sf7|548_sf7|3
549_sf7|546_sf7|3
550_sf7|549_sf7|2
550_sf7|546_sf7|2
551_sf7|550_sf7|2
552_sf7|551_sf7|4
553_sf7|552_sf7|2
553_sf7|551_sf7|1
554_sf7|553_sf7|3
554_sf7|551_sf7|3
555_sf7|554_sf7|2
555_sf7|553_sf7|1
556_sf7|555_sf7|4
557_sf7|556_sf7|5
557_sf7|552_sf7|1
558_sf7|557_sf7|3
559_sf7|558_sf7|1
560_sf7|559_sf7|4
561_sf7|560_sf7|5
561_sf7|556_sf7|1
562_sf7|561_sf7|3
563_sf7|562_sf7|1
563_sf7|561_sf7|3
564_sf7|563_sf7|1
564_sf7|560_sf7|3
565_sf7|564_sf7|1
566_sf7|565_sf7|2
567_sf7|566_sf7|4
568_sf7|567_sf7|1
568_sf7|564_sf7|3
569_sf7|568_sf7|3
569_sf7|566_sf7|2
570_sf7|569_sf7|1
571_sf7|570_sf7|3
572_sf7|571_sf7|3
573_sf7|572_sf7|1
574_sf7|573_sf7|3
575_sf7|574_sf7|2
576_sf7|575_sf7|3
577_sf7|576_sf7|5
578_sf7|577_sf7|5
579_sf7|578_sf7|5
580_sf7|579_sf7|4
580_sf7|578_sf7|3
581_sf7|580_sf7|1
582_sf7|581_sf7|4
582_sf7|579_sf7|1
583_sf7|582_sf7|1
583_sf7|579_sf7|2
584_sf7|583_sf7|4
585_sf7|584_sf7|4
586_sf7|585_sf7|5
587_sf7|586_sf7|1
588_sf7|587_sf7|5
588_sf7|586_sf7|2
589_sf7|588_sf7|3
590_sf7|589_sf7|3
591_sf7|590_sf7|1
591_sf7|587_sf7|1
592_sf7|591_sf7|3
593_sf7|592_sf7|2
594_sf7|593_sf7|5
595_sf7|594_sf7|5
596_sf7|595_sf7|3
597_sf7|596_sf7|1
598_sf7|597_sf7|4
598_sf7|593_sf7|2
599_sf7|598_sf7|4
600_sf7|599_sf7|4
601_sf7|600_sf7|1
601_sf7|599_sf7|3
602_sf7|601_sf7|3
602_sf7|597_sf7|1
603_sf7|602_sf7|5
604_sf7|603_sf7|5
605_sf7|604_sf7|1
606_sf7|605_sf7|2
607_sf7|606_sf7|2
608_sf7|607_sf7|1
609_sf7|608_sf7|3
609_sf7|604_sf7|1
610_sf7|609_sf7|4
610_sf7|607_sf7|2
611_sf7|610_sf7|3
611_sf7|607_sf7|2
612_sf7|611_sf7|3
612_sf7|608_sf7|3
613_sf7|612_sf7|2
613_sf7|611_sf7|3
614_sf7|613_sf7|5
615_sf7|614_sf7|1
616_sf7|615_sf7|1
617_sf7|616_sf7|2
618_sf7|617_sf7|5
618_sf7|613_sf7|3
619_sf7|618_sf7|5
620_sf7|619_sf7|2
621_sf7|620_sf7|5
622_sf7|621_sf7|4
623_sf7|622_sf7|3
624_sf7|623_sf7|4
625_sf7|624_sf7|5
626_sf7|625_sf7|3
627_sf7|626_sf7|5
628_sf7|627_sf7|4
629_sf7|628_sf7|3
630_sf7|629_sf7|1
631_sf7|630_sf7|1
632_sf7|631_sf7|4
632_sf7|627_sf7|1
633_sf7|632_sf7|1
634_sf7|633_sf7|5
635_sf7|634_sf7|4
635_sf7|633_sf7|1
636_sf7|635_sf7|4
637_sf7|636_sf7|2
638_sf7|637_sf7|5
639_sf7|638_sf7|5
640_sf7|639_sf7|1
641_sf7|640_sf7|4
642_sf7|641_sf7|5
643_sf7|642_sf7|2
644_sf7|643_sf7|1
645_sf7|644_sf7|5
646_sf7|645_sf7|1
647_sf7|646_sf7|2
648_sf7|647_sf7|4
649_sf7|648_sf7|4
650_sf7|649_sf7|4
650_sf7|648_sf7|2
651_sf7|650_sf7|4
651_sf7|649_sf7|2
652_sf7|651_sf7|4
652_sf7|648_sf7|3
653_sf7|652_sf7|4
653_sf7|651_sf7|1
654_sf7|653_sf7|4
655_sf7|654_sf7|1
656_sf7|655_sf7|3
657_sf7|656_sf7|4
658_sf7|657_sf7|1
659_sf7|658_sf7|2
659_sf7|654_sf7|1
660_sf7|659_sf7|1
661_sf7|660_sf7|2
662_sf7|661_sf7|4
662_sf7|660_sf7|3
663_sf7|662_sf7|5
664_sf7|663_sf7|3
665_sf7|664_sf7|4
666_sf7|665_sf7|5
667_sf7|666_sf7|4
668_sf7|667_sf7|2
669_sf7|668_sf7|5
670_sf7|669_sf7|2
671_sf7|670_sf7|2
672_sf7|671_sf7|5
673_sf7|672_sf7|3
673_sf7|671_sf7|1
674_sf7|673_sf7|1
674_sf7|669_sf7|2
675_sf7|674_sf7|4
675_sf7|671_sf7|1
676_sf7|675_sf7|3
677_sf7|676_sf7|3
677_sf7|675_sf7|2
678_sf7|677_sf7|4
679_sf7|678_sf7|3
680_sf7|679_sf7|4
681_sf7|680_sf7|3
682_sf7|681_sf7|3
682_sf7|678_sf7|3
683_sf7|682_sf7|3
684_sf7|683_sf7|3
684_sf7|680_sf7|2
685_sf7|684_sf7|2
686_sf7|685_sf7|5
687_sf7|686_sf7|3
687_sf7|685_sf7|3
688_sf7|687_sf7|2
689_sf7|688_sf7|5
690_sf7|689_sf7|3
691_sf7|690_sf7|4
691_sf7|688_sf7|3
692_sf7|691_sf7|4
693_sf7|692_sf7|1
694_sf7|693_sf7|1
695_sf7|694_sf7|1
696_sf7|695_sf7|2
697_sf7|696_sf7|4
698_sf7|697_sf7|1
698_sf7|693_sf7|2
699_sf7|698_sf7|1
700_sf7|699_sf7|4
701_sf7|700_sf7|1
702_sf7|701_sf7|4
702_sf7|699_sf7|3
703_sf7|702_sf7|3
703_sf7|701_sf7|1
704_sf7|703_sf7|4
704_sf7|701_sf7|2
705_sf7|704_sf7|4
706_sf7|705_sf7|5
706_sf7|702_sf7|1
707_sf7|706_sf7|1
707_sf7|702_sf7|1
708_sf7|707_sf7|1
709_sf7|708_sf7|5
709_sf7|704_sf7|2
710_sf7|709_sf7|1
711_sf7|710_sf7|1
712_sf7|711_sf7|4
713_sf7|712_sf7|3
714_sf7|713_sf7|4
715_sf7|714_sf7|1
715_sf7|713_sf7|2
716_sf7|715_sf7|5
717_sf7|716_sf7|3
718_sf7|717_sf7|2
718_sf7|715_sf7|1
719_sf7|718_sf7|5
720_sf7|719_sf7|4
721_sf7|720_sf7|4
721_sf7|716_sf7|2
722_sf7|721_sf7|1
723_sf7|722_sf7|1
723_sf7|721_sf7|1
724_sf7|723_sf7|4
725_sf7|724_sf7|4
726_sf7|725_sf7|2
727_sf7|726_sf7|3
728_sf7|727_sf7|1
729_sf7|728_sf7|1
730_sf7|729_sf7|1
731_sf7|730_sf7|2
732_sf7|731_sf7|5
733_sf7|732_sf7|1
733_sf7|728_sf7|3
734_sf7|733_sf7|4
735_sf7|734_sf7|2
736_sf7|735_sf7|1
737_sf7|736_sf7|3
738_sf7|737_sf7|4
738_sf7|734_sf7|3
739_sf7|738_sf7|4
739_sf7|735_sf7|1
740_sf7|739_sf7|2
740_sf7|735_sf7|2
741_sf7|740_sf7|1
741_sf7|737_sf7|2
742_sf7|741_sf7|2
742_sf7|740_sf7|2
743_sf7|742_sf7|1
744_sf7|743_sf7|4
745_sf7|744_sf7|1
746_sf7|745_sf7|5
747_sf7|746_sf7|5
747_sf7|742_sf7|2
748_sf7|747_sf7|4
749_sf7|748_sf7|1
750_sf7|749_sf7|2
751_sf7|750_sf7|5
751_sf7|749_sf7|3
752_sf7|751_sf7|2
753_sf7|752_sf7|1
754_sf7|753_sf7|4
755_sf7|754_sf7|3
756_sf7|755_sf7|2
757_sf7|756_sf7|4
758_sf7|757_sf7|5
759_sf7|758_sf7|1
760_sf7|759_sf7|4
761_sf7|760_sf7|2
762_sf7|761_sf7|5
762_sf7|759_sf7|1
763_sf7|762_sf7|5
764_sf7|763_sf7|2
765_sf7|764_sf7|2
766_sf7|765_sf7|3
767_sf7|766_sf7|3
768_sf7|767_sf7|1
769_sf7|768_sf7|4
770_sf7|769_sf7|4
771_sf7|770_sf7|4
772_sf7|771_sf7|4
773_sf7|772_sf7|1
773_sf7|771_sf7|2
774_sf7|773_sf7|3
774_sf7|772_sf7|3
775_sf7|774_sf7|1
776_sf7|775_sf7|4
776_sf7|771_sf7|3
777_sf7|776_sf7|5
778_sf7|777_sf7|3
778_sf7|773_sf7|1
779_sf7|778_sf7|2
779_sf7|777_sf7|2
780_sf7|779_sf7|2
781_sf7|780_sf7|2
782_sf7|781_sf7|4
782_sf7|780_sf7|1
783_sf7|782_sf7|5
783_sf7|780_sf7|3
784_sf7|783_sf7|4
784_sf7|781_sf7|3
785_sf7|784_sf7|4
786_sf7|785_sf7|3
786_sf7|783_sf7|1
787_sf7|786_sf7|2
788_sf7|787_sf7|5
788_sf7|783_sf7|1
789_sf7|788_sf7|1
790_sf7|789_sf7|2
790_sf7|786_sf7|3
791_sf7|790_sf7|2
791_sf7|787_sf7|2
792_sf7|791_sf7|4
793_sf7|792_sf7|4
793_sf7|791_sf7|3
794_sf7|793_sf7|2
795_sf7|794_sf7|2
796_sf7|795_sf7|5
797_sf7|796_sf7|5
798_sf7|797_sf7|4
799_sf7|798_sf7|3
800_sf7|799_sf7|1
801_sf7|800_sf7|2
802_sf7|801_sf7|4
802_sf7|798_sf7|2
803_sf7|802_sf7|2
803_sf7|798_sf7|1
804_sf7|803_sf7|1
805_sf7|804_sf7|5
806_sf7|805_sf7|1
807_sf7|806_sf7|3
808_sf7|807_sf7|4
808_sf7|804_sf7|3
809_sf7|808_sf7|5
810_sf7|809_sf7|2
811_sf7|810_sf7|3
812_sf7|811_sf7|1
813_sf7|812_sf7|2
814_sf7|813_sf7|2
814_sf7|809_sf7|1
815_sf7|814_sf7|5
816_sf7|815_sf7|4
817_sf7|816_sf7|5
818_sf7|817_sf7|4
819_sf7|818_sf7|1
820_sf7|819_sf7|3
821_sf7|820_sf7|4
822_sf7|821_sf7|4
822_sf7|818_sf7|2
823_sf7|822_sf7|4
824_sf7|823_sf7|5
825_sf7|824_sf7|5
826_sf7|825_sf7|1
826_sf7|822_sf7|1
827_sf7|826_sf7|1
827_sf7|825_sf7|3
828_sf7|827_sf7|4
829_sf7|828_sf7|2
830_sf7|829_sf7|1
831_sf7|830_sf7|3
832_sf7|831_sf7|1
832_sf7|829_sf7|2
833_sf7|832_sf7|5
833_sf7|830_sf7|1
834_sf7|833_sf7|1
834_sf7|832_sf7|3
835_sf7|834_sf7|2
835_sf7|832_sf7|1
836_sf7|835_sf7|4
837_sf7|836_sf7|5
837_sf7|834_sf7|2
838_sf7|837_sf7|3
839_sf7|838_sf7|2
839_sf7|836_sf7|1
840_sf7|839_sf7|3
840_sf7|837_sf7|2
841_sf7|840_sf7|5
842_sf7|841_sf7|2
843_sf7|842_sf7|3
844_sf7|843_sf7|5
845_sf7|844_sf7|3
846_sf7|845_sf7|2
846_sf7|842_sf7|3
847_sf7|846_sf7|5
848_sf7|847_sf7|1
848_sf7|843_sf7|1
849_sf7|848_sf7|4
850_sf7|849_sf7|5
850_sf7|847_sf7|1
851_sf7|850_sf7|4
852_sf7|851_sf7|5
853_sf7|852_sf7|5
854_sf7|853_sf7|5
855_sf7|854_sf7|4
855_sf7|853_sf7|2
856_sf7|855_sf7|5
857_sf7|856_sf7|5
858_sf7|857_sf7|3
859_sf7|858_sf7|3
860_sf7|859_sf7|5
861_sf7|860_sf7|4
862_sf7|861_sf7|5
863_sf7|862_sf7|5
864_sf7|863_sf7|5
865_sf7|864_sf7|2
865_sf7|860_sf7|3
866_sf7|865_sf7|1
867_sf7|866_sf7|2
868_sf7|867_sf7|3
869_sf7|868_sf7|2
870_sf7|869_sf7|1
871_sf7|870_sf7|3
872_sf7|871_sf7|4
873_sf7|872_sf7|5
874_sf7|873_sf7|5
875_sf7|874_sf7|2
875_sf7|870_sf7|2
876_sf7|875_sf7|1
876_sf7|872_sf7|3
877_sf7|876_sf7|4
878_sf7|877_sf7|4
878_sf7|874_sf7|3
879_sf7|878_sf7|4
879_sf7|876_sf7|2
880_sf7|879_sf7|1
881_sf7|880_sf7|1
882_sf7|881_sf7|5
882_sf7|879_sf7|1
883_sf7|882_sf7|2
883_sf7|878_sf7|2
884_sf7|883_sf7|5
885_sf7|884_sf7|5
886_sf7|885_sf7|1
887_sf7|886_sf7|3
888_sf7|887_sf7|4
888_sf7|885_sf7|2
889_sf7|888_sf7|3
890_sf7|889_sf7|5
891_sf7|890_sf7|2
891_sf7|887_sf7|1
892_sf7|891_sf7|1
893_sf7|892_sf7|4
894_sf7|893_sf7|3
894_sf7|890_sf7|2
895_sf7|894_sf7|2
895_sf7|891_sf7|1
896_sf7|895_sf7|4
896_sf7|892_sf7|2
897_sf7|896_sf7|5
898_sf7|897_sf7|5
898_sf7|896_sf7|3
899_sf7|898_sf7|2
899_sf7|896_sf7|2
900_sf7|899_sf7|5
900_sf7|898_sf7|2
901_sf7|900_sf7|5
901_sf7|899_sf7|3
902_sf7|901_sf7|3
902_sf7|900_sf7|1
903_sf7|902_sf7|3
904_sf7|903_sf7|1
905_sf7|904_sf7|4
906_sf7|905_sf7|4
907_sf7|906_sf7|5
908_sf7|907_sf7|3
909_sf7|908_sf7|1
910_sf7|909_sf7|4
911_sf7|910_sf7|2
911_sf7|907_sf7|2
912_sf7|911_sf7|3
912_sf7|910_sf7|2
913_sf7|912_sf7|4
914_sf7|913_sf7|2
915_sf7|914_sf7|1
915_sf7|910_sf7|2
916_sf7|915_sf7|3
916_sf7|911_sf7|1
917_sf7|916_sf7|2
918_sf7|917_sf7|3
918_sf7|913_sf7|3
919_sf7|918_sf7|5
919_sf7|914_sf7|2
920_sf7|919_sf7|4
920_sf7|915_sf7|3
921_sf7|920_sf7|1
922_sf7|921_sf7|3
922_sf7|917_sf7|1
923_sf7|922_sf7|5
923_sf7|920_sf7|1
924_sf7|923_sf7|5
924_sf7|919_sf7|2
925_sf7|924_sf7|2
926_sf7|925_sf7|4
927_sf7|926_sf7|3
928_sf7|927_sf7|1
929_sf7|928_sf7|4
929_sf7|924_sf7|2
930_sf7|929_sf7|4
931_sf7|930_sf7|1
932_sf7|931_sf7|3
933_sf7|932_sf7|4
933_sf7|931_sf7|2
934_sf7|933_sf7|3
935_sf7|934_sf7|2
935_sf7|931_sf7|2
936_sf7|935_sf7|4
937_sf7|936_sf7|4
938_sf7|937_sf7|5
939_sf7|938_sf7|3
940_sf7|939_sf7|5
941_sf7|940_sf7|3
942_sf7|941_sf7|4
943_sf7|942_sf7|1
943_sf7|940_sf7|3
944_sf7|943_sf7|3
944_sf7|942_sf7|3
945_sf7|944_sf7|3
945_sf7|943_sf7|1
946_sf7|945_sf7|2
946_sf7|944_sf7|2
947_sf7|946_sf7|4
948_sf7|947_sf7|2
949_sf7|948_sf7|5
950_sf7|949_sf7|1
951_sf7|950_sf7|3
952_sf7|951_sf7|5
953_sf7|952_sf7|2
953_sf7|948_sf7|2
954_sf7|953_sf7|2
955_sf7|954_sf7|1
956_sf7|955_sf7|1
957_sf7|956_sf7|4
958_sf7|957_sf7|1
959_sf7|958_sf7|5
960_sf7|959_sf7|5
960_sf7|956_sf7|1
961_sf7|960_sf7|1
962_sf7|961_sf7|1
962_sf7|960_sf7|3
963_sf7|962_sf7|2
964_sf7|963_sf7|1
964_sf7|962_sf7|3
965_sf7|964_sf7|2
966_sf7|965_sf7|3
967_sf7|966_sf7|4
967_sf7|963_sf7|2
968_sf7|967_sf7|2
969_sf7|968_sf7|4
970_sf7|969_sf7|5
971_sf7|970_sf7|1
972_sf7|971_sf7|5
972_sf7|968_sf7|1
973_sf7|972_sf7|1
973_sf7|971_sf7|2
974_sf7|973_sf7|5
975_sf7|974_sf7|1
976_sf7|975_sf7|5
977_sf7|976_sf7|3
978_sf7|977_sf7|5
979_sf7|978_sf7|2
980_sf7|979_sf7|4
980_sf7|978_sf7|3
981_sf7|980_sf7|2
981_sf7|979_sf7|2
982_sf7|981_sf7|5
983_sf7|982_sf7|1
984_sf7|983_sf7|4
985_sf7|984_sf7|5
985_sf7|983_sf7|3
986_sf7|985_sf7|1
987_sf7|986_sf7|1
988_sf7|987_sf7|1
989_sf7|988_sf7|4
990_sf7|989_sf7|1
991_sf7|990_sf7|3
992_sf7|991_sf7|3
993_sf7|992_sf7|3
993_sf7|990_sf7|1
994_sf7|993_sf7|5
995_sf7|994_sf7|4
996_sf7|995_sf7|2
997_sf7|996_sf7|1
998_sf7|997_sf7|4
998_sf7|993_sf7|1
999_sf7|998_sf7|3
1000_sf7|999_sf7|1
1000_sf7|998_sf7|1
1001_sf7|1000_sf7|3
1002_sf7|1001_sf7|4
1003_sf7|1002_sf7|3
1004_sf7|1003_sf7|2
1004_sf7|1001_sf7|3
1005_sf7|1004_sf7|1
1005_sf7|1002_sf7|1
1006_sf7|1005_sf7|1
1007_sf7|1006_sf7|4
1008_sf7|1007_sf7|5
1008_sf7|1004_sf7|2
1009_sf7|1008_sf7|5
1010_sf7|1009_sf7|5
1010_sf7|1005_sf7|1
1011_sf7|1010_sf7|3
1012_sf7|1011_sf7|1
1012_sf7|1010_sf7|3
1013_sf7|1012_sf7|5
1013_sf7|1008_sf7|1
1014_sf7|1013_sf7|5
1014_sf7|1009_sf7|1
1015_sf7|1014_sf7|3
1016_sf7|1015_sf7|3
1017_sf7|1016_sf7|5
1018_sf7|1017_sf7|3
1019_sf7|1018_sf7|4
1020_sf7|1019_sf7|5
1020_sf7|1015_sf7|1
1021_sf7|1020_sf7|3
1022_sf7|1021_sf7|1
1023_sf7|1022_sf7|1
1024_sf7|1023_sf7|1
1025_sf7|1024_sf7|2
1026_sf7|1025_sf7|2
1027_sf7|1026_sf7|4
1028_sf7|1027_sf7|4
1028_sf7|1023_sf7|1
1029_sf7|1028_sf7|2
1029_sf7|1027_sf7|3
1030_sf7|1029_sf7|1
1031_sf7|1030_sf7|4
1032_sf7|1031_sf7|1
1032_sf7|1029_sf7|3
1033_sf7|1032_sf7|4
1034_sf7|1033_sf7|3
1035_sf7|1034_sf7|3
1035_sf7|1033_sf7|2
1036_sf7|1035_sf7|1
1036_sf7|1033_sf7|3
1037_sf7|1036_sf7|3
1038_sf7|1037_sf7|5
1038_sf7|1034_sf7|3
1039_sf7|1038_sf7|4
1040_sf7|1039_sf7|1
1041_sf7|1040_sf7|4
1042_sf7|1041_sf7|1
1042_sf7|1037_sf7|3
1043_sf7|1042_sf7|3
1043_sf7|1040_sf7|3
1044_sf7|1043_sf7|3
1045_sf7|1044_sf7|4
1046_sf7|1045_sf7|4
1046_sf7|1041_sf7|2
1047_sf7|1046_sf7|3
1048_sf7|1047_sf7|4
1049_sf7|1048_sf7|3
1050_sf7|1049_sf7|1
1051_sf7|1050_sf7|2
1052_sf7|1051_sf7|5
1053_sf7|1052_sf7|4
1053_sf7|1051_sf7|2
1054_sf7|1053_sf7|4
1054_sf7|1052_sf7|2
1055_sf7|1054_sf7|5
1056_sf7|1055_sf7|5
1056_sf7|1054_sf7|1
1057_sf7|1056_sf7|3
1058_sf7|1057_sf7|4
1059_sf7|1058_sf7|5
1060_sf7|1059_sf7|5
1061_sf7|1060_sf7|1
1061_sf7|1059_sf7|1
1062_sf7|1061_sf7|3
1063_sf7|1062_sf7|2
1063_sf7|1059_sf7|1
1064_sf7|1063_sf7|2
1065_sf7|1064_sf7|4
1066_sf7|1065_sf7|2
1067_sf7|1066_sf7|2
1067_sf7|1062_sf7|2
1068_sf7|1067_sf7|5
1068_sf7|1064_sf7|1
1069_sf7|1068_sf7|3
1069_sf7|1065_sf7|3
1070_sf7|1069_sf7|4
1071_sf7|1070_sf7|5
1072_sf7|1071_sf7|2
1073_sf7|1072_sf7|2
1074_sf7|1073_sf7|4
1074_sf7|1072_sf7|3
1075_sf7|1074_sf7|5
1076_sf7|1075_sf7|5
1076_sf7|1072_sf7|1
1077_sf7|1076_sf7|2
1078_sf7|1077_sf7|3
1078_sf7|1074_sf7|2
1079_sf7|1078_sf7|2
1080_sf7|1079_sf7|2
1081_sf7|1080_sf7|3
1082_sf7|1081_sf7|3
1083_sf7|1082_sf7|1
1084_sf7|1083_sf7|2
1085_sf7|1084_sf7|5
1086_sf7|1085_sf7|1
1087_sf7|1086_sf7|3
1088_sf7|1087_sf7|3
1089_sf7|1088_sf7|1
1089_sf7|1086_sf7|1
1090_sf7|1089_sf7|5
1090_sf7|1087_sf7|1
1091_sf7|1090_sf7|4
1091_sf7|1088_sf7|1
1092_sf7|1091_sf7|5
1093_sf7|1092_sf7|1
1093_sf7|1089_sf7|2
1094_sf7|1093_sf7|2
1095_sf7|1094_sf7|3
1095_sf7|1091_sf7|2
1096_sf7|1095_sf7|2
1097_sf7|1096_sf7|1
1098_sf7|1097_sf7|3
1098_sf7|1096_sf7|1
1099_sf7|1098_sf7|3
1100_sf7|1099_sf7|1
1101_sf7|1100_sf7|5
1102_sf7|1101_sf7|4
1103_sf7|1102_sf7|5
1104_sf7|1103_sf7|2
1105_sf7|1104_sf7|5
1106_sf7|1105_sf7|4
1107_sf7|1106_sf7|3
1108_sf7|1107_sf7|4
1108_sf7|1106_sf7|2
1109_sf7|1108_sf7|5
1110_sf7|1109_sf7|2
1111_sf7|1110_sf7|2
1112_sf7|1111_sf7|1
1112_sf7|1107_sf7|3
1113_sf7|1112_sf7|2
1114_sf7|1113_sf7|2
1115_sf7|1114_sf7|3
1116_sf7|1115_sf7|2
1117_sf7|1116_sf7|2
1118_sf7|1117_sf7|3
1118_sf7|1116_sf7|1
1119_sf7|1118_sf7|1
1120_sf7|1119_sf7|2
1121_sf7|1120_sf7|5
1122_sf7|1121_sf7|5
1122_sf7|1120_sf7|2
1123_sf7|1122_sf7|3
1123_sf7|1121_sf7|2
1124_sf7|1123_sf7|4
1125_sf7|1124_sf7|5
1126_sf7|1125_sf7|1
1127_sf7|1126_sf7|1
1128_sf7|1127_sf7|2
1128_sf7|1126_sf7|1
1129_sf7|1128_sf7|1
1129_sf7|1127_sf7|2
1130_sf7|1129_sf7|5
1131_sf7|1130_sf7|1
1132_sf7|1131_sf7|4
1133_sf7|1132_sf7|4
1133_sf7|1130_sf7|3
1134_sf7|1133_sf7|4
1135_sf7|1134_sf7|2
1136_sf7|1135_sf7|2
1137_sf7|1136_sf7|2
1137_sf7|1133_sf7|3
1138_sf7|1137_sf7|3
1138_sf7|1134_sf7|3
1139_sf7|1138_sf7|2
1139_sf7|1135_sf7|1
1140_sf7|1139_sf7|2
1140_sf7|1136_sf7|1
1141_sf7|1140_sf7|2
1142_sf7|1141_sf7|1
1142_sf7|1137_sf7|3
1143_sf7|1142_sf7|4
1143_sf7|1140_sf7|3
1144_sf7|1143_sf7|3
1145_sf7|1144_sf7|1
1145_sf7|1143_sf7|3
1146_sf7|1145_sf7|4
1147_sf7|1146_sf7|5
1148_sf7|1147_sf7|5
1148_sf7|1144_sf7|3
1149_sf7|1148_sf7|1
1149_sf7|1147_sf7|3
1150_sf7|1149_sf7|1
1151_sf7|1150_sf7|3
1152_sf7|1151_sf7|3
1152_sf7|1148_sf7|2
1153_sf7|1152_sf7|4
1154_sf7|1153_sf7|4
1154_sf7|1152_sf7|1
1155_sf7|1154_sf7|1
1156_sf7|1155_sf7|4
1156_sf7|1153_sf7|1
1157_sf7|1156_sf7|1
1158_sf7|1157_sf7|4
1159_sf7|1158_sf7|4
1159_sf7|1156_sf7|2
1160_sf7|1159_sf7|5
1161_sf7|1160_sf7|1
1161_sf7|1157_sf7|3
1162_sf7|1161_sf7|5
1163_sf7|1162_sf7|5
1164_sf7|1163_sf7|4
1164_sf7|1160_sf7|3
1165_sf7|1164_sf7|4
1166_sf7|1165_sf7|1
1167_sf7|1166_sf7|3
1168_sf7|1167_sf7|1
1169_sf7|1168_sf7|4
1169_sf7|1166_sf7|3
1170_sf7|1169_sf7|4
1170_sf7|1166_sf7|1
1171_sf7|1170_sf7|4
1172_sf7|1171_sf7|4
1173_sf7|1172_sf7|1
1174_sf7|1173_sf7|3
1175_sf7|1174_sf7|3
1175_sf7|1172_sf7|3
1176_sf7|1175_sf7|4
1176_sf7|1172_sf7|3
1177_sf7|1176_sf7|4
1178_sf7|1177_sf7|5
1179_sf7|1178_sf7|1
1179_sf7|1175_sf7|2
1180_sf7|1179_sf7|3
1181_sf7|1180_sf7|4
1181_sf7|1176_sf7|1
1182_sf7|1181_sf7|4
1183_sf7|1182_sf7|2
1184_sf7|1183_sf7|1
1185_sf7|1184_sf7|2
1186_sf7|1185_sf7|2
1186_sf7|1181_sf7|2
1187_sf7|1186_sf7|1
1187_sf7|1185_sf7|2
1188_sf7|1187_sf7|4
1189_sf7|1188_sf7|3
1190_sf7|1189_sf7|3
1191_sf7|1190_sf7|5
1191_sf7|1187_sf7|1
1192_sf7|1191_sf7|5
1193_sf7|1192_sf7|5
1193_sf7|1188_sf7|2
1194_sf7|1193_sf7|4
1195_sf7|1194_sf7|3
1195_sf7|1191_sf7|2
1196_sf7|1195_sf7|4
1196_sf7|1194_sf7|2
1197_sf7|1196_sf7|1
1197_sf7|1195_sf7|2
1198_sf7|1197_sf7|1
1199_sf7|1198_sf7|5
1200_sf7|1199_sf7|5
1201_sf7|1200_sf7|2
1202_sf7|1201_sf7|4
1202_sf7|1199_sf7|3
1203_sf7|1202_sf7|2
1204_sf7|1203_sf7|3
1205_sf7|1204_sf7|2
1206_sf7|1205_sf7|5
1207_sf7|1206_sf7|5
1208_sf7|1207_sf7|1
1209_sf7|1208_sf7|2
1210_sf7|1209_sf7|2
1211_sf7|1210_sf7|4
1211_sf7|1208_sf7|1
1212_sf7|1211_sf7|4
1213_sf7|1212_sf7|1
1214_sf7|1213_sf7|5
1215_sf7|1214_sf7|5
1215_sf7|1212_sf7|2
1216_sf7|1215_sf7|2
1216_sf7|1213_sf7|3
1217_sf7|1216_sf7|4
1218_sf7|1217_sf7|4
1219_sf7|1218_sf7|3
1220_sf7|1219_sf7|4
1221_sf7|1220_sf7|5
1221_sf7|1217_sf7|2
1222_sf7|1221_sf7|1
1222_sf7|1220_sf7|2
1223_sf7|1222_sf7|2
1224_sf7|1223_sf7|5
1225_sf7|1224_sf7|2
1226_sf7|1225_sf7|1
1227_sf7|1226_sf7|1
1228_sf7|1227_sf7|1
1229_sf7|1228_sf7|5
1229_sf7|1225_sf7|1
1230_sf7|1229_sf7|5
1230_sf7|1228_sf7|1
1231_sf7|1230_sf7|5
1231_sf7|1228_sf7|2
1232_sf7|1231_sf7|5
1233_sf7|1232_sf7|5
1234_sf7|1233_sf7|3
1235_sf7|1234_sf7|5
1236_sf7|1235_sf7|4
1236_sf7|1231_sf7|3
1237_sf7|1236_sf7|5
1238_sf7|1237_sf7|1
1239_sf7|1238_sf7|2
1240_sf7|1239_sf7|5
1241_sf7|1240_sf7|1
1242_sf7|1241_sf7|5
1243_sf7|1242_sf7|3
1243_sf7|1240_sf7|3
1244_sf7|1243_sf7|3
1244_sf7|1241_sf7|2
1245_sf7|1244_sf7|2
1246_sf7|1245_sf7|2
1247_sf7|1246_sf7|5
1247_sf7|1245_sf7|3
1248_sf7|1247_sf7|3
1249_sf7|1248_sf7|5
1249_sf7|1247_sf7|2
1250_sf7|1249_sf7|4
1251_sf7|1250_sf7|5
1252_sf7|1251_sf7|2
1252_sf7|1249_sf7|2
1253_sf7|1252_sf7|2
1253_sf7|1248_sf7|2
1254_sf7|1253_sf7|2
1255_sf7|1254_sf7|4
1256_sf7|1255_sf7|5
1257_sf7|1256_sf7|1
1257_sf7|1254_sf7|1
1258_sf7|1257_sf7|4
1259_sf7|1258_sf7|2
1260_sf7|1259_sf7|3
1261_sf7|1260_sf7|2
1262_sf7|1261_sf7|3
1262_sf7|1257_sf7|3
1263_sf7|1262_sf7|2
1263_sf7|1261_sf7|1
1264_sf7|1263_sf7|3
1265_sf7|1264_sf7|5
1266_sf7|1265_sf7|3
1267_sf7|1266_sf7|4
1268_sf7|1267_sf7|4
1269_sf7|1268_sf7|5
1269_sf7|1267_sf7|2
1270_sf7|1269_sf7|5
1271_sf7|1270_sf7|4
1271_sf7|1266_sf7|3
1272_sf7|1271_sf7|5
1273_sf7|1272_sf7|4
1274_sf7|1273_sf7|4
1275_sf7|1274_sf7|4
1276_sf7|1275_sf7|5
1277_sf7|1276_sf7|3
1277_sf7|1272_sf7|2
1278_sf7|1277_sf7|3
1278_sf7|1273_sf7|1
1279_sf7|1278_sf7|5
1280_sf7|1279_sf7|5
1281_sf7|1280_sf7|4
1282_sf7|1281_sf7|2
1283_sf7|1282_sf7|3
1284_sf7|1283_sf7|3
1284_sf7|1281_sf7|3
1285_sf7|1284_sf7|1
1286_sf7|1285_sf7|5
1286_sf7|1282_sf7|3
1287_sf7|1286_sf7|5
1288_sf7|1287_sf7|5
1288_sf7|1283_sf7|3
1289_sf7|1288_sf7|3
1289_sf7|1284_sf7|1
1290_sf7|1289_sf7|3
1290_sf7|1288_sf7|1
1291_sf7|1290_sf7|5
1292_sf7|1291_sf7|5
1292_sf7|1288_sf7|3
1293_sf7|1292_sf7|2
1294_sf7|1293_sf7|3
1294_sf7|1289_sf7|2
1295_sf7|1294_sf7|3
1296_sf7|1295_sf7|4
1297_sf7|1296_sf7|3
1298_sf7|1297_sf7|4
1299_sf7|1298_sf7|3
1299_sf7|1296_sf7|2
1300_sf7|1299_sf7|2
1301_sf7|1300_sf7|3
1301_sf7|1297_sf7|3
1302_sf7|1301_sf7|5
1303_sf7|1302_sf7|2
1303_sf7|1298_sf7|3
1304_sf7|1303_sf7|3
1305_sf7|1304_sf7|2
1306_sf7|1305_sf7|2
1306_sf7|1301_sf7|2
1307_sf7|1306_sf7|3
1307_sf7|1304_sf7|1
1308_sf7|1307_sf7|5
1309_sf7|1308_sf7|5
1310_sf7|1309_sf7|4
1311_sf7|1310_sf7|5
1311_sf7|1307_sf7|3
1312_sf7|1311_sf7|5
1313_sf7|1312_sf7|4
1314_sf7|1313_sf7|4
1315_sf7|1314_sf7|1
1316_sf7|1315_sf7|3
1317_sf7|1316_sf7|4
1318_sf7|1317_sf7|2
1319_sf7|1318_sf7|4
1319_sf7|1317_sf7|3
1320_sf7|1319_sf7|5
1320_sf7|1315_sf7|1
1321_sf7|1320_sf7|3
1321_sf7|1317_sf7|2
1322_sf7|1321_sf7|4
1323_sf7|1322_sf7|5
1324_sf7|1323_sf7|1
1325_sf7|1324_sf7|2
1325_sf7|1320_sf7|3
1326_sf7|1325_sf7|1
1326_sf7|1324_sf7|3
1327_sf7|1326_sf7|5
1327_sf7|1322_sf7|1
1328_sf7|1327_sf7|2
1329_sf7|1328_sf7|2
1330_sf7|1329_sf7|5
1331_sf7|1330_sf7|4
1332_sf7|1331_sf7|3
1333_sf7|1332_sf7|5
1333_sf7|1329_sf7|1
1334_sf7|1333_sf7|5
1335_sf7|1334_sf7|2
1336_sf7|1335_sf7|1
1337_sf7|1336_sf7|5
1338_sf7|1337_sf7|1
1339_sf7|1338_sf7|1
1340_sf7|1339_sf7|5
1341_sf7|1340_sf7|4
1342_sf7|1341_sf7|1
1343_sf7|1342_sf7|4
1344_sf7|1343_sf7|5
1345_sf7|1344_sf7|3
1346_sf7|1345_sf7|5
1347_sf7|1346_sf7|5
1348_sf7|1347_sf7|3
1349_sf7|1348_sf7|4
1350_sf7|1349_sf7|2
1351_sf7|1350_sf7|1
1351_sf7|1349_sf7|1
1352_sf7|1351_sf7|4
1353_sf7|1352_sf7|2
1354_sf7|1353_sf7|3
1355_sf7|1354_sf7|3
1356_sf7|1355_sf7|5
1357_sf7|1356_sf7|2
1357_sf7|1354_sf7|1
1358_sf7|1357_sf7|5
1358_sf7|1356_sf7|2
1359_sf7|1358_sf7|3
1360_sf7|1359_sf7|5
1361_sf7|1360_sf7|3
1362_sf7|1361_sf7|2
1363_sf7|1362_sf7|5
1364_sf7|1363_sf7|3
1365_sf7|1364_sf7|2
1366_sf7|1365_sf7|2
1367_sf7|1366_sf7|5
1367_sf7|1365_sf7|2
1368_sf7|1367_sf7|3
1369_sf7|1368_sf7|2
1370_sf7|1369_sf7|5
1371_sf7|1370_sf7|2
1372_sf7|1371_sf7|5
1372_sf7|1369_sf7|1
1373_sf7|1372_sf7|5
1374_sf7|1373_sf7|5
1374_sf7|1370_sf7|1
1375_sf7|1374_sf7|3
1376_sf7|1375_sf7|5
1377_sf7|1376_sf7|2
1377_sf7|1372_sf7|3
1378_sf7|1377_sf7|1
1379_sf7|1378_sf7|1
1380_sf7|1379_sf7|4
1381_sf7|1380_sf7|2
1382_sf7|1381_sf7|2
1383_sf7|1382_sf7|5
1383_sf7|1379_sf7|2
1384_sf7|1383_sf7|2
1385_sf7|1384_sf7|1
1386_sf7|1385_sf7|4
1387_sf7|1386_sf7|2
1388_sf7|1387_sf7|2
1389_sf7|1388_sf7|4
1390_sf7|1389_sf7|4
1390_sf7|1386_sf7|2
1391_sf7|1390_sf7|3
1391_sf7|1388_sf7|2
1392_sf7|1391_sf7|2
1393_sf7|1392_sf7|4
1393_sf7|1389_sf7|3
1394_sf7|1393_sf7|2
1394_sf7|1389_sf7|3
1395_sf7|1394_sf7|4
1396_sf7|1395_sf7|4
1396_sf7|1391_sf7|3
1397_sf7|1396_sf7|3
1398_sf7|1397_sf7|4
1398_sf7|1393_sf7|3
1399_sf7|1398_sf7|2
1400_sf7|1399_sf7|3
1401_sf7|1400_sf7|3
1402_sf7|1401_sf7|1
1403_sf7|1402_sf7|3
1403_sf7|1399_sf7|3
1404_sf7|1403_sf7|5
1405_sf7|1404_sf7|4
1406_sf7|1405_sf7|1
1407_sf7|1406_sf7|5
1407_sf7|1403_sf7|2
1408_sf7|1407_sf7|3
1409_sf7|1408_sf7|1
1410_sf7|1409_sf7|5
1411_sf7|1410_sf7|4
1412_sf7|1411_sf7|2
1413_sf7|1412_sf7|1
1414_sf7|1413_sf7|3
1415_sf7|1414_sf7|2
1415_sf7|1412_sf7|1
1416_sf7|1415_sf7|1
1417_sf7|1416_sf7|5
1417_sf7|1415_sf7|2
1418_sf7|1417_sf7|2
1419_sf7|1418_sf7|1
1419_sf7|1416_sf7|2
1420_sf7|1419_sf7|5
1421_sf7|1420_sf7|1
1422_sf7|1421_sf7|3
1422_sf7|1417_sf7|3
1423_sf7|1422_sf7|1
1424_sf7|1423_sf7|4
1425_sf7|1424_sf7|1
1426_sf7|1425_sf7|4
1427_sf7|1426_sf7|1
1428_sf7|1427_sf7|5
1428_sf7|1426_sf7|3
1429_sf7|1428_sf7|1
1430_sf7|1429_sf7|1
1430_sf7|1426_sf7|1
1431_sf7|1430_sf7|5
1432_sf7|1431_sf7|5
1433_sf7|1432_sf7|2
1434_sf7|1433_sf7|5
1435_sf7|1434_sf7|4
1436_sf7|1435_sf7|1
1437_sf7|1436_sf7|1
1438_sf7|1437_sf7|1
1439_sf7|1438_sf7|5
1440_sf7|1439_sf7|1
1440_sf7|1437_sf7|1
1441_sf7|1440_sf7|5
1442_sf7|1441_sf7|2
1443_sf7|1442_sf7|5
1444_sf7|1443_sf7|3
1444_sf7|1439_sf7|2
1445_sf7|1444_sf7|5
1445_sf7|1441_sf7|2
1446_sf7|1445_sf7|5
1447_sf7|1446_sf7|2
1447_sf7|1442_sf7|1
1448_sf7|1447_sf7|1
1449_sf7|1448_sf7|3
1450_sf7|1449_sf7|5
1450_sf7|1448_sf7|3
1451_sf7|1450_sf7|4
1452_sf7|1451_sf7|4
1453_sf7|1452_sf7|5
1454_sf7|1453_sf7|5
1455_sf7|1454_sf7|3
1456_sf7|1455_sf7|3
1457_sf7|1456_sf7|1
1458_sf7|1457_sf7|5
1459_sf7|1458_sf7|1
1460_sf7|1459_sf7|3
1461_sf7|1460_sf7|2
1462_sf7|1461_sf7|5
1463_sf7|1462_sf7|5
1464_sf7|1463_sf7|5
1464_sf7|1462_sf7|2
1465_sf7|1464_sf7|5
1466_sf7|1465_sf7|3
1467_sf7|1466_sf7|3
1468_sf7|1467_sf7|1
1468_sf7|1465_sf7|1
1469_sf7|1468_sf7|2
1470_sf7|1469_sf7|3
1470_sf7|1468_sf7|1
1471_sf7|1470_sf7|4
1472_sf7|1471_sf7|1
1473_sf7|1472_sf7|1
1474_sf7|1473_sf7|3
1475_sf7|1474_sf7|2
1475_sf7|1470_sf7|2
1476_sf7|1475_sf7|1
1477_sf7|1476_sf7|3
1477_sf7|1472_sf7|1
1478_sf7|1477_sf7|2
1479_sf7|1478_sf7|4
1479_sf7|1474_sf7|1
1480_sf7|1479_sf7|4
1481_sf7|1480_sf7|2
1482_sf7|1481_sf7|2
1483_sf7|1482_sf7|1
1483_sf7|1481_sf7|3
1484_sf7|1483_sf7|1
1485_sf7|1484_sf7|4
1486_sf7|1485_sf7|1
1487_sf7|1486_sf7|3
1488_sf7|1487_sf7|1
1488_sf7|1483_sf7|2
1489_sf7|1488_sf7|3
1490_sf7|1489_sf7|1
1491_sf7|1490_sf7|5
1492_sf7|1491_sf7|4
1493_sf7|1492_sf7|1
1494_sf7|1493_sf7|5
1495_sf7|1494_sf7|3
1496_sf7|1495_sf7|4
1497_sf7|1496_sf7|3
1497_sf7|1494_sf7|2
1498_sf7|1497_sf7|2
1499_sf7|1498_sf7|3
1500_sf7|1499_sf7|3
1501_sf7|1500_sf7|1
1502_sf7|1501_sf7|4
1503_sf7|1502_sf7|2
1504_sf7|1503_sf7|2
1505_sf7|1504_sf7|2
1506_sf7|1505_sf7|5
1507_sf7|1506_sf7|5
1508_sf7|1507_sf7|5
1508_sf7|1503_sf7|3
1509_sf7|1508_sf7|4
1509_sf7|1507_sf7|3
1510_sf7|1509_sf7|5
1510_sf7|1506_sf7|2
1511_sf7|1510_sf7|2
1512_sf7|1511_sf7|2
1513_sf7|1512_sf7|3
1514_sf7|1513_sf7|5
1514_sf7|1510_sf7|1
1515_sf7|1514_sf7|2
1516_sf7|1515_sf7|4
1517_sf7|1516_sf7|3
1517_sf7|1512_sf7|2
1518_sf7|1517_sf7|5
1518_sf7|1514_sf7|1
1519_sf7|1518_sf7|5
1520_sf7|1519_sf7|2
1521_sf7|1520_sf7|2
1522_sf7|1521_sf7|1
1523_sf7|1522_sf7|5
1524_sf7|1523_sf7|1
1525_sf7|1524_sf7|5
1526_sf7|1525_sf7|3
1526_sf7|1524_sf7|2
1527_sf7|1526_sf7|2
1528_sf7|1527_sf7|3
1529_sf7|1528_sf7|2
1530_sf7|1529_sf7|5
1530_sf7|1525_sf7|3
1531_sf7|1530_sf7|1
1532_sf7|1531_sf7|1
1532_sf7|1529_sf7|1
1533_sf7|1532_sf7|1
1534_sf7|1533_sf7|2
1534_sf7|1532_sf7|3
1535_sf7|1534_sf7|2
1535_sf7|1531_sf7|1
1536_sf7|1535_sf7|2
1537_sf7|1536_sf7|3
1538_sf7|1537_sf7|5
1539_sf7|1538_sf7|2
1540_sf7|1539_sf7|4
1541_sf7|1540_sf7|1
1542_sf7|1541_sf7|1
1543_sf7|1542_sf7|1
1544_sf7|1543_sf7|2
1544_sf7|1540_sf7|2
1545_sf7|1544_sf7|3
1545_sf7|1542_sf7|3
1546_sf7|1545_sf7|3
1546_sf7|1543_sf7|3
1547_sf7|1546_sf7|3
1548_sf7|1547_sf7|3
1549_sf7|1548_sf7|2
1550_sf7|1549_sf7|3
1551_sf7|1550_sf7|4
1552_sf7|1551_sf7|1
1553_sf7|1552_sf7|3
1553_sf7|1548_sf7|3
1554_sf7|1553_sf7|5
1555_sf7|1554_sf7|3
1556_sf7|1555_sf7|3
1557_sf7|1556_sf7|1
1558_sf7|1557_sf7|3
1559_sf7|1558_sf7|1
1560_sf7|1559_sf7|5
1561_sf7|1560_sf7|1
1562_sf7|1561_sf7|1
1563_sf7|1562_sf7|5
1564_sf7|1563_sf7|4
1565_sf7|1564_sf7|4
1566_sf7|1565_sf7|3
1567_sf7|1566_sf7|2
1567_sf7|1565_sf7|3
1568_sf7|1567_sf7|5
1569_sf7|1568_sf7|2
1569_sf7|1567_sf7|2
1570_sf7|1569_sf7|2
1570_sf7|1565_sf7|2
1571_sf7|1570_sf7|4
1572_sf7|1571_sf7|3
1573_sf7|1572_sf7|2
1574_sf7|1573_sf7|5
1575_sf7|1574_sf7|1
1576_sf7|1575_sf7|5
1576_sf7|1573_sf7|3
1577_sf7|1576_sf7|5
1578_sf7|1577_sf7|3
1579_sf7|1578_sf7|5
1580_sf7|1579_sf7|5
1581_sf7|1580_sf7|5
1582_sf7|1581_sf7|5
1583_sf7|1582_sf7|4
1584_sf7|1583_sf7|1
1585_sf7|1584_sf7|1
1586_sf7|1585_sf7|5
1587_sf7|1586_sf7|3
1588_sf7|1587_sf7|3
1589_sf7|1588_sf7|4
1590_sf7|1589_sf7|4
1591_sf7|1590_sf7|3
1591_sf7|1587_sf7|2
1592_sf7|1591_sf7|1
1593_sf7|1592_sf7|3
1593_sf7|1588_sf7|3
1594_sf7|1593_sf7|3
1594_sf7|1590_sf7|2
1595_sf7|1594_sf7|1
1596_sf7|1595_sf7|1
1597_sf7|1596_sf7|2
1598_sf7|1597_sf7|2
1598_sf7|1593_sf7|3
1599_sf7|1598_sf7|3
1599_sf7|1597_sf7|2
1600_sf7|1599_sf7|4
1601_sf7|1600_sf7|4
1602_sf7|1601_sf7|3
1603_sf7|1602_sf7|5
1604_sf7|1603_sf7|5
1604_sf7|1601_sf7|3
1605_sf7|1604_sf7|2
1606_sf7|1605_sf7|4
1607_sf7|1606_sf7|5
1608_sf7|1607_sf7|2
1608_sf7|1604_sf7|3
1609_sf7|1608_sf7|5
1609_sf7|1605_sf7|2
1610_sf7|1609_sf7|1
1610_sf7|1606_sf7|3
1611_sf7|1610_sf7|5
1611_sf7|1609_sf7|2
1612_sf7|1611_sf7|2
1612_sf7|1607_sf7|1
1613_sf7|1612_sf7|1
1614_sf7|1613_sf7|5
1614_sf7|1610_sf7|2
1615_sf7|1614_sf7|3
1616_sf7|1615_sf7|3
1617_sf7|1616_sf7|2
1618_sf7|1617_sf7|1
1618_sf7|1616_sf7|3
1619_sf7|1618_sf7|2
1620_sf7|1619_sf7|3
1620_sf7|1618_sf7|3
1621_sf7|1620_sf7|2
1622_sf7|1621_sf7|3
1623_sf7|1622_sf7|3
1624_sf7|1623_sf7|5
1625_sf7|1624_sf7|1
1626_sf7|1625_sf7|1
1627_sf7|1626_sf7|4
1628_sf7|1627_sf7|3
1628_sf7|1626_sf7|1
1629_sf7|1628_sf7|2
1630_sf7|1629_sf7|5
1631_sf7|1630_sf7|5
1631_sf7|1627_sf7|1
1632_sf7|1631_sf7|2
1633_sf7|1632_sf7|3
1633_sf7|1629_sf7|3
1634_sf7|1633_sf7|3
1635_sf7|1634_sf7|3
1636_sf7|1635_sf7|4
1636_sf7|1632_sf7|3
1637_sf7|1636_sf7|2
1638_sf7|1637_sf7|4
1638_sf7|1635_sf7|1
1639_sf7|1638_sf7|5
1640_sf7|1639_sf7|4
1640_sf7|1638_sf7|3
1641_sf7|1640_sf7|2
1641_sf7|1636_sf7|2
1642_sf7|1641_sf7|5
1642_sf7|1638_sf7|2
1643_sf7|1642_sf7|1
1644_sf7|1643_sf7|3
1645_sf7|1644_sf7|5
1646_sf7|1645_sf7|4
1646_sf7|1642_sf7|3
1647_sf7|1646_sf7|4
1647_sf7|1643_sf7|2
1648_sf7|1647_sf7|2
1648_sf7|1644_sf7|3
1649_sf7|1648_sf7|1
1650_sf7|1649_sf7|2
1651_sf7|1650_sf7|4
1651_sf7|1647_sf7|1
1652_sf7|1651_sf7|1
1653_sf7|1652_sf7|1
1654_sf7|1653_sf7|2
1655_sf7|1654_sf7|3
1655_sf7|1653_sf7|2
1656_sf7|1655_sf7|5
1657_sf7|1656_sf7|1
1657_sf7|1653_sf7|3
1658_sf7|1657_sf7|4
1659_sf7|1658_sf7|4
1660_sf7|1659_sf7|5
1661_sf7|1660_sf7|3
1662_sf7|1661_sf7|4
1662_sf7|1658_sf7|3
1663_sf7|1662_sf7|2
1664_sf7|1663_sf7|3
1664_sf7|1659_sf7|2
1665_sf7|1664_sf7|1
1665_sf7|1660_sf7|2
1666_sf7|1665_sf7|1
1667_sf7|1666_sf7|4
1668_sf7|1667_sf7|4
1669_sf7|1668_sf7|1
1670_sf7|1669_sf7|1
1671_sf7|1670_sf7|1
1672_sf7|1671_sf7|4
1673_sf7|1672_sf7|1
1674_sf7|1673_sf7|4
1675_sf7|1674_sf7|5
1675_sf7|1671_sf7|1
1676_sf7|1675_sf7|2
1676_sf7|1673_sf7|2
1677_sf7|1676_sf7|5
1677_sf7|1673_sf7|3
1678_sf7|1677_sf7|1
1679_sf7|1678_sf7|5
1680_sf7|1679_sf7|2
1681_sf7|1680_sf7|5
1682_sf7|1681_sf7|5
1683_sf7|1682_sf7|3
1684_sf7|1683_sf7|4
1685_sf7|1684_sf7|2
1685_sf7|1682_sf7|2
1686_sf7|1685_sf7|5
1687_sf7|1686_sf7|2
1688_sf7|1687_sf7|3
1688_sf7|1685_sf7|2
1689_sf7|1688_sf7|1
1690_sf7|1689_sf7|4
1691_sf7|1690_sf7|4
1692_sf7|1691_sf7|1
1692_sf7|1688_sf7|3
1693_sf7|1692_sf7|3
1694_sf7|1693_sf7|1
1695_sf7|1694_sf7|2
1695_sf7|1693_sf7|1
1696_sf7|1695_sf7|2
1696_sf7|1691_sf7|1
1697_sf7|1696_sf7|5
1698_sf7|1697_sf7|3
1698_sf7|1696_sf7|3
1699_sf7|1698_sf7|1
1700_sf7|1699_sf7|5
1701_sf7|1700_sf7|2
1702_sf7|1701_sf7|1
1702_sf7|1699_sf7|2
1703_sf7|1702_sf7|5
1704_sf7|1703_sf7|2
1705_sf7|1704_sf7|4
1705_sf7|1700_sf7|1
1706_sf7|1705_sf7|2
1706_sf7|1701_sf7|3
1707_sf7|1706_sf7|1
1708_sf7|1707_sf7|3
1709_sf7|1708_sf7|1
1709_sf7|1707_sf7|1
1710_sf7|1709_sf7|4
1711_sf7|1710_sf7|4
1711_sf7|1707_sf7|2
1712_sf7|1711_sf7|2
1713_sf7|1712_sf7|2
1713_sf7|1711_sf7|3
1714_sf7|1713_sf7|4
1714_sf7|1709_sf7|3
1715_sf7|1714_sf7|4
1715_sf7|1710_sf7|3
1716_sf7|1715_sf7|2
1717_sf7|1716_sf7|1
1717_sf7|1712_sf7|1
1718_sf7|1717_sf7|4
1718_sf7|1714_sf7|3
1719_sf7|1718_sf7|2
1719_sf7|1714_sf7|3
1720_sf7|1719_sf7|1
1720_sf7|1717_sf7|3
1721_sf7|1720_sf7|4
1722_sf7|1721_sf7|1
1722_sf7|1717_sf7|2
1723_sf7|1722_sf7|5
1724_sf7|1723_sf7|2
1725_sf7|1724_sf7|1
1725_sf7|1720_sf7|2
1726_sf7|1725_sf7|4
1727_sf7|1726_sf7|4
1727_sf7|1723_sf7|3
1728_sf7|1727_sf7|2
1729_sf7|1728_sf7|1
1730_sf7|1729_sf7|4
1731_sf7|1730_sf7|3
1732_sf7|1731_sf7|4
1733_sf7|1732_sf7|5
1734_sf7|1733_sf7|1
1734_sf7|1731_sf7|3
1735_sf7|1734_sf7|5
1735_sf7|1730_sf7|1
1736_sf7|1735_sf7|3
1737_sf7|1736_sf7|1
1738_sf7|1737_sf7|3
1739_sf7|1738_sf7|1
1739_sf7|1737_sf7|1
1740_sf7|1739_sf7|3
1741_sf7|1740_sf7|5
1742_sf7|1741_sf7|4
1743_sf7|1742_sf7|2
1744_sf7|1743_sf7|5
1745_sf7|1744_sf7|4
1746_sf7|1745_sf7|4
1746_sf7|1744_sf7|3
1747_sf7|1746_sf7|4
1748_sf7|1747_sf7|3
1749_sf7|1748_sf7|3
1750_sf7|1749_sf7|4
1751_sf7|1750_sf7|3
1752_sf7|1751_sf7|3
1752_sf7|1748_sf7|3
1753_sf7|1752_sf7|3
1754_sf7|1753_sf7|1
1755_sf7|1754_sf7|5
1756_sf7|1755_sf7|4
1757_sf7|1756_sf7|1
1758_sf7|1757_sf7|5
1758_sf7|1753_sf7|3
1759_sf7|1758_sf7|1
1760_sf7|1759_sf7|3
1760_sf7|1756_sf7|1
1761_sf7|1760_sf7|1
1762_sf7|1761_sf7|5
1763_sf7|1762_sf7|3
1764_sf7|1763_sf7|2
1764_sf7|1762_sf7|1
1765_sf7|1764_sf7|4
1766_sf7|1765_sf7|2
1767_sf7|1766_sf7|2
1767_sf7|1762_sf7|1
1768_sf7|1767_sf7|4
1768_sf7|1763_sf7|2
1769_sf7|1768_sf7|2
1770_sf7|1769_sf7|1
1771_sf7|1770_sf7|4
1772_sf7|1771_sf7|5
1773_sf7|1772_sf7|1
1773_sf7|1768_sf7|2
1774_sf7|1773_sf7|1
1775_sf7|1774_sf7|4
1775_sf7|1770_sf7|1
1776_sf7|1775_sf7|1
1777_sf7|1776_sf7|2
1777_sf7|1774_sf7|2
1778_sf7|1777_sf7|3
1779_sf7|1778_sf7|4
1780_sf7|1779_sf7|4
1781_sf7|1780_sf7|4
1782_sf7|1781_sf7|3
1783_sf7|1782_sf7|3
1783_sf7|1780_sf7|2
1784_sf7|1783_sf7|5
1785_sf7|1784_sf7|4
1785_sf7|1780_sf7|2
1786_sf7|1785_sf7|1
1787_sf7|1786_sf7|4
1787_sf7|1785_sf7|1
1788_sf7|1787_sf7|3
1789_sf7|1788_sf7|4
1790_sf7|1789_sf7|3
1790_sf7|1786_sf7|2
1791_sf7|1790_sf7|5
1791_sf7|1787_sf7|3
1792_sf7|1791_sf7|5
1793_sf7|1792_sf7|1
1793_sf7|1788_sf7|1
1794_sf7|1793_sf7|4
1795_sf7|1794_sf7|2
1795_sf7|1792_sf7|2
1796_sf7|1795_sf7|5
1797_sf7|1796_sf7|4
1798_sf7|1797_sf7|4
1799_sf7|1798_sf7|4
1799_sf7|1796_sf7|1
1800_sf7|1799_sf7|5
1801_sf7|1800_sf7|3
1802_sf7|1801_sf7|5
1803_sf7|1802_sf7|5
1804_sf7|1803_sf7|2
1804_sf7|1799_sf7|1
1805_sf7|1804_sf7|1
1806_sf7|1805_sf7|1
1807_sf7|1806_sf7|5
1808_sf7|1807_sf7|4
1809_sf7|1808_sf7|4
1809_sf7|1806_sf7|1
1810_sf7|1809_sf7|5
1811_sf7|1810_sf7|3
1812_sf7|1811_sf7|5
1812_sf7|1808_sf7|2
1813_sf7|1812_sf7|5
1814_sf7|1813_sf7|5
1814_sf7|1811_sf7|2
1815_sf7|1814_sf7|4
1816_sf7|1815_sf7|1
1817_sf7|1816_sf7|5
1818_sf7|1817_sf7|5
1819_sf7|1818_sf7|4
1819_sf7|1816_sf7|2
1820_sf7|1819_sf7|5
1821_sf7|1820_sf7|5
1822_sf7|1821_sf7|1
1823_sf7|1822_sf7|4
1824_sf7|1823_sf7|4
1825_sf7|1824_sf7|1
1826_sf7|1825_sf7|4
1826_sf7|1821_sf7|1
1827_sf7|1826_sf7|2
1828_sf7|1827_sf7|3
1828_sf7|1824_sf7|3
1829_sf7|1828_sf7|1
1829_sf7|1825_sf7|3
1830_sf7|1829_sf7|3
1830_sf7|1825_sf7|3
1831_sf7|1830_sf7|3
1832_sf7|1831_sf7|3
1833_sf7|1832_sf7|4
1834_sf7|1833_sf7|5
1835_sf7|1834_sf7|1
1836_sf7|1835_sf7|4
1837_sf7|1836_sf7|3
1838_sf7|1837_sf7|5
1839_sf7|1838_sf7|1
1839_sf7|1834_sf7|1
1840_sf7|1839_sf7|5
1840_sf7|1835_sf7|1
1841_sf7|1840_sf7|1
1842_sf7|1841_sf7|2
1842_sf7|1838_sf7|2
1843_sf7|1842_sf7|2
1844_sf7|1843_sf7|1
1844_sf7|1841_sf7|2
1845_sf7|1844_sf7|4
1846_sf7|1845_sf7|3
1847_sf7|1846_sf7|3
1848_sf7|1847_sf7|5
1849_sf7|1848_sf7|5
1850_sf7|1849_sf7|2
1851_sf7|1850_sf7|3
1852_sf7|1851_sf7|4
1853_sf7|1852_sf7|1
1853_sf7|1850_sf7|1
1854_sf7|1853_sf7|1
1854_sf7|1852_sf7|2
1855_sf7|1854_sf7|5
1856_sf7|1855_sf7|5
1857_sf7|1856_sf7|3
1858_sf7|1857_sf7|2
1859_sf7|1858_sf7|5
1859_sf7|1855_sf7|3
1860_sf7|1859_sf7|4
1860_sf7|1856_sf7|3
1861_sf7|1860_sf7|5
1861_sf7|1856_sf7|2
1862_sf7|1861_sf7|3
1863_sf7|1862_sf7|2
1863_sf7|1859_sf7|3
1864_sf7|1863_sf7|3
1865_sf7|1864_sf7|3
1865_sf7|1860_sf7|2
1866_sf7|1865_sf7|3
1867_sf7|1866_sf7|3
1868_sf7|1867_sf7|3
1868_sf7|1866_sf7|1
1869_sf7|1868_sf7|4
1870_sf7|1869_sf7|3
1871_sf7|1870_sf7|4
1872_sf7|1871_sf7|4
1872_sf7|1867_sf7|2
1873_sf7|1872_sf7|3
1873_sf7|1869_sf7|3
1874_sf7|1873_sf7|2
1875_sf7|1874_sf7|3
1876_sf7|1875_sf7|4
1877_sf7|1876_sf7|5
1878_sf7|1877_sf7|4
1878_sf7|1873_sf7|3
1879_sf7|1878_sf7|5
1880_sf7|1879_sf7|5
1880_sf7|1875_sf7|2
1881_sf7|1880_sf7|5
1882_sf7|1881_sf7|2
1882_sf7|1880_sf7|1
1883_sf7|1882_sf7|5
1884_sf7|1883_sf7|2
1885_sf7|1884_sf7|4
1885_sf7|1882_sf7|1
1886_sf7|1885_sf7|4
1887_sf7|1886_sf7|1
1888_sf7|1887_sf7|5
1889_sf7|1888_sf7|5
1890_sf7|1889_sf7|4
1891_sf7|1890_sf7|2
1891_sf7|1889_sf7|1
1892_sf7|1891_sf7|3
1892_sf7|1890_sf7|2
1893_sf7|1892_sf7|5
1894_sf7|1893_sf7|5
1895_sf7|1894_sf7|1
1896_sf7|1895_sf7|4
1896_sf7|1894_sf7|3
1897_sf7|1896_sf7|3
1898_sf7|1897_sf7|1
1898_sf7|1896_sf7|3
1899_sf7|1898_sf7|1
1899_sf7|1895_sf7|3
1900_sf7|1899_sf7|3
1901_sf7|1900_sf7|2
1901_sf7|1898_sf7|2
1902_sf7|1901_sf7|2
1903_sf7|1902_sf7|4
1904_sf7|1903_sf7|2
1905_sf7|1904_sf7|4
1905_sf7|1903_sf7|2
1906_sf7|1905_sf7|3
1907_sf7|1906_sf7|1
1908_sf7|1907_sf7|2
1909_sf7|1908_sf7|1
1909_sf7|1905_sf7|1
1910_sf7|1909_sf7|3
1911_sf7|1910_sf7|1
1912_sf7|1911_sf7|4
1913_sf7|1912_sf7|2
1913_sf7|1908_sf7|1
1914_sf7|1913_sf7|3
1915_sf7|1914_sf7|5
1916_sf7|1915_sf7|3
1916_sf7|1911_sf7|2
1917_sf7|1916_sf7|4
1917_sf7|1915_sf7|3
1918_sf7|1917_sf7|1
1918_sf7|1914_sf7|3
1919_sf7|1918_sf7|3
1920_sf7|1919_sf7|2
1921_sf7|1920_sf7|2
1922_sf7|1921_sf7|2
1923_sf7|1922_sf7|4
1924_sf7|1923_sf7|1
1925_sf7|1924_sf7|4
1926_sf7|1925_sf7|4
1926_sf7|1922_sf7|3
1927_sf7|1926_sf7|5
1928_sf7|1927_sf7|1
1929_sf7|1928_sf7|3
1929_sf7|1927_sf7|2
1930_sf7|1929_sf7|1
1930_sf7|1926_sf7|2
1931_sf7|1930_sf7|5
1932_sf7|1931_sf7|3
1932_sf7|1928_sf7|1
1933_sf7|1932_sf7|4
1933_sf7|1929_sf7|3
1934_sf7|1933_sf7|3
1934_sf7|1930_sf7|3
1935_sf7|1934_sf7|3
1936_sf7|1935_sf7|4
1936_sf7|1932_sf7|3
1937_sf7|1936_sf7|3
1938_sf7|1937_sf7|2
1939_sf7|1938_sf7|2
1940_sf7|1939_sf7|4
1941_sf7|1940_sf7|1
1941_sf7|1936_sf7|2
1942_sf7|1941_sf7|1
1943_sf7|1942_sf7|3
1944_sf7|1943_sf7|3
1945_sf7|1944_sf7|4
1946_sf7|1945_sf7|1
1947_sf7|1946_sf7|2
1948_sf7|1947_sf7|3
1949_sf7|1948_sf7|2
1950_sf7|1949_sf7|3
1951_sf7|1950_sf7|2
1952_sf7|1951_sf7|3
1952_sf7|1948_sf7|2
1953_sf7|1952_sf7|4
1954_sf7|1953_sf7|4
1955_sf7|1954_sf7|4
1956_sf7|1955_sf7|3
1957_sf7|1956_sf7|2
1958_sf7|1957_sf7|5
1959_sf7|1958_sf7|5
1960_sf7|1959_sf7|1
1960_sf7|1957_sf7|3
1961_sf7|1960_sf7|4
1962_sf7|1961_sf7|4
1963_sf7|1962_sf7|1
1963_sf7|1960_sf7|2
1964_sf7|1963_sf7|1
1964_sf7|1961_sf7|1
1965_sf7|1964_sf7|2
1966_sf7|1965_sf7|1
1967_sf7|1966_sf7|1
1968_sf7|1967_sf7|2
1969_sf7|1968_sf7|3
1969_sf7|1966_sf7|2
1970_sf7|1969_sf7|4
1971_sf7|1970_sf7|1
1972_sf7|1971_sf7|4
1972_sf7|1968_sf7|3
1973_sf7|1972_sf7|5
1973_sf7|1970_sf7|1
1974_sf7|1973_sf7|3
1974_sf7|1972_sf7|2
1975_sf7|1974_sf7|4
1976_sf7|1975_sf7|5
1977_sf7|1976_sf7|5
1977_sf7|1975_sf7|1
1978_sf7|1977_sf7|2
1978_sf7|1975_sf7|1
1979_sf7|1978_sf7|2
1980_sf7|1979_sf7|1
1981_sf7|1980_sf7|5
1981_sf7|1978_sf7|2
1982_sf7|1981_sf7|1
1983_sf7|1982_sf7|4
1984_sf7|1983_sf7|4
1985_sf7|1984_sf7|2
1986_sf7|1985_sf7|5
1987_sf7|1986_sf7|2
1987_sf7|1985_sf7|2
1988_sf7|1987_sf7|4
1988_sf7|1985_sf7|2
1989_sf7|1988_sf7|4
1990_sf7|1989_sf7|5
1991_sf7|1990_sf7|1
1991_sf7|1986_sf7|3
1992_sf7|1991_sf7|4
1993_sf7|1992_sf7|5
1994_sf7|1993_sf7|4
1995_sf7|1994_sf7|2
1996_sf7|1995_sf7|5
1996_sf7|1992_sf7|1
1997_sf7|1996_sf7|1
1998_sf7|1997_sf7|5
1999_sf7|1998_sf7|2
1999_sf7|1996_sf7|3
1_sf8|0_sf8|4
2_sf8|1_sf8|2
3_sf8|2_sf8|1
4_sf8|3_sf8|5
5_sf8|4_sf8|5
6_sf8|5_sf8|5
6_sf8|1_sf8|3
7_sf8|6_sf8|1
7_sf8|2_sf8|1
8_sf8|7_sf8|2
9_sf8|8_sf8|5
9_sf8|6_sf8|1
10_sf8|9_sf8|4
10_sf8|7_sf8|2
11_sf8|10_sf8|4
12_sf8|11_sf8|4
13_sf8|12_sf8|5
14_sf8|13_sf8|2
15_sf8|14_sf8|1
16_sf8|15_sf8|2
17_sf8|16_sf8|3
18_sf8|17_sf8|4
19_sf8|18_sf8|2
20_sf8|19_sf8|1
21_sf8|20_sf8|3
22_sf8|21_sf8|5
23_sf8|22_sf8|5
23_sf8|18_sf8|3
24_sf8|23_sf8|4
25_sf8|24_sf8|1
26_sf8|25_sf8|3
26_sf8|24_sf8|2
27_sf8|26_sf8|1
28_sf8|27_sf8|4
29_sf8|28_sf8|3
30_sf8|29_sf8|4
31_sf8|30_sf8|3
32_sf8|31_sf8|4
32_sf8|27_sf8|2
33_sf8|32_sf8|1
34_sf8|33_sf8|5
35_sf8|34_sf8|4
35_sf8|33_sf8|3
36_sf8|35_sf8|3
36_sf8|32_sf8|1
37_sf8|36_sf8|4
38_sf8|37_sf8|4
38_sf8|36_sf8|2
39_sf8|38_sf8|1
39_sf8|34_sf8|3
40_sf8|39_sf8|1
40_sf8|35_sf8|2
41_sf8|40_sf8|1
41_sf8|36_sf8|1
42_sf8|41_sf8|1
42_sf8|39_sf8|3
43_sf8|42_sf8|5
44_sf8|43_sf8|2
45_sf8|44_sf8|2
45_sf8|40_sf8|3
46_sf8|45_sf8|5
46_sf8|44_sf8|2
47_sf8|46_sf8|2
47_sf8|42_sf8|2
48_sf8|47_sf8|4
49_sf8|48_sf8|1
50_sf8|49_sf8|4
51_sf8|50_sf8|5
52_sf8|51_sf8|1
53_sf8|52_sf8|4
54_sf8|53_sf8|2
54_sf8|49_sf8|2
55_sf8|54_sf8|3
55_sf8|53_sf8|3
56_sf8|55_sf8|1
56_sf8|51_sf8|1
57_sf8|56_sf8|2
57_sf8|55_sf8|3
58_sf8|57_sf8|1
59_sf8|58_sf8|4
60_sf8|59_sf8|3
60_sf8|55_sf8|1
61_sf8|60_sf8|1
62_sf8|61_sf8|1
63_sf8|62_sf8|2
64_sf8|63_sf8|2
65_sf8|64_sf8|2
65_sf8|60_sf8|3
66_sf8|65_sf8|1
67_sf8|66_sf8|2
67_sf8|63_sf8|1
68_sf8|67_sf8|5
69_sf8|68_sf8|4
70_sf8|69_sf8|3
71_sf8|70_sf8|2
72_sf8|71_sf8|2
72_sf8|68_sf8|3
73_sf8|72_sf8|2
73_sf8|70_sf8|2
74_sf8|73_sf8|2
75_sf8|74_sf8|1
76_sf8|75_sf8|2
77_sf8|76_sf8|1
78_sf8|77_sf8|5
79_sf8|78_sf8|2
80_sf8|79_sf8|4
81_sf8|80_sf8|4
82_sf8|81_sf8|5
82_sf8|78_sf8|2
83_sf8|82_sf8|5
84_sf8|83_sf8|1
84_sf8|82_sf8|3
85_sf8|84_sf8|4
86_sf8|85_sf8|1
87_sf8|86_sf8|5
88_sf8|87_sf8|2
89_sf8|88_sf8|3
90_sf8|89_sf8|5
91_sf8|90_sf8|5
92_sf8|91_sf8|3
93_sf8|92_sf8|4
94_sf8|93_sf8|5
95_sf8|94_sf8|2
96_sf8|95_sf8|2
97_sf8|96_sf8|1
98_sf8|97_sf8|1
99_sf8|98_sf8|1
100_sf8|99_sf8|1
100_sf8|95_sf8|3
101_sf8|100_sf8|3
102_sf8|101_sf8|3
103_sf8|102_sf8|1
104_sf8|103_sf8|1
105_sf8|104_sf8|3
106_sf8|105_sf8|3
106_sf8|104_sf8|2
107_sf8|106_sf8|1
108_sf8|107_sf8|2
109_sf8|108_sf8|1
110_sf8|109_sf8|4
111_sf8|110_sf8|1
112_sf8|111_sf8|4
112_sf8|108_sf8|1
113_sf8|112_sf8|3
114_sf8|113_sf8|2
115_sf8|114_sf8|4
116_sf8|115_sf8|4
117_sf8|116_sf8|5
118_sf8|117_sf8|2
119_sf8|118_sf8|2
120_sf8|119_sf8|3
120_sf8|117_sf8|1
121_sf8|120_sf8|2
122_sf8|121_sf8|3
123_sf8|122_sf8|2
124_sf8|123_sf8|2
125_sf8|124_sf8|5
126_sf8|125_sf8|5
127_sf8|126_sf8|1
127_sf8|124_sf8|2
128_sf8|127_sf8|5
128_sf8|123_sf8|1
129_sf8|128_sf8|2
130_sf8|129_sf8|1
130_sf8|127_sf8|2
131_sf8|130_sf8|2
132_sf8|131_sf8|4
132_sf8|129_sf8|3
133_sf8|132_sf8|4
134_sf8|133_sf8|4
135_sf8|134_sf8|5
136_sf8|135_sf8|3
136_sf8|132_sf8|2
137_sf8|136_sf8|3
137_sf8|135_sf8|2
138_sf8|137_sf8|2
139_sf8|138_sf8|5
139_sf8|134_sf8|3
140_sf8|139_sf8|2
140_sf8|137_sf8|1
141_sf8|140_sf8|5
142_sf8|141_sf8|4
143_sf8|142_sf8|5
143_sf8|141_sf8|2
144_sf8|143_sf8|4
145_sf8|144_sf8|4
146_sf8|145_sf8|4
147_sf8|146_sf8|2
148_sf8|147_sf8|4
148_sf8|145_sf8|3
149_sf8|148_sf8|2
150_sf8|149_sf8|1
151_sf8|150_sf8|3
152_sf8|151_sf8|1
153_sf8|152_sf8|1
154_sf8|153_sf8|2
155_sf8|154_sf8|3
156_sf8|155_sf8|5
156_sf8|154_sf8|2
157_sf8|156_sf8|2
158_sf8|157_sf8|2
158_sf8|155_sf8|2
159_sf8|158_sf8|1
160_sf8|159_sf8|2
161_sf8|160_sf8|2
162_sf8|161_sf8|3
163_sf8|162_sf8|1
164_sf8|163_sf8|3
165_sf8|164_sf8|2
166_sf8|165_sf8|3
167_sf8|166_sf8|2
168_sf8|167_sf8|4
169_sf8|168_sf8|2
170_sf8|169_sf8|1
171_sf8|170_sf8|2
172_sf8|171_sf8|1
173_sf8|172_sf8|5
174_sf8|173_sf8|5
174_sf8|170_sf8|2
175_sf8|174_sf8|2
176_sf8|175_sf8|4
177_sf8|176_sf8|5
178_sf8|177_sf8|2
178_sf8|173_sf8|1
179_sf8|178_sf8|5
179_sf8|175_sf8|3
180_sf8|179_sf8|4
181_sf8|180_sf8|4
182_sf8|181_sf8|4
183_sf8|182_sf8|3
184_sf8|183_sf8|1
184_sf8|182_sf8|3
185_sf8|184_sf8|5
186_sf8|185_sf8|5
187_sf8|186_sf8|5
188_sf8|187_sf8|3
189_sf8|188_sf8|4
190_sf8|189_sf8|3
190_sf8|188_sf8|2
191_sf8|190_sf8|4
192_sf8|191_sf8|1
193_sf8|192_sf8|1
194_sf8|193_sf8|3
195_sf8|194_sf8|5
196_sf8|195_sf8|5
197_sf8|196_sf8|1
198_sf8|197_sf8|1
198_sf8|195_sf8|1
199_sf8|198_sf8|4
200_sf8|199_sf8|5
201_sf8|200_sf8|5
201_sf8|199_sf8|3
202_sf8|201_sf8|1
203_sf8|202_sf8|2
204_sf8|203_sf8|4
205_sf8|204_sf8|2
206_sf8|205_sf8|3
207_sf8|206_sf8|1
207_sf8|202_sf8|3
208_sf8|207_sf8|3
209_sf8|208_sf8|1
209_sf8|204_sf8|3
210_sf8|209_sf8|4
211_sf8|210_sf8|5
212_sf8|211_sf8|4
213_sf8|212_sf8|5
213_sf8|210_sf8|1
214_sf8|213_sf8|3
215_sf8|214_sf8|2
216_sf8|215_sf8|1
216_sf8|211_sf8|3
217_sf8|216_sf8|5
217_sf8|212_sf8|3
218_sf8|217_sf8|4
218_sf8|213_sf8|1
219_sf8|218_sf8|5
220_sf8|219_sf8|3
221_sf8|220_sf8|4
222_sf8|221_sf8|4
223_sf8|222_sf8|5
224_sf8|223_sf8|5
225_sf8|224_sf8|2
226_sf8|225_sf8|5
227_sf8|226_sf8|3
228_sf8|227_sf8|2
229_sf8|228_sf8|1
230_sf8|229_sf8|5
231_sf8|230_sf8|2
231_sf8|227_sf8|3
232_sf8|231_sf8|1
233_sf8|232_sf8|4
234_sf8|233_sf8|2
235_sf8|234_sf8|3
236_sf8|235_sf8|5
237_sf8|236_sf8|5
238_sf8|237_sf8|5
239_sf8|238_sf8|1
240_sf8|239_sf8|1
240_sf8|237_sf8|2
241_sf8|240_sf8|5
242_sf8|241_sf8|2
242_sf8|240_sf8|1
243_sf8|242_sf8|5
244_sf8|243_sf8|5
244_sf8|241_sf8|3
245_sf8|244_sf8|3
246_sf8|245_sf8|2
247_sf8|246_sf8|3
247_sf8|245_sf8|1
248_sf8|247_sf8|3
248_sf8|246_sf8|3
249_sf8|248_sf8|4
250_sf8|249_sf8|1
250_sf8|246_sf8|2
251_sf8|250_sf8|3
251_sf8|249_sf8|2
252_sf8|251_sf8|3
253_sf8|252_sf8|2
253_sf8|248_sf8|1
254_sf8|253_sf8|1
255_sf8|254_sf8|3
256_sf8|255_sf8|4
257_sf8|256_sf8|1
258_sf8|257_sf8|3
259_sf8|258_sf8|3
260_sf8|259_sf8|3
260_sf8|257_sf8|1
261_sf8|260_sf8|2
262_sf8|261_sf8|5
262_sf8|258_sf8|2
263_sf8|262_sf8|5
263_sf8|258_sf8|2
264_sf8|263_sf8|4
265_sf8|264_sf8|1
266_sf8|265_sf8|2
267_sf8|266_sf8|3
267_sf8|265_sf8|2
268_sf8|267_sf8|3
269_sf8|268_sf8|1
270_sf8|269_sf8|3
270_sf8|265_sf8|1
271_sf8|270_sf8|3
271_sf8|268_sf8|2
272_sf8|271_sf8|1
272_sf8|267_sf8|2
273_sf8|272_sf8|4
274_sf8|273_sf8|2
275_sf8|274_sf8|1
276_sf8|275_sf8|2
277_sf8|276_sf8|5
278_sf8|277_sf8|1
279_sf8|278_sf8|3
280_sf8|279_sf8|3
280_sf8|278_sf8|3
281_sf8|280_sf8|3
282_sf8|281_sf8|4
283_sf8|282_sf8|1
284_sf8|283_sf8|1
285_sf8|284_sf8|5
286_sf8|285_sf8|1
287_sf8|286_sf8|4
288_sf8|287_sf8|4
289_sf8|288_sf8|5
290_sf8|289_sf8|2
290_sf8|285_sf8|3
291_sf8|290_sf8|1
292_sf8|291_sf8|2
293_sf8|292_sf8|3
294_sf8|293_sf8|5
294_sf8|291_sf8|2
295_sf8|294_sf8|3
296_sf8|295_sf8|2
296_sf8|294_sf8|2
297_sf8|296_sf8|4
297_sf8|292_sf8|2
298_sf8|297_sf8|3
299_sf8|298_sf8|5
299_sf8|295_sf8|3
300_sf8|299_sf8|3
300_sf8|296_sf8|3
301_sf8|300_sf8|5
302_sf8|301_sf8|3
302_sf8|299_sf8|3
303_sf8|302_sf8|1
304_sf8|303_sf8|5
305_sf8|304_sf8|3
306_sf8|305_sf8|2
307_sf8|306_sf8|1
308_sf8|307_sf8|5
309_sf8|308_sf8|2
309_sf8|305_sf8|1
310_sf8|309_sf8|5
310_sf8|305_sf8|3
311_sf8|310_sf8|3
312_sf8|311_sf8|4
312_sf8|307_sf8|2
313_sf8|312_sf8|3
313_sf8|309_sf8|1
314_sf8|313_sf8|2
315_sf8|314_sf8|5
316_sf8|315_sf8|3
317_sf8|316_sf8|3
317_sf8|314_sf8|1
318_sf8|317_sf8|3
319_sf8|318_sf8|3
320_sf8|319_sf8|2
321_sf8|320_sf8|2
322_sf8|321_sf8|3
323_sf8|322_sf8|1
324_sf8|323_sf8|4
325_sf8|324_sf8|2
325_sf8|320_sf8|1
326_sf8|325_sf8|5
327_sf8|326_sf8|3
328_sf8|327_sf8|5
328_sf8|326_sf8|1
329_sf8|328_sf8|1
329_sf8|324_sf8|3
330_sf8|329_sf8|5
331_sf8|330_sf8|1
331_sf8|329_sf8|2
332_sf8|331_sf8|1
333_sf8|332_sf8|3
334_sf8|333_sf8|2
335_sf8|334_sf8|2
336_sf8|335_sf8|5
337_sf8|336_sf8|3
338_sf8|337_sf8|2
338_sf8|335_sf8|1
339_sf8|338_sf8|3
340_sf8|339_sf8|4
340_sf8|337_sf8|1
341_sf8|340_sf8|1
342_sf8|341_sf8|4
343_sf8|342_sf8|2
343_sf8|339_sf8|3
344_sf8|343_sf8|1
344_sf8|340_sf8|3
345_sf8|344_sf8|2
346_sf8|345_sf8|2
347_sf8|346_sf8|1
347_sf8|342_sf8|2
348_sf8|347_sf8|1
348_sf8|344_sf8|1
349_sf8|348_sf8|1
350_sf8|349_sf8|2
351_sf8|350_sf8|2
352_sf8|351_sf8|2
353_sf8|352_sf8|5
354_sf8|353_sf8|1
354_sf8|350_sf8|2
355_sf8|354_sf8|5
355_sf8|353_sf8|3
356_sf8|355_sf8|2
357_sf8|356_sf8|1
358_sf8|357_sf8|5
359_sf8|358_sf8|1
359_sf8|356_sf8|3
360_sf8|359_sf8|4
360_sf8|358_sf8|1
361_sf8|360_sf8|5
361_sf8|359_sf8|2
362_sf8|361_sf8|3
362_sf8|359_sf8|3
363_sf8|362_sf8|5
364_sf8|363_sf8|5
365_sf8|364_sf8|1
366_sf8|365_sf8|1
367_sf8|366_sf8|2
367_sf8|362_sf8|3
368_sf8|367_sf8|1
369_sf8|368_sf8|2
370_sf8|369_sf8|1
370_sf8|366_sf8|1
371_sf8|370_sf8|3
372_sf8|371_sf8|5
372_sf8|368_sf8|2
373_sf8|372_sf8|1
374_sf8|373_sf8|2
375_sf8|374_sf8|3
375_sf8|373_sf8|3
376_sf8|375_sf8|4
376_sf8|374_sf8|3
377_sf8|376_sf8|3
377_sf8|373_sf8|3
378_sf8|377_sf8|2
379_sf8|378_sf8|1
380_sf8|379_sf8|4
381_sf8|380_sf8|1
382_sf8|381_sf8|1
383_sf8|382_sf8|4
383_sf8|380_sf8|2
384_sf8|383_sf8|4
385_sf8|384_sf8|2
386_sf8|385_sf8|2
387_sf8|386_sf8|3
388_sf8|387_sf8|2
388_sf8|386_sf8|3
389_sf8|388_sf8|3
389_sf8|384_sf8|2
390_sf8|389_sf8|2
391_sf8|390_sf8|4
391_sf8|386_sf8|1
392_sf8|391_sf8|4
392_sf8|388_sf8|1
393_sf8|392_sf8|1
394_sf8|393_sf8|5
395_sf8|394_sf8|1
396_sf8|395_sf8|1
397_sf8|396_sf8|1
398_sf8|397_sf8|2
399_sf8|398_sf8|5
400_sf8|399_sf8|2
401_sf8|400_sf8|5
402_sf8|401_sf8|3
403_sf8|402_sf8|5
404_sf8|403_sf8|5
404_sf8|402_sf8|1
405_sf8|404_sf8|2
406_sf8|405_sf8|2
407_sf8|406_sf8|1
408_sf8|407_sf8|1
409_sf8|408_sf8|1
410_sf8|409_sf8|2
410_sf8|408_sf8|3
411_sf8|410_sf8|3
412_sf8|411_sf8|2
413_sf8|412_sf8|3
414_sf8|413_sf8|3
414_sf8|410_sf8|2
415_sf8|414_sf8|1
415_sf8|413_sf8|2
416_sf8|415_sf8|1
417_sf8|416_sf8|2
418_sf8|417_sf8|5
419_sf8|418_sf8|5
420_sf8|419_sf8|4
421_sf8|420_sf8|5
422_sf8|421_sf8|1
422_sf8|419_sf8|1
423_sf8|422_sf8|4
424_sf8|423_sf8|2
424_sf8|419_sf8|3
425_sf8|424_sf8|4
426_sf8|425_sf8|1
426_sf8|423_sf8|2
427_sf8|426_sf8|5
428_sf8|427_sf8|1
429_sf8|428_sf8|1
430_sf8|429_sf8|4
431_sf8|430_sf8|1
432_sf8|431_sf8|1
433_sf8|432_sf8|2
433_sf8|429_sf8|1
434_sf8|433_sf8|4
435_sf8|434_sf8|5
436_sf8|435_sf8|2
437_sf8|436_sf8|1
438_sf8|437_sf8|5
438_sf8|435_sf8|3
439_sf8|438_sf8|2
440_sf8|439_sf8|1
441_sf8|440_sf8|3
442_sf8|441_sf8|3
443_sf8|442_sf8|4
444_sf8|443_sf8|5
445_sf8|444_sf8|1
446_sf8|445_sf8|3
446_sf8|443_sf8|1
447_sf8|446_sf8|1
448_sf8|447_sf8|5
449_sf8|448_sf8|2
450_sf8|449_sf8|2
451_sf8|450_sf8|5
451_sf8|448_sf8|1
452_sf8|451_sf8|4
453_sf8|452_sf8|5
454_sf8|453_sf8|4
455_sf8|454_sf8|5
455_sf8|450_sf8|3
456_sf8|455_sf8|3
456_sf8|451_sf8|2
457_sf8|456_sf8|4
458_sf8|457_sf8|3
459_sf8|458_sf8|2
460_sf8|459_sf8|1
461_sf8|460_sf8|2
462_sf8|461_sf8|2
463_sf8|462_sf8|4
463_sf8|458_sf8|2
464_sf8|463_sf8|4
464_sf8|459_sf8|3
465_sf8|464_sf8|4
466_sf8|465_sf8|5
466_sf8|461_sf8|1
467_sf8|466_sf8|2
468_sf8|467_sf8|1
469_sf8|468_sf8|4
469_sf8|464_sf8|2
470_sf8|469_sf8|5
471_sf8|470_sf8|5
472_sf8|471_sf8|3
473_sf8|472_sf8|4
473_sf8|469_sf8|3
474_sf8|473_sf8|2
475_sf8|474_sf8|1
476_sf8|475_sf8|3
477_sf8|476_sf8|3
477_sf8|472_sf8|3
478_sf8|477_sf8|3
479_sf8|478_sf8|4
479_sf8|476_sf8|1
480_sf8|479_sf8|4
481_sf8|480_sf8|4
481_sf8|479_sf8|1
482_sf8|481_sf8|4
483_sf8|482_sf8|4
484_sf8|483_sf8|1
485_sf8|484_sf8|2
485_sf8|482_sf8|2
486_sf8|485_sf8|4
487_sf8|486_sf8|1
487_sf8|482_sf8|1
488_sf8|487_sf8|3
489_sf8|488_sf8|4
489_sf8|484_sf8|3
490_sf8|489_sf8|1
491_sf8|490_sf8|5
492_sf8|491_sf8|3
492_sf8|490_sf8|2
493_sf8|492_sf8|2
493_sf8|490_sf8|2
494_sf8|493_sf8|3
495_sf8|494_sf8|4
496_sf8|495_sf8|1
497_sf8|496_sf8|3
497_sf8|493_sf8|3
498_sf8|497_sf8|1
498_sf8|493_sf8|3
499_sf8|498_sf8|2
500_sf8|499_sf8|4
501_sf8|500_sf8|4
502_sf8|501_sf8|2
502_sf8|498_sf8|2
503_sf8|502_sf8|4
504_sf8|503_sf8|4
505_sf8|504_sf8|2
505_sf8|502_sf8|1
506_sf8|505_sf8|1
506_sf8|501_sf8|3
507_sf8|506_sf8|3
508_sf8|507_sf8|5
509_sf8|508_sf8|4
510_sf8|509_sf8|5
511_sf8|510_sf8|1
512_sf8|511_sf8|4
512_sf8|507_sf8|2
513_sf8|512_sf8|4
514_sf8|513_sf8|3
515_sf8|514_sf8|4
515_sf8|512_sf8|1
516_sf8|515_sf8|3
517_sf8|516_sf8|2
518_sf8|517_sf8|1
519_sf8|518_sf8|3
520_sf8|519_sf8|2
521_sf8|520_sf8|4
521_sf8|517_sf8|1
522_sf8|521_sf8|3
523_sf8|522_sf8|3
523_sf8|518_sf8|2
524_sf8|523_sf8|5
525_sf8|524_sf8|4
526_sf8|525_sf8|3
527_sf8|526_sf8|5
528_sf8|527_sf8|4
529_sf8|528_sf8|2
529_sf8|527_sf8|1
530_sf8|529_sf8|5
531_sf8|530_sf8|3
531_sf8|529_sf8|3
532_sf8|531_sf8|3
533_sf8|532_sf8|3
534_sf8|533_sf8|1
535_sf8|534_sf8|1
536_sf8|535_sf8|4
536_sf8|531_sf8|2
537_sf8|536_sf8|2
538_sf8|537_sf8|4
539_sf8|538_sf8|3
540_sf8|539_sf8|3
540_sf8|537_sf8|2
541_sf8|540_sf8|4
541_sf8|539_sf8|2
542_sf8|541_sf8|1
543_sf8|542_sf8|4
544_sf8|543_sf8|4
544_sf8|540_sf8|3
545_sf8|544_sf8|2
545_sf8|543_sf8|2
546_sf8|545_sf8|2
547_sf8|546_sf8|1
547_sf8|543_sf8|1
548_sf8|547_sf8|1
549_sf8|548_sf8|3
549_sf8|546_sf8|3
550_sf8|549_sf8|2
550_sf8|546_sf8|2
551_sf8|550_sf8|2
552_sf8|551_sf8|4
553_sf8|552_sf8|2
553_sf8|551_sf8|1
554_sf8|553_sf8|3
554_sf8|551_sf8|3
555_sf8|554_sf8|2
555_sf8|553_sf8|1
556_sf8|555_sf8|4
557_sf8|556_sf8|5
557_sf8|552_sf8|1
558_sf8|557_sf8|3
559_sf8|558_sf8|1
560_sf8|559_sf8|4
561_sf8|560_sf8|5
561_sf8|556_sf8|1
562_sf8|561_sf8|3
563_sf8|562_sf8|1
563_sf8|561_sf8|3
564_sf8|563_sf8|1
564_sf8|560_sf8|3
565_sf8|564_sf8|1
566_sf8|565_sf8|2
567_sf8|566_sf8|4
568_sf8|567_sf8|1
568_sf8|564_sf8|3
569_sf8|568_sf8|3
569_sf8|566_sf8|2
570_sf8|569_sf8|1
571_sf8|570_sf8|3
572_sf8|571_sf8|3
573_sf8|572_sf8|1
574_sf8|573_sf8|3
575_sf8|574_sf8|2
576_sf8|575_sf8|3
577_sf8|576_sf8|5
578_sf8|577_sf8|5
579_sf8|578_sf8|5
580_sf8|579_sf8|4
580_sf8|578_sf8|3
581_sf8|580_sf8|1
582_sf8|581_sf8|4
582_sf8|579_sf8|1
583_sf8|582_sf8|1
583_sf8|579_sf8|2
584_sf8|583_sf8|4
585_sf8|584_sf8|4
586_sf8|585_sf8|5
587_sf8|586_sf8|1
588_sf8|587_sf8|5
588_sf8|586_sf8|2
589_sf8|588_sf8|3
590_sf8|589_sf8|3
591_sf8|590_sf8|1
591_sf8|587_sf8|1
592_sf8|591_sf8|3
593_sf8|592_sf8|2
594_sf8|593_sf8|5
595_sf8|594_sf8|5
596_sf8|595_sf8|3
597_sf8|596_sf8|1
598_sf8|597_sf8|4
598_sf8|593_sf8|2
599_sf8|598_sf8|4
600_sf8|599_sf8|4
601_sf8|600_sf8|1
601_sf8|599_sf8|3
602_sf8|601_sf8|3
602_sf8|597_sf8|1
603_sf8|602_sf8|5
604_sf8|603_sf8|5
605_sf8|604_sf8|1
606_sf8|605_sf8|2
607_sf8|606_sf8|2
608_sf8|607_sf8|1
609_sf8|608_sf8|3
609_sf8|604_sf8|1
610_sf8|609_sf8|4
610_sf8|607_sf8|2
611_sf8|610_sf8|3
611_sf8|607_sf8|2
612_sf8|611_sf8|3
612_sf8|608_sf8|3
613_sf8|612_sf8|2
613_sf8|611_sf8|3
614_sf8|613_sf8|5
615_sf8|614_sf8|1
616_sf8|615_sf8|1
617_sf8|616_sf8|2
618_sf8|617_sf8|5
618_sf8|613_sf8|3
619_sf8|618_sf8|5
620_sf8|619_sf8|2
621_sf8|620_sf8|5
622_sf8|621_sf8|4
623_sf8|622_sf8|3
624_sf8|623_sf8|4
625_sf8|624_sf8|5
626_sf8|625_sf8|3
627_sf8|626_sf8|5
628_sf8|627_sf8|4
629_sf8|628_sf8|3
630_sf8|629_sf8|1
631_sf8|630_sf8|1
632_sf8|631_sf8|4
632_sf8|627_sf8|1
633_sf8|632_sf8|1
634_sf8|633_sf8|5
635_sf8|634_sf8|4
635_sf8|633_sf8|1
636_sf8|635_sf8|4
637_sf8|636_sf8|2
638_sf8|637_sf8|5
639_sf8|638_sf8|5
640_sf8|639_sf8|1
641_sf8|640_sf8|4
642_sf8|641_sf8|5
643_sf8|642_sf8|2
644_sf8|643_sf8|1
645_sf8|644_sf8|5
646_sf8|645_sf8|1
647_sf8|646_sf8|2
648_sf8|647_sf8|4
649_sf8|648_sf8|4
650_sf8|649_sf8|4
650_sf8|648_sf8|2
651_sf8|650_sf8|4
651_sf8|649_sf8|2
652_sf8|651_sf8|4
652_sf8|648_sf8|3
653_sf8|652_sf8|4
653_sf8|651_sf8|1
654_sf8|653_sf8|4
655_sf8|654_sf8|1
656_sf8|655_sf8|3
657_sf8|656_sf8|4
658_sf8|657_sf8|1
659_sf8|658_sf8|2
659_sf8|654_sf8|1
660_sf8|659_sf8|1
661_sf8|660_sf8|2
662_sf8|661_sf8|4
662_sf8|660_sf8|3
663_sf8|662_sf8|5
664_sf8|663_sf8|3
665_sf8|664_sf8|4
666_sf8|665_sf8|5
667_sf8|666_sf8|4
668_sf8|667_sf8|2
669_sf8|668_sf8|5
670_sf8|669_sf8|2
671_sf8|670_sf8|2
672_sf8|671_sf8|5
673_sf8|672_sf8|3
673_sf8|671_sf8|1
674_sf8|673_sf8|1
674_sf8|669_sf8|2
675_sf8|674_sf8|4
675_sf8|671_sf8|1
676_sf8|675_sf8|3
677_sf8|676_sf8|3
677_sf8|675_sf8|2
678_sf8|677_sf8|4
679_sf8|678_sf8|3
680_sf8|679_sf8|4
681_sf8|680_sf8|3
682_sf8|681_sf8|3
682_sf8|678_sf8|3
683_sf8|682_sf8|3
684_sf8|683_sf8|3
684_sf8|680_sf8|2
685_sf8|684_sf8|2
686_sf8|685_sf8|5
687_sf8|686_sf8|3
687_sf8|685_sf8|3
688_sf8|687_sf8|2
689_sf8|688_sf8|5
690_sf8|689_sf8|3
691_sf8|690_sf8|4
691_sf8|688_sf8|3
692_sf8|691_sf8|4
693_sf8|692_sf8|1
694_sf8|693_sf8|1
695_sf8|694_sf8|1
696_sf8|695_sf8|2
697_sf8|696_sf8|4
698_sf8|697_sf8|1
698_sf8|693_sf8|2
699_sf8|698_sf8|1
700_sf8|699_sf8|4
701_sf8|700_sf8|1
702_sf8|701_sf8|4
702_sf8|699_sf8|3
703_sf8|702_sf8|3
703_sf8|701_sf8|1
704_sf8|703_sf8|4
704_sf8|701_sf8|2
705_sf8|704_sf8|4
706_sf8|705_sf8|5
706_sf8|702_sf8|1
707_sf8|706_sf8|1
707_sf8|702_sf8|1
708_sf8|707_sf8|1
709_sf8|708_sf8|5
709_sf8|704_sf8|2
710_sf8|709_sf8|1
711_sf8|710_sf8|1
712_sf8|711_sf8|4
713_sf8|712_sf8|3
714_sf8|713_sf8|4
715_sf8|714_sf8|1
715_sf8|713_sf8|2
716_sf8|715_sf8|5
717_sf8|716_sf8|3
718_sf8|717_sf8|2
718_sf8|715_sf8|1
719_sf8|718_sf8|5
720_sf8|719_sf8|4
721_sf8|720_sf8|4
721_sf8|716_sf8|2
722_sf8|721_sf8|1
723_sf8|722_sf8|1
723_sf8|721_sf8|1
724_sf8|723_sf8|4
725_sf8|724_sf8|4
726_sf8|725_sf8|2
727_sf8|726_sf8|3
728_sf8|727_sf8|1
729_sf8|728_sf8|1
730_sf8|729_sf8|1
731_sf8|730_sf8|2
732_sf8|731_sf8|5
733_sf8|732_sf8|1
733_sf8|728_sf8|3
734_sf8|733_sf8|4
735_sf8|734_sf8|2
736_sf8|735_sf8|1
737_sf8|736_sf8|3
738_sf8|737_sf8|4
738_sf8|734_sf8|3
739_sf8|738_sf8|4
739_sf8|735_sf8|1
740_sf8|739_sf8|2
740_sf8|735_sf8|2
741_sf8|740_sf8|1
741_sf8|737_sf8|2
742_sf8|741_sf8|2
742_sf8|740_sf8|2
743_sf8|742_sf8|1
744_sf8|743_sf8|4
745_sf8|744_sf8|1
746_sf8|745_sf8|5
747_sf8|746_sf8|5
747_sf8|742_sf8|2
748_sf8|747_sf8|4
749_sf8|748_sf8|1
750_sf8|749_sf8|2
751_sf8|750_sf8|5
751_sf8|749_sf8|3
752_sf8|751_sf8|2
753_sf8|752_sf8|1
754_sf8|753_sf8|4
755_sf8|754_sf8|3
756_sf8|755_sf8|2
757_sf8|756_sf8|4
758_sf8|757_sf8|5
759_sf8|758_sf8|1
760_sf8|759_sf8|4
761_sf8|760_sf8|2
762_sf8|761_sf8|5
762_sf8|759_sf8|1
763_sf8|762_sf8|5
764_sf8|763_sf8|2
765_sf8|764_sf8|2
766_sf8|765_sf8|3
767_sf8|766_sf8|3
768_sf8|767_sf8|1
769_sf8|768_sf8|4
770_sf8|769_sf8|4
771_sf8|770_sf8|4
772_sf8|771_sf8|4
773_sf8|772_sf8|1
773_sf8|771_sf8|2
774_sf8|773_sf8|3
774_sf8|772_sf8|3
775_sf8|774_sf8|1
776_sf8|775_sf8|4
776_sf8|771_sf8|3
777_sf8|776_sf8|5
778_sf8|777_sf8|3
778_sf8|773_sf8|1
779_sf8|778_sf8|2
779_sf8|777_sf8|2
780_sf8|779_sf8|2
781_sf8|780_sf8|2
782_sf8|781_sf8|4
782_sf8|780_sf8|1
783_sf8|782_sf8|5
783_sf8|780_sf8|3
784_sf8|783_sf8|4
784_sf8|781_sf8|3
785_sf8|784_sf8|4
786_sf8|785_sf8|3
786_sf8|783_sf8|1
787_sf8|786_sf8|2
788_sf8|787_sf8|5
788_sf8|783_sf8|1
789_sf8|788_sf8|1
790_sf8|789_sf8|2
790_sf8|786_sf8|3
791_sf8|790_sf8|2
791_sf8|787_sf8|2
792_sf8|791_sf8|4
793_sf8|792_sf8|4
793_sf8|791_sf8|3
794_sf8|793_sf8|2
795_sf8|794_sf8|2
796_sf8|795_sf8|5
797_sf8|796_sf8|5
798_sf8|797_sf8|4
799_sf8|798_sf8|3
800_sf8|799_sf8|1
801_sf8|800_sf8|2
802_sf8|801_sf8|4
802_sf8|798_sf8|2
803_sf8|802_sf8|2
803_sf8|798_sf8|1
804_sf8|803_sf8|1
805_sf8|804_sf8|5
806_sf8|805_sf8|1
807_sf8|806_sf8|3
808_sf8|807_sf8|4
808_sf8|804_sf8|3
809_sf8|808_sf8|5
810_sf8|809_sf8|2
811_sf8|810_sf8|3
812_sf8|811_sf8|1
813_sf8|812_sf8|2
814_sf8|813_sf8|2
814_sf8|809_sf8|1
815_sf8|814_sf8|5
816_sf8|815_sf8|4
817_sf8|816_sf8|5
818_sf8|817_sf8|4
819_sf8|818_sf8|1
820_sf8|819_sf8|3
821_sf8|820_sf8|4
822_sf8|821_sf8|4
822_sf8|818_sf8|2
823_sf8|822_sf8|4
824_sf8|823_sf8|5
825_sf8|824_sf8|5
826_sf8|825_sf8|1
826_sf8|822_sf8|1
827_sf8|826_sf8|1
827_sf8|825_sf8|3
828_sf8|827_sf8|4
829_sf8|828_sf8|2
830_sf8|829_sf8|1
831_sf8|830_sf8|3
832_sf8|831_sf8|1
832_sf8|829_sf8|2
833_sf8|832_sf8|5
833_sf8|830_sf8|1
834_sf8|833_sf8|1
834_sf8|832_sf8|3
835_sf8|834_sf8|2
835_sf8|832_sf8|1
836_sf8|835_sf8|4
837_sf8|836_sf8|5
837_sf8|834_sf8|2
838_sf8|837_sf8|3
839_sf8|838_sf8|2
839_sf8|836_sf8|1
840_sf8|839_sf8|3
840_sf8|837_sf8|2
841_sf8|840_sf8|5
842_sf8|841_sf8|2
843_sf8|842_sf8|3
844_sf8|843_sf8|5
845_sf8|844_sf8|3
846_sf8|845_sf8|2
846_sf8|842_sf8|3
847_sf8|846_sf8|5
848_sf8|847_sf8|1
848_sf8|843_sf8|1
849_sf8|848_sf8|4
850_sf8|849_sf8|5
850_sf8|847_sf8|1
851_sf8|850_sf8|4
852_sf8|851_sf8|5
853_sf8|852_sf8|5
854_sf8|853_sf8|5
855_sf8|854_sf8|4
855_sf8|853_sf8|2
856_sf8|855_sf8|5
857_sf8|856_sf8|5
858_sf8|857_sf8|3
859_sf8|858_sf8|3
860_sf8|859_sf8|5
861_sf8|860_sf8|4
862_sf8|861_sf8|5
863_sf8|862_sf8|5
864_sf8|863_sf8|5
865_sf8|864_sf8|2
865_sf8|860_sf8|3
866_sf8|865_sf8|1
867_sf8|866_sf8|2
868_sf8|867_sf8|3
869_sf8|868_sf8|2
870_sf8|869_sf8|1
871_sf8|870_sf8|3
872_sf8|871_sf8|4
873_sf8|872_sf8|5
874_sf8|873_sf8|5
875_sf8|874_sf8|2
875_sf8|870_sf8|2
876_sf8|875_sf8|1
876_sf8|872_sf8|3
877_sf8|876_sf8|4
878_sf8|877_sf8|4
878_sf8|874_sf8|3
879_sf8|878_sf8|4
879_sf8|876_sf8|2
880_sf8|879_sf8|1
881_sf8|880_sf8|1
882_sf8|881_sf8|5
882_sf8|879_sf8|1
883_sf8|882_sf8|2
883_sf8|878_sf8|2
884_sf8|883_sf8|5
885_sf8|884_sf8|5
886_sf8|885_sf8|1
887_sf8|886_sf8|3
888_sf8|887_sf8|4
888_sf8|885_sf8|2
889_sf8|888_sf8|3
890_sf8|889_sf8|5
891_sf8|890_sf8|2
891_sf8|887_sf8|1
892_sf8|891_sf8|1
893_sf8|892_sf8|4
894_sf8|893_sf8|3
894_sf8|890_sf8|2
895_sf8|894_sf8|2
895_sf8|891_sf8|1
896_sf8|895_sf8|4
896_sf8|892_sf8|2
897_sf8|896_sf8|5
898_sf8|897_sf8|5
898_sf8|896_sf8|3
899_sf8|898_sf8|2
899_sf8|896_sf8|2
900_sf8|899_sf8|5
900_sf8|898_sf8|2
901_sf8|900_sf8|5
901_sf8|899_sf8|3
902_sf8|901_sf8|3
902_sf8|900_sf8|1
903_sf8|902_sf8|3
904_sf8|903_sf8|1
905_sf8|904_sf8|4
906_sf8|905_sf8|4
907_sf8|906_sf8|5
908_sf8|907_sf8|3
909_sf8|908_sf8|1
910_sf8|909_sf8|4
911_sf8|910_sf8|2
911_sf8|907_sf8|2
912_sf8|911_sf8|3
912_sf8|910_sf8|2
913_sf8|912_sf8|4
914_sf8|913_sf8|2
915_sf8|914_sf8|1
915_sf8|910_sf8|2
916_sf8|915_sf8|3
916_sf8|911_sf8|1
917_sf8|916_sf8|2
918_sf8|917_sf8|3
918_sf8|913_sf8|3
919_sf8|918_sf8|5
919_sf8|914_sf8|2
920_sf8|919_sf8|4
920_sf8|915_sf8|3
921_sf8|920_sf8|1
922_sf8|921_sf8|3
922_sf8|917_sf8|1
923_sf8|922_sf8|5
923_sf8|920_sf8|1
924_sf8|923_sf8|5
924_sf8|919_sf8|2
925_sf8|924_sf8|2
926_sf8|925_sf8|4
927_sf8|926_sf8|3
928_sf8|927_sf8|1
929_sf8|928_sf8|4
929_sf8|924_sf8|2
930_sf8|929_sf8|4
931_sf8|930_sf8|1
932_sf8|931_sf8|3
933_sf8|932_sf8|4
933_sf8|931_sf8|2
934_sf8|933_sf8|3
935_sf8|934_sf8|2
935_sf8|931_sf8|2
936_sf8|935_sf8|4
937_sf8|936_sf8|4
938_sf8|937_sf8|5
939_sf8|938_sf8|3
940_sf8|939_sf8|5
941_sf8|940_sf8|3
942_sf8|941_sf8|4
943_sf8|942_sf8|1
943_sf8|940_sf8|3
944_sf8|943_sf8|3
944_sf8|942_sf8|3
945_sf8|944_sf8|3
945_sf8|943_sf8|1
946_sf8|945_sf8|2
946_sf8|944_sf8|2
947_sf8|946_sf8|4
948_sf8|947_sf8|2
949_sf8|948_sf8|5
950_sf8|949_sf8|1
951_sf8|950_sf8|3
952_sf8|951_sf8|5
953_sf8|952_sf8|2
953_sf8|948_sf8|2
954_sf8|953_sf8|2
955_sf8|954_sf8|1
956_sf8|955_sf8|1
957_sf8|956_sf8|4
958_sf8|957_sf8|1
959_sf8|958_sf8|5
960_sf8|959_sf8|5
960_sf8|956_sf8|1
961_sf8|960_sf8|1
962_sf8|961_sf8|1
962_sf8|960_sf8|3
963_sf8|962_sf8|2
964_sf8|963_sf8|1
964_sf8|962_sf8|3
965_sf8|964_sf8|2
966_sf8|965_sf8|3
967_sf8|966_sf8|4
967_sf8|963_sf8|2
968_sf8|967_sf8|2
969_sf8|968_sf8|4
970_sf8|969_sf8|5
971_sf8|970_sf8|1
972_sf8|971_sf8|5
972_sf8|968_sf8|1
973_sf8|972_sf8|1
973_sf8|971_sf8|2
974_sf8|973_sf8|5
975_sf8|974_sf8|1
976_sf8|975_sf8|5
977_sf8|976_sf8|3
978_sf8|977_sf8|5
979_sf8|978_sf8|2
980_sf8|979_sf8|4
980_sf8|978_sf8|3
981_sf8|980_sf8|2
981_sf8|979_sf8|2
982_sf8|981_sf8|5
983_sf8|982_sf8|1
984_sf8|983_sf8|4
985_sf8|984_sf8|5
985_sf8|983_sf8|3
986_sf8|985_sf8|1
987_sf8|986_sf8|1
988_sf8|987_sf8|1
989_sf8|988_sf8|4
990_sf8|989_sf8|1
991_sf8|990_sf8|3
992_sf8|991_sf8|3
993_sf8|992_sf8|3
993_sf8|990_sf8|1
994_sf8|993_sf8|5
995_sf8|994_sf8|4
996_sf8|995_sf8|2
997_sf8|996_sf8|1
998_sf8|997_sf8|4
998_sf8|993_sf8|1
999_sf8|998_sf8|3
1000_sf8|999_sf8|1
1000_sf8|998_sf8|1
1001_sf8|1000_sf8|3
1002_sf8|1001_sf8|4
1003_sf8|1002_sf8|3
1004_sf8|1003_sf8|2
1004_sf8|1001_sf8|3
1005_sf8|1004_sf8|1
1005_sf8|1002_sf8|1
1006_sf8|1005_sf8|1
1007_sf8|1006_sf8|4
1008_sf8|1007_sf8|5
1008_sf8|1004_sf8|2
1009_sf8|1008_sf8|5
1010_sf8|1009_sf8|5
1010_sf8|1005_sf8|1
1011_sf8|1010_sf8|3
1012_sf8|1011_sf8|1
1012_sf8|1010_sf8|3
1013_sf8|1012_sf8|5
1013_sf8|1008_sf8|1
1014_sf8|1013_sf8|5
1014_sf8|1009_sf8|1
1015_sf8|1014_sf8|3
1016_sf8|1015_sf8|3
1017_sf8|1016_sf8|5
1018_sf8|1017_sf8|3
1019_sf8|1018_sf8|4
1020_sf8|1019_sf8|5
1020_sf8|1015_sf8|1
1021_sf8|1020_sf8|3
1022_sf8|1021_sf8|1
1023_sf8|1022_sf8|1
1024_sf8|1023_sf8|1
1025_sf8|1024_sf8|2
1026_sf8|1025_sf8|2
1027_sf8|1026_sf8|4
1028_sf8|1027_sf8|4
1028_sf8|1023_sf8|1
1029_sf8|1028_sf8|2
1029_sf8|1027_sf8|3
1030_sf8|1029_sf8|1
1031_sf8|1030_sf8|4
1032_sf8|1031_sf8|1
1032_sf8|1029_sf8|3
1033_sf8|1032_sf8|4
1034_sf8|1033_sf8|3
1035_sf8|1034_sf8|3
1035_sf8|1033_sf8|2
1036_sf8|1035_sf8|1
1036_sf8|1033_sf8|3
1037_sf8|1036_sf8|3
1038_sf8|1037_sf8|5
1038_sf8|1034_sf8|3
1039_sf8|1038_sf8|4
1040_sf8|1039_sf8|1
1041_sf8|1040_sf8|4
1042_sf8|1041_sf8|1
1042_sf8|1037_sf8|3
1043_sf8|1042_sf8|3
1043_sf8|1040_sf8|3
1044_sf8|1043_sf8|3
1045_sf8|1044_sf8|4
1046_sf8|1045_sf8|4
1046_sf8|1041_sf8|2
1047_sf8|1046_sf8|3
1048_sf8|1047_sf8|4
1049_sf8|1048_sf8|3
1050_sf8|1049_sf8|1
1051_sf8|1050_sf8|2
1052_sf8|1051_sf8|5
1053_sf8|1052_sf8|4
1053_sf8|1051_sf8|2
1054_sf8|1053_sf8|4
1054_sf8|1052_sf8|2
1055_sf8|1054_sf8|5
1056_sf8|1055_sf8|5
1056_sf8|1054_sf8|1
1057_sf8|1056_sf8|3
1058_sf8|1057_sf8|4
1059_sf8|1058_sf8|5
1060_sf8|1059_sf8|5
1061_sf8|1060_sf8|1
1061_sf8|1059_sf8|1
1062_sf8|1061_sf8|3
1063_sf8|1062_sf8|2
1063_sf8|1059_sf8|1
1064_sf8|1063_sf8|2
1065_sf8|1064_sf8|4
1066_sf8|1065_sf8|2
1067_sf8|1066_sf8|2
1067_sf8|1062_sf8|2
1068_sf8|1067_sf8|5
1068_sf8|1064_sf8|1
1069_sf8|1068_sf8|3
1069_sf8|1065_sf8|3
1070_sf8|1069_sf8|4
1071_sf8|1070_sf8|5
1072_sf8|1071_sf8|2
1073_sf8|1072_sf8|2
1074_sf8|1073_sf8|4
1074_sf8|1072_sf8|3
1075_sf8|1074_sf8|5
1076_sf8|1075_sf8|5
1076_sf8|1072_sf8|1
1077_sf8|1076_sf8|2
1078_sf8|1077_sf8|3
1078_sf8|1074_sf8|2
1079_sf8|1078_sf8|2
1080_sf8|1079_sf8|2
1081_sf8|1080_sf8|3
1082_sf8|1081_sf8|3
1083_sf8|1082_sf8|1
1084_sf8|1083_sf8|2
1085_sf8|1084_sf8|5
1086_sf8|1085_sf8|1
1087_sf8|1086_sf8|3
1088_sf8|1087_sf8|3
1089_sf8|1088_sf8|1
1089_sf8|1086_sf8|1
1090_sf8|1089_sf8|5
1090_sf8|1087_sf8|1
1091_sf8|1090_sf8|4
1091_sf8|1088_sf8|1
1092_sf8|1091_sf8|5
1093_sf8|1092_sf8|1
1093_sf8|1089_sf8|2
1094_sf8|1093_sf8|2
1095_sf8|1094_sf8|3
1095_sf8|1091_sf8|2
1096_sf8|1095_sf8|2
1097_sf8|1096_sf8|1
1098_sf8|1097_sf8|3
1098_sf8|1096_sf8|1
1099_sf8|1098_sf8|3
1100_sf8|1099_sf8|1
1101_sf8|1100_sf8|5
1102_sf8|1101_sf8|4
1103_sf8|1102_sf8|5
1104_sf8|1103_sf8|2
1105_sf8|1104_sf8|5
1106_sf8|1105_sf8|4
1107_sf8|1106_sf8|3
1108_sf8|1107_sf8|4
1108_sf8|1106_sf8|2
1109_sf8|1108_sf8|5
1110_sf8|1109_sf8|2
1111_sf8|1110_sf8|2
1112_sf8|1111_sf8|1
1112_sf8|1107_sf8|3
1113_sf8|1112_sf8|2
1114_sf8|1113_sf8|2
1115_sf8|1114_sf8|3
1116_sf8|1115_sf8|2
1117_sf8|1116_sf8|2
1118_sf8|1117_sf8|3
1118_sf8|1116_sf8|1
1119_sf8|1118_sf8|1
1120_sf8|1119_sf8|2
1121_sf8|1120_sf8|5
1122_sf8|1121_sf8|5
1122_sf8|1120_sf8|2
1123_sf8|1122_sf8|3
1123_sf8|1121_sf8|2
1124_sf8|1123_sf8|4
1125_sf8|1124_sf8|5
1126_sf8|1125_sf8|1
1127_sf8|1126_sf8|1
1128_sf8|1127_sf8|2
1128_sf8|1126_sf8|1
1129_sf8|1128_sf8|1
1129_sf8|1127_sf8|2
1130_sf8|1129_sf8|5
1131_sf8|1130_sf8|1
1132_sf8|1131_sf8|4
1133_sf8|1132_sf8|4
1133_sf8|1130_sf8|3
1134_sf8|1133_sf8|4
1135_sf8|1134_sf8|2
1136_sf8|1135_sf8|2
1137_sf8|1136_sf8|2
1137_sf8|1133_sf8|3
1138_sf8|1137_sf8|3
1138_sf8|1134_sf8|3
1139_sf8|1138_sf8|2
1139_sf8|1135_sf8|1
1140_sf8|1139_sf8|2
1140_sf8|1136_sf8|1
1141_sf8|1140_sf8|2
1142_sf8|1141_sf8|1
1142_sf8|1137_sf8|3
1143_sf8|1142_sf8|4
1143_sf8|1140_sf8|3
1144_sf8|1143_sf8|3
1145_sf8|1144_sf8|1
1145_sf8|1143_sf8|3
1146_sf8|1145_sf8|4
1147_sf8|1146_sf8|5
1148_sf8|1147_sf8|5
1148_sf8|1144_sf8|3
1149_sf8|1148_sf8|1
1149_sf8|1147_sf8|3
1150_sf8|1149_sf8|1
1151_sf8|1150_sf8|3
1152_sf8|1151_sf8|3
1152_sf8|1148_sf8|2
1153_sf8|1152_sf8|4
1154_sf8|1153_sf8|4
1154_sf8|1152_sf8|1
1155_sf8|1154_sf8|1
1156_sf8|1155_sf8|4
1156_sf8|1153_sf8|1
1157_sf8|1156_sf8|1
1158_sf8|1157_sf8|4
1159_sf8|1158_sf8|4
1159_sf8|1156_sf8|2
1160_sf8|1159_sf8|5
1161_sf8|1160_sf8|1
1161_sf8|1157_sf8|3
1162_sf8|1161_sf8|5
1163_sf8|1162_sf8|5
1164_sf8|1163_sf8|4
1164_sf8|1160_sf8|3
1165_sf8|1164_sf8|4
1166_sf8|1165_sf8|1
1167_sf8|1166_sf8|3
1168_sf8|1167_sf8|1
1169_sf8|1168_sf8|4
1169_sf8|1166_sf8|3
1170_sf8|1169_sf8|4
1170_sf8|1166_sf8|1
1171_sf8|1170_sf8|4
1172_sf8|1171_sf8|4
1173_sf8|1172_sf8|1
1174_sf8|1173_sf8|3
1175_sf8|1174_sf8|3
1175_sf8|1172_sf8|3
1176_sf8|1175_sf8|4
1176_sf8|1172_sf8|3
1177_sf8|1176_sf8|4
1178_sf8|1177_sf8|5
1179_sf8|1178_sf8|1
1179_sf8|1175_sf8|2
1180_sf8|1179_sf8|3
1181_sf8|1180_sf8|4
1181_sf8|1176_sf8|1
1182_sf8|1181_sf8|4
1183_sf8|1182_sf8|2
1184_sf8|1183_sf8|1
1185_sf8|1184_sf8|2
1186_sf8|1185_sf8|2
1186_sf8|1181_sf8|2
1187_sf8|1186_sf8|1
1187_sf8|1185_sf8|2
1188_sf8|1187_sf8|4
1189_sf8|1188_sf8|3
1190_sf8|1189_sf8|3
1191_sf8|1190_sf8|5
1191_sf8|1187_sf8|1
1192_sf8|1191_sf8|5
1193_sf8|1192_sf8|5
1193_sf8|1188_sf8|2
1194_sf8|1193_sf8|4
1195_sf8|1194_sf8|3
1195_sf8|1191_sf8|2
1196_sf8|1195_sf8|4
1196_sf8|1194_sf8|2
1197_sf8|1196_sf8|1
1197_sf8|1195_sf8|2
1198_sf8|1197_sf8|1
1199_sf8|1198_sf8|5
1200_sf8|1199_sf8|5
1201_sf8|1200_sf8|2
1202_sf8|1201_sf8|4
1202_sf8|1199_sf8|3
1203_sf8|1202_sf8|2
1204_sf8|1203_sf8|3
1205_sf8|1204_sf8|2
1206_sf8|1205_sf8|5
1207_sf8|1206_sf8|5
1208_sf8|1207_sf8|1
1209_sf8|1208_sf8|2
1210_sf8|1209_sf8|2
1211_sf8|1210_sf8|4
1211_sf8|1208_sf8|1
1212_sf8|1211_sf8|4
1213_sf8|1212_sf8|1
1214_sf8|1213_sf8|5
1215_sf8|1214_sf8|5
1215_sf8|1212_sf8|2
1216_sf8|1215_sf8|2
1216_sf8|1213_sf8|3
1217_sf8|1216_sf8|4
1218_sf8|1217_sf8|4
1219_sf8|1218_sf8|3
1220_sf8|1219_sf8|4
1221_sf8|1220_sf8|5
1221_sf8|1217_sf8|2
1222_sf8|1221_sf8|1
1222_sf8|1220_sf8|2
1223_sf8|1222_sf8|2
1224_sf8|1223_sf8|5
1225_sf8|1224_sf8|2
1226_sf8|1225_sf8|1
1227_sf8|1226_sf8|1
1228_sf8|1227_sf8|1
1229_sf8|1228_sf8|5
1229_sf8|1225_sf8|1
1230_sf8|1229_sf8|5
1230_sf8|1228_sf8|1
1231_sf8|1230_sf8|5
1231_sf8|1228_sf8|2
1232_sf8|1231_sf8|5
1233_sf8|1232_sf8|5
1234_sf8|1233_sf8|3
1235_sf8|1234_sf8|5
1236_sf8|1235_sf8|4
1236_sf8|1231_sf8|3
1237_sf8|1236_sf8|5
1238_sf8|1237_sf8|1
1239_sf8|1238_sf8|2
1240_sf8|1239_sf8|5
1241_sf8|1240_sf8|1
1242_sf8|1241_sf8|5
1243_sf8|1242_sf8|3
1243_sf8|1240_sf8|3
1244_sf8|1243_sf8|3
1244_sf8|1241_sf8|2
1245_sf8|1244_sf8|2
1246_sf8|1245_sf8|2
1247_sf8|1246_sf8|5
1247_sf8|1245_sf8|3
1248_sf8|1247_sf8|3
1249_sf8|1248_sf8|5
1249_sf8|1247_sf8|2
1250_sf8|1249_sf8|4
1251_sf8|1250_sf8|5
1252_sf8|1251_sf8|2
1252_sf8|1249_sf8|2
1253_sf8|1252_sf8|2
1253_sf8|1248_sf8|2
1254_sf8|1253_sf8|2
1255_sf8|1254_sf8|4
1256_sf8|1255_sf8|5
1257_sf8|1256_sf8|1
1257_sf8|1254_sf8|1
1258_sf8|1257_sf8|4
1259_sf8|1258_sf8|2
1260_sf8|1259_sf8|3
1261_sf8|1260_sf8|2
1262_sf8|1261_sf8|3
1262_sf8|1257_sf8|3
1263_sf8|1262_sf8|2
1263_sf8|1261_sf8|1
1264_sf8|1263_sf8|3
1265_sf8|1264_sf8|5
1266_sf8|1265_sf8|3
1267_sf8|1266_sf8|4
1268_sf8|1267_sf8|4
1269_sf8|1268_sf8|5
1269_sf8|1267_sf8|2
1270_sf8|1269_sf8|5
1271_sf8|1270_sf8|4
1271_sf8|1266_sf8|3
1272_sf8|1271_sf8|5
1273_sf8|1272_sf8|4
1274_sf8|1273_sf8|4
1275_sf8|1274_sf8|4
1276_sf8|1275_sf8|5
1277_sf8|1276_sf8|3
1277_sf8|1272_sf8|2
1278_sf8|1277_sf8|3
1278_sf8|1273_sf8|1
1279_sf8|1278_sf8|5
1280_sf8|1279_sf8|5
1281_sf8|1280_sf8|4
1282_sf8|1281_sf8|2
1283_sf8|1282_sf8|3
1284_sf8|1283_sf8|3
1284_sf8|1281_sf8|3
1285_sf8|1284_sf8|1
1286_sf8|1285_sf8|5
1286_sf8|1282_sf8|3
1287_sf8|1286_sf8|5
1288_sf8|1287_sf8|5
1288_sf8|1283_sf8|3
1289_sf8|1288_sf8|3
1289_sf8|1284_sf8|1
1290_sf8|1289_sf8|3
1290_sf8|1288_sf8|1
1291_sf8|1290_sf8|5
1292_sf8|1291_sf8|5
1292_sf8|1288_sf8|3
1293_sf8|1292_sf8|2
1294_sf8|1293_sf8|3
1294_sf8|1289_sf8|2
1295_sf8|1294_sf8|3
1296_sf8|1295_sf8|4
1297_sf8|1296_sf8|3
1298_sf8|1297_sf8|4
1299_sf8|1298_sf8|3
1299_sf8|1296_sf8|2
1300_sf8|1299_sf8|2
1301_sf8|1300_sf8|3
1301_sf8|1297_sf8|3
1302_sf8|1301_sf8|5
1303_sf8|1302_sf8|2
1303_sf8|1298_sf8|3
1304_sf8|1303_sf8|3
1305_sf8|1304_sf8|2
1306_sf8|1305_sf8|2
1306_sf8|1301_sf8|2
1307_sf8|1306_sf8|3
1307_sf8|1304_sf8|1
1308_sf8|1307_sf8|5
1309_sf8|1308_sf8|5
1310_sf8|1309_sf8|4
1311_sf8|1310_sf8|5
1311_sf8|1307_sf8|3
1312_sf8|1311_sf8|5
1313_sf8|1312_sf8|4
1314_sf8|1313_sf8|4
1315_sf8|1314_sf8|1
1316_sf8|1315_sf8|3
1317_sf8|1316_sf8|4
1318_sf8|1317_sf8|2
1319_sf8|1318_sf8|4
1319_sf8|1317_sf8|3
1320_sf8|1319_sf8|5
1320_sf8|1315_sf8|1
1321_sf8|1320_sf8|3
1321_sf8|1317_sf8|2
1322_sf8|1321_sf8|4
1323_sf8|1322_sf8|5
1324_sf8|1323_sf8|1
1325_sf8|1324_sf8|2
1325_sf8|1320_sf8|3
1326_sf8|1325_sf8|1
1326_sf8|1324_sf8|3
1327_sf8|1326_sf8|5
1327_sf8|1322_sf8|1
1328_sf8|1327_sf8|2
1329_sf8|1328_sf8|2
1330_sf8|1329_sf8|5
1331_sf8|1330_sf8|4
1332_sf8|1331_sf8|3
1333_sf8|1332_sf8|5
1333_sf8|1329_sf8|1
1334_sf8|1333_sf8|5
1335_sf8|1334_sf8|2
1336_sf8|1335_sf8|1
1337_sf8|1336_sf8|5
1338_sf8|1337_sf8|1
1339_sf8|1338_sf8|1
1340_sf8|1339_sf8|5
1341_sf8|1340_sf8|4
1342_sf8|1341_sf8|1
1343_sf8|1342_sf8|4
1344_sf8|1343_sf8|5
1345_sf8|1344_sf8|3
1346_sf8|1345_sf8|5
1347_sf8|1346_sf8|5
1348_sf8|1347_sf8|3
1349_sf8|1348_sf8|4
1350_sf8|1349_sf8|2
1351_sf8|1350_sf8|1
1351_sf8|1349_sf8|1
1352_sf8|1351_sf8|4
1353_sf8|1352_sf8|2
1354_sf8|1353_sf8|3
1355_sf8|1354_sf8|3
1356_sf8|1355_sf8|5
1357_sf8|1356_sf8|2
1357_sf8|1354_sf8|1
1358_sf8|1357_sf8|5
1358_sf8|1356_sf8|2
1359_sf8|1358_sf8|3
1360_sf8|1359_sf8|5
1361_sf8|1360_sf8|3
1362_sf8|1361_sf8|2
1363_sf8|1362_sf8|5
1364_sf8|1363_sf8|3
1365_sf8|1364_sf8|2
1366_sf8|1365_sf8|2
1367_sf8|1366_sf8|5
1367_sf8|1365_sf8|2
1368_sf8|1367_sf8|3
1369_sf8|1368_sf8|2
1370_sf8|1369_sf8|5
1371_sf8|1370_sf8|2
1372_sf8|1371_sf8|5
1372_sf8|1369_sf8|1
1373_sf8|1372_sf8|5
1374_sf8|1373_sf8|5
1374_sf8|1370_sf8|1
1375_sf8|1374_sf8|3
1376_sf8|1375_sf8|5
1377_sf8|1376_sf8|2
1377_sf8|1372_sf8|3
1378_sf8|1377_sf8|1
1379_sf8|1378_sf8|1
1380_sf8|1379_sf8|4
1381_sf8|1380_sf8|2
1382_sf8|1381_sf8|2
1383_sf8|1382_sf8|5
1383_sf8|1379_sf8|2
1384_sf8|1383_sf8|2
1385_sf8|1384_sf8|1
1386_sf8|1385_sf8|4
1387_sf8|1386_sf8|2
1388_sf8|1387_sf8|2
1389_sf8|1388_sf8|4
1390_sf8|1389_sf8|4
1390_sf8|1386_sf8|2
1391_sf8|1390_sf8|3
1391_sf8|1388_sf8|2
1392_sf8|1391_sf8|2
1393_sf8|1392_sf8|4
1393_sf8|1389_sf8|3
1394_sf8|1393_sf8|2
1394_sf8|1389_sf8|3
1395_sf8|1394_sf8|4
1396_sf8|1395_sf8|4
1396_sf8|1391_sf8|3
1397_sf8|1396_sf8|3
1398_sf8|1397_sf8|4
1398_sf8|1393_sf8|3
1399_sf8|1398_sf8|2
1400_sf8|1399_sf8|3
1401_sf8|1400_sf8|3
1402_sf8|1401_sf8|1
1403_sf8|1402_sf8|3
1403_sf8|1399_sf8|3
1404_sf8|1403_sf8|5
1405_sf8|1404_sf8|4
1406_sf8|1405_sf8|1
1407_sf8|1406_sf8|5
1407_sf8|1403_sf8|2
1408_sf8|1407_sf8|3
1409_sf8|1408_sf8|1
1410_sf8|1409_sf8|5
1411_sf8|1410_sf8|4
1412_sf8|1411_sf8|2
1413_sf8|1412_sf8|1
1414_sf8|1413_sf8|3
1415_sf8|1414_sf8|2
1415_sf8|1412_sf8|1
1416_sf8|1415_sf8|1
1417_sf8|1416_sf8|5
1417_sf8|1415_sf8|2
1418_sf8|1417_sf8|2
1419_sf8|1418_sf8|1
1419_sf8|1416_sf8|2
1420_sf8|1419_sf8|5
1421_sf8|1420_sf8|1
1422_sf8|1421_sf8|3
1422_sf8|1417_sf8|3
1423_sf8|1422_sf8|1
1424_sf8|1423_sf8|4
1425_sf8|1424_sf8|1
1426_sf8|1425_sf8|4
1427_sf8|1426_sf8|1
1428_sf8|1427_sf8|5
1428_sf8|1426_sf8|3
1429_sf8|1428_sf8|1
1430_sf8|1429_sf8|1
1430_sf8|1426_sf8|1
1431_sf8|1430_sf8|5
1432_sf8|1431_sf8|5
1433_sf8|1432_sf8|2
1434_sf8|1433_sf8|5
1435_sf8|1434_sf8|4
1436_sf8|1435_sf8|1
1437_sf8|1436_sf8|1
1438_sf8|1437_sf8|1
1439_sf8|1438_sf8|5
1440_sf8|1439_sf8|1
1440_sf8|1437_sf8|1
1441_sf8|1440_sf8|5
1442_sf8|1441_sf8|2
1443_sf8|1442_sf8|5
1444_sf8|1443_sf8|3
1444_sf8|1439_sf8|2
1445_sf8|1444_sf8|5
1445_sf8|1441_sf8|2
1446_sf8|1445_sf8|5
1447_sf8|1446_sf8|2
1447_sf8|1442_sf8|1
1448_sf8|1447_sf8|1
1449_sf8|1448_sf8|3
1450_sf8|1449_sf8|5
1450_sf8|1448_sf8|3
1451_sf8|1450_sf8|4
1452_sf8|1451_sf8|4
1453_sf8|1452_sf8|5
1454_sf8|1453_sf8|5
1455_sf8|1454_sf8|3
1456_sf8|1455_sf8|3
1457_sf8|1456_sf8|1
1458_sf8|1457_sf8|5
1459_sf8|1458_sf8|1
1460_sf8|1459_sf8|3
1461_sf8|1460_sf8|2
1462_sf8|1461_sf8|5
1463_sf8|1462_sf8|5
1464_sf8|1463_sf8|5
1464_sf8|1462_sf8|2
1465_sf8|1464_sf8|5
1466_sf8|1465_sf8|3
1467_sf8|1466_sf8|3
1468_sf8|1467_sf8|1
1468_sf8|1465_sf8|1
1469_sf8|1468_sf8|2
1470_sf8|1469_sf8|3
1470_sf8|1468_sf8|1
1471_sf8|1470_sf8|4
1472_sf8|1471_sf8|1
1473_sf8|1472_sf8|1
1474_sf8|1473_sf8|3
1475_sf8|1474_sf8|2
1475_sf8|1470_sf8|2
1476_sf8|1475_sf8|1
1477_sf8|1476_sf8|3
1477_sf8|1472_sf8|1
1478_sf8|1477_sf8|2
1479_sf8|1478_sf8|4
1479_sf8|1474_sf8|1
1480_sf8|1479_sf8|4
1481_sf8|1480_sf8|2
1482_sf8|1481_sf8|2
1483_sf8|1482_sf8|1
1483_sf8|1481_sf8|3
1484_sf8|1483_sf8|1
1485_sf8|1484_sf8|4
1486_sf8|1485_sf8|1
1487_sf8|1486_sf8|3
1488_sf8|1487_sf8|1
1488_sf8|1483_sf8|2
1489_sf8|1488_sf8|3
1490_sf8|1489_sf8|1
1491_sf8|1490_sf8|5
1492_sf8|1491_sf8|4
1493_sf8|1492_sf8|1
1494_sf8|1493_sf8|5
1495_sf8|1494_sf8|3
1496_sf8|1495_sf8|4
1497_sf8|1496_sf8|3
1497_sf8|1494_sf8|2
1498_sf8|1497_sf8|2
1499_sf8|1498_sf8|3
1500_sf8|1499_sf8|3
1501_sf8|1500_sf8|1
1502_sf8|1501_sf8|4
1503_sf8|1502_sf8|2
1504_sf8|1503_sf8|2
1505_sf8|1504_sf8|2
1506_sf8|1505_sf8|5
1507_sf8|1506_sf8|5
1508_sf8|1507_sf8|5
1508_sf8|1503_sf8|3
1509_sf8|1508_sf8|4
1509_sf8|1507_sf8|3
1510_sf8|1509_sf8|5
1510_sf8|1506_sf8|2
1511_sf8|1510_sf8|2
1512_sf8|1511_sf8|2
1513_sf8|1512_sf8|3
1514_sf8|1513_sf8|5
1514_sf8|1510_sf8|1
1515_sf8|1514_sf8|2
1516_sf8|1515_sf8|4
1517_sf8|1516_sf8|3
1517_sf8|1512_sf8|2
1518_sf8|1517_sf8|5
1518_sf8|1514_sf8|1
1519_sf8|1518_sf8|5
1520_sf8|1519_sf8|2
1521_sf8|1520_sf8|2
1522_sf8|1521_sf8|1
1523_sf8|1522_sf8|5
1524_sf8|1523_sf8|1
1525_sf8|1524_sf8|5
1526_sf8|1525_sf8|3
1526_sf8|1524_sf8|2
1527_sf8|1526_sf8|2
1528_sf8|1527_sf8|3
1529_sf8|1528_sf8|2
1530_sf8|1529_sf8|5
1530_sf8|1525_sf8|3
1531_sf8|1530_sf8|1
1532_sf8|1531_sf8|1
1532_sf8|1529_sf8|1
1533_sf8|1532_sf8|1
1534_sf8|1533_sf8|2
1534_sf8|1532_sf8|3
1535_sf8|1534_sf8|2
1535_sf8|1531_sf8|1
1536_sf8|1535_sf8|2
1537_sf8|1536_sf8|3
1538_sf8|1537_sf8|5
1539_sf8|1538_sf8|2
1540_sf8|1539_sf8|4
1541_sf8|1540_sf8|1
1542_sf8|1541_sf8|1
1543_sf8|1542_sf8|1
1544_sf8|1543_sf8|2
1544_sf8|1540_sf8|2
1545_sf8|1544_sf8|3
1545_sf8|1542_sf8|3
1546_sf8|1545_sf8|3
1546_sf8|1543_sf8|3
1547_sf8|1546_sf8|3
1548_sf8|1547_sf8|3
1549_sf8|1548_sf8|2
1550_sf8|1549_sf8|3
1551_sf8|1550_sf8|4
1552_sf8|1551_sf8|1
1553_sf8|1552_sf8|3
1553_sf8|1548_sf8|3
1554_sf8|1553_sf8|5
1555_sf8|1554_sf8|3
1556_sf8|1555_sf8|3
1557_sf8|1556_sf8|1
1558_sf8|1557_sf8|3
1559_sf8|1558_sf8|1
1560_sf8|1559_sf8|5
1561_sf8|1560_sf8|1
1562_sf8|1561_sf8|1
1563_sf8|1562_sf8|5
1564_sf8|1563_sf8|4
1565_sf8|1564_sf8|4
1566_sf8|1565_sf8|3
1567_sf8|1566_sf8|2
1567_sf8|1565_sf8|3
1568_sf8|1567_sf8|5
1569_sf8|1568_sf8|2
1569_sf8|1567_sf8|2
1570_sf8|1569_sf8|2
1570_sf8|1565_sf8|2
1571_sf8|1570_sf8|4
1572_sf8|1571_sf8|3
1573_sf8|1572_sf8|2
1574_sf8|1573_sf8|5
1575_sf8|1574_sf8|1
1576_sf8|1575_sf8|5
1576_sf8|1573_sf8|3
1577_sf8|1576_sf8|5
1578_sf8|1577_sf8|3
1579_sf8|1578_sf8|5
1580_sf8|1579_sf8|5
1581_sf8|1580_sf8|5
1582_sf8|1581_sf8|5
1583_sf8|1582_sf8|4
1584_sf8|1583_sf8|1
1585_sf8|1584_sf8|1
1586_sf8|1585_sf8|5
1587_sf8|1586_sf8|3
1588_sf8|1587_sf8|3
1589_sf8|1588_sf8|4
1590_sf8|1589_sf8|4
1591_sf8|1590_sf8|3
1591_sf8|1587_sf8|2
1592_sf8|1591_sf8|1
1593_sf8|1592_sf8|3
1593_sf8|1588_sf8|3
1594_sf8|1593_sf8|3
1594_sf8|1590_sf8|2
1595_sf8|1594_sf8|1
1596_sf8|1595_sf8|1
1597_sf8|1596_sf8|2
1598_sf8|1597_sf8|2
1598_sf8|1593_sf8|3
1599_sf8|1598_sf8|3
1599_sf8|1597_sf8|2
1600_sf8|1599_sf8|4
1601_sf8|1600_sf8|4
1602_sf8|1601_sf8|3
1603_sf8|1602_sf8|5
1604_sf8|1603_sf8|5
1604_sf8|1601_sf8|3
1605_sf8|1604_sf8|2
1606_sf8|1605_sf8|4
1607_sf8|1606_sf8|5
1608_sf8|1607_sf8|2
1608_sf8|1604_sf8|3
1609_sf8|1608_sf8|5
1609_sf8|1605_sf8|2
1610_sf8|1609_sf8|1
1610_sf8|1606_sf8|3
1611_sf8|1610_sf8|5
1611_sf8|1609_sf8|2
1612_sf8|1611_sf8|2
1612_sf8|1607_sf8|1
1613_sf8|1612_sf8|1
1614_sf8|1613_sf8|5
1614_sf8|1610_sf8|2
1615_sf8|1614_sf8|3
1616_sf8|1615_sf8|3
1617_sf8|1616_sf8|2
1618_sf8|1617_sf8|1
1618_sf8|1616_sf8|3
1619_sf8|1618_sf8|2
1620_sf8|1619_sf8|3
1620_sf8|1618_sf8|3
1621_sf8|1620_sf8|2
1622_sf8|1621_sf8|3
1623_sf8|1622_sf8|3
1624_sf8|1623_sf8|5
1625_sf8|1624_sf8|1
1626_sf8|1625_sf8|1
1627_sf8|1626_sf8|4
1628_sf8|1627_sf8|3
1628_sf8|1626_sf8|1
1629_sf8|1628_sf8|2
1630_sf8|1629_sf8|5
1631_sf8|1630_sf8|5
1631_sf8|1627_sf8|1
1632_sf8|1631_sf8|2
1633_sf8|1632_sf8|3
1633_sf8|1629_sf8|3
1634_sf8|1633_sf8|3
1635_sf8|1634_sf8|3
1636_sf8|1635_sf8|4
1636_sf8|1632_sf8|3
1637_sf8|1636_sf8|2
1638_sf8|1637_sf8|4
1638_sf8|1635_sf8|1
1639_sf8|1638_sf8|5
1640_sf8|1639_sf8|4
1640_sf8|1638_sf8|3
1641_sf8|1640_sf8|2
1641_sf8|1636_sf8|2
1642_sf8|1641_sf8|5
1642_sf8|1638_sf8|2
1643_sf8|1642_sf8|1
1644_sf8|1643_sf8|3
1645_sf8|1644_sf8|5
1646_sf8|1645_sf8|4
1646_sf8|1642_sf8|3
1647_sf8|1646_sf8|4
1647_sf8|1643_sf8|2
1648_sf8|1647_sf8|2
1648_sf8|1644_sf8|3
1649_sf8|1648_sf8|1
1650_sf8|1649_sf8|2
1651_sf8|1650_sf8|4
1651_sf8|1647_sf8|1
1652_sf8|1651_sf8|1
1653_sf8|1652_sf8|1
1654_sf8|1653_sf8|2
1655_sf8|1654_sf8|3
1655_sf8|1653_sf8|2
1656_sf8|1655_sf8|5
1657_sf8|1656_sf8|1
1657_sf8|1653_sf8|3
1658_sf8|1657_sf8|4
1659_sf8|1658_sf8|4
1660_sf8|1659_sf8|5
1661_sf8|1660_sf8|3
1662_sf8|1661_sf8|4
1662_sf8|1658_sf8|3
1663_sf8|1662_sf8|2
1664_sf8|1663_sf8|3
1664_sf8|1659_sf8|2
1665_sf8|1664_sf8|1
1665_sf8|1660_sf8|2
1666_sf8|1665_sf8|1
1667_sf8|1666_sf8|4
1668_sf8|1667_sf8|4
1669_sf8|1668_sf8|1
1670_sf8|1669_sf8|1
1671_sf8|1670_sf8|1
1672_sf8|1671_sf8|4
1673_sf8|1672_sf8|1
1674_sf8|1673_sf8|4
1675_sf8|1674_sf8|5
1675_sf8|1671_sf8|1
1676_sf8|1675_sf8|2
1676_sf8|1673_sf8|2
1677_sf8|1676_sf8|5
1677_sf8|1673_sf8|3
1678_sf8|1677_sf8|1
1679_sf8|1678_sf8|5
1680_sf8|1679_sf8|2
1681_sf8|1680_sf8|5
1682_sf8|1681_sf8|5
1683_sf8|1682_sf8|3
1684_sf8|1683_sf8|4
1685_sf8|1684_sf8|2
1685_sf8|1682_sf8|2
1686_sf8|1685_sf8|5
1687_sf8|1686_sf8|2
1688_sf8|1687_sf8|3
1688_sf8|1685_sf8|2
1689_sf8|1688_sf8|1
1690_sf8|1689_sf8|4
1691_sf8|1690_sf8|4
1692_sf8|1691_sf8|1
1692_sf8|1688_sf8|3
1693_sf8|1692_sf8|3
1694_sf8|1693_sf8|1
1695_sf8|1694_sf8|2
1695_sf8|1693_sf8|1
1696_sf8|1695_sf8|2
1696_sf8|1691_sf8|1
1697_sf8|1696_sf8|5
1698_sf8|1697_sf8|3
1698_sf8|1696_sf8|3
1699_sf8|1698_sf8|1
1700_sf8|1699_sf8|5
1701_sf8|1700_sf8|2
1702_sf8|1701_sf8|1
1702_sf8|1699_sf8|2
1703_sf8|1702_sf8|5
1704_sf8|1703_sf8|2
1705_sf8|1704_sf8|4
1705_sf8|1700_sf8|1
1706_sf8|1705_sf8|2
1706_sf8|1701_sf8|3
1707_sf8|1706_sf8|1
1708_sf8|1707_sf8|3
1709_sf8|1708_sf8|1
1709_sf8|1707_sf8|1
1710_sf8|1709_sf8|4
1711_sf8|1710_sf8|4
1711_sf8|1707_sf8|2
1712_sf8|1711_sf8|2
1713_sf8|1712_sf8|2
1713_sf8|1711_sf8|3
1714_sf8|1713_sf8|4
1714_sf8|1709_sf8|3
1715_sf8|1714_sf8|4
1715_sf8|1710_sf8|3
1716_sf8|1715_sf8|2
1717_sf8|1716_sf8|1
1717_sf8|1712_sf8|1
1718_sf8|1717_sf8|4
1718_sf8|1714_sf8|3
1719_sf8|1718_sf8|2
1719_sf8|1714_sf8|3
1720_sf8|1719_sf8|1
1720_sf8|1717_sf8|3
1721_sf8|1720_sf8|4
1722_sf8|1721_sf8|1
1722_sf8|1717_sf8|2
1723_sf8|1722_sf8|5
1724_sf8|1723_sf8|2
1725_sf8|1724_sf8|1
1725_sf8|1720_sf8|2
1726_sf8|1725_sf8|4
1727_sf8|1726_sf8|4
1727_sf8|1723_sf8|3
1728_sf8|1727_sf8|2
1729_sf8|1728_sf8|1
1730_sf8|1729_sf8|4
1731_sf8|1730_sf8|3
1732_sf8|1731_sf8|4
1733_sf8|1732_sf8|5
1734_sf8|1733_sf8|1
1734_sf8|1731_sf8|3
1735_sf8|1734_sf8|5
1735_sf8|1730_sf8|1
1736_sf8|1735_sf8|3
1737_sf8|1736_sf8|1
1738_sf8|1737_sf8|3
1739_sf8|1738_sf8|1
1739_sf8|1737_sf8|1
1740_sf8|1739_sf8|3
1741_sf8|1740_sf8|5
1742_sf8|1741_sf8|4
1743_sf8|1742_sf8|2
1744_sf8|1743_sf8|5
1745_sf8|1744_sf8|4
1746_sf8|1745_sf8|4
1746_sf8|1744_sf8|3
1747_sf8|1746_sf8|4
1748_sf8|1747_sf8|3
1749_sf8|1748_sf8|3
1750_sf8|1749_sf8|4
1751_sf8|1750_sf8|3
1752_sf8|1751_sf8|3
1752_sf8|1748_sf8|3
1753_sf8|1752_sf8|3
1754_sf8|1753_sf8|1
1755_sf8|1754_sf8|5
1756_sf8|1755_sf8|4
1757_sf8|1756_sf8|1
1758_sf8|1757_sf8|5
1758_sf8|1753_sf8|3
1759_sf8|1758_sf8|1
1760_sf8|1759_sf8|3
1760_sf8|1756_sf8|1
1761_sf8|1760_sf8|1
1762_sf8|1761_sf8|5
1763_sf8|1762_sf8|3
1764_sf8|1763_sf8|2
1764_sf8|1762_sf8|1
1765_sf8|1764_sf8|4
1766_sf8|1765_sf8|2
1767_sf8|1766_sf8|2
1767_sf8|1762_sf8|1
1768_sf8|1767_sf8|4
1768_sf8|1763_sf8|2
1769_sf8|1768_sf8|2
1770_sf8|1769_sf8|1
1771_sf8|1770_sf8|4
1772_sf8|1771_sf8|5
1773_sf8|1772_sf8|1
1773_sf8|1768_sf8|2
1774_sf8|1773_sf8|1
1775_sf8|1774_sf8|4
1775_sf8|1770_sf8|1
1776_sf8|1775_sf8|1
1777_sf8|1776_sf8|2
1777_sf8|1774_sf8|2
1778_sf8|1777_sf8|3
1779_sf8|1778_sf8|4
1780_sf8|1779_sf8|4
1781_sf8|1780_sf8|4
1782_sf8|1781_sf8|3
1783_sf8|1782_sf8|3
1783_sf8|1780_sf8|2
1784_sf8|1783_sf8|5
1785_sf8|1784_sf8|4
1785_sf8|1780_sf8|2
1786_sf8|1785_sf8|1
1787_sf8|1786_sf8|4
1787_sf8|1785_sf8|1
1788_sf8|1787_sf8|3
1789_sf8|1788_sf8|4
1790_sf8|1789_sf8|3
1790_sf8|1786_sf8|2
1791_sf8|1790_sf8|5
1791_sf8|1787_sf8|3
1792_sf8|1791_sf8|5
1793_sf8|1792_sf8|1
1793_sf8|1788_sf8|1
1794_sf8|1793_sf8|4
1795_sf8|1794_sf8|2
1795_sf8|1792_sf8|2
1796_sf8|1795_sf8|5
1797_sf8|1796_sf8|4
1798_sf8|1797_sf8|4
1799_sf8|1798_sf8|4
1799_sf8|1796_sf8|1
1800_sf8|1799_sf8|5
1801_sf8|1800_sf8|3
1802_sf8|1801_sf8|5
1803_sf8|1802_sf8|5
1804_sf8|1803_sf8|2
1804_sf8|1799_sf8|1
1805_sf8|1804_sf8|1
1806_sf8|1805_sf8|1
1807_sf8|1806_sf8|5
1808_sf8|1807_sf8|4
1809_sf8|1808_sf8|4
1809_sf8|1806_sf8|1
1810_sf8|1809_sf8|5
1811_sf8|1810_sf8|3
1812_sf8|1811_sf8|5
1812_sf8|1808_sf8|2
1813_sf8|1812_sf8|5
1814_sf8|1813_sf8|5
1814_sf8|1811_sf8|2
1815_sf8|1814_sf8|4
1816_sf8|1815_sf8|1
1817_sf8|1816_sf8|5
1818_sf8|1817_sf8|5
1819_sf8|1818_sf8|4
1819_sf8|1816_sf8|2
1820_sf8|1819_sf8|5
1821_sf8|1820_sf8|5
1822_sf8|1821_sf8|1
1823_sf8|1822_sf8|4
1824_sf8|1823_sf8|4
1825_sf8|1824_sf8|1
1826_sf8|1825_sf8|4
1826_sf8|1821_sf8|1
1827_sf8|1826_sf8|2
1828_sf8|1827_sf8|3
1828_sf8|1824_sf8|3
1829_sf8|1828_sf8|1
1829_sf8|1825_sf8|3
1830_sf8|1829_sf8|3
1830_sf8|1825_sf8|3
1831_sf8|1830_sf8|3
1832_sf8|1831_sf8|3
1833_sf8|1832_sf8|4
1834_sf8|1833_sf8|5
1835_sf8|1834_sf8|1
1836_sf8|1835_sf8|4
1837_sf8|1836_sf8|3
1838_sf8|1837_sf8|5
1839_sf8|1838_sf8|1
1839_sf8|1834_sf8|1
1840_sf8|1839_sf8|5
1840_sf8|1835_sf8|1
1841_sf8|1840_sf8|1
1842_sf8|1841_sf8|2
1842_sf8|1838_sf8|2
1843_sf8|1842_sf8|2
1844_sf8|1843_sf8|1
1844_sf8|1841_sf8|2
1845_sf8|1844_sf8|4
1846_sf8|1845_sf8|3
1847_sf8|1846_sf8|3
1848_sf8|1847_sf8|5
1849_sf8|1848_sf8|5
1850_sf8|1849_sf8|2
1851_sf8|1850_sf8|3
1852_sf8|1851_sf8|4
1853_sf8|1852_sf8|1
1853_sf8|1850_sf8|1
1854_sf8|1853_sf8|1
1854_sf8|1852_sf8|2
1855_sf8|1854_sf8|5
1856_sf8|1855_sf8|5
1857_sf8|1856_sf8|3
1858_sf8|1857_sf8|2
1859_sf8|1858_sf8|5
1859_sf8|1855_sf8|3
1860_sf8|1859_sf8|4
1860_sf8|1856_sf8|3
1861_sf8|1860_sf8|5
1861_sf8|1856_sf8|2
1862_sf8|1861_sf8|3
1863_sf8|1862_sf8|2
1863_sf8|1859_sf8|3
1864_sf8|1863_sf8|3
1865_sf8|1864_sf8|3
1865_sf8|1860_sf8|2
1866_sf8|1865_sf8|3
1867_sf8|1866_sf8|3
1868_sf8|1867_sf8|3
1868_sf8|1866_sf8|1
1869_sf8|1868_sf8|4
1870_sf8|1869_sf8|3
1871_sf8|1870_sf8|4
1872_sf8|1871_sf8|4
1872_sf8|1867_sf8|2
1873_sf8|1872_sf8|3
1873_sf8|1869_sf8|3
1874_sf8|1873_sf8|2
1875_sf8|1874_sf8|3
1876_sf8|1875_sf8|4
1877_sf8|1876_sf8|5
1878_sf8|1877_sf8|4
1878_sf8|1873_sf8|3
1879_sf8|1878_sf8|5
1880_sf8|1879_sf8|5
1880_sf8|1875_sf8|2
1881_sf8|1880_sf8|5
1882_sf8|1881_sf8|2
1882_sf8|1880_sf8|1
1883_sf8|1882_sf8|5
1884_sf8|1883_sf8|2
1885_sf8|1884_sf8|4
1885_sf8|1882_sf8|1
1886_sf8|1885_sf8|4
1887_sf8|1886_sf8|1
1888_sf8|1887_sf8|5
1889_sf8|1888_sf8|5
1890_sf8|1889_sf8|4
1891_sf8|1890_sf8|2
1891_sf8|1889_sf8|1
1892_sf8|1891_sf8|3
1892_sf8|1890_sf8|2
1893_sf8|1892_sf8|5
1894_sf8|1893_sf8|5
1895_sf8|1894_sf8|1
1896_sf8|1895_sf8|4
1896_sf8|1894_sf8|3
1897_sf8|1896_sf8|3
1898_sf8|1897_sf8|1
1898_sf8|1896_sf8|3
1899_sf8|1898_sf8|1
1899_sf8|1895_sf8|3
1900_sf8|1899_sf8|3
1901_sf8|1900_sf8|2
1901_sf8|1898_sf8|2
1902_sf8|1901_sf8|2
1903_sf8|1902_sf8|4
1904_sf8|1903_sf8|2
1905_sf8|1904_sf8|4
1905_sf8|1903_sf8|2
1906_sf8|1905_sf8|3
1907_sf8|1906_sf8|1
1908_sf8|1907_sf8|2
1909_sf8|1908_sf8|1
1909_sf8|1905_sf8|1
1910_sf8|1909_sf8|3
1911_sf8|1910_sf8|1
1912_sf8|1911_sf8|4
1913_sf8|1912_sf8|2
1913_sf8|1908_sf8|1
1914_sf8|1913_sf8|3
1915_sf8|1914_sf8|5
1916_sf8|1915_sf8|3
1916_sf8|1911_sf8|2
1917_sf8|1916_sf8|4
1917_sf8|1915_sf8|3
1918_sf8|1917_sf8|1
1918_sf8|1914_sf8|3
1919_sf8|1918_sf8|3
1920_sf8|1919_sf8|2
1921_sf8|1920_sf8|2
1922_sf8|1921_sf8|2
1923_sf8|1922_sf8|4
1924_sf8|1923_sf8|1
1925_sf8|1924_sf8|4
1926_sf8|1925_sf8|4
1926_sf8|1922_sf8|3
1927_sf8|1926_sf8|5
1928_sf8|1927_sf8|1
1929_sf8|1928_sf8|3
1929_sf8|1927_sf8|2
1930_sf8|1929_sf8|1
1930_sf8|1926_sf8|2
1931_sf8|1930_sf8|5
1932_sf8|1931_sf8|3
1932_sf8|1928_sf8|1
1933_sf8|1932_sf8|4
1933_sf8|1929_sf8|3
1934_sf8|1933_sf8|3
1934_sf8|1930_sf8|3
1935_sf8|1934_sf8|3
1936_sf8|1935_sf8|4
1936_sf8|1932_sf8|3
1937_sf8|1936_sf8|3
1938_sf8|1937_sf8|2
1939_sf8|1938_sf8|2
1940_sf8|1939_sf8|4
1941_sf8|1940_sf8|1
1941_sf8|1936_sf8|2
1942_sf8|1941_sf8|1
1943_sf8|1942_sf8|3
1944_sf8|1943_sf8|3
1945_sf8|1944_sf8|4
1946_sf8|1945_sf8|1
1947_sf8|1946_sf8|2
1948_sf8|1947_sf8|3
1949_sf8|1948_sf8|2
1950_sf8|1949_sf8|3
1951_sf8|1950_sf8|2
1952_sf8|1951_sf8|3
1952_sf8|1948_sf8|2
1953_sf8|1952_sf8|4
1954_sf8|1953_sf8|4
1955_sf8|1954_sf8|4
1956_sf8|1955_sf8|3
1957_sf8|1956_sf8|2
1958_sf8|1957_sf8|5
1959_sf8|1958_sf8|5
1960_sf8|1959_sf8|1
1960_sf8|1957_sf8|3
1961_sf8|1960_sf8|4
1962_sf8|1961_sf8|4
1963_sf8|1962_sf8|1
1963_sf8|1960_sf8|2
1964_sf8|1963_sf8|1
1964_sf8|1961_sf8|1
1965_sf8|1964_sf8|2
1966_sf8|1965_sf8|1
1967_sf8|1966_sf8|1
1968_sf8|1967_sf8|2
1969_sf8|1968_sf8|3
1969_sf8|1966_sf8|2
1970_sf8|1969_sf8|4
1971_sf8|1970_sf8|1
1972_sf8|1971_sf8|4
1972_sf8|1968_sf8|3
1973_sf8|1972_sf8|5
1973_sf8|1970_sf8|1
1974_sf8|1973_sf8|3
1974_sf8|1972_sf8|2
1975_sf8|1974_sf8|4
1976_sf8|1975_sf8|5
1977_sf8|1976_sf8|5
1977_sf8|1975_sf8|1
1978_sf8|1977_sf8|2
1978_sf8|1975_sf8|1
1979_sf8|1978_sf8|2
1980_sf8|1979_sf8|1
1981_sf8|1980_sf8|5
1981_sf8|1978_sf8|2
1982_sf8|1981_sf8|1
1983_sf8|1982_sf8|4
1984_sf8|1983_sf8|4
1985_sf8|1984_sf8|2
1986_sf8|1985_sf8|5
1987_sf8|1986_sf8|2
1987_sf8|1985_sf8|2
1988_sf8|1987_sf8|4
1988_sf8|1985_sf8|2
1989_sf8|1988_sf8|4
1990_sf8|1989_sf8|5
1991_sf8|1990_sf8|1
1991_sf8|1986_sf8|3
1992_sf8|1991_sf8|4
1993_sf8|1992_sf8|5
1994_sf8|1993_sf8|4
1995_sf8|1994_sf8|2
1996_sf8|1995_sf8|5
1996_sf8|1992_sf8|1
1997_sf8|1996_sf8|1
1998_sf8|1997_sf8|5
1999_sf8|1998_sf8|2
1999_sf8|1996_sf8|3
1_sf9|0_sf9|4
2_sf9|1_sf9|2
3_sf9|2_sf9|1
4_sf9|3_sf9|5
5_sf9|4_sf9|5
6_sf9|5_sf9|5
6_sf9|1_sf9|3
7_sf9|6_sf9|1
7_sf9|2_sf9|1
8_sf9|7_sf9|2
9_sf9|8_sf9|5
9_sf9|6_sf9|1
10_sf9|9_sf9|4
10_sf9|7_sf9|2
11_sf9|10_sf9|4
12_sf9|11_sf9|4
13_sf9|12_sf9|5
14_sf9|13_sf9|2
15_sf9|14_sf9|1
16_sf9|15_sf9|2
17_sf9|16_sf9|3
18_sf9|17_sf9|4
19_sf9|18_sf9|2
20_sf9|19_sf9|1
21_sf9|20_sf9|3
22_sf9|21_sf9|5
23_sf9|22_sf9|5
23_sf9|18_sf9|3
24_sf9|23_sf9|4
25_sf9|24_sf9|1
26_sf9|25_sf9|3
26_sf9|24_sf9|2
27_sf9|26_sf9|1
28_sf9|27_sf9|4
29_sf9|28_sf9|3
30_sf9|29_sf9|4
31_sf9|30_sf9|3
32_sf9|31_sf9|4
32_sf9|27_sf9|2
33_sf9|32_sf9|1
34_sf9|33_sf9|5
35_sf9|34_sf9|4
35_sf9|33_sf9|3
36_sf9|35_sf9|3
36_sf9|32_sf9|1
37_sf9|36_sf9|4
38_sf9|37_sf9|4
38_sf9|36_sf9|2
39_sf9|38_sf9|1
39_sf9|34_sf9|3
40_sf9|39_sf9|1
40_sf9|35_sf9|2
41_sf9|40_sf9|1
41_sf9|36_sf9|1
42_sf9|41_sf9|1
42_sf9|39_sf9|3
43_sf9|42_sf9|5
44_sf9|43_sf9|2
45_sf9|44_sf9|2
45_sf9|40_sf9|3
46_sf9|45_sf9|5
46_sf9|44_sf9|2
47_sf9|46_sf9|2
47_sf9|42_sf9|2
48_sf9|47_sf9|4
49_sf9|48_sf9|1
50_sf9|49_sf9|4
51_sf9|50_sf9|5
52_sf9|51_sf9|1
53_sf9|52_sf9|4
54_sf9|53_sf9|2
54_sf9|49_sf9|2
55_sf9|54_sf9|3
55_sf9|53_sf9|3
56_sf9|55_sf9|1
56_sf9|51_sf9|1
57_sf9|56_sf9|2
57_sf9|55_sf9|3
58_sf9|57_sf9|1
59_sf9|58_sf9|4
60_sf9|59_sf9|3
60_sf9|55_sf9|1
61_sf9|60_sf9|1
62_sf9|61_sf9|1
63_sf9|62_sf9|2
64_sf9|63_sf9|2
65_sf9|64_sf9|2
65_sf9|60_sf9|3
66_sf9|65_sf9|1
67_sf9|66_sf9|2
67_sf9|63_sf9|1
68_sf9|67_sf9|5
69_sf9|68_sf9|4
70_sf9|69_sf9|3
71_sf9|70_sf9|2
72_sf9|71_sf9|2
72_sf9|68_sf9|3
73_sf9|72_sf9|2
73_sf9|70_sf9|2
74_sf9|73_sf9|2
75_sf9|74_sf9|1
76_sf9|75_sf9|2
77_sf9|76_sf9|1
78_sf9|77_sf9|5
79_sf9|78_sf9|2
80_sf9|79_sf9|4
81_sf9|80_sf9|4
82_sf9|81_sf9|5
82_sf9|78_sf9|2
83_sf9|82_sf9|5
84_sf9|83_sf9|1
84_sf9|82_sf9|3
85_sf9|84_sf9|4
86_sf9|85_sf9|1
87_sf9|86_sf9|5
88_sf9|87_sf9|2
89_sf9|88_sf9|3
90_sf9|89_sf9|5
91_sf9|90_sf9|5
92_sf9|91_sf9|3
93_sf9|92_sf9|4
94_sf9|93_sf9|5
95_sf9|94_sf9|2
96_sf9|95_sf9|2
97_sf9|96_sf9|1
98_sf9|97_sf9|1
99_sf9|98_sf9|1
100_sf9|99_sf9|1
100_sf9|95_sf9|3
101_sf9|100_sf9|3
102_sf9|101_sf9|3
103_sf9|102_sf9|1
104_sf9|103_sf9|1
105_sf9|104_sf9|3
106_sf9|105_sf9|3
106_sf9|104_sf9|2
107_sf9|106_sf9|1
108_sf9|107_sf9|2
109_sf9|108_sf9|1
110_sf9|109_sf9|4
111_sf9|110_sf9|1
112_sf9|111_sf9|4
112_sf9|108_sf9|1
113_sf9|112_sf9|3
114_sf9|113_sf9|2
115_sf9|114_sf9|4
116_sf9|115_sf9|4
117_sf9|116_sf9|5
118_sf9|117_sf9|2
119_sf9|118_sf9|2
120_sf9|119_sf9|3
120_sf9|117_sf9|1
121_sf9|120_sf9|2
122_sf9|121_sf9|3
123_sf9|122_sf9|2
124_sf9|123_sf9|2
125_sf9|124_sf9|5
126_sf9|125_sf9|5
127_sf9|126_sf9|1
127_sf9|124_sf9|2
128_sf9|127_sf9|5
128_sf9|123_sf9|1
129_sf9|128_sf9|2
130_sf9|129_sf9|1
130_sf9|127_sf9|2
131_sf9|130_sf9|2
132_sf9|131_sf9|4
132_sf9|129_sf9|3
133_sf9|132_sf9|4
134_sf9|133_sf9|4
135_sf9|134_sf9|5
136_sf9|135_sf9|3
136_sf9|132_sf9|2
137_sf9|136_sf9|3
137_sf9|135_sf9|2
138_sf9|137_sf9|2
139_sf9|138_sf9|5
139_sf9|134_sf9|3
140_sf9|139_sf9|2
140_sf9|137_sf9|1
141_sf9|140_sf9|5
142_sf9|141_sf9|4
143_sf9|142_sf9|5
143_sf9|141_sf9|2
144_sf9|143_sf9|4
145_sf9|144_sf9|4
146_sf9|145_sf9|4
147_sf9|146_sf9|2
148_sf9|147_sf9|4
148_sf9|145_sf9|3
149_sf9|148_sf9|2
150_sf9|149_sf9|1
151_sf9|150_sf9|3
152_sf9|151_sf9|1
153_sf9|152_sf9|1
154_sf9|153_sf9|2
155_sf9|154_sf9|3
156_sf9|155_sf9|5
156_sf9|154_sf9|2
157_sf9|156_sf9|2
158_sf9|157_sf9|2
158_sf9|155_sf9|2
159_sf9|158_sf9|1
160_sf9|159_sf9|2
161_sf9|160_sf9|2
162_sf9|161_sf9|3
163_sf9|162_sf9|1
164_sf9|163_sf9|3
165_sf9|164_sf9|2
166_sf9|165_sf9|3
167_sf9|166_sf9|2
168_sf9|167_sf9|4
169_sf9|168_sf9|2
170_sf9|169_sf9|1
171_sf9|170_sf9|2
172_sf9|171_sf9|1
173_sf9|172_sf9|5
174_sf9|173_sf9|5
174_sf9|170_sf9|2
175_sf9|174_sf9|2
176_sf9|175_sf9|4
177_sf9|176_sf9|5
178_sf9|177_sf9|2
178_sf9|173_sf9|1
179_sf9|178_sf9|5
179_sf9|175_sf9|3
180_sf9|179_sf9|4
181_sf9|180_sf9|4
182_sf9|181_sf9|4
183_sf9|182_sf9|3
184_sf9|183_sf9|1
184_sf9|182_sf9|3
185_sf9|184_sf9|5
186_sf9|185_sf9|5
187_sf9|186_sf9|5
188_sf9|187_sf9|3
189_sf9|188_sf9|4
190_sf9|189_sf9|3
190_sf9|188_sf9|2
191_sf9|190_sf9|4
192_sf9|191_sf9|1
193_sf9|192_sf9|1
194_sf9|193_sf9|3
195_sf9|194_sf9|5
196_sf9|195_sf9|5
197_sf9|196_sf9|1
198_sf9|197_sf9|1
198_sf9|195_sf9|1
199_sf9|198_sf9|4
200_sf9|199_sf9|5
201_sf9|200_sf9|5
201_sf9|199_sf9|3
202_sf9|201_sf9|1
203_sf9|202_sf9|2
204_sf9|203_sf9|4
205_sf9|204_sf9|2
206_sf9|205_sf9|3
207_sf9|206_sf9|1
207_sf9|202_sf9|3
208_sf9|207_sf9|3
209_sf9|208_sf9|1
209_sf9|204_sf9|3
210_sf9|209_sf9|4
211_sf9|210_sf9|5
212_sf9|211_sf9|4
213_sf9|212_sf9|5
213_sf9|210_sf9|1
214_sf9|213_sf9|3
215_sf9|214_sf9|2
216_sf9|215_sf9|1
216_sf9|211_sf9|3
217_sf9|216_sf9|5
217_sf9|212_sf9|3
218_sf9|217_sf9|4
218_sf9|213_sf9|1
219_sf9|218_sf9|5
220_sf9|219_sf9|3
221_sf9|220_sf9|4
222_sf9|221_sf9|4
223_sf9|222_sf9|5
224_sf9|223_sf9|5
225_sf9|224_sf9|2
226_sf9|225_sf9|5
227_sf9|226_sf9|3
228_sf9|227_sf9|2
229_sf9|228_sf9|1
230_sf9|229_sf9|5
231_sf9|230_sf9|2
231_sf9|227_sf9|3
232_sf9|231_sf9|1
233_sf9|232_sf9|4
234_sf9|233_sf9|2
235_sf9|234_sf9|3
236_sf9|235_sf9|5
237_sf9|236_sf9|5
238_sf9|237_sf9|5
239_sf9|238_sf9|1
240_sf9|239_sf9|1
240_sf9|237_sf9|2
241_sf9|240_sf9|5
242_sf9|241_sf9|2
242_sf9|240_sf9|1
243_sf9|242_sf9|5
244_sf9|243_sf9|5
244_sf9|241_sf9|3
245_sf9|244_sf9|3
246_sf9|245_sf9|2
247_sf9|246_sf9|3
247_sf9|245_sf9|1
248_sf9|247_sf9|3
248_sf9|246_sf9|3
249_sf9|248_sf9|4
250_sf9|249_sf9|1
250_sf9|246_sf9|2
251_sf9|250_sf9|3
251_sf9|249_sf9|2
252_sf9|251_sf9|3
253_sf9|252_sf9|2
253_sf9|248_sf9|1
254_sf9|253_sf9|1
255_sf9|254_sf9|3
256_sf9|255_sf9|4
257_sf9|256_sf9|1
258_sf9|257_sf9|3
259_sf9|258_sf9|3
260_sf9|259_sf9|3
260_sf9|257_sf9|1
261_sf9|260_sf9|2
262_sf9|261_sf9|5
262_sf9|258_sf9|2
263_sf9|262_sf9|5
263_sf9|258_sf9|2
264_sf9|263_sf9|4
265_sf9|264_sf9|1
266_sf9|265_sf9|2
267_sf9|266_sf9|3
267_sf9|265_sf9|2
268_sf9|267_sf9|3
269_sf9|268_sf9|1
270_sf9|269_sf9|3
270_sf9|265_sf9|1
271_sf9|270_sf9|3
271_sf9|268_sf9|2
272_sf9|271_sf9|1
272_sf9|267_sf9|2
273_sf9|272_sf9|4
274_sf9|273_sf9|2
275_sf9|274_sf9|1
276_sf9|275_sf9|2
277_sf9|276_sf9|5
278_sf9|277_sf9|1
279_sf9|278_sf9|3
280_sf9|279_sf9|3
280_sf9|278_sf9|3
281_sf9|280_sf9|3
282_sf9|281_sf9|4
283_sf9|282_sf9|1
284_sf9|283_sf9|1
285_sf9|284_sf9|5
286_sf9|285_sf9|1
287_sf9|286_sf9|4
288_sf9|287_sf9|4
289_sf9|288_sf9|5
290_sf9|289_sf9|2
290_sf9|285_sf9|3
291_sf9|290_sf9|1
292_sf9|291_sf9|2
293_sf9|292_sf9|3
294_sf9|293_sf9|5
294_sf9|291_sf9|2
295_sf9|294_sf9|3
296_sf9|295_sf9|2
296_sf9|294_sf9|2
297_sf9|296_sf9|4
297_sf9|292_sf9|2
298_sf9|297_sf9|3
299_sf9|298_sf9|5
299_sf9|295_sf9|3
300_sf9|299_sf9|3
300_sf9|296_sf9|3
301_sf9|300_sf9|5
302_sf9|301_sf9|3
302_sf9|299_sf9|3
303_sf9|302_sf9|1
304_sf9|303_sf9|5
305_sf9|304_sf9|3
306_sf9|305_sf9|2
307_sf9|306_sf9|1
308_sf9|307_sf9|5
309_sf9|308_sf9|2
309_sf9|305_sf9|1
310_sf9|309_sf9|5
310_sf9|305_sf9|3
311_sf9|310_sf9|3
312_sf9|311_sf9|4
312_sf9|307_sf9|2
313_sf9|312_sf9|3
313_sf9|309_sf9|1
314_sf9|313_sf9|2
315_sf9|314_sf9|5
316_sf9|315_sf9|3
317_sf9|316_sf9|3
317_sf9|314_sf9|1
318_sf9|317_sf9|3
319_sf9|318_sf9|3
320_sf9|319_sf9|2
321_sf9|320_sf9|2
322_sf9|321_sf9|3
323_sf9|322_sf9|1
324_sf9|323_sf9|4
325_sf9|324_sf9|2
325_sf9|320_sf9|1
326_sf9|325_sf9|5
327_sf9|326_sf9|3
328_sf9|327_sf9|5
328_sf9|326_sf9|1
329_sf9|328_sf9|1
329_sf9|324_sf9|3
330_sf9|329_sf9|5
331_sf9|330_sf9|1
331_sf9|329_sf9|2
332_sf9|331_sf9|1
333_sf9|332_sf9|3
334_sf9|333_sf9|2
335_sf9|334_sf9|2
336_sf9|335_sf9|5
337_sf9|336_sf9|3
338_sf9|337_sf9|2
338_sf9|335_sf9|1
339_sf9|338_sf9|3
340_sf9|339_sf9|4
340_sf9|337_sf9|1
341_sf9|340_sf9|1
342_sf9|341_sf9|4
343_sf9|342_sf9|2
343_sf9|339_sf9|3
344_sf9|343_sf9|1
344_sf9|340_sf9|3
345_sf9|344_sf9|2
346_sf9|345_sf9|2
347_sf9|346_sf9|1
347_sf9|342_sf9|2
348_sf9|347_sf9|1
348_sf9|344_sf9|1
349_sf9|348_sf9|1
350_sf9|349_sf9|2
351_sf9|350_sf9|2
352_sf9|351_sf9|2
353_sf9|352_sf9|5
354_sf9|353_sf9|1
354_sf9|350_sf9|2
355_sf9|354_sf9|5
355_sf9|353_sf9|3
356_sf9|355_sf9|2
357_sf9|356_sf9|1
358_sf9|357_sf9|5
359_sf9|358_sf9|1
359_sf9|356_sf9|3
360_sf9|359_sf9|4
360_sf9|358_sf9|1
361_sf9|360_sf9|5
361_sf9|359_sf9|2
362_sf9|361_sf9|3
362_sf9|359_sf9|3
363_sf9|362_sf9|5
364_sf9|363_sf9|5
365_sf9|364_sf9|1
366_sf9|365_sf9|1
367_sf9|366_sf9|2
367_sf9|362_sf9|3
368_sf9|367_sf9|1
369_sf9|368_sf9|2
370_sf9|369_sf9|1
370_sf9|366_sf9|1
371_sf9|370_sf9|3
372_sf9|371_sf9|5
372_sf9|368_sf9|2
373_sf9|372_sf9|1
374_sf9|373_sf9|2
375_sf9|374_sf9|3
375_sf9|373_sf9|3
376_sf9|375_sf9|4
376_sf9|374_sf9|3
377_sf9|376_sf9|3
377_sf9|373_sf9|3
378_sf9|377_sf9|2
379_sf9|378_sf9|1
380_sf9|379_sf9|4
381_sf9|380_sf9|1
382_sf9|381_sf9|1
383_sf9|382_sf9|4
383_sf9|380_sf9|2
384_sf9|383_sf9|4
385_sf9|384_sf9|2
386_sf9|385_sf9|2
387_sf9|386_sf9|3
388_sf9|387_sf9|2
388_sf9|386_sf9|3
389_sf9|388_sf9|3
389_sf9|384_sf9|2
390_sf9|389_sf9|2
391_sf9|390_sf9|4
391_sf9|386_sf9|1
392_sf9|391_sf9|4
392_sf9|388_sf9|1
393_sf9|392_sf9|1
394_sf9|393_sf9|5
395_sf9|394_sf9|1
396_sf9|395_sf9|1
397_sf9|396_sf9|1
398_sf9|397_sf9|2
399_sf9|398_sf9|5
400_sf9|399_sf9|2
401_sf9|400_sf9|5
402_sf9|401_sf9|3
403_sf9|402_sf9|5
404_sf9|403_sf9|5
404_sf9|402_sf9|1
405_sf9|404_sf9|2
406_sf9|405_sf9|2
407_sf9|406_sf9|1
408_sf9|407_sf9|1
409_sf9|408_sf9|1
410_sf9|409_sf9|2
410_sf9|408_sf9|3
411_sf9|410_sf9|3
412_sf9|411_sf9|2
413_sf9|412_sf9|3
414_sf9|413_sf9|3
414_sf9|410_sf9|2
415_sf9|414_sf9|1
415_sf9|413_sf9|2
416_sf9|415_sf9|1
417_sf9|416_sf9|2
418_sf9|417_sf9|5
419_sf9|418_sf9|5
420_sf9|419_sf9|4
421_sf9|420_sf9|5
422_sf9|421_sf9|1
422_sf9|419_sf9|1
423_sf9|422_sf9|4
424_sf9|423_sf9|2
424_sf9|419_sf9|3
425_sf9|424_sf9|4
426_sf9|425_sf9|1
426_sf9|423_sf9|2
427_sf9|426_sf9|5
428_sf9|427_sf9|1
429_sf9|428_sf9|1
430_sf9|429_sf9|4
431_sf9|430_sf9|1
432_sf9|431_sf9|1
433_sf9|432_sf9|2
433_sf9|429_sf9|1
434_sf9|433_sf9|4
435_sf9|434_sf9|5
436_sf9|435_sf9|2
437_sf9|436_sf9|1
438_sf9|437_sf9|5
438_sf9|435_sf9|3
439_sf9|438_sf9|2
440_sf9|439_sf9|1
441_sf9|440_sf9|3
442_sf9|441_sf9|3
443_sf9|442_sf9|4
444_sf9|443_sf9|5
445_sf9|444_sf9|1
446_sf9|445_sf9|3
446_sf9|443_sf9|1
447_sf9|446_sf9|1
448_sf9|447_sf9|5
449_sf9|448_sf9|2
450_sf9|449_sf9|2
451_sf9|450_sf9|5
451_sf9|448_sf9|1
452_sf9|451_sf9|4
453_sf9|452_sf9|5
454_sf9|453_sf9|4
455_sf9|454_sf9|5
455_sf9|450_sf9|3
456_sf9|455_sf9|3
456_sf9|451_sf9|2
457_sf9|456_sf9|4
458_sf9|457_sf9|3
459_sf9|458_sf9|2
460_sf9|459_sf9|1
461_sf9|460_sf9|2
462_sf9|461_sf9|2
463_sf9|462_sf9|4
463_sf9|458_sf9|2
464_sf9|463_sf9|4
464_sf9|459_sf9|3
465_sf9|464_sf9|4
466_sf9|465_sf9|5
466_sf9|461_sf9|1
467_sf9|466_sf9|2
468_sf9|467_sf9|1
469_sf9|468_sf9|4
469_sf9|464_sf9|2
470_sf9|469_sf9|5
471_sf9|470_sf9|5
472_sf9|471_sf9|3
473_sf9|472_sf9|4
473_sf9|469_sf9|3
474_sf9|473_sf9|2
475_sf9|474_sf9|1
476_sf9|475_sf9|3
477_sf9|476_sf9|3
477_sf9|472_sf9|3
478_sf9|477_sf9|3
479_sf9|478_sf9|4
479_sf9|476_sf9|1
480_sf9|479_sf9|4
481_sf9|480_sf9|4
481_sf9|479_sf9|1
482_sf9|481_sf9|4
483_sf9|482_sf9|4
484_sf9|483_sf9|1
485_sf9|484_sf9|2
485_sf9|482_sf9|2
486_sf9|485_sf9|4
487_sf9|486_sf9|1
487_sf9|482_sf9|1
488_sf9|487_sf9|3
489_sf9|488_sf9|4
489_sf9|484_sf9|3
490_sf9|489_sf9|1
491_sf9|490_sf9|5
492_sf9|491_sf9|3
492_sf9|490_sf9|2
493_sf9|492_sf9|2
493_sf9|490_sf9|2
494_sf9|493_sf9|3
495_sf9|494_sf9|4
496_sf9|495_sf9|1
497_sf9|496_sf9|3
497_sf9|493_sf9|3
498_sf9|497_sf9|1
498_sf9|493_sf9|3
499_sf9|498_sf9|2
500_sf9|499_sf9|4
501_sf9|500_sf9|4
502_sf9|501_sf9|2
502_sf9|498_sf9|2
503_sf9|502_sf9|4
504_sf9|503_sf9|4
505_sf9|504_sf9|2
505_sf9|502_sf9|1
506_sf9|505_sf9|1
506_sf9|501_sf9|3
507_sf9|506_sf9|3
508_sf9|507_sf9|5
509_sf9|508_sf9|4
510_sf9|509_sf9|5
511_sf9|510_sf9|1
512_sf9|511_sf9|4
512_sf9|507_sf9|2
513_sf9|512_sf9|4
514_sf9|513_sf9|3
515_sf9|514_sf9|4
515_sf9|512_sf9|1
516_sf9|515_sf9|3
517_sf9|516_sf9|2
518_sf9|517_sf9|1
519_sf9|518_sf9|3
520_sf9|519_sf9|2
521_sf9|520_sf9|4
521_sf9|517_sf9|1
522_sf9|521_sf9|3
523_sf9|522_sf9|3
523_sf9|518_sf9|2
524_sf9|523_sf9|5
525_sf9|524_sf9|4
526_sf9|525_sf9|3
527_sf9|526_sf9|5
528_sf9|527_sf9|4
529_sf9|528_sf9|2
529_sf9|527_sf9|1
530_sf9|529_sf9|5
531_sf9|530_sf9|3
531_sf9|529_sf9|3
532_sf9|531_sf9|3
533_sf9|532_sf9|3
534_sf9|533_sf9|1
535_sf9|534_sf9|1
536_sf9|535_sf9|4
536_sf9|531_sf9|2
537_sf9|536_sf9|2
538_sf9|537_sf9|4
539_sf9|538_sf9|3
540_sf9|539_sf9|3
540_sf9|537_sf9|2
541_sf9|540_sf9|4
541_sf9|539_sf9|2
542_sf9|541_sf9|1
543_sf9|542_sf9|4
544_sf9|543_sf9|4
544_sf9|540_sf9|3
545_sf9|544_sf9|2
545_sf9|543_sf9|2
546_sf9|545_sf9|2
547_sf9|546_sf9|1
547_sf9|543_sf9|1
548_sf9|547_sf9|1
549_sf9|548_sf9|3
549_sf9|546_sf9|3
550_sf9|549_sf9|2
550_sf9|546_sf9|2
551_sf9|550_sf9|2
552_sf9|551_sf9|4
553_sf9|552_sf9|2
553_sf9|551_sf9|1
554_sf9|553_sf9|3
554_sf9|551_sf9|3
555_sf9|554_sf9|2
555_sf9|553_sf9|1
556_sf9|555_sf9|4
557_sf9|556_sf9|5
557_sf9|552_sf9|1
558_sf9|557_sf9|3
559_sf9|558_sf9|1
560_sf9|559_sf9|4
561_sf9|560_sf9|5
561_sf9|556_sf9|1
562_sf9|561_sf9|3
563_sf9|562_sf9|1
563_sf9|561_sf9|3
564_sf9|563_sf9|1
564_sf9|560_sf9|3
565_sf9|564_sf9|1
566_sf9|565_sf9|2
567_sf9|566_sf9|4
568_sf9|567_sf9|1
568_sf9|564_sf9|3
569_sf9|568_sf9|3
569_sf9|566_sf9|2
570_sf9|569_sf9|1
571_sf9|570_sf9|3
572_sf9|571_sf9|3
573_sf9|572_sf9|1
574_sf9|573_sf9|3
575_sf9|574_sf9|2
576_sf9|575_sf9|3
577_sf9|576_sf9|5
578_sf9|577_sf9|5
579_sf9|578_sf9|5
580_sf9|579_sf9|4
580_sf9|578_sf9|3
581_sf9|580_sf9|1
582_sf9|581_sf9|4
582_sf9|579_sf9|1
583_sf9|582_sf9|1
583_sf9|579_sf9|2
584_sf9|583_sf9|4
585_sf9|584_sf9|4
586_sf9|585_sf9|5
587_sf9|586_sf9|1
588_sf9|587_sf9|5
588_sf9|586_sf9|2
589_sf9|588_sf9|3
590_sf9|589_sf9|3
591_sf9|590_sf9|1
591_sf9|587_sf9|1
592_sf9|591_sf9|3
593_sf9|592_sf9|2
594_sf9|593_sf9|5
595_sf9|594_sf9|5
596_sf9|595_sf9|3
597_sf9|596_sf9|1
598_sf9|597_sf9|4
598_sf9|593_sf9|2
599_sf9|598_sf9|4
600_sf9|599_sf9|4
601_sf9|600_sf9|1
601_sf9|599_sf9|3
602_sf9|601_sf9|3
602_sf9|597_sf9|1
603_sf9|602_sf9|5
604_sf9|603_sf9|5
605_sf9|604_sf9|1
606_sf9|605_sf9|2
607_sf9|606_sf9|2
608_sf9|607_sf9|1
609_sf9|608_sf9|3
609_sf9|604_sf9|1
610_sf9|609_sf9|4
610_sf9|607_sf9|2
611_sf9|610_sf9|3
611_sf9|607_sf9|2
612_sf9|611_sf9|3
612_sf9|608_sf9|3
613_sf9|612_sf9|2
613_sf9|611_sf9|3
614_sf9|613_sf9|5
615_sf9|614_sf9|1
616_sf9|615_sf9|1
617_sf9|616_sf9|2
618_sf9|617_sf9|5
618_sf9|613_sf9|3
619_sf9|618_sf9|5
620_sf9|619_sf9|2
621_sf9|620_sf9|5
622_sf9|621_sf9|4
623_sf9|622_sf9|3
624_sf9|623_sf9|4
625_sf9|624_sf9|5
626_sf9|625_sf9|3
627_sf9|626_sf9|5
628_sf9|627_sf9|4
629_sf9|628_sf9|3
630_sf9|629_sf9|1
631_sf9|630_sf9|1
632_sf9|631_sf9|4
632_sf9|627_sf9|1
633_sf9|632_sf9|1
634_sf9|633_sf9|5
635_sf9|634_sf9|4
635_sf9|633_sf9|1
636_sf9|635_sf9|4
637_sf9|636_sf9|2
638_sf9|637_sf9|5
639_sf9|638_sf9|5
640_sf9|639_sf9|1
641_sf9|640_sf9|4
642_sf9|641_sf9|5
643_sf9|642_sf9|2
644_sf9|643_sf9|1
645_sf9|644_sf9|5
646_sf9|645_sf9|1
647_sf9|646_sf9|2
648_sf9|647_sf9|4
649_sf9|648_sf9|4
650_sf9|649_sf9|4
650_sf9|648_sf9|2
651_sf9|650_sf9|4
651_sf9|649_sf9|2
652_sf9|651_sf9|4
652_sf9|648_sf9|3
653_sf9|652_sf9|4
653_sf9|651_sf9|1
654_sf9|653_sf9|4
655_sf9|654_sf9|1
656_sf9|655_sf9|3
657_sf9|656_sf9|4
658_sf9|657_sf9|1
659_sf9|658_sf9|2
659_sf9|654_sf9|1
660_sf9|659_sf9|1
661_sf9|660_sf9|2
662_sf9|661_sf9|4
662_sf9|660_sf9|3
663_sf9|662_sf9|5
664_sf9|663_sf9|3
665_sf9|664_sf9|4
666_sf9|665_sf9|5
667_sf9|666_sf9|4
668_sf9|667_sf9|2
669_sf9|668_sf9|5
670_sf9|669_sf9|2
671_sf9|670_sf9|2
672_sf9|671_sf9|5
673_sf9|672_sf9|3
673_sf9|671_sf9|1
674_sf9|673_sf9|1
674_sf9|669_sf9|2
675_sf9|674_sf9|4
675_sf9|671_sf9|1
676_sf9|675_sf9|3
677_sf9|676_sf9|3
677_sf9|675_sf9|2
678_sf9|677_sf9|4
679_sf9|678_sf9|3
680_sf9|679_sf9|4
681_sf9|680_sf9|3
682_sf9|681_sf9|3
682_sf9|678_sf9|3
683_sf9|682_sf9|3
684_sf9|683_sf9|3
684_sf9|680_sf9|2
685_sf9|684_sf9|2
686_sf9|685_sf9|5
687_sf9|686_sf9|3
687_sf9|685_sf9|3
688_sf9|687_sf9|2
689_sf9|688_sf9|5
690_sf9|689_sf9|3
691_sf9|690_sf9|4
691_sf9|688_sf9|3
692_sf9|691_sf9|4
693_sf9|692_sf9|1
694_sf9|693_sf9|1
695_sf9|694_sf9|1
696_sf9|695_sf9|2
697_sf9|696_sf9|4
698_sf9|697_sf9|1
698_sf9|693_sf9|2
699_sf9|698_sf9|1
700_sf9|699_sf9|4
701_sf9|700_sf9|1
702_sf9|701_sf9|4
702_sf9|699_sf9|3
703_sf9|702_sf9|3
703_sf9|701_sf9|1
704_sf9|703_sf9|4
704_sf9|701_sf9|2
705_sf9|704_sf9|4
706_sf9|705_sf9|5
706_sf9|702_sf9|1
707_sf9|706_sf9|1
707_sf9|702_sf9|1
708_sf9|707_sf9|1
709_sf9|708_sf9|5
709_sf9|704_sf9|2
710_sf9|709_sf9|1
711_sf9|710_sf9|1
712_sf9|711_sf9|4
713_sf9|712_sf9|3
714_sf9|713_sf9|4
715_sf9|714_sf9|1
715_sf9|713_sf9|2
716_sf9|715_sf9|5
717_sf9|716_sf9|3
718_sf9|717_sf9|2
718_sf9|715_sf9|1
719_sf9|718_sf9|5
720_sf9|719_sf9|4
721_sf9|720_sf9|4
721_sf9|716_sf9|2
722_sf9|721_sf9|1
723_sf9|722_sf9|1
723_sf9|721_sf9|1
724_sf9|723_sf9|4
725_sf9|724_sf9|4
726_sf9|725_sf9|2
727_sf9|726_sf9|3
728_sf9|727_sf9|1
729_sf9|728_sf9|1
730_sf9|729_sf9|1
731_sf9|730_sf9|2
732_sf9|731_sf9|5
733_sf9|732_sf9|1
733_sf9|728_sf9|3
734_sf9|733_sf9|4
735_sf9|734_sf9|2
736_sf9|735_sf9|1
737_sf9|736_sf9|3
738_sf9|737_sf9|4
738_sf9|734_sf9|3
739_sf9|738_sf9|4
739_sf9|735_sf9|1
740_sf9|739_sf9|2
740_sf9|735_sf9|2
741_sf9|740_sf9|1
741_sf9|737_sf9|2
742_sf9|741_sf9|2
742_sf9|740_sf9|2
743_sf9|742_sf9|1
744_sf9|743_sf9|4
745_sf9|744_sf9|1
746_sf9|745_sf9|5
747_sf9|746_sf9|5
747_sf9|742_sf9|2
748_sf9|747_sf9|4
749_sf9|748_sf9|1
750_sf9|749_sf9|2
751_sf9|750_sf9|5
751_sf9|749_sf9|3
752_sf9|751_sf9|2
753_sf9|752_sf9|1
754_sf9|753_sf9|4
755_sf9|754_sf9|3
756_sf9|755_sf9|2
757_sf9|756_sf9|4
758_sf9|757_sf9|5
759_sf9|758_sf9|1
760_sf9|759_sf9|4
761_sf9|760_sf9|2
762_sf9|761_sf9|5
762_sf9|759_sf9|1
763_sf9|762_sf9|5
764_sf9|763_sf9|2
765_sf9|764_sf9|2
766_sf9|765_sf9|3
767_sf9|766_sf9|3
768_sf9|767_sf9|1
769_sf9|768_sf9|4
770_sf9|769_sf9|4
771_sf9|770_sf9|4
772_sf9|771_sf9|4
773_sf9|772_sf9|1
773_sf9|771_sf9|2
774_sf9|773_sf9|3
774_sf9|772_sf9|3
775_sf9|774_sf9|1
776_sf9|775_sf9|4
776_sf9|771_sf9|3
777_sf9|776_sf9|5
778_sf9|777_sf9|3
778_sf9|773_sf9|1
779_sf9|778_sf9|2
779_sf9|777_sf9|2
780_sf9|779_sf9|2
781_sf9|780_sf9|2
782_sf9|781_sf9|4
782_sf9|780_sf9|1
783_sf9|782_sf9|5
783_sf9|780_sf9|3
784_sf9|783_sf9|4
784_sf9|781_sf9|3
785_sf9|784_sf9|4
786_sf9|785_sf9|3
786_sf9|783_sf9|1
787_sf9|786_sf9|2
788_sf9|787_sf9|5
788_sf9|783_sf9|1
789_sf9|788_sf9|1
790_sf9|789_sf9|2
790_sf9|786_sf9|3
791_sf9|790_sf9|2
791_sf9|787_sf9|2
792_sf9|791_sf9|4
793_sf9|792_sf9|4
793_sf9|791_sf9|3
794_sf9|793_sf9|2
795_sf9|794_sf9|2
796_sf9|795_sf9|5
797_sf9|796_sf9|5
798_sf9|797_sf9|4
799_sf9|798_sf9|3
800_sf9|799_sf9|1
801_sf9|800_sf9|2
802_sf9|801_sf9|4
802_sf9|798_sf9|2
803_sf9|802_sf9|2
803_sf9|798_sf9|1
804_sf9|803_sf9|1
805_sf9|804_sf9|5
806_sf9|805_sf9|1
807_sf9|806_sf9|3
808_sf9|807_sf9|4
808_sf9|804_sf9|3
809_sf9|808_sf9|5
810_sf9|809_sf9|2
811_sf9|810_sf9|3
812_sf9|811_sf9|1
813_sf9|812_sf9|2
814_sf9|813_sf9|2
814_sf9|809_sf9|1
815_sf9|814_sf9|5
816_sf9|815_sf9|4
817_sf9|816_sf9|5
818_sf9|817_sf9|4
819_sf9|818_sf9|1
820_sf9|819_sf9|3
821_sf9|820_sf9|4
822_sf9|821_sf9|4
822_sf9|818_sf9|2
823_sf9|822_sf9|4
824_sf9|823_sf9|5
825_sf9|824_sf9|5
826_sf9|825_sf9|1
826_sf9|822_sf9|1
827_sf9|826_sf9|1
827_sf9|825_sf9|3
828_sf9|827_sf9|4
829_sf9|828_sf9|2
830_sf9|829_sf9|1
831_sf9|830_sf9|3
832_sf9|831_sf9|1
832_sf9|829_sf9|2
833_sf9|832_sf9|5
833_sf9|830_sf9|1
834_sf9|833_sf9|1
834_sf9|832_sf9|3
835_sf9|834_sf9|2
835_sf9|832_sf9|1
836_sf9|835_sf9|4
837_sf9|836_sf9|5
837_sf9|834_sf9|2
838_sf9|837_sf9|3
839_sf9|838_sf9|2
839_sf9|836_sf9|1
840_sf9|839_sf9|3
840_sf9|837_sf9|2
841_sf9|840_sf9|5
842_sf9|841_sf9|2
843_sf9|842_sf9|3
844_sf9|843_sf9|5
845_sf9|844_sf9|3
846_sf9|845_sf9|2
846_sf9|842_sf9|3
847_sf9|846_sf9|5
848_sf9|847_sf9|1
848_sf9|843_sf9|1
849_sf9|848_sf9|4
850_sf9|849_sf9|5
850_sf9|847_sf9|1
851_sf9|850_sf9|4
852_sf9|851_sf9|5
853_sf9|852_sf9|5
854_sf9|853_sf9|5
855_sf9|854_sf9|4
855_sf9|853_sf9|2
856_sf9|855_sf9|5
857_sf9|856_sf9|5
858_sf9|857_sf9|3
859_sf9|858_sf9|3
860_sf9|859_sf9|5
861_sf9|860_sf9|4
862_sf9|861_sf9|5
863_sf9|862_sf9|5
864_sf9|863_sf9|5
865_sf9|864_sf9|2
865_sf9|860_sf9|3
866_sf9|865_sf9|1
867_sf9|866_sf9|2
868_sf9|867_sf9|3
869_sf9|868_sf9|2
870_sf9|869_sf9|1
871_sf9|870_sf9|3
872_sf9|871_sf9|4
873_sf9|872_sf9|5
874_sf9|873_sf9|5
875_sf9|874_sf9|2
875_sf9|870_sf9|2
876_sf9|875_sf9|1
876_sf9|872_sf9|3
877_sf9|876_sf9|4
878_sf9|877_sf9|4
878_sf9|874_sf9|3
879_sf9|878_sf9|4
879_sf9|876_sf9|2
880_sf9|879_sf9|1
881_sf9|880_sf9|1
882_sf9|881_sf9|5
882_sf9|879_sf9|1
883_sf9|882_sf9|2
883_sf9|878_sf9|2
884_sf9|883_sf9|5
885_sf9|884_sf9|5
886_sf9|885_sf9|1
887_sf9|886_sf9|3
888_sf9|887_sf9|4
888_sf9|885_sf9|2
889_sf9|888_sf9|3
890_sf9|889_sf9|5
891_sf9|890_sf9|2
891_sf9|887_sf9|1
892_sf9|891_sf9|1
893_sf9|892_sf9|4
894_sf9|893_sf9|3
894_sf9|890_sf9|2
895_sf9|894_sf9|2
895_sf9|891_sf9|1
896_sf9|895_sf9|4
896_sf9|892_sf9|2
897_sf9|896_sf9|5
898_sf9|897_sf9|5
898_sf9|896_sf9|3
899_sf9|898_sf9|2
899_sf9|896_sf9|2
900_sf9|899_sf9|5
900_sf9|898_sf9|2
901_sf9|900_sf9|5
901_sf9|899_sf9|3
902_sf9|901_sf9|3
902_sf9|900_sf9|1
903_sf9|902_sf9|3
904_sf9|903_sf9|1
905_sf9|904_sf9|4
906_sf9|905_sf9|4
907_sf9|906_sf9|5
908_sf9|907_sf9|3
909_sf9|908_sf9|1
910_sf9|909_sf9|4
911_sf9|910_sf9|2
911_sf9|907_sf9|2
912_sf9|911_sf9|3
912_sf9|910_sf9|2
913_sf9|912_sf9|4
914_sf9|913_sf9|2
915_sf9|914_sf9|1
915_sf9|910_sf9|2
916_sf9|915_sf9|3
916_sf9|911_sf9|1
917_sf9|916_sf9|2
918_sf9|917_sf9|3
918_sf9|913_sf9|3
919_sf9|918_sf9|5
919_sf9|914_sf9|2
920_sf9|919_sf9|4
920_sf9|915_sf9|3
921_sf9|920_sf9|1
922_sf9|921_sf9|3
922_sf9|917_sf9|1
923_sf9|922_sf9|5
923_sf9|920_sf9|1
924_sf9|923_sf9|5
924_sf9|919_sf9|2
925_sf9|924_sf9|2
926_sf9|925_sf9|4
927_sf9|926_sf9|3
928_sf9|927_sf9|1
929_sf9|928_sf9|4
929_sf9|924_sf9|2
930_sf9|929_sf9|4
931_sf9|930_sf9|1
932_sf9|931_sf9|3
933_sf9|932_sf9|4
933_sf9|931_sf9|2
934_sf9|933_sf9|3
935_sf9|934_sf9|2
935_sf9|931_sf9|2
936_sf9|935_sf9|4
937_sf9|936_sf9|4
938_sf9|937_sf9|5
939_sf9|938_sf9|3
940_sf9|939_sf9|5
941_sf9|940_sf9|3
942_sf9|941_sf9|4
943_sf9|942_sf9|1
943_sf9|940_sf9|3
944_sf9|943_sf9|3
944_sf9|942_sf9|3
945_sf9|944_sf9|3
945_sf9|943_sf9|1
946_sf9|945_sf9|2
946_sf9|944_sf9|2
947_sf9|946_sf9|4
948_sf9|947_sf9|2
949_sf9|948_sf9|5
950_sf9|949_sf9|1
951_sf9|950_sf9|3
952_sf9|951_sf9|5
953_sf9|952_sf9|2
953_sf9|948_sf9|2
954_sf9|953_sf9|2
955_sf9|954_sf9|1
956_sf9|955_sf9|1
957_sf9|956_sf9|4
958_sf9|957_sf9|1
959_sf9|958_sf9|5
960_sf9|959_sf9|5
960_sf9|956_sf9|1
961_sf9|960_sf9|1
962_sf9|961_sf9|1
962_sf9|960_sf9|3
963_sf9|962_sf9|2
964_sf9|963_sf9|1
964_sf9|962_sf9|3
965_sf9|964_sf9|2
966_sf9|965_sf9|3
967_sf9|966_sf9|4
967_sf9|963_sf9|2
968_sf9|967_sf9|2
969_sf9|968_sf9|4
970_sf9|969_sf9|5
971_sf9|970_sf9|1
972_sf9|971_sf9|5
972_sf9|968_sf9|1
973_sf9|972_sf9|1
973_sf9|971_sf9|2
974_sf9|973_sf9|5
975_sf9|974_sf9|1
976_sf9|975_sf9|5
977_sf9|976_sf9|3
978_sf9|977_sf9|5
979_sf9|978_sf9|2
980_sf9|979_sf9|4
980_sf9|978_sf9|3
981_sf9|980_sf9|2
981_sf9|979_sf9|2
982_sf9|981_sf9|5
983_sf9|982_sf9|1
984_sf9|983_sf9|4
985_sf9|984_sf9|5
985_sf9|983_sf9|3
986_sf9|985_sf9|1
987_sf9|986_sf9|1
988_sf9|987_sf9|1
989_sf9|988_sf9|4
990_sf9|989_sf9|1
991_sf9|990_sf9|3
992_sf9|991_sf9|3
993_sf9|992_sf9|3
993_sf9|990_sf9|1
994_sf9|993_sf9|5
995_sf9|994_sf9|4
996_sf9|995_sf9|2
997_sf9|996_sf9|1
998_sf9|997_sf9|4
998_sf9|993_sf9|1
999_sf9|998_sf9|3
1000_sf9|999_sf9|1
1000_sf9|998_sf9|1
1001_sf9|1000_sf9|3
1002_sf9|1001_sf9|4
1003_sf9|1002_sf9|3
1004_sf9|1003_sf9|2
1004_sf9|1001_sf9|3
1005_sf9|1004_sf9|1
1005_sf9|1002_sf9|1
1006_sf9|1005_sf9|1
1007_sf9|1006_sf9|4
1008_sf9|1007_sf9|5
1008_sf9|1004_sf9|2
1009_sf9|1008_sf9|5
1010_sf9|1009_sf9|5
1010_sf9|1005_sf9|1
1011_sf9|1010_sf9|3
1012_sf9|1011_sf9|1
1012_sf9|1010_sf9|3
1013_sf9|1012_sf9|5
1013_sf9|1008_sf9|1
1014_sf9|1013_sf9|5
1014_sf9|1009_sf9|1
1015_sf9|1014_sf9|3
1016_sf9|1015_sf9|3
1017_sf9|1016_sf9|5
1018_sf9|1017_sf9|3
1019_sf9|1018_sf9|4
1020_sf9|1019_sf9|5
1020_sf9|1015_sf9|1
1021_sf9|1020_sf9|3
1022_sf9|1021_sf9|1
1023_sf9|1022_sf9|1
1024_sf9|1023_sf9|1
1025_sf9|1024_sf9|2
1026_sf9|1025_sf9|2
1027_sf9|1026_sf9|4
1028_sf9|1027_sf9|4
1028_sf9|1023_sf9|1
1029_sf9|1028_sf9|2
1029_sf9|1027_sf9|3
1030_sf9|1029_sf9|1
1031_sf9|1030_sf9|4
1032_sf9|1031_sf9|1
1032_sf9|1029_sf9|3
1033_sf9|1032_sf9|4
1034_sf9|1033_sf9|3
1035_sf9|1034_sf9|3
1035_sf9|1033_sf9|2
1036_sf9|1035_sf9|1
1036_sf9|1033_sf9|3
1037_sf9|1036_sf9|3
1038_sf9|1037_sf9|5
1038_sf9|1034_sf9|3
1039_sf9|1038_sf9|4
1040_sf9|1039_sf9|1
1041_sf9|1040_sf9|4
1042_sf9|1041_sf9|1
1042_sf9|1037_sf9|3
1043_sf9|1042_sf9|3
1043_sf9|1040_sf9|3
1044_sf9|1043_sf9|3
1045_sf9|1044_sf9|4
1046_sf9|1045_sf9|4
1046_sf9|1041_sf9|2
1047_sf9|1046_sf9|3
1048_sf9|1047_sf9|4
1049_sf9|1048_sf9|3
1050_sf9|1049_sf9|1
1051_sf9|1050_sf9|2
1052_sf9|1051_sf9|5
1053_sf9|1052_sf9|4
1053_sf9|1051_sf9|2
1054_sf9|1053_sf9|4
1054_sf9|1052_sf9|2
1055_sf9|1054_sf9|5
1056_sf9|1055_sf9|5
1056_sf9|1054_sf9|1
1057_sf9|1056_sf9|3
1058_sf9|1057_sf9|4
1059_sf9|1058_sf9|5
1060_sf9|1059_sf9|5
1061_sf9|1060_sf9|1
1061_sf9|1059_sf9|1
1062_sf9|1061_sf9|3
1063_sf9|1062_sf9|2
1063_sf9|1059_sf9|1
1064_sf9|1063_sf9|2
1065_sf9|1064_sf9|4
1066_sf9|1065_sf9|2
1067_sf9|1066_sf9|2
1067_sf9|1062_sf9|2
1068_sf9|1067_sf9|5
1068_sf9|1064_sf9|1
1069_sf9|1068_sf9|3
1069_sf9|1065_sf9|3
1070_sf9|1069_sf9|4
1071_sf9|1070_sf9|5
1072_sf9|1071_sf9|2
1073_sf9|1072_sf9|2
1074_sf9|1073_sf9|4
1074_sf9|1072_sf9|3
1075_sf9|1074_sf9|5
1076_sf9|1075_sf9|5
1076_sf9|1072_sf9|1
1077_sf9|1076_sf9|2
1078_sf9|1077_sf9|3
1078_sf9|1074_sf9|2
1079_sf9|1078_sf9|2
1080_sf9|1079_sf9|2
1081_sf9|1080_sf9|3
1082_sf9|1081_sf9|3
1083_sf9|1082_sf9|1
1084_sf9|1083_sf9|2
1085_sf9|1084_sf9|5
1086_sf9|1085_sf9|1
1087_sf9|1086_sf9|3
1088_sf9|1087_sf9|3
1089_sf9|1088_sf9|1
1089_sf9|1086_sf9|1
1090_sf9|1089_sf9|5
1090_sf9|1087_sf9|1
1091_sf9|1090_sf9|4
1091_sf9|1088_sf9|1
1092_sf9|1091_sf9|5
1093_sf9|1092_sf9|1
1093_sf9|1089_sf9|2
1094_sf9|1093_sf9|2
1095_sf9|1094_sf9|3
1095_sf9|1091_sf9|2
1096_sf9|1095_sf9|2
1097_sf9|1096_sf9|1
1098_sf9|1097_sf9|3
1098_sf9|1096_sf9|1
1099_sf9|1098_sf9|3
1100_sf9|1099_sf9|1
1101_sf9|1100_sf9|5
1102_sf9|1101_sf9|4
1103_sf9|1102_sf9|5
1104_sf9|1103_sf9|2
1105_sf9|1104_sf9|5
1106_sf9|1105_sf9|4
1107_sf9|1106_sf9|3
1108_sf9|1107_sf9|4
1108_sf9|1106_sf9|2
1109_sf9|1108_sf9|5
1110_sf9|1109_sf9|2
1111_sf9|1110_sf9|2
1112_sf9|1111_sf9|1
1112_sf9|1107_sf9|3
1113_sf9|1112_sf9|2
1114_sf9|1113_sf9|2
1115_sf9|1114_sf9|3
1116_sf9|1115_sf9|2
1117_sf9|1116_sf9|2
1118_sf9|1117_sf9|3
1118_sf9|1116_sf9|1
1119_sf9|1118_sf9|1
1120_sf9|1119_sf9|2
1121_sf9|1120_sf9|5
1122_sf9|1121_sf9|5
1122_sf9|1120_sf9|2
1123_sf9|1122_sf9|3
1123_sf9|1121_sf9|2
1124_sf9|1123_sf9|4
1125_sf9|1124_sf9|5
1126_sf9|1125_sf9|1
1127_sf9|1126_sf9|1
1128_sf9|1127_sf9|2
1128_sf9|1126_sf9|1
1129_sf9|1128_sf9|1
1129_sf9|1127_sf9|2
1130_sf9|1129_sf9|5
1131_sf9|1130_sf9|1
1132_sf9|1131_sf9|4
1133_sf9|1132_sf9|4
1133_sf9|1130_sf9|3
1134_sf9|1133_sf9|4
1135_sf9|1134_sf9|2
1136_sf9|1135_sf9|2
1137_sf9|1136_sf9|2
1137_sf9|1133_sf9|3
1138_sf9|1137_sf9|3
1138_sf9|1134_sf9|3
1139_sf9|1138_sf9|2
1139_sf9|1135_sf9|1
1140_sf9|1139_sf9|2
1140_sf9|1136_sf9|1
1141_sf9|1140_sf9|2
1142_sf9|1141_sf9|1
1142_sf9|1137_sf9|3
1143_sf9|1142_sf9|4
1143_sf9|1140_sf9|3
1144_sf9|1143_sf9|3
1145_sf9|1144_sf9|1
1145_sf9|1143_sf9|3
1146_sf9|1145_sf9|4
1147_sf9|1146_sf9|5
1148_sf9|1147_sf9|5
1148_sf9|1144_sf9|3
1149_sf9|1148_sf9|1
1149_sf9|1147_sf9|3
1150_sf9|1149_sf9|1
1151_sf9|1150_sf9|3
1152_sf9|1151_sf9|3
1152_sf9|1148_sf9|2
1153_sf9|1152_sf9|4
1154_sf9|1153_sf9|4
1154_sf9|1152_sf9|1
1155_sf9|1154_sf9|1
1156_sf9|1155_sf9|4
1156_sf9|1153_sf9|1
1157_sf9|1156_sf9|1
1158_sf9|1157_sf9|4
1159_sf9|1158_sf9|4
1159_sf9|1156_sf9|2
1160_sf9|1159_sf9|5
1161_sf9|1160_sf9|1
1161_sf9|1157_sf9|3
1162_sf9|1161_sf9|5
1163_sf9|1162_sf9|5
1164_sf9|1163_sf9|4
1164_sf9|1160_sf9|3
1165_sf9|1164_sf9|4
1166_sf9|1165_sf9|1
1167_sf9|1166_sf9|3
1168_sf9|1167_sf9|1
1169_sf9|1168_sf9|4
1169_sf9|1166_sf9|3
1170_sf9|1169_sf9|4
1170_sf9|1166_sf9|1
1171_sf9|1170_sf9|4
1172_sf9|1171_sf9|4
1173_sf9|1172_sf9|1
1174_sf9|1173_sf9|3
1175_sf9|1174_sf9|3
1175_sf9|1172_sf9|3
1176_sf9|1175_sf9|4
1176_sf9|1172_sf9|3
1177_sf9|1176_sf9|4
1178_sf9|1177_sf9|5
1179_sf9|1178_sf9|1
1179_sf9|1175_sf9|2
1180_sf9|1179_sf9|3
1181_sf9|1180_sf9|4
1181_sf9|1176_sf9|1
1182_sf9|1181_sf9|4
1183_sf9|1182_sf9|2
1184_sf9|1183_sf9|1
1185_sf9|1184_sf9|2
1186_sf9|1185_sf9|2
1186_sf9|1181_sf9|2
1187_sf9|1186_sf9|1
1187_sf9|1185_sf9|2
1188_sf9|1187_sf9|4
1189_sf9|1188_sf9|3
1190_sf9|1189_sf9|3
1191_sf9|1190_sf9|5
1191_sf9|1187_sf9|1
1192_sf9|1191_sf9|5
1193_sf9|1192_sf9|5
1193_sf9|1188_sf9|2
1194_sf9|1193_sf9|4
1195_sf9|1194_sf9|3
1195_sf9|1191_sf9|2
1196_sf9|1195_sf9|4
1196_sf9|1194_sf9|2
1197_sf9|1196_sf9|1
1197_sf9|1195_sf9|2
1198_sf9|1197_sf9|1
1199_sf9|1198_sf9|5
1200_sf9|1199_sf9|5
1201_sf9|1200_sf9|2
1202_sf9|1201_sf9|4
1202_sf9|1199_sf9|3
1203_sf9|1202_sf9|2
1204_sf9|1203_sf9|3
1205_sf9|1204_sf9|2
1206_sf9|1205_sf9|5
1207_sf9|1206_sf9|5
1208_sf9|1207_sf9|1
1209_sf9|1208_sf9|2
1210_sf9|1209_sf9|2
1211_sf9|1210_sf9|4
1211_sf9|1208_sf9|1
1212_sf9|1211_sf9|4
1213_sf9|1212_sf9|1
1214_sf9|1213_sf9|5
1215_sf9|1214_sf9|5
1215_sf9|1212_sf9|2
1216_sf9|1215_sf9|2
1216_sf9|1213_sf9|3
1217_sf9|1216_sf9|4
1218_sf9|1217_sf9|4
1219_sf9|1218_sf9|3
1220_sf9|1219_sf9|4
1221_sf9|1220_sf9|5
1221_sf9|1217_sf9|2
1222_sf9|1221_sf9|1
1222_sf9|1220_sf9|2
1223_sf9|1222_sf9|2
1224_sf9|1223_sf9|5
1225_sf9|1224_sf9|2
1226_sf9|1225_sf9|1
1227_sf9|1226_sf9|1
1228_sf9|1227_sf9|1
1229_sf9|1228_sf9|5
1229_sf9|1225_sf9|1
1230_sf9|1229_sf9|5
1230_sf9|1228_sf9|1
1231_sf9|1230_sf9|5
1231_sf9|1228_sf9|2
1232_sf9|1231_sf9|5
1233_sf9|1232_sf9|5
1234_sf9|1233_sf9|3
1235_sf9|1234_sf9|5
1236_sf9|1235_sf9|4
1236_sf9|1231_sf9|3
1237_sf9|1236_sf9|5
1238_sf9|1237_sf9|1
1239_sf9|1238_sf9|2
1240_sf9|1239_sf9|5
1241_sf9|1240_sf9|1
1242_sf9|1241_sf9|5
1243_sf9|1242_sf9|3
1243_sf9|1240_sf9|3
1244_sf9|1243_sf9|3
1244_sf9|1241_sf9|2
1245_sf9|1244_sf9|2
1246_sf9|1245_sf9|2
1247_sf9|1246_sf9|5
1247_sf9|1245_sf9|3
1248_sf9|1247_sf9|3
1249_sf9|1248_sf9|5
1249_sf9|1247_sf9|2
1250_sf9|1249_sf9|4
1251_sf9|1250_sf9|5
1252_sf9|1251_sf9|2
1252_sf9|1249_sf9|2
1253_sf9|1252_sf9|2
1253_sf9|1248_sf9|2
1254_sf9|1253_sf9|2
1255_sf9|1254_sf9|4
1256_sf9|1255_sf9|5
1257_sf9|1256_sf9|1
1257_sf9|1254_sf9|1
1258_sf9|1257_sf9|4
1259_sf9|1258_sf9|2
1260_sf9|1259_sf9|3
1261_sf9|1260_sf9|2
1262_sf9|1261_sf9|3
1262_sf9|1257_sf9|3
1263_sf9|1262_sf9|2
1263_sf9|1261_sf9|1
1264_sf9|1263_sf9|3
1265_sf9|1264_sf9|5
1266_sf9|1265_sf9|3
1267_sf9|1266_sf9|4
1268_sf9|1267_sf9|4
1269_sf9|1268_sf9|5
1269_sf9|1267_sf9|2
1270_sf9|1269_sf9|5
1271_sf9|1270_sf9|4
1271_sf9|1266_sf9|3
1272_sf9|1271_sf9|5
1273_sf9|1272_sf9|4
1274_sf9|1273_sf9|4
1275_sf9|1274_sf9|4
1276_sf9|1275_sf9|5
1277_sf9|1276_sf9|3
1277_sf9|1272_sf9|2
1278_sf9|1277_sf9|3
1278_sf9|1273_sf9|1
1279_sf9|1278_sf9|5
1280_sf9|1279_sf9|5
1281_sf9|1280_sf9|4
1282_sf9|1281_sf9|2
1283_sf9|1282_sf9|3
1284_sf9|1283_sf9|3
1284_sf9|1281_sf9|3
1285_sf9|1284_sf9|1
1286_sf9|1285_sf9|5
1286_sf9|1282_sf9|3
1287_sf9|1286_sf9|5
1288_sf9|1287_sf9|5
1288_sf9|1283_sf9|3
1289_sf9|1288_sf9|3
1289_sf9|1284_sf9|1
1290_sf9|1289_sf9|3
1290_sf9|1288_sf9|1
1291_sf9|1290_sf9|5
1292_sf9|1291_sf9|5
1292_sf9|1288_sf9|3
1293_sf9|1292_sf9|2
1294_sf9|1293_sf9|3
1294_sf9|1289_sf9|2
1295_sf9|1294_sf9|3
1296_sf9|1295_sf9|4
1297_sf9|1296_sf9|3
1298_sf9|1297_sf9|4
1299_sf9|1298_sf9|3
1299_sf9|1296_sf9|2
1300_sf9|1299_sf9|2
1301_sf9|1300_sf9|3
1301_sf9|1297_sf9|3
1302_sf9|1301_sf9|5
1303_sf9|1302_sf9|2
1303_sf9|1298_sf9|3
1304_sf9|1303_sf9|3
1305_sf9|1304_sf9|2
1306_sf9|1305_sf9|2
1306_sf9|1301_sf9|2
1307_sf9|1306_sf9|3
1307_sf9|1304_sf9|1
1308_sf9|1307_sf9|5
1309_sf9|1308_sf9|5
1310_sf9|1309_sf9|4
1311_sf9|1310_sf9|5
1311_sf9|1307_sf9|3
1312_sf9|1311_sf9|5
1313_sf9|1312_sf9|4
1314_sf9|1313_sf9|4
1315_sf9|1314_sf9|1
1316_sf9|1315_sf9|3
1317_sf9|1316_sf9|4
1318_sf9|1317_sf9|2
1319_sf9|1318_sf9|4
1319_sf9|1317_sf9|3
1320_sf9|1319_sf9|5
1320_sf9|1315_sf9|1
1321_sf9|1320_sf9|3
1321_sf9|1317_sf9|2
1322_sf9|1321_sf9|4
1323_sf9|1322_sf9|5
1324_sf9|1323_sf9|1
1325_sf9|1324_sf9|2
1325_sf9|1320_sf9|3
1326_sf9|1325_sf9|1
1326_sf9|1324_sf9|3
1327_sf9|1326_sf9|5
1327_sf9|1322_sf9|1
1328_sf9|1327_sf9|2
1329_sf9|1328_sf9|2
1330_sf9|1329_sf9|5
1331_sf9|1330_sf9|4
1332_sf9|1331_sf9|3
1333_sf9|1332_sf9|5
1333_sf9|1329_sf9|1
1334_sf9|1333_sf9|5
1335_sf9|1334_sf9|2
1336_sf9|1335_sf9|1
1337_sf9|1336_sf9|5
1338_sf9|1337_sf9|1
1339_sf9|1338_sf9|1
1340_sf9|1339_sf9|5
1341_sf9|1340_sf9|4
1342_sf9|1341_sf9|1
1343_sf9|1342_sf9|4
1344_sf9|1343_sf9|5
1345_sf9|1344_sf9|3
1346_sf9|1345_sf9|5
1347_sf9|1346_sf9|5
1348_sf9|1347_sf9|3
1349_sf9|1348_sf9|4
1350_sf9|1349_sf9|2
1351_sf9|1350_sf9|1
1351_sf9|1349_sf9|1
1352_sf9|1351_sf9|4
1353_sf9|1352_sf9|2
1354_sf9|1353_sf9|3
1355_sf9|1354_sf9|3
1356_sf9|1355_sf9|5
1357_sf9|1356_sf9|2
1357_sf9|1354_sf9|1
1358_sf9|1357_sf9|5
1358_sf9|1356_sf9|2
1359_sf9|1358_sf9|3
1360_sf9|1359_sf9|5
1361_sf9|1360_sf9|3
1362_sf9|1361_sf9|2
1363_sf9|1362_sf9|5
1364_sf9|1363_sf9|3
1365_sf9|1364_sf9|2
1366_sf9|1365_sf9|2
1367_sf9|1366_sf9|5
1367_sf9|1365_sf9|2
1368_sf9|1367_sf9|3
1369_sf9|1368_sf9|2
1370_sf9|1369_sf9|5
1371_sf9|1370_sf9|2
1372_sf9|1371_sf9|5
1372_sf9|1369_sf9|1
1373_sf9|1372_sf9|5
1374_sf9|1373_sf9|5
1374_sf9|1370_sf9|1
1375_sf9|1374_sf9|3
1376_sf9|1375_sf9|5
1377_sf9|1376_sf9|2
1377_sf9|1372_sf9|3
1378_sf9|1377_sf9|1
1379_sf9|1378_sf9|1
1380_sf9|1379_sf9|4
1381_sf9|1380_sf9|2
1382_sf9|1381_sf9|2
1383_sf9|1382_sf9|5
1383_sf9|1379_sf9|2
1384_sf9|1383_sf9|2
1385_sf9|1384_sf9|1
1386_sf9|1385_sf9|4
1387_sf9|1386_sf9|2
1388_sf9|1387_sf9|2
1389_sf9|1388_sf9|4
1390_sf9|1389_sf9|4
1390_sf9|1386_sf9|2
1391_sf9|1390_sf9|3
1391_sf9|1388_sf9|2
1392_sf9|1391_sf9|2
1393_sf9|1392_sf9|4
1393_sf9|1389_sf9|3
1394_sf9|1393_sf9|2
1394_sf9|1389_sf9|3
1395_sf9|1394_sf9|4
1396_sf9|1395_sf9|4
1396_sf9|1391_sf9|3
1397_sf9|1396_sf9|3
1398_sf9|1397_sf9|4
1398_sf9|1393_sf9|3
1399_sf9|1398_sf9|2
1400_sf9|1399_sf9|3
1401_sf9|1400_sf9|3
1402_sf9|1401_sf9|1
1403_sf9|1402_sf9|3
1403_sf9|1399_sf9|3
1404_sf9|1403_sf9|5
1405_sf9|1404_sf9|4
1406_sf9|1405_sf9|1
1407_sf9|1406_sf9|5
1407_sf9|1403_sf9|2
1408_sf9|1407_sf9|3
1409_sf9|1408_sf9|1
1410_sf9|1409_sf9|5
1411_sf9|1410_sf9|4
1412_sf9|1411_sf9|2
1413_sf9|1412_sf9|1
1414_sf9|1413_sf9|3
1415_sf9|1414_sf9|2
1415_sf9|1412_sf9|1
1416_sf9|1415_sf9|1
1417_sf9|1416_sf9|5
1417_sf9|1415_sf9|2
1418_sf9|1417_sf9|2
1419_sf9|1418_sf9|1
1419_sf9|1416_sf9|2
1420_sf9|1419_sf9|5
1421_sf9|1420_sf9|1
1422_sf9|1421_sf9|3
1422_sf9|1417_sf9|3
1423_sf9|1422_sf9|1
1424_sf9|1423_sf9|4
1425_sf9|1424_sf9|1
1426_sf9|1425_sf9|4
1427_sf9|1426_sf9|1
1428_sf9|1427_sf9|5
1428_sf9|1426_sf9|3
1429_sf9|1428_sf9|1
1430_sf9|1429_sf9|1
1430_sf9|1426_sf9|1
1431_sf9|1430_sf9|5
1432_sf9|1431_sf9|5
1433_sf9|1432_sf9|2
1434_sf9|1433_sf9|5
1435_sf9|1434_sf9|4
1436_sf9|1435_sf9|1
1437_sf9|1436_sf9|1
1438_sf9|1437_sf9|1
1439_sf9|1438_sf9|5
1440_sf9|1439_sf9|1
1440_sf9|1437_sf9|1
1441_sf9|1440_sf9|5
1442_sf9|1441_sf9|2
1443_sf9|1442_sf9|5
1444_sf9|1443_sf9|3
1444_sf9|1439_sf9|2
1445_sf9|1444_sf9|5
1445_sf9|1441_sf9|2
1446_sf9|1445_sf9|5
1447_sf9|1446_sf9|2
1447_sf9|1442_sf9|1
1448_sf9|1447_sf9|1
1449_sf9|1448_sf9|3
1450_sf9|1449_sf9|5
1450_sf9|1448_sf9|3
1451_sf9|1450_sf9|4
1452_sf9|1451_sf9|4
1453_sf9|1452_sf9|5
1454_sf9|1453_sf9|5
1455_sf9|1454_sf9|3
1456_sf9|1455_sf9|3
1457_sf9|1456_sf9|1
1458_sf9|1457_sf9|5
1459_sf9|1458_sf9|1
1460_sf9|1459_sf9|3
1461_sf9|1460_sf9|2
1462_sf9|1461_sf9|5
1463_sf9|1462_sf9|5
1464_sf9|1463_sf9|5
1464_sf9|1462_sf9|2
1465_sf9|1464_sf9|5
1466_sf9|1465_sf9|3
1467_sf9|1466_sf9|3
1468_sf9|1467_sf9|1
1468_sf9|1465_sf9|1
1469_sf9|1468_sf9|2
1470_sf9|1469_sf9|3
1470_sf9|1468_sf9|1
1471_sf9|1470_sf9|4
1472_sf9|1471_sf9|1
1473_sf9|1472_sf9|1
1474_sf9|1473_sf9|3
1475_sf9|1474_sf9|2
1475_sf9|1470_sf9|2
1476_sf9|1475_sf9|1
1477_sf9|1476_sf9|3
1477_sf9|1472_sf9|1
1478_sf9|1477_sf9|2
1479_sf9|1478_sf9|4
1479_sf9|1474_sf9|1
1480_sf9|1479_sf9|4
1481_sf9|1480_sf9|2
1482_sf9|1481_sf9|2
1483_sf9|1482_sf9|1
1483_sf9|1481_sf9|3
1484_sf9|1483_sf9|1
1485_sf9|1484_sf9|4
1486_sf9|1485_sf9|1
1487_sf9|1486_sf9|3
1488_sf9|1487_sf9|1
1488_sf9|1483_sf9|2
1489_sf9|1488_sf9|3
1490_sf9|1489_sf9|1
1491_sf9|1490_sf9|5
1492_sf9|1491_sf9|4
1493_sf9|1492_sf9|1
1494_sf9|1493_sf9|5
1495_sf9|1494_sf9|3
1496_sf9|1495_sf9|4
1497_sf9|1496_sf9|3
1497_sf9|1494_sf9|2
1498_sf9|1497_sf9|2
1499_sf9|1498_sf9|3
1500_sf9|1499_sf9|3
1501_sf9|1500_sf9|1
1502_sf9|1501_sf9|4
1503_sf9|1502_sf9|2
1504_sf9|1503_sf9|2
1505_sf9|1504_sf9|2
1506_sf9|1505_sf9|5
1507_sf9|1506_sf9|5
1508_sf9|1507_sf9|5
1508_sf9|1503_sf9|3
1509_sf9|1508_sf9|4
1509_sf9|1507_sf9|3
1510_sf9|1509_sf9|5
1510_sf9|1506_sf9|2
1511_sf9|1510_sf9|2
1512_sf9|1511_sf9|2
1513_sf9|1512_sf9|3
1514_sf9|1513_sf9|5
1514_sf9|1510_sf9|1
1515_sf9|1514_sf9|2
1516_sf9|1515_sf9|4
1517_sf9|1516_sf9|3
1517_sf9|1512_sf9|2
1518_sf9|1517_sf9|5
1518_sf9|1514_sf9|1
1519_sf9|1518_sf9|5
1520_sf9|1519_sf9|2
1521_sf9|1520_sf9|2
1522_sf9|1521_sf9|1
1523_sf9|1522_sf9|5
1524_sf9|1523_sf9|1
1525_sf9|1524_sf9|5
1526_sf9|1525_sf9|3
1526_sf9|1524_sf9|2
1527_sf9|1526_sf9|2
1528_sf9|1527_sf9|3
1529_sf9|1528_sf9|2
1530_sf9|1529_sf9|5
1530_sf9|1525_sf9|3
1531_sf9|1530_sf9|1
1532_sf9|1531_sf9|1
1532_sf9|1529_sf9|1
1533_sf9|1532_sf9|1
1534_sf9|1533_sf9|2
1534_sf9|1532_sf9|3
1535_sf9|1534_sf9|2
1535_sf9|1531_sf9|1
1536_sf9|1535_sf9|2
1537_sf9|1536_sf9|3
1538_sf9|1537_sf9|5
1539_sf9|1538_sf9|2
1540_sf9|1539_sf9|4
1541_sf9|1540_sf9|1
1542_sf9|1541_sf9|1
1543_sf9|1542_sf9|1
1544_sf9|1543_sf9|2
1544_sf9|1540_sf9|2
1545_sf9|1544_sf9|3
1545_sf9|1542_sf9|3
1546_sf9|1545_sf9|3
1546_sf9|1543_sf9|3
1547_sf9|1546_sf9|3
1548_sf9|1547_sf9|3
1549_sf9|1548_sf9|2
1550_sf9|1549_sf9|3
1551_sf9|1550_sf9|4
1552_sf9|1551_sf9|1
1553_sf9|1552_sf9|3
1553_sf9|1548_sf9|3
1554_sf9|1553_sf9|5
1555_sf9|1554_sf9|3
1556_sf9|1555_sf9|3
1557_sf9|1556_sf9|1
1558_sf9|1557_sf9|3
1559_sf9|1558_sf9|1
1560_sf9|1559_sf9|5
1561_sf9|1560_sf9|1
1562_sf9|1561_sf9|1
1563_sf9|1562_sf9|5
1564_sf9|1563_sf9|4
1565_sf9|1564_sf9|4
1566_sf9|1565_sf9|3
1567_sf9|1566_sf9|2
1567_sf9|1565_sf9|3
1568_sf9|1567_sf9|5
1569_sf9|1568_sf9|2
1569_sf9|1567_sf9|2
1570_sf9|1569_sf9|2
1570_sf9|1565_sf9|2
1571_sf9|1570_sf9|4
1572_sf9|1571_sf9|3
1573_sf9|1572_sf9|2
1574_sf9|1573_sf9|5
1575_sf9|1574_sf9|1
1576_sf9|1575_sf9|5
1576_sf9|1573_sf9|3
1577_sf9|1576_sf9|5
1578_sf9|1577_sf9|3
1579_sf9|1578_sf9|5
1580_sf9|1579_sf9|5
1581_sf9|1580_sf9|5
1582_sf9|1581_sf9|5
1583_sf9|1582_sf9|4
1584_sf9|1583_sf9|1
1585_sf9|1584_sf9|1
1586_sf9|1585_sf9|5
1587_sf9|1586_sf9|3
1588_sf9|1587_sf9|3
1589_sf9|1588_sf9|4
1590_sf9|1589_sf9|4
1591_sf9|1590_sf9|3
1591_sf9|1587_sf9|2
1592_sf9|1591_sf9|1
1593_sf9|1592_sf9|3
1593_sf9|1588_sf9|3
1594_sf9|1593_sf9|3
1594_sf9|1590_sf9|2
1595_sf9|1594_sf9|1
1596_sf9|1595_sf9|1
1597_sf9|1596_sf9|2
1598_sf9|1597_sf9|2
1598_sf9|1593_sf9|3
1599_sf9|1598_sf9|3
1599_sf9|1597_sf9|2
1600_sf9|1599_sf9|4
1601_sf9|1600_sf9|4
1602_sf9|1601_sf9|3
1603_sf9|1602_sf9|5
1604_sf9|1603_sf9|5
1604_sf9|1601_sf9|3
1605_sf9|1604_sf9|2
1606_sf9|1605_sf9|4
1607_sf9|1606_sf9|5
1608_sf9|1607_sf9|2
1608_sf9|1604_sf9|3
1609_sf9|1608_sf9|5
1609_sf9|1605_sf9|2
1610_sf9|1609_sf9|1
1610_sf9|1606_sf9|3
1611_sf9|1610_sf9|5
1611_sf9|1609_sf9|2
1612_sf9|1611_sf9|2
1612_sf9|1607_sf9|1
1613_sf9|1612_sf9|1
1614_sf9|1613_sf9|5
1614_sf9|1610_sf9|2
1615_sf9|1614_sf9|3
1616_sf9|1615_sf9|3
1617_sf9|1616_sf9|2
1618_sf9|1617_sf9|1
1618_sf9|1616_sf9|3
1619_sf9|1618_sf9|2
1620_sf9|1619_sf9|3
1620_sf9|1618_sf9|3
1621_sf9|1620_sf9|2
1622_sf9|1621_sf9|3
1623_sf9|1622_sf9|3
1624_sf9|1623_sf9|5
1625_sf9|1624_sf9|1
1626_sf9|1625_sf9|1
1627_sf9|1626_sf9|4
1628_sf9|1627_sf9|3
1628_sf9|1626_sf9|1
1629_sf9|1628_sf9|2
1630_sf9|1629_sf9|5
1631_sf9|1630_sf9|5
1631_sf9|1627_sf9|1
1632_sf9|1631_sf9|2
1633_sf9|1632_sf9|3
1633_sf9|1629_sf9|3
1634_sf9|1633_sf9|3
1635_sf9|1634_sf9|3
1636_sf9|1635_sf9|4
1636_sf9|1632_sf9|3
1637_sf9|1636_sf9|2
1638_sf9|1637_sf9|4
1638_sf9|1635_sf9|1
1639_sf9|1638_sf9|5
1640_sf9|1639_sf9|4
1640_sf9|1638_sf9|3
1641_sf9|1640_sf9|2
1641_sf9|1636_sf9|2
1642_sf9|1641_sf9|5
1642_sf9|1638_sf9|2
1643_sf9|1642_sf9|1
1644_sf9|1643_sf9|3
1645_sf9|1644_sf9|5
1646_sf9|1645_sf9|4
1646_sf9|1642_sf9|3
1647_sf9|1646_sf9|4
1647_sf9|1643_sf9|2
1648_sf9|1647_sf9|2
1648_sf9|1644_sf9|3
1649_sf9|1648_sf9|1
1650_sf9|1649_sf9|2
1651_sf9|1650_sf9|4
1651_sf9|1647_sf9|1
1652_sf9|1651_sf9|1
1653_sf9|1652_sf9|1
1654_sf9|1653_sf9|2
1655_sf9|1654_sf9|3
1655_sf9|1653_sf9|2
1656_sf9|1655_sf9|5
1657_sf9|1656_sf9|1
1657_sf9|1653_sf9|3
1658_sf9|1657_sf9|4
1659_sf9|1658_sf9|4
1660_sf9|1659_sf9|5
1661_sf9|1660_sf9|3
1662_sf9|1661_sf9|4
1662_sf9|1658_sf9|3
1663_sf9|1662_sf9|2
1664_sf9|1663_sf9|3
1664_sf9|1659_sf9|2
1665_sf9|1664_sf9|1
1665_sf9|1660_sf9|2
1666_sf9|1665_sf9|1
1667_sf9|1666_sf9|4
1668_sf9|1667_sf9|4
1669_sf9|1668_sf9|1
1670_sf9|1669_sf9|1
1671_sf9|1670_sf9|1
1672_sf9|1671_sf9|4
1673_sf9|1672_sf9|1
1674_sf9|1673_sf9|4
1675_sf9|1674_sf9|5
1675_sf9|1671_sf9|1
1676_sf9|1675_sf9|2
1676_sf9|1673_sf9|2
1677_sf9|1676_sf9|5
1677_sf9|1673_sf9|3
1678_sf9|1677_sf9|1
1679_sf9|1678_sf9|5
1680_sf9|1679_sf9|2
1681_sf9|1680_sf9|5
1682_sf9|1681_sf9|5
1683_sf9|1682_sf9|3
1684_sf9|1683_sf9|4
1685_sf9|1684_sf9|2
1685_sf9|1682_sf9|2
1686_sf9|1685_sf9|5
1687_sf9|1686_sf9|2
1688_sf9|1687_sf9|3
1688_sf9|1685_sf9|2
1689_sf9|1688_sf9|1
1690_sf9|1689_sf9|4
1691_sf9|1690_sf9|4
1692_sf9|1691_sf9|1
1692_sf9|1688_sf9|3
1693_sf9|1692_sf9|3
1694_sf9|1693_sf9|1
1695_sf9|1694_sf9|2
1695_sf9|1693_sf9|1
1696_sf9|1695_sf9|2
1696_sf9|1691_sf9|1
1697_sf9|1696_sf9|5
1698_sf9|1697_sf9|3
1698_sf9|1696_sf9|3
1699_sf9|1698_sf9|1
1700_sf9|1699_sf9|5
1701_sf9|1700_sf9|2
1702_sf9|1701_sf9|1
1702_sf9|1699_sf9|2
1703_sf9|1702_sf9|5
1704_sf9|1703_sf9|2
1705_sf9|1704_sf9|4
1705_sf9|1700_sf9|1
1706_sf9|1705_sf9|2
1706_sf9|1701_sf9|3
1707_sf9|1706_sf9|1
1708_sf9|1707_sf9|3
1709_sf9|1708_sf9|1
1709_sf9|1707_sf9|1
1710_sf9|1709_sf9|4
1711_sf9|1710_sf9|4
1711_sf9|1707_sf9|2
1712_sf9|1711_sf9|2
1713_sf9|1712_sf9|2
1713_sf9|1711_sf9|3
1714_sf9|1713_sf9|4
1714_sf9|1709_sf9|3
1715_sf9|1714_sf9|4
1715_sf9|1710_sf9|3
1716_sf9|1715_sf9|2
1717_sf9|1716_sf9|1
1717_sf9|1712_sf9|1
1718_sf9|1717_sf9|4
1718_sf9|1714_sf9|3
1719_sf9|1718_sf9|2
1719_sf9|1714_sf9|3
1720_sf9|1719_sf9|1
1720_sf9|1717_sf9|3
1721_sf9|1720_sf9|4
1722_sf9|1721_sf9|1
1722_sf9|1717_sf9|2
1723_sf9|1722_sf9|5
1724_sf9|1723_sf9|2
1725_sf9|1724_sf9|1
1725_sf9|1720_sf9|2
1726_sf9|1725_sf9|4
1727_sf9|1726_sf9|4
1727_sf9|1723_sf9|3
1728_sf9|1727_sf9|2
1729_sf9|1728_sf9|1
1730_sf9|1729_sf9|4
1731_sf9|1730_sf9|3
1732_sf9|1731_sf9|4
1733_sf9|1732_sf9|5
1734_sf9|1733_sf9|1
1734_sf9|1731_sf9|3
1735_sf9|1734_sf9|5
1735_sf9|1730_sf9|1
1736_sf9|1735_sf9|3
1737_sf9|1736_sf9|1
1738_sf9|1737_sf9|3
1739_sf9|1738_sf9|1
1739_sf9|1737_sf9|1
1740_sf9|1739_sf9|3
1741_sf9|1740_sf9|5
1742_sf9|1741_sf9|4
1743_sf9|1742_sf9|2
1744_sf9|1743_sf9|5
1745_sf9|1744_sf9|4
1746_sf9|1745_sf9|4
1746_sf9|1744_sf9|3
1747_sf9|1746_sf9|4
1748_sf9|1747_sf9|3
1749_sf9|1748_sf9|3
1750_sf9|1749_sf9|4
1751_sf9|1750_sf9|3
1752_sf9|1751_sf9|3
1752_sf9|1748_sf9|3
1753_sf9|1752_sf9|3
1754_sf9|1753_sf9|1
1755_sf9|1754_sf9|5
1756_sf9|1755_sf9|4
1757_sf9|1756_sf9|1
1758_sf9|1757_sf9|5
1758_sf9|1753_sf9|3
1759_sf9|1758_sf9|1
1760_sf9|1759_sf9|3
1760_sf9|1756_sf9|1
1761_sf9|1760_sf9|1
1762_sf9|1761_sf9|5
1763_sf9|1762_sf9|3
1764_sf9|1763_sf9|2
1764_sf9|1762_sf9|1
1765_sf9|1764_sf9|4
1766_sf9|1765_sf9|2
1767_sf9|1766_sf9|2
1767_sf9|1762_sf9|1
1768_sf9|1767_sf9|4
1768_sf9|1763_sf9|2
1769_sf9|1768_sf9|2
1770_sf9|1769_sf9|1
1771_sf9|1770_sf9|4
1772_sf9|1771_sf9|5
1773_sf9|1772_sf9|1
1773_sf9|1768_sf9|2
1774_sf9|1773_sf9|1
1775_sf9|1774_sf9|4
1775_sf9|1770_sf9|1
1776_sf9|1775_sf9|1
1777_sf9|1776_sf9|2
1777_sf9|1774_sf9|2
1778_sf9|1777_sf9|3
1779_sf9|1778_sf9|4
1780_sf9|1779_sf9|4
1781_sf9|1780_sf9|4
1782_sf9|1781_sf9|3
1783_sf9|1782_sf9|3
1783_sf9|1780_sf9|2
1784_sf9|1783_sf9|5
1785_sf9|1784_sf9|4
1785_sf9|1780_sf9|2
1786_sf9|1785_sf9|1
1787_sf9|1786_sf9|4
1787_sf9|1785_sf9|1
1788_sf9|1787_sf9|3
1789_sf9|1788_sf9|4
1790_sf9|1789_sf9|3
1790_sf9|1786_sf9|2
1791_sf9|1790_sf9|5
1791_sf9|1787_sf9|3
1792_sf9|1791_sf9|5
1793_sf9|1792_sf9|1
1793_sf9|1788_sf9|1
1794_sf9|1793_sf9|4
1795_sf9|1794_sf9|2
1795_sf9|1792_sf9|2
1796_sf9|1795_sf9|5
1797_sf9|1796_sf9|4
1798_sf9|1797_sf9|4
1799_sf9|1798_sf9|4
1799_sf9|1796_sf9|1
1800_sf9|1799_sf9|5
1801_sf9|1800_sf9|3
1802_sf9|1801_sf9|5
1803_sf9|1802_sf9|5
1804_sf9|1803_sf9|2
1804_sf9|1799_sf9|1
1805_sf9|1804_sf9|1
1806_sf9|1805_sf9|1
1807_sf9|1806_sf9|5
1808_sf9|1807_sf9|4
1809_sf9|1808_sf9|4
1809_sf9|1806_sf9|1
1810_sf9|1809_sf9|5
1811_sf9|1810_sf9|3
1812_sf9|1811_sf9|5
1812_sf9|1808_sf9|2
1813_sf9|1812_sf9|5
1814_sf9|1813_sf9|5
1814_sf9|1811_sf9|2
1815_sf9|1814_sf9|4
1816_sf9|1815_sf9|1
1817_sf9|1816_sf9|5
1818_sf9|1817_sf9|5
1819_sf9|1818_sf9|4
1819_sf9|1816_sf9|2
1820_sf9|1819_sf9|5
1821_sf9|1820_sf9|5
1822_sf9|1821_sf9|1
1823_sf9|1822_sf9|4
1824_sf9|1823_sf9|4
1825_sf9|1824_sf9|1
1826_sf9|1825_sf9|4
1826_sf9|1821_sf9|1
1827_sf9|1826_sf9|2
1828_sf9|1827_sf9|3
1828_sf9|1824_sf9|3
1829_sf9|1828_sf9|1
1829_sf9|1825_sf9|3
1830_sf9|1829_sf9|3
1830_sf9|1825_sf9|3
1831_sf9|1830_sf9|3
1832_sf9|1831_sf9|3
1833_sf9|1832_sf9|4
1834_sf9|1833_sf9|5
1835_sf9|1834_sf9|1
1836_sf9|1835_sf9|4
1837_sf9|1836_sf9|3
1838_sf9|1837_sf9|5
1839_sf9|1838_sf9|1
1839_sf9|1834_sf9|1
1840_sf9|1839_sf9|5
1840_sf9|1835_sf9|1
1841_sf9|1840_sf9|1
1842_sf9|1841_sf9|2
1842_sf9|1838_sf9|2
1843_sf9|1842_sf9|2
1844_sf9|1843_sf9|1
1844_sf9|1841_sf9|2
1845_sf9|1844_sf9|4
1846_sf9|1845_sf9|3
1847_sf9|1846_sf9|3
1848_sf9|1847_sf9|5
1849_sf9|1848_sf9|5
1850_sf9|1849_sf9|2
1851_sf9|1850_sf9|3
1852_sf9|1851_sf9|4
1853_sf9|1852_sf9|1
1853_sf9|1850_sf9|1
1854_sf9|1853_sf9|1
1854_sf9|1852_sf9|2
1855_sf9|1854_sf9|5
1856_sf9|1855_sf9|5
1857_sf9|1856_sf9|3
1858_sf9|1857_sf9|2
1859_sf9|1858_sf9|5
1859_sf9|1855_sf9|3
1860_sf9|1859_sf9|4
1860_sf9|1856_sf9|3
1861_sf9|1860_sf9|5
1861_sf9|1856_sf9|2
1862_sf9|1861_sf9|3
1863_sf9|1862_sf9|2
1863_sf9|1859_sf9|3
1864_sf9|1863_sf9|3
1865_sf9|1864_sf9|3
1865_sf9|1860_sf9|2
1866_sf9|1865_sf9|3
1867_sf9|1866_sf9|3
1868_sf9|1867_sf9|3
1868_sf9|1866_sf9|1
1869_sf9|1868_sf9|4
1870_sf9|1869_sf9|3
1871_sf9|1870_sf9|4
1872_sf9|1871_sf9|4
1872_sf9|1867_sf9|2
1873_sf9|1872_sf9|3
1873_sf9|1869_sf9|3
1874_sf9|1873_sf9|2
1875_sf9|1874_sf9|3
1876_sf9|1875_sf9|4
1877_sf9|1876_sf9|5
1878_sf9|1877_sf9|4
1878_sf9|1873_sf9|3
1879_sf9|1878_sf9|5
1880_sf9|1879_sf9|5
1880_sf9|1875_sf9|2
1881_sf9|1880_sf9|5
1882_sf9|1881_sf9|2
1882_sf9|1880_sf9|1
1883_sf9|1882_sf9|5
1884_sf9|1883_sf9|2
1885_sf9|1884_sf9|4
1885_sf9|1882_sf9|1
1886_sf9|1885_sf9|4
1887_sf9|1886_sf9|1
1888_sf9|1887_sf9|5
1889_sf9|1888_sf9|5
1890_sf9|1889_sf9|4
1891_sf9|1890_sf9|2
1891_sf9|1889_sf9|1
1892_sf9|1891_sf9|3
1892_sf9|1890_sf9|2
1893_sf9|1892_sf9|5
1894_sf9|1893_sf9|5
1895_sf9|1894_sf9|1
1896_sf9|1895_sf9|4
1896_sf9|1894_sf9|3
1897_sf9|1896_sf9|3
1898_sf9|1897_sf9|1
1898_sf9|1896_sf9|3
1899_sf9|1898_sf9|1
1899_sf9|1895_sf9|3
1900_sf9|1899_sf9|3
1901_sf9|1900_sf9|2
1901_sf9|1898_sf9|2
1902_sf9|1901_sf9|2
1903_sf9|1902_sf9|4
1904_sf9|1903_sf9|2
1905_sf9|1904_sf9|4
1905_sf9|1903_sf9|2
1906_sf9|1905_sf9|3
1907_sf9|1906_sf9|1
1908_sf9|1907_sf9|2
1909_sf9|1908_sf9|1
1909_sf9|1905_sf9|1
1910_sf9|1909_sf9|3
1911_sf9|1910_sf9|1
1912_sf9|1911_sf9|4
1913_sf9|1912_sf9|2
1913_sf9|1908_sf9|1
1914_sf9|1913_sf9|3
1915_sf9|1914_sf9|5
1916_sf9|1915_sf9|3
1916_sf9|1911_sf9|2
1917_sf9|1916_sf9|4
1917_sf9|1915_sf9|3
1918_sf9|1917_sf9|1
1918_sf9|1914_sf9|3
1919_sf9|1918_sf9|3
1920_sf9|1919_sf9|2
1921_sf9|1920_sf9|2
1922_sf9|1921_sf9|2
1923_sf9|1922_sf9|4
1924_sf9|1923_sf9|1
1925_sf9|1924_sf9|4
1926_sf9|1925_sf9|4
1926_sf9|1922_sf9|3
1927_sf9|1926_sf9|5
1928_sf9|1927_sf9|1
1929_sf9|1928_sf9|3
1929_sf9|1927_sf9|2
1930_sf9|1929_sf9|1
1930_sf9|1926_sf9|2
1931_sf9|1930_sf9|5
1932_sf9|1931_sf9|3
1932_sf9|1928_sf9|1
1933_sf9|1932_sf9|4
1933_sf9|1929_sf9|3
1934_sf9|1933_sf9|3
1934_sf9|1930_sf9|3
1935_sf9|1934_sf9|3
1936_sf9|1935_sf9|4
1936_sf9|1932_sf9|3
1937_sf9|1936_sf9|3
1938_sf9|1937_sf9|2
1939_sf9|1938_sf9|2
1940_sf9|1939_sf9|4
1941_sf9|1940_sf9|1
1941_sf9|1936_sf9|2
1942_sf9|1941_sf9|1
1943_sf9|1942_sf9|3
1944_sf9|1943_sf9|3
1945_sf9|1944_sf9|4
1946_sf9|1945_sf9|1
1947_sf9|1946_sf9|2
1948_sf9|1947_sf9|3
1949_sf9|1948_sf9|2
1950_sf9|1949_sf9|3
1951_sf9|1950_sf9|2
1952_sf9|1951_sf9|3
1952_sf9|1948_sf9|2
1953_sf9|1952_sf9|4
1954_sf9|1953_sf9|4
1955_sf9|1954_sf9|4
1956_sf9|1955_sf9|3
1957_sf9|1956_sf9|2
1958_sf9|1957_sf9|5
1959_sf9|1958_sf9|5
1960_sf9|1959_sf9|1
1960_sf9|1957_sf9|3
1961_sf9|1960_sf9|4
1962_sf9|1961_sf9|4
1963_sf9|1962_sf9|1
1963_sf9|1960_sf9|2
1964_sf9|1963_sf9|1
1964_sf9|1961_sf9|1
1965_sf9|1964_sf9|2
1966_sf9|1965_sf9|1
1967_sf9|1966_sf9|1
1968_sf9|1967_sf9|2
1969_sf9|1968_sf9|3
1969_sf9|1966_sf9|2
1970_sf9|1969_sf9|4
1971_sf9|1970_sf9|1
1972_sf9|1971_sf9|4
1972_sf9|1968_sf9|3
1973_sf9|1972_sf9|5
1973_sf9|1970_sf9|1
1974_sf9|1973_sf9|3
1974_sf9|1972_sf9|2
1975_sf9|1974_sf9|4
1976_sf9|1975_sf9|5
1977_sf9|1976_sf9|5
1977_sf9|1975_sf9|1
1978_sf9|1977_sf9|2
1978_sf9|1975_sf9|1
1979_sf9|1978_sf9|2
1980_sf9|1979_sf9|1
1981_sf9|1980_sf9|5
1981_sf9|1978_sf9|2
1982_sf9|1981_sf9|1
1983_sf9|1982_sf9|4
1984_sf9|1983_sf9|4
1985_sf9|1984_sf9|2
1986_sf9|1985_sf9|5
1987_sf9|1986_sf9|2
1987_sf9|1985_sf9|2
1988_sf9|1987_sf9|4
1988_sf9|1985_sf9|2
1989_sf9|1988_sf9|4
1990_sf9|1989_sf9|5
1991_sf9|1990_sf9|1
1991_sf9|1986_sf9|3
1992_sf9|1991_sf9|4
1993_sf9|1992_sf9|5
1994_sf9|1993_sf9|4
1995_sf9|1994_sf9|2
1996_sf9|1995_sf9|5
1996_sf9|1992_sf9|1
1997_sf9|1996_sf9|1
1998_sf9|1997_sf9|5
1999_sf9|1998_sf9|2
1999_sf9|1996_sf9|3
1_sf10|0_sf10|4
2_sf10|1_sf10|2
3_sf10|2_sf10|1
4_sf10|3_sf10|5
5_sf10|4_sf10|5
6_sf10|5_sf10|5
6_sf10|1_sf10|3
7_sf10|6_sf10|1
7_sf10|2_sf10|1
8_sf10|7_sf10|2
9_sf10|8_sf10|5
9_sf10|6_sf10|1
10_sf10|9_sf10|4
10_sf10|7_sf10|2
11_sf10|10_sf10|4
12_sf10|11_sf10|4
13_sf10|12_sf10|5
14_sf10|13_sf10|2
15_sf10|14_sf10|1
16_sf10|15_sf10|2
17_sf10|16_sf10|3
18_sf10|17_sf10|4
19_sf10|18_sf10|2
20_sf10|19_sf10|1
21_sf10|20_sf10|3
22_sf10|21_sf10|5
23_sf10|22_sf10|5
23_sf10|18_sf10|3
24_sf10|23_sf10|4
25_sf10|24_sf10|1
26_sf10|25_sf10|3
26_sf10|24_sf10|2
27_sf10|26_sf10|1
28_sf10|27_sf10|4
29_sf10|28_sf10|3
30_sf10|29_sf10|4
31_sf10|30_sf10|3
32_sf10|31_sf10|4
32_sf10|27_sf10|2
33_sf10|32_sf10|1
34_sf10|33_sf10|5
35_sf10|34_sf10|4
35_sf10|33_sf10|3
36_sf10|35_sf10|3
36_sf10|32_sf10|1
37_sf10|36_sf10|4
38_sf10|37_sf10|4
38_sf10|36_sf10|2
39_sf10|38_sf10|1
39_sf10|34_sf10|3
40_sf10|39_sf10|1
40_sf10|35_sf10|2
41_sf10|40_sf10|1
41_sf10|36_sf10|1
42_sf10|41_sf10|1
42_sf10|39_sf10|3
43_sf10|42_sf10|5
44_sf10|43_sf10|2
45_sf10|44_sf10|2
45_sf10|40_sf10|3
46_sf10|45_sf10|5
46_sf10|44_sf10|2
47_sf10|46_sf10|2
47_sf10|42_sf10|2
48_sf10|47_sf10|4
49_sf10|48_sf10|1
50_sf10|49_sf10|4
51_sf10|50_sf10|5
52_sf10|51_sf10|1
53_sf10|52_sf10|4
54_sf10|53_sf10|2
54_sf10|49_sf10|2
55_sf10|54_sf10|3
55_sf10|53_sf10|3
56_sf10|55_sf10|1
56_sf10|51_sf10|1
57_sf10|56_sf10|2
57_sf10|55_sf10|3
58_sf10|57_sf10|1
59_sf10|58_sf10|4
60_sf10|59_sf10|3
60_sf10|55_sf10|1
61_sf10|60_sf10|1
62_sf10|61_sf10|1
63_sf10|62_sf10|2
64_sf10|63_sf10|2
65_sf10|64_sf10|2
65_sf10|60_sf10|3
66_sf10|65_sf10|1
67_sf10|66_sf10|2
67_sf10|63_sf10|1
68_sf10|67_sf10|5
69_sf10|68_sf10|4
70_sf10|69_sf10|3
71_sf10|70_sf10|2
72_sf10|71_sf10|2
72_sf10|68_sf10|3
73_sf10|72_sf10|2
73_sf10|70_sf10|2
74_sf10|73_sf10|2
75_sf10|74_sf10|1
76_sf10|75_sf10|2
77_sf10|76_sf10|1
78_sf10|77_sf10|5
79_sf10|78_sf10|2
80_sf10|79_sf10|4
81_sf10|80_sf10|4
82_sf10|81_sf10|5
82_sf10|78_sf10|2
83_sf10|82_sf10|5
84_sf10|83_sf10|1
84_sf10|82_sf10|3
85_sf10|84_sf10|4
86_sf10|85_sf10|1
87_sf10|86_sf10|5
88_sf10|87_sf10|2
89_sf10|88_sf10|3
90_sf10|89_sf10|5
91_sf10|90_sf10|5
92_sf10|91_sf10|3
93_sf10|92_sf10|4
94_sf10|93_sf10|5
95_sf10|94_sf10|2
96_sf10|95_sf10|2
97_sf10|96_sf10|1
98_sf10|97_sf10|1
99_sf10|98_sf10|1
100_sf10|99_sf10|1
100_sf10|95_sf10|3
101_sf10|100_sf10|3
102_sf10|101_sf10|3
103_sf10|102_sf10|1
104_sf10|103_sf10|1
105_sf10|104_sf10|3
106_sf10|105_sf10|3
106_sf10|104_sf10|2
107_sf10|106_sf10|1
108_sf10|107_sf10|2
109_sf10|108_sf10|1
110_sf10|109_sf10|4
111_sf10|110_sf10|1
112_sf10|111_sf10|4
112_sf10|108_sf10|1
113_sf10|112_sf10|3
114_sf10|113_sf10|2
115_sf10|114_sf10|4
116_sf10|115_sf10|4
117_sf10|116_sf10|5
118_sf10|117_sf10|2
119_sf10|118_sf10|2
120_sf10|119_sf10|3
120_sf10|117_sf10|1
121_sf10|120_sf10|2
122_sf10|121_sf10|3
123_sf10|122_sf10|2
124_sf10|123_sf10|2
125_sf10|124_sf10|5
126_sf10|125_sf10|5
127_sf10|126_sf10|1
127_sf10|124_sf10|2
128_sf10|127_sf10|5
128_sf10|123_sf10|1
129_sf10|128_sf10|2
130_sf10|129_sf10|1
130_sf10|127_sf10|2
131_sf10|130_sf10|2
132_sf10|131_sf10|4
132_sf10|129_sf10|3
133_sf10|132_sf10|4
134_sf10|133_sf10|4
135_sf10|134_sf10|5
136_sf10|135_sf10|3
136_sf10|132_sf10|2
137_sf10|136_sf10|3
137_sf10|135_sf10|2
138_sf10|137_sf10|2
139_sf10|138_sf10|5
139_sf10|134_sf10|3
140_sf10|139_sf10|2
140_sf10|137_sf10|1
141_sf10|140_sf10|5
142_sf10|141_sf10|4
143_sf10|142_sf10|5
143_sf10|141_sf10|2
144_sf10|143_sf10|4
145_sf10|144_sf10|4
146_sf10|145_sf10|4
147_sf10|146_sf10|2
148_sf10|147_sf10|4
148_sf10|145_sf10|3
149_sf10|148_sf10|2
150_sf10|149_sf10|1
151_sf10|150_sf10|3
152_sf10|151_sf10|1
153_sf10|152_sf10|1
154_sf10|153_sf10|2
155_sf10|154_sf10|3
156_sf10|155_sf10|5
156_sf10|154_sf10|2
157_sf10|156_sf10|2
158_sf10|157_sf10|2
158_sf10|155_sf10|2
159_sf10|158_sf10|1
160_sf10|159_sf10|2
161_sf10|160_sf10|2
162_sf10|161_sf10|3
163_sf10|162_sf10|1
164_sf10|163_sf10|3
165_sf10|164_sf10|2
166_sf10|165_sf10|3
167_sf10|166_sf10|2
168_sf10|167_sf10|4
169_sf10|168_sf10|2
170_sf10|169_sf10|1
171_sf10|170_sf10|2
172_sf10|171_sf10|1
173_sf10|172_sf10|5
174_sf10|173_sf10|5
174_sf10|170_sf10|2
175_sf10|174_sf10|2
176_sf10|175_sf10|4
177_sf10|176_sf10|5
178_sf10|177_sf10|2
178_sf10|173_sf10|1
179_sf10|178_sf10|5
179_sf10|175_sf10|3
180_sf10|179_sf10|4
181_sf10|180_sf10|4
182_sf10|181_sf10|4
183_sf10|182_sf10|3
184_sf10|183_sf10|1
184_sf10|182_sf10|3
185_sf10|184_sf10|5
186_sf10|185_sf10|5
187_sf10|186_sf10|5
188_sf10|187_sf10|3
189_sf10|188_sf10|4
190_sf10|189_sf10|3
190_sf10|188_sf10|2
191_sf10|190_sf10|4
192_sf10|191_sf10|1
193_sf10|192_sf10|1
194_sf10|193_sf10|3
195_sf10|194_sf10|5
196_sf10|195_sf10|5
197_sf10|196_sf10|1
198_sf10|197_sf10|1
198_sf10|195_sf10|1
199_sf10|198_sf10|4
200_sf10|199_sf10|5
201_sf10|200_sf10|5
201_sf10|199_sf10|3
202_sf10|201_sf10|1
203_sf10|202_sf10|2
204_sf10|203_sf10|4
205_sf10|204_sf10|2
206_sf10|205_sf10|3
207_sf10|206_sf10|1
207_sf10|202_sf10|3
208_sf10|207_sf10|3
209_sf10|208_sf10|1
209_sf10|204_sf10|3
210_sf10|209_sf10|4
211_sf10|210_sf10|5
212_sf10|211_sf10|4
213_sf10|212_sf10|5
213_sf10|210_sf10|1
214_sf10|213_sf10|3
215_sf10|214_sf10|2
216_sf10|215_sf10|1
216_sf10|211_sf10|3
217_sf10|216_sf10|5
217_sf10|212_sf10|3
218_sf10|217_sf10|4
218_sf10|213_sf10|1
219_sf10|218_sf10|5
220_sf10|219_sf10|3
221_sf10|220_sf10|4
222_sf10|221_sf10|4
223_sf10|222_sf10|5
224_sf10|223_sf10|5
225_sf10|224_sf10|2
226_sf10|225_sf10|5
227_sf10|226_sf10|3
228_sf10|227_sf10|2
229_sf10|228_sf10|1
230_sf10|229_sf10|5
231_sf10|230_sf10|2
231_sf10|227_sf10|3
232_sf10|231_sf10|1
233_sf10|232_sf10|4
234_sf10|233_sf10|2
235_sf10|234_sf10|3
236_sf10|235_sf10|5
237_sf10|236_sf10|5
238_sf10|237_sf10|5
239_sf10|238_sf10|1
240_sf10|239_sf10|1
240_sf10|237_sf10|2
241_sf10|240_sf10|5
242_sf10|241_sf10|2
242_sf10|240_sf10|1
243_sf10|242_sf10|5
244_sf10|243_sf10|5
244_sf10|241_sf10|3
245_sf10|244_sf10|3
246_sf10|245_sf10|2
247_sf10|246_sf10|3
247_sf10|245_sf10|1
248_sf10|247_sf10|3
248_sf10|246_sf10|3
249_sf10|248_sf10|4
250_sf10|249_sf10|1
250_sf10|246_sf10|2
251_sf10|250_sf10|3
251_sf10|249_sf10|2
252_sf10|251_sf10|3
253_sf10|252_sf10|2
253_sf10|248_sf10|1
254_sf10|253_sf10|1
255_sf10|254_sf10|3
256_sf10|255_sf10|4
257_sf10|256_sf10|1
258_sf10|257_sf10|3
259_sf10|258_sf10|3
260_sf10|259_sf10|3
260_sf10|257_sf10|1
261_sf10|260_sf10|2
262_sf10|261_sf10|5
262_sf10|258_sf10|2
263_sf10|262_sf10|5
263_sf10|258_sf10|2
264_sf10|263_sf10|4
265_sf10|264_sf10|1
266_sf10|265_sf10|2
267_sf10|266_sf10|3
267_sf10|265_sf10|2
268_sf10|267_sf10|3
269_sf10|268_sf10|1
270_sf10|269_sf10|3
270_sf10|265_sf10|1
271_sf10|270_sf10|3
271_sf10|268_sf10|2
272_sf10|271_sf10|1
272_sf10|267_sf10|2
273_sf10|272_sf10|4
274_sf10|273_sf10|2
275_sf10|274_sf10|1
276_sf10|275_sf10|2
277_sf10|276_sf10|5
278_sf10|277_sf10|1
279_sf10|278_sf10|3
280_sf10|279_sf10|3
280_sf10|278_sf10|3
281_sf10|280_sf10|3
282_sf10|281_sf10|4
283_sf10|282_sf10|1
284_sf10|283_sf10|1
285_sf10|284_sf10|5
286_sf10|285_sf10|1
287_sf10|286_sf10|4
288_sf10|287_sf10|4
289_sf10|288_sf10|5
290_sf10|289_sf10|2
290_sf10|285_sf10|3
291_sf10|290_sf10|1
292_sf10|291_sf10|2
293_sf10|292_sf10|3
294_sf10|293_sf10|5
294_sf10|291_sf10|2
295_sf10|294_sf10|3
296_sf10|295_sf10|2
296_sf10|294_sf10|2
297_sf10|296_sf10|4
297_sf10|292_sf10|2
298_sf10|297_sf10|3
299_sf10|298_sf10|5
299_sf10|295_sf10|3
300_sf10|299_sf10|3
300_sf10|296_sf10|3
301_sf10|300_sf10|5
302_sf10|301_sf10|3
302_sf10|299_sf10|3
303_sf10|302_sf10|1
304_sf10|303_sf10|5
305_sf10|304_sf10|3
306_sf10|305_sf10|2
307_sf10|306_sf10|1
308_sf10|307_sf10|5
309_sf10|308_sf10|2
309_sf10|305_sf10|1
310_sf10|309_sf10|5
310_sf10|305_sf10|3
311_sf10|310_sf10|3
312_sf10|311_sf10|4
312_sf10|307_sf10|2
313_sf10|312_sf10|3
313_sf10|309_sf10|1
314_sf10|313_sf10|2
315_sf10|314_sf10|5
316_sf10|315_sf10|3
317_sf10|316_sf10|3
317_sf10|314_sf10|1
318_sf10|317_sf10|3
319_sf10|318_sf10|3
320_sf10|319_sf10|2
321_sf10|320_sf10|2
322_sf10|321_sf10|3
323_sf10|322_sf10|1
324_sf10|323_sf10|4
325_sf10|324_sf10|2
325_sf10|320_sf10|1
326_sf10|325_sf10|5
327_sf10|326_sf10|3
328_sf10|327_sf10|5
328_sf10|326_sf10|1
329_sf10|328_sf10|1
329_sf10|324_sf10|3
330_sf10|329_sf10|5
331_sf10|330_sf10|1
331_sf10|329_sf10|2
332_sf10|331_sf10|1
333_sf10|332_sf10|3
334_sf10|333_sf10|2
335_sf10|334_sf10|2
336_sf10|335_sf10|5
337_sf10|336_sf10|3
338_sf10|337_sf10|2
338_sf10|335_sf10|1
339_sf10|338_sf10|3
340_sf10|339_sf10|4
340_sf10|337_sf10|1
341_sf10|340_sf10|1
342_sf10|341_sf10|4
343_sf10|342_sf10|2
343_sf10|339_sf10|3
344_sf10|343_sf10|1
344_sf10|340_sf10|3
345_sf10|344_sf10|2
346_sf10|345_sf10|2
347_sf10|346_sf10|1
347_sf10|342_sf10|2
348_sf10|347_sf10|1
348_sf10|344_sf10|1
349_sf10|348_sf10|1
350_sf10|349_sf10|2
351_sf10|350_sf10|2
352_sf10|351_sf10|2
353_sf10|352_sf10|5
354_sf10|353_sf10|1
354_sf10|350_sf10|2
355_sf10|354_sf10|5
355_sf10|353_sf10|3
356_sf10|355_sf10|2
357_sf10|356_sf10|1
358_sf10|357_sf10|5
359_sf10|358_sf10|1
359_sf10|356_sf10|3
360_sf10|359_sf10|4
360_sf10|358_sf10|1
361_sf10|360_sf10|5
361_sf10|359_sf10|2
362_sf10|361_sf10|3
362_sf10|359_sf10|3
363_sf10|362_sf10|5
364_sf10|363_sf10|5
365_sf10|364_sf10|1
366_sf10|365_sf10|1
367_sf10|366_sf10|2
367_sf10|362_sf10|3
368_sf10|367_sf10|1
369_sf10|368_sf10|2
370_sf10|369_sf10|1
370_sf10|366_sf10|1
371_sf10|370_sf10|3
372_sf10|371_sf10|5
372_sf10|368_sf10|2
373_sf10|372_sf10|1
374_sf10|373_sf10|2
375_sf10|374_sf10|3
375_sf10|373_sf10|3
376_sf10|375_sf10|4
376_sf10|374_sf10|3
377_sf10|376_sf10|3
377_sf10|373_sf10|3
378_sf10|377_sf10|2
379_sf10|378_sf10|1
380_sf10|379_sf10|4
381_sf10|380_sf10|1
382_sf10|381_sf10|1
383_sf10|382_sf10|4
383_sf10|380_sf10|2
384_sf10|383_sf10|4
385_sf10|384_sf10|2
386_sf10|385_sf10|2
387_sf10|386_sf10|3
388_sf10|387_sf10|2
388_sf10|386_sf10|3
389_sf10|388_sf10|3
389_sf10|384_sf10|2
390_sf10|389_sf10|2
391_sf10|390_sf10|4
391_sf10|386_sf10|1
392_sf10|391_sf10|4
392_sf10|388_sf10|1
393_sf10|392_sf10|1
394_sf10|393_sf10|5
395_sf10|394_sf10|1
396_sf10|395_sf10|1
397_sf10|396_sf10|1
398_sf10|397_sf10|2
399_sf10|398_sf10|5
400_sf10|399_sf10|2
401_sf10|400_sf10|5
402_sf10|401_sf10|3
403_sf10|402_sf10|5
404_sf10|403_sf10|5
404_sf10|402_sf10|1
405_sf10|404_sf10|2
406_sf10|405_sf10|2
407_sf10|406_sf10|1
408_sf10|407_sf10|1
409_sf10|408_sf10|1
410_sf10|409_sf10|2
410_sf10|408_sf10|3
411_sf10|410_sf10|3
412_sf10|411_sf10|2
413_sf10|412_sf10|3
414_sf10|413_sf10|3
414_sf10|410_sf10|2
415_sf10|414_sf10|1
415_sf10|413_sf10|2
416_sf10|415_sf10|1
417_sf10|416_sf10|2
418_sf10|417_sf10|5
419_sf10|418_sf10|5
420_sf10|419_sf10|4
421_sf10|420_sf10|5
422_sf10|421_sf10|1
422_sf10|419_sf10|1
423_sf10|422_sf10|4
424_sf10|423_sf10|2
424_sf10|419_sf10|3
425_sf10|424_sf10|4
426_sf10|425_sf10|1
426_sf10|423_sf10|2
427_sf10|426_sf10|5
428_sf10|427_sf10|1
429_sf10|428_sf10|1
430_sf10|429_sf10|4
431_sf10|430_sf10|1
432_sf10|431_sf10|1
433_sf10|432_sf10|2
433_sf10|429_sf10|1
434_sf10|433_sf10|4
435_sf10|434_sf10|5
436_sf10|435_sf10|2
437_sf10|436_sf10|1
438_sf10|437_sf10|5
438_sf10|435_sf10|3
439_sf10|438_sf10|2
440_sf10|439_sf10|1
441_sf10|440_sf10|3
442_sf10|441_sf10|3
443_sf10|442_sf10|4
444_sf10|443_sf10|5
445_sf10|444_sf10|1
446_sf10|445_sf10|3
446_sf10|443_sf10|1
447_sf10|446_sf10|1
448_sf10|447_sf10|5
449_sf10|448_sf10|2
450_sf10|449_sf10|2
451_sf10|450_sf10|5
451_sf10|448_sf10|1
452_sf10|451_sf10|4
453_sf10|452_sf10|5
454_sf10|453_sf10|4
455_sf10|454_sf10|5
455_sf10|450_sf10|3
456_sf10|455_sf10|3
456_sf10|451_sf10|2
457_sf10|456_sf10|4
458_sf10|457_sf10|3
459_sf10|458_sf10|2
460_sf10|459_sf10|1
461_sf10|460_sf10|2
462_sf10|461_sf10|2
463_sf10|462_sf10|4
463_sf10|458_sf10|2
464_sf10|463_sf10|4
464_sf10|459_sf10|3
465_sf10|464_sf10|4
466_sf10|465_sf10|5
466_sf10|461_sf10|1
467_sf10|466_sf10|2
468_sf10|467_sf10|1
469_sf10|468_sf10|4
469_sf10|464_sf10|2
470_sf10|469_sf10|5
471_sf10|470_sf10|5
472_sf10|471_sf10|3
473_sf10|472_sf10|4
473_sf10|469_sf10|3
474_sf10|473_sf10|2
475_sf10|474_sf10|1
476_sf10|475_sf10|3
477_sf10|476_sf10|3
477_sf10|472_sf10|3
478_sf10|477_sf10|3
479_sf10|478_sf10|4
479_sf10|476_sf10|1
480_sf10|479_sf10|4
481_sf10|480_sf10|4
481_sf10|479_sf10|1
482_sf10|481_sf10|4
483_sf10|482_sf10|4
484_sf10|483_sf10|1
485_sf10|484_sf10|2
485_sf10|482_sf10|2
486_sf10|485_sf10|4
487_sf10|486_sf10|1
487_sf10|482_sf10|1
488_sf10|487_sf10|3
489_sf10|488_sf10|4
489_sf10|484_sf10|3
490_sf10|489_sf10|1
491_sf10|490_sf10|5
492_sf10|491_sf10|3
492_sf10|490_sf10|2
493_sf10|492_sf10|2
493_sf10|490_sf10|2
494_sf10|493_sf10|3
495_sf10|494_sf10|4
496_sf10|495_sf10|1
497_sf10|496_sf10|3
497_sf10|493_sf10|3
498_sf10|497_sf10|1
498_sf10|493_sf10|3
499_sf10|498_sf10|2
500_sf10|499_sf10|4
501_sf10|500_sf10|4
502_sf10|501_sf10|2
502_sf10|498_sf10|2
503_sf10|502_sf10|4
504_sf10|503_sf10|4
505_sf10|504_sf10|2
505_sf10|502_sf10|1
506_sf10|505_sf10|1
506_sf10|501_sf10|3
507_sf10|506_sf10|3
508_sf10|507_sf10|5
509_sf10|508_sf10|4
510_sf10|509_sf10|5
511_sf10|510_sf10|1
512_sf10|511_sf10|4
512_sf10|507_sf10|2
513_sf10|512_sf10|4
514_sf10|513_sf10|3
515_sf10|514_sf10|4
515_sf10|512_sf10|1
516_sf10|515_sf10|3
517_sf10|516_sf10|2
518_sf10|517_sf10|1
519_sf10|518_sf10|3
520_sf10|519_sf10|2
521_sf10|520_sf10|4
521_sf10|517_sf10|1
522_sf10|521_sf10|3
523_sf10|522_sf10|3
523_sf10|518_sf10|2
524_sf10|523_sf10|5
525_sf10|524_sf10|4
526_sf10|525_sf10|3
527_sf10|526_sf10|5
528_sf10|527_sf10|4
529_sf10|528_sf10|2
529_sf10|527_sf10|1
530_sf10|529_sf10|5
531_sf10|530_sf10|3
531_sf10|529_sf10|3
532_sf10|531_sf10|3
533_sf10|532_sf10|3
534_sf10|533_sf10|1
535_sf10|534_sf10|1
536_sf10|535_sf10|4
536_sf10|531_sf10|2
537_sf10|536_sf10|2
538_sf10|537_sf10|4
539_sf10|538_sf10|3
540_sf10|539_sf10|3
540_sf10|537_sf10|2
541_sf10|540_sf10|4
541_sf10|539_sf10|2
542_sf10|541_sf10|1
543_sf10|542_sf10|4
544_sf10|543_sf10|4
544_sf10|540_sf10|3
545_sf10|544_sf10|2
545_sf10|543_sf10|2
546_sf10|545_sf10|2
547_sf10|546_sf10|1
547_sf10|543_sf10|1
548_sf10|547_sf10|1
549_sf10|548_sf10|3
549_sf10|546_sf10|3
550_sf10|549_sf10|2
550_sf10|546_sf10|2
551_sf10|550_sf10|2
552_sf10|551_sf10|4
553_sf10|552_sf10|2
553_sf10|551_sf10|1
554_sf10|553_sf10|3
554_sf10|551_sf10|3
555_sf10|554_sf10|2
555_sf10|553_sf10|1
556_sf10|555_sf10|4
557_sf10|556_sf10|5
557_sf10|552_sf10|1
558_sf10|557_sf10|3
559_sf10|558_sf10|1
560_sf10|559_sf10|4
561_sf10|560_sf10|5
561_sf10|556_sf10|1
562_sf10|561_sf10|3
563_sf10|562_sf10|1
563_sf10|561_sf10|3
564_sf10|563_sf10|1
564_sf10|560_sf10|3
565_sf10|564_sf10|1
566_sf10|565_sf10|2
567_sf10|566_sf10|4
568_sf10|567_sf10|1
568_sf10|564_sf10|3
569_sf10|568_sf10|3
569_sf10|566_sf10|2
570_sf10|569_sf10|1
571_sf10|570_sf10|3
572_sf10|571_sf10|3
573_sf10|572_sf10|1
574_sf10|573_sf10|3
575_sf10|574_sf10|2
576_sf10|575_sf10|3
577_sf10|576_sf10|5
578_sf10|577_sf10|5
579_sf10|578_sf10|5
580_sf10|579_sf10|4
580_sf10|578_sf10|3
581_sf10|580_sf10|1
582_sf10|581_sf10|4
582_sf10|579_sf10|1
583_sf10|582_sf10|1
583_sf10|579_sf10|2
584_sf10|583_sf10|4
585_sf10|584_sf10|4
586_sf10|585_sf10|5
587_sf10|586_sf10|1
588_sf10|587_sf10|5
588_sf10|586_sf10|2
589_sf10|588_sf10|3
590_sf10|589_sf10|3
591_sf10|590_sf10|1
591_sf10|587_sf10|1
592_sf10|591_sf10|3
593_sf10|592_sf10|2
594_sf10|593_sf10|5
595_sf10|594_sf10|5
596_sf10|595_sf10|3
597_sf10|596_sf10|1
598_sf10|597_sf10|4
598_sf10|593_sf10|2
599_sf10|598_sf10|4
600_sf10|599_sf10|4
601_sf10|600_sf10|1
601_sf10|599_sf10|3
602_sf10|601_sf10|3
602_sf10|597_sf10|1
603_sf10|602_sf10|5
604_sf10|603_sf10|5
605_sf10|604_sf10|1
606_sf10|605_sf10|2
607_sf10|606_sf10|2
608_sf10|607_sf10|1
609_sf10|608_sf10|3
609_sf10|604_sf10|1
610_sf10|609_sf10|4
610_sf10|607_sf10|2
611_sf10|610_sf10|3
611_sf10|607_sf10|2
612_sf10|611_sf10|3
612_sf10|608_sf10|3
613_sf10|612_sf10|2
613_sf10|611_sf10|3
614_sf10|613_sf10|5
615_sf10|614_sf10|1
616_sf10|615_sf10|1
617_sf10|616_sf10|2
618_sf10|617_sf10|5
618_sf10|613_sf10|3
619_sf10|618_sf10|5
620_sf10|619_sf10|2
621_sf10|620_sf10|5
622_sf10|621_sf10|4
623_sf10|622_sf10|3
624_sf10|623_sf10|4
625_sf10|624_sf10|5
626_sf10|625_sf10|3
627_sf10|626_sf10|5
628_sf10|627_sf10|4
629_sf10|628_sf10|3
630_sf10|629_sf10|1
631_sf10|630_sf10|1
632_sf10|631_sf10|4
632_sf10|627_sf10|1
633_sf10|632_sf10|1
634_sf10|633_sf10|5
635_sf10|634_sf10|4
635_sf10|633_sf10|1
636_sf10|635_sf10|4
637_sf10|636_sf10|2
638_sf10|637_sf10|5
639_sf10|638_sf10|5
640_sf10|639_sf10|1
641_sf10|640_sf10|4
642_sf10|641_sf10|5
643_sf10|642_sf10|2
644_sf10|643_sf10|1
645_sf10|644_sf10|5
646_sf10|645_sf10|1
647_sf10|646_sf10|2
648_sf10|647_sf10|4
649_sf10|648_sf10|4
650_sf10|649_sf10|4
650_sf10|648_sf10|2
651_sf10|650_sf10|4
651_sf10|649_sf10|2
652_sf10|651_sf10|4
652_sf10|648_sf10|3
653_sf10|652_sf10|4
653_sf10|651_sf10|1
654_sf10|653_sf10|4
655_sf10|654_sf10|1
656_sf10|655_sf10|3
657_sf10|656_sf10|4
658_sf10|657_sf10|1
659_sf10|658_sf10|2
659_sf10|654_sf10|1
660_sf10|659_sf10|1
661_sf10|660_sf10|2
662_sf10|661_sf10|4
662_sf10|660_sf10|3
663_sf10|662_sf10|5
664_sf10|663_sf10|3
665_sf10|664_sf10|4
666_sf10|665_sf10|5
667_sf10|666_sf10|4
668_sf10|667_sf10|2
669_sf10|668_sf10|5
670_sf10|669_sf10|2
671_sf10|670_sf10|2
672_sf10|671_sf10|5
673_sf10|672_sf10|3
673_sf10|671_sf10|1
674_sf10|673_sf10|1
674_sf10|669_sf10|2
675_sf10|674_sf10|4
675_sf10|671_sf10|1
676_sf10|675_sf10|3
677_sf10|676_sf10|3
677_sf10|675_sf10|2
678_sf10|677_sf10|4
679_sf10|678_sf10|3
680_sf10|679_sf10|4
681_sf10|680_sf10|3
682_sf10|681_sf10|3
682_sf10|678_sf10|3
683_sf10|682_sf10|3
684_sf10|683_sf10|3
684_sf10|680_sf10|2
685_sf10|684_sf10|2
686_sf10|685_sf10|5
687_sf10|686_sf10|3
687_sf10|685_sf10|3
688_sf10|687_sf10|2
689_sf10|688_sf10|5
690_sf10|689_sf10|3
691_sf10|690_sf10|4
691_sf10|688_sf10|3
692_sf10|691_sf10|4
693_sf10|692_sf10|1
694_sf10|693_sf10|1
695_sf10|694_sf10|1
696_sf10|695_sf10|2
697_sf10|696_sf10|4
698_sf10|697_sf10|1
698_sf10|693_sf10|2
699_sf10|698_sf10|1
700_sf10|699_sf10|4
701_sf10|700_sf10|1
702_sf10|701_sf10|4
702_sf10|699_sf10|3
703_sf10|702_sf10|3
703_sf10|701_sf10|1
704_sf10|703_sf10|4
704_sf10|701_sf10|2
705_sf10|704_sf10|4
706_sf10|705_sf10|5
706_sf10|702_sf10|1
707_sf10|706_sf10|1
707_sf10|702_sf10|1
708_sf10|707_sf10|1
709_sf10|708_sf10|5
709_sf10|704_sf10|2
710_sf10|709_sf10|1
711_sf10|710_sf10|1
712_sf10|711_sf10|4
713_sf10|712_sf10|3
714_sf10|713_sf10|4
715_sf10|714_sf10|1
715_sf10|713_sf10|2
716_sf10|715_sf10|5
717_sf10|716_sf10|3
718_sf10|717_sf10|2
718_sf10|715_sf10|1
719_sf10|718_sf10|5
720_sf10|719_sf10|4
721_sf10|720_sf10|4
721_sf10|716_sf10|2
722_sf10|721_sf10|1
723_sf10|722_sf10|1
723_sf10|721_sf10|1
724_sf10|723_sf10|4
725_sf10|724_sf10|4
726_sf10|725_sf10|2
727_sf10|726_sf10|3
728_sf10|727_sf10|1
729_sf10|728_sf10|1
730_sf10|729_sf10|1
731_sf10|730_sf10|2
732_sf10|731_sf10|5
733_sf10|732_sf10|1
733_sf10|728_sf10|3
734_sf10|733_sf10|4
735_sf10|734_sf10|2
736_sf10|735_sf10|1
737_sf10|736_sf10|3
738_sf10|737_sf10|4
738_sf10|734_sf10|3
739_sf10|738_sf10|4
739_sf10|735_sf10|1
740_sf10|739_sf10|2
740_sf10|735_sf10|2
741_sf10|740_sf10|1
741_sf10|737_sf10|2
742_sf10|741_sf10|2
742_sf10|740_sf10|2
743_sf10|742_sf10|1
744_sf10|743_sf10|4
745_sf10|744_sf10|1
746_sf10|745_sf10|5
747_sf10|746_sf10|5
747_sf10|742_sf10|2
748_sf10|747_sf10|4
749_sf10|748_sf10|1
750_sf10|749_sf10|2
751_sf10|750_sf10|5
751_sf10|749_sf10|3
752_sf10|751_sf10|2
753_sf10|752_sf10|1
754_sf10|753_sf10|4
755_sf10|754_sf10|3
756_sf10|755_sf10|2
757_sf10|756_sf10|4
758_sf10|757_sf10|5
759_sf10|758_sf10|1
760_sf10|759_sf10|4
761_sf10|760_sf10|2
762_sf10|761_sf10|5
762_sf10|759_sf10|1
763_sf10|762_sf10|5
764_sf10|763_sf10|2
765_sf10|764_sf10|2
766_sf10|765_sf10|3
767_sf10|766_sf10|3
768_sf10|767_sf10|1
769_sf10|768_sf10|4
770_sf10|769_sf10|4
771_sf10|770_sf10|4
772_sf10|771_sf10|4
773_sf10|772_sf10|1
773_sf10|771_sf10|2
774_sf10|773_sf10|3
774_sf10|772_sf10|3
775_sf10|774_sf10|1
776_sf10|775_sf10|4
776_sf10|771_sf10|3
777_sf10|776_sf10|5
778_sf10|777_sf10|3
778_sf10|773_sf10|1
779_sf10|778_sf10|2
779_sf10|777_sf10|2
780_sf10|779_sf10|2
781_sf10|780_sf10|2
782_sf10|781_sf10|4
782_sf10|780_sf10|1
783_sf10|782_sf10|5
783_sf10|780_sf10|3
784_sf10|783_sf10|4
784_sf10|781_sf10|3
785_sf10|784_sf10|4
786_sf10|785_sf10|3
786_sf10|783_sf10|1
787_sf10|786_sf10|2
788_sf10|787_sf10|5
788_sf10|783_sf10|1
789_sf10|788_sf10|1
790_sf10|789_sf10|2
790_sf10|786_sf10|3
791_sf10|790_sf10|2
791_sf10|787_sf10|2
792_sf10|791_sf10|4
793_sf10|792_sf10|4
793_sf10|791_sf10|3
794_sf10|793_sf10|2
795_sf10|794_sf10|2
796_sf10|795_sf10|5
797_sf10|796_sf10|5
798_sf10|797_sf10|4
799_sf10|798_sf10|3
800_sf10|799_sf10|1
801_sf10|800_sf10|2
802_sf10|801_sf10|4
802_sf10|798_sf10|2
803_sf10|802_sf10|2
803_sf10|798_sf10|1
804_sf10|803_sf10|1
805_sf10|804_sf10|5
806_sf10|805_sf10|1
807_sf10|806_sf10|3
808_sf10|807_sf10|4
808_sf10|804_sf10|3
809_sf10|808_sf10|5
810_sf10|809_sf10|2
811_sf10|810_sf10|3
812_sf10|811_sf10|1
813_sf10|812_sf10|2
814_sf10|813_sf10|2
814_sf10|809_sf10|1
815_sf10|814_sf10|5
816_sf10|815_sf10|4
817_sf10|816_sf10|5
818_sf10|817_sf10|4
819_sf10|818_sf10|1
820_sf10|819_sf10|3
821_sf10|820_sf10|4
822_sf10|821_sf10|4
822_sf10|818_sf10|2
823_sf10|822_sf10|4
824_sf10|823_sf10|5
825_sf10|824_sf10|5
826_sf10|825_sf10|1
826_sf10|822_sf10|1
827_sf10|826_sf10|1
827_sf10|825_sf10|3
828_sf10|827_sf10|4
829_sf10|828_sf10|2
830_sf10|829_sf10|1
831_sf10|830_sf10|3
832_sf10|831_sf10|1
832_sf10|829_sf10|2
833_sf10|832_sf10|5
833_sf10|830_sf10|1
834_sf10|833_sf10|1
834_sf10|832_sf10|3
835_sf10|834_sf10|2
835_sf10|832_sf10|1
836_sf10|835_sf10|4
837_sf10|836_sf10|5
837_sf10|834_sf10|2
838_sf10|837_sf10|3
839_sf10|838_sf10|2
839_sf10|836_sf10|1
840_sf10|839_sf10|3
840_sf10|837_sf10|2
841_sf10|840_sf10|5
842_sf10|841_sf10|2
843_sf10|842_sf10|3
844_sf10|843_sf10|5
845_sf10|844_sf10|3
846_sf10|845_sf10|2
846_sf10|842_sf10|3
847_sf10|846_sf10|5
848_sf10|847_sf10|1
848_sf10|843_sf10|1
849_sf10|848_sf10|4
850_sf10|849_sf10|5
850_sf10|847_sf10|1
851_sf10|850_sf10|4
852_sf10|851_sf10|5
853_sf10|852_sf10|5
854_sf10|853_sf10|5
855_sf10|854_sf10|4
855_sf10|853_sf10|2
856_sf10|855_sf10|5
857_sf10|856_sf10|5
858_sf10|857_sf10|3
859_sf10|858_sf10|3
860_sf10|859_sf10|5
861_sf10|860_sf10|4
862_sf10|861_sf10|5
863_sf10|862_sf10|5
864_sf10|863_sf10|5
865_sf10|864_sf10|2
865_sf10|860_sf10|3
866_sf10|865_sf10|1
867_sf10|866_sf10|2
868_sf10|867_sf10|3
869_sf10|868_sf10|2
870_sf10|869_sf10|1
871_sf10|870_sf10|3
872_sf10|871_sf10|4
873_sf10|872_sf10|5
874_sf10|873_sf10|5
875_sf10|874_sf10|2
875_sf10|870_sf10|2
876_sf10|875_sf10|1
876_sf10|872_sf10|3
877_sf10|876_sf10|4
878_sf10|877_sf10|4
878_sf10|874_sf10|3
879_sf10|878_sf10|4
879_sf10|876_sf10|2
880_sf10|879_sf10|1
881_sf10|880_sf10|1
882_sf10|881_sf10|5
882_sf10|879_sf10|1
883_sf10|882_sf10|2
883_sf10|878_sf10|2
884_sf10|883_sf10|5
885_sf10|884_sf10|5
886_sf10|885_sf10|1
887_sf10|886_sf10|3
888_sf10|887_sf10|4
888_sf10|885_sf10|2
889_sf10|888_sf10|3
890_sf10|889_sf10|5
891_sf10|890_sf10|2
891_sf10|887_sf10|1
892_sf10|891_sf10|1
893_sf10|892_sf10|4
894_sf10|893_sf10|3
894_sf10|890_sf10|2
895_sf10|894_sf10|2
895_sf10|891_sf10|1
896_sf10|895_sf10|4
896_sf10|892_sf10|2
897_sf10|896_sf10|5
898_sf10|897_sf10|5
898_sf10|896_sf10|3
899_sf10|898_sf10|2
899_sf10|896_sf10|2
900_sf10|899_sf10|5
900_sf10|898_sf10|2
901_sf10|900_sf10|5
901_sf10|899_sf10|3
902_sf10|901_sf10|3
902_sf10|900_sf10|1
903_sf10|902_sf10|3
904_sf10|903_sf10|1
905_sf10|904_sf10|4
906_sf10|905_sf10|4
907_sf10|906_sf10|5
908_sf10|907_sf10|3
909_sf10|908_sf10|1
910_sf10|909_sf10|4
911_sf10|910_sf10|2
911_sf10|907_sf10|2
912_sf10|911_sf10|3
912_sf10|910_sf10|2
913_sf10|912_sf10|4
914_sf10|913_sf10|2
915_sf10|914_sf10|1
915_sf10|910_sf10|2
916_sf10|915_sf10|3
916_sf10|911_sf10|1
917_sf10|916_sf10|2
918_sf10|917_sf10|3
918_sf10|913_sf10|3
919_sf10|918_sf10|5
919_sf10|914_sf10|2
920_sf10|919_sf10|4
920_sf10|915_sf10|3
921_sf10|920_sf10|1
922_sf10|921_sf10|3
922_sf10|917_sf10|1
923_sf10|922_sf10|5
923_sf10|920_sf10|1
924_sf10|923_sf10|5
924_sf10|919_sf10|2
925_sf10|924_sf10|2
926_sf10|925_sf10|4
927_sf10|926_sf10|3
928_sf10|927_sf10|1
929_sf10|928_sf10|4
929_sf10|924_sf10|2
930_sf10|929_sf10|4
931_sf10|930_sf10|1
932_sf10|931_sf10|3
933_sf10|932_sf10|4
933_sf10|931_sf10|2
934_sf10|933_sf10|3
935_sf10|934_sf10|2
935_sf10|931_sf10|2
936_sf10|935_sf10|4
937_sf10|936_sf10|4
938_sf10|937_sf10|5
939_sf10|938_sf10|3
940_sf10|939_sf10|5
941_sf10|940_sf10|3
942_sf10|941_sf10|4
943_sf10|942_sf10|1
943_sf10|940_sf10|3
944_sf10|943_sf10|3
944_sf10|942_sf10|3
945_sf10|944_sf10|3
945_sf10|943_sf10|1
946_sf10|945_sf10|2
946_sf10|944_sf10|2
947_sf10|946_sf10|4
948_sf10|947_sf10|2
949_sf10|948_sf10|5
950_sf10|949_sf10|1
951_sf10|950_sf10|3
952_sf10|951_sf10|5
953_sf10|952_sf10|2
953_sf10|948_sf10|2
954_sf10|953_sf10|2
955_sf10|954_sf10|1
956_sf10|955_sf10|1
957_sf10|956_sf10|4
958_sf10|957_sf10|1
959_sf10|958_sf10|5
960_sf10|959_sf10|5
960_sf10|956_sf10|1
961_sf10|960_sf10|1
962_sf10|961_sf10|1
962_sf10|960_sf10|3
963_sf10|962_sf10|2
964_sf10|963_sf10|1
964_sf10|962_sf10|3
965_sf10|964_sf10|2
966_sf10|965_sf10|3
967_sf10|966_sf10|4
967_sf10|963_sf10|2
968_sf10|967_sf10|2
969_sf10|968_sf10|4
970_sf10|969_sf10|5
971_sf10|970_sf10|1
972_sf10|971_sf10|5
972_sf10|968_sf10|1
973_sf10|972_sf10|1
973_sf10|971_sf10|2
974_sf10|973_sf10|5
975_sf10|974_sf10|1
976_sf10|975_sf10|5
977_sf10|976_sf10|3
978_sf10|977_sf10|5
979_sf10|978_sf10|2
980_sf10|979_sf10|4
980_sf10|978_sf10|3
981_sf10|980_sf10|2
981_sf10|979_sf10|2
982_sf10|981_sf10|5
983_sf10|982_sf10|1
984_sf10|983_sf10|4
985_sf10|984_sf10|5
985_sf10|983_sf10|3
986_sf10|985_sf10|1
987_sf10|986_sf10|1
988_sf10|987_sf10|1
989_sf10|988_sf10|4
990_sf10|989_sf10|1
991_sf10|990_sf10|3
992_sf10|991_sf10|3
993_sf10|992_sf10|3
993_sf10|990_sf10|1
994_sf10|993_sf10|5
995_sf10|994_sf10|4
996_sf10|995_sf10|2
997_sf10|996_sf10|1
998_sf10|997_sf10|4
998_sf10|993_sf10|1
999_sf10|998_sf10|3
1000_sf10|999_sf10|1
1000_sf10|998_sf10|1
1001_sf10|1000_sf10|3
1002_sf10|1001_sf10|4
1003_sf10|1002_sf10|3
1004_sf10|1003_sf10|2
1004_sf10|1001_sf10|3
1005_sf10|1004_sf10|1
1005_sf10|1002_sf10|1
1006_sf10|1005_sf10|1
1007_sf10|1006_sf10|4
1008_sf10|1007_sf10|5
1008_sf10|1004_sf10|2
1009_sf10|1008_sf10|5
1010_sf10|1009_sf10|5
1010_sf10|1005_sf10|1
1011_sf10|1010_sf10|3
1012_sf10|1011_sf10|1
1012_sf10|1010_sf10|3
1013_sf10|1012_sf10|5
1013_sf10|1008_sf10|1
1014_sf10|1013_sf10|5
1014_sf10|1009_sf10|1
1015_sf10|1014_sf10|3
1016_sf10|1015_sf10|3
1017_sf10|1016_sf10|5
1018_sf10|1017_sf10|3
1019_sf10|1018_sf10|4
1020_sf10|1019_sf10|5
1020_sf10|1015_sf10|1
1021_sf10|1020_sf10|3
1022_sf10|1021_sf10|1
1023_sf10|1022_sf10|1
1024_sf10|1023_sf10|1
1025_sf10|1024_sf10|2
1026_sf10|1025_sf10|2
1027_sf10|1026_sf10|4
1028_sf10|1027_sf10|4
1028_sf10|1023_sf10|1
1029_sf10|1028_sf10|2
1029_sf10|1027_sf10|3
1030_sf10|1029_sf10|1
1031_sf10|1030_sf10|4
1032_sf10|1031_sf10|1
1032_sf10|1029_sf10|3
1033_sf10|1032_sf10|4
1034_sf10|1033_sf10|3
1035_sf10|1034_sf10|3
1035_sf10|1033_sf10|2
1036_sf10|1035_sf10|1
1036_sf10|1033_sf10|3
1037_sf10|1036_sf10|3
1038_sf10|1037_sf10|5
1038_sf10|1034_sf10|3
1039_sf10|1038_sf10|4
1040_sf10|1039_sf10|1
1041_sf10|1040_sf10|4
1042_sf10|1041_sf10|1
1042_sf10|1037_sf10|3
1043_sf10|1042_sf10|3
1043_sf10|1040_sf10|3
1044_sf10|1043_sf10|3
1045_sf10|1044_sf10|4
1046_sf10|1045_sf10|4
1046_sf10|1041_sf10|2
1047_sf10|1046_sf10|3
1048_sf10|1047_sf10|4
1049_sf10|1048_sf10|3
1050_sf10|1049_sf10|1
1051_sf10|1050_sf10|2
1052_sf10|1051_sf10|5
1053_sf10|1052_sf10|4
1053_sf10|1051_sf10|2
1054_sf10|1053_sf10|4
1054_sf10|1052_sf10|2
1055_sf10|1054_sf10|5
1056_sf10|1055_sf10|5
1056_sf10|1054_sf10|1
1057_sf10|1056_sf10|3
1058_sf10|1057_sf10|4
1059_sf10|1058_sf10|5
1060_sf10|1059_sf10|5
1061_sf10|1060_sf10|1
1061_sf10|1059_sf10|1
1062_sf10|1061_sf10|3
1063_sf10|1062_sf10|2
1063_sf10|1059_sf10|1
1064_sf10|1063_sf10|2
1065_sf10|1064_sf10|4
1066_sf10|1065_sf10|2
1067_sf10|1066_sf10|2
1067_sf10|1062_sf10|2
1068_sf10|1067_sf10|5
1068_sf10|1064_sf10|1
1069_sf10|1068_sf10|3
1069_sf10|1065_sf10|3
1070_sf10|1069_sf10|4
1071_sf10|1070_sf10|5
1072_sf10|1071_sf10|2
1073_sf10|1072_sf10|2
1074_sf10|1073_sf10|4
1074_sf10|1072_sf10|3
1075_sf10|1074_sf10|5
1076_sf10|1075_sf10|5
1076_sf10|1072_sf10|1
1077_sf10|1076_sf10|2
1078_sf10|1077_sf10|3
1078_sf10|1074_sf10|2
1079_sf10|1078_sf10|2
1080_sf10|1079_sf10|2
1081_sf10|1080_sf10|3
1082_sf10|1081_sf10|3
1083_sf10|1082_sf10|1
1084_sf10|1083_sf10|2
1085_sf10|1084_sf10|5
1086_sf10|1085_sf10|1
1087_sf10|1086_sf10|3
1088_sf10|1087_sf10|3
1089_sf10|1088_sf10|1
1089_sf10|1086_sf10|1
1090_sf10|1089_sf10|5
1090_sf10|1087_sf10|1
1091_sf10|1090_sf10|4
1091_sf10|1088_sf10|1
1092_sf10|1091_sf10|5
1093_sf10|1092_sf10|1
1093_sf10|1089_sf10|2
1094_sf10|1093_sf10|2
1095_sf10|1094_sf10|3
1095_sf10|1091_sf10|2
1096_sf10|1095_sf10|2
1097_sf10|1096_sf10|1
1098_sf10|1097_sf10|3
1098_sf10|1096_sf10|1
1099_sf10|1098_sf10|3
1100_sf10|1099_sf10|1
1101_sf10|1100_sf10|5
1102_sf10|1101_sf10|4
1103_sf10|1102_sf10|5
1104_sf10|1103_sf10|2
1105_sf10|1104_sf10|5
1106_sf10|1105_sf10|4
1107_sf10|1106_sf10|3
1108_sf10|1107_sf10|4
1108_sf10|1106_sf10|2
1109_sf10|1108_sf10|5
1110_sf10|1109_sf10|2
1111_sf10|1110_sf10|2
1112_sf10|1111_sf10|1
1112_sf10|1107_sf10|3
1113_sf10|1112_sf10|2
1114_sf10|1113_sf10|2
1115_sf10|1114_sf10|3
1116_sf10|1115_sf10|2
1117_sf10|1116_sf10|2
1118_sf10|1117_sf10|3
1118_sf10|1116_sf10|1
1119_sf10|1118_sf10|1
1120_sf10|1119_sf10|2
1121_sf10|1120_sf10|5
1122_sf10|1121_sf10|5
1122_sf10|1120_sf10|2
1123_sf10|1122_sf10|3
1123_sf10|1121_sf10|2
1124_sf10|1123_sf10|4
1125_sf10|1124_sf10|5
1126_sf10|1125_sf10|1
1127_sf10|1126_sf10|1
1128_sf10|1127_sf10|2
1128_sf10|1126_sf10|1
1129_sf10|1128_sf10|1
1129_sf10|1127_sf10|2
1130_sf10|1129_sf10|5
1131_sf10|1130_sf10|1
1132_sf10|1131_sf10|4
1133_sf10|1132_sf10|4
1133_sf10|1130_sf10|3
1134_sf10|1133_sf10|4
1135_sf10|1134_sf10|2
1136_sf10|1135_sf10|2
1137_sf10|1136_sf10|2
1137_sf10|1133_sf10|3
1138_sf10|1137_sf10|3
1138_sf10|1134_sf10|3
1139_sf10|1138_sf10|2
1139_sf10|1135_sf10|1
1140_sf10|1139_sf10|2
1140_sf10|1136_sf10|1
1141_sf10|1140_sf10|2
1142_sf10|1141_sf10|1
1142_sf10|1137_sf10|3
1143_sf10|1142_sf10|4
1143_sf10|1140_sf10|3
1144_sf10|1143_sf10|3
1145_sf10|1144_sf10|1
1145_sf10|1143_sf10|3
1146_sf10|1145_sf10|4
1147_sf10|1146_sf10|5
1148_sf10|1147_sf10|5
1148_sf10|1144_sf10|3
1149_sf10|1148_sf10|1
1149_sf10|1147_sf10|3
1150_sf10|1149_sf10|1
1151_sf10|1150_sf10|3
1152_sf10|1151_sf10|3
1152_sf10|1148_sf10|2
1153_sf10|1152_sf10|4
1154_sf10|1153_sf10|4
1154_sf10|1152_sf10|1
1155_sf10|1154_sf10|1
1156_sf10|1155_sf10|4
1156_sf10|1153_sf10|1
1157_sf10|1156_sf10|1
1158_sf10|1157_sf10|4
1159_sf10|1158_sf10|4
1159_sf10|1156_sf10|2
1160_sf10|1159_sf10|5
1161_sf10|1160_sf10|1
1161_sf10|1157_sf10|3
1162_sf10|1161_sf10|5
1163_sf10|1162_sf10|5
1164_sf10|1163_sf10|4
1164_sf10|1160_sf10|3
1165_sf10|1164_sf10|4
1166_sf10|1165_sf10|1
1167_sf10|1166_sf10|3
1168_sf10|1167_sf10|1
1169_sf10|1168_sf10|4
1169_sf10|1166_sf10|3
1170_sf10|1169_sf10|4
1170_sf10|1166_sf10|1
1171_sf10|1170_sf10|4
1172_sf10|1171_sf10|4
1173_sf10|1172_sf10|1
1174_sf10|1173_sf10|3
1175_sf10|1174_sf10|3
1175_sf10|1172_sf10|3
1176_sf10|1175_sf10|4
1176_sf10|1172_sf10|3
1177_sf10|1176_sf10|4
1178_sf10|1177_sf10|5
1179_sf10|1178_sf10|1
1179_sf10|1175_sf10|2
1180_sf10|1179_sf10|3
1181_sf10|1180_sf10|4
1181_sf10|1176_sf10|1
1182_sf10|1181_sf10|4
1183_sf10|1182_sf10|2
1184_sf10|1183_sf10|1
1185_sf10|1184_sf10|2
1186_sf10|1185_sf10|2
1186_sf10|1181_sf10|2
1187_sf10|1186_sf10|1
1187_sf10|1185_sf10|2
1188_sf10|1187_sf10|4
1189_sf10|1188_sf10|3
1190_sf10|1189_sf10|3
1191_sf10|1190_sf10|5
1191_sf10|1187_sf10|1
1192_sf10|1191_sf10|5
1193_sf10|1192_sf10|5
1193_sf10|1188_sf10|2
1194_sf10|1193_sf10|4
1195_sf10|1194_sf10|3
1195_sf10|1191_sf10|2
1196_sf10|1195_sf10|4
1196_sf10|1194_sf10|2
1197_sf10|1196_sf10|1
1197_sf10|1195_sf10|2
1198_sf10|1197_sf10|1
1199_sf10|1198_sf10|5
1200_sf10|1199_sf10|5
1201_sf10|1200_sf10|2
1202_sf10|1201_sf10|4
1202_sf10|1199_sf10|3
1203_sf10|1202_sf10|2
1204_sf10|1203_sf10|3
1205_sf10|1204_sf10|2
1206_sf10|1205_sf10|5
1207_sf10|1206_sf10|5
1208_sf10|1207_sf10|1
1209_sf10|1208_sf10|2
1210_sf10|1209_sf10|2
1211_sf10|1210_sf10|4
1211_sf10|1208_sf10|1
1212_sf10|1211_sf10|4
1213_sf10|1212_sf10|1
1214_sf10|1213_sf10|5
1215_sf10|1214_sf10|5
1215_sf10|1212_sf10|2
1216_sf10|1215_sf10|2
1216_sf10|1213_sf10|3
1217_sf10|1216_sf10|4
1218_sf10|1217_sf10|4
1219_sf10|1218_sf10|3
1220_sf10|1219_sf10|4
1221_sf10|1220_sf10|5
1221_sf10|1217_sf10|2
1222_sf10|1221_sf10|1
1222_sf10|1220_sf10|2
1223_sf10|1222_sf10|2
1224_sf10|1223_sf10|5
1225_sf10|1224_sf10|2
1226_sf10|1225_sf10|1
1227_sf10|1226_sf10|1
1228_sf10|1227_sf10|1
1229_sf10|1228_sf10|5
1229_sf10|1225_sf10|1
1230_sf10|1229_sf10|5
1230_sf10|1228_sf10|1
1231_sf10|1230_sf10|5
1231_sf10|1228_sf10|2
1232_sf10|1231_sf10|5
1233_sf10|1232_sf10|5
1234_sf10|1233_sf10|3
1235_sf10|1234_sf10|5
1236_sf10|1235_sf10|4
1236_sf10|1231_sf10|3
1237_sf10|1236_sf10|5
1238_sf10|1237_sf10|1
1239_sf10|1238_sf10|2
1240_sf10|1239_sf10|5
1241_sf10|1240_sf10|1
1242_sf10|1241_sf10|5
1243_sf10|1242_sf10|3
1243_sf10|1240_sf10|3
1244_sf10|1243_sf10|3
1244_sf10|1241_sf10|2
1245_sf10|1244_sf10|2
1246_sf10|1245_sf10|2
1247_sf10|1246_sf10|5
1247_sf10|1245_sf10|3
1248_sf10|1247_sf10|3
1249_sf10|1248_sf10|5
1249_sf10|1247_sf10|2
1250_sf10|1249_sf10|4
1251_sf10|1250_sf10|5
1252_sf10|1251_sf10|2
1252_sf10|1249_sf10|2
1253_sf10|1252_sf10|2
1253_sf10|1248_sf10|2
1254_sf10|1253_sf10|2
1255_sf10|1254_sf10|4
1256_sf10|1255_sf10|5
1257_sf10|1256_sf10|1
1257_sf10|1254_sf10|1
1258_sf10|1257_sf10|4
1259_sf10|1258_sf10|2
1260_sf10|1259_sf10|3
1261_sf10|1260_sf10|2
1262_sf10|1261_sf10|3
1262_sf10|1257_sf10|3
1263_sf10|1262_sf10|2
1263_sf10|1261_sf10|1
1264_sf10|1263_sf10|3
1265_sf10|1264_sf10|5
1266_sf10|1265_sf10|3
1267_sf10|1266_sf10|4
1268_sf10|1267_sf10|4
1269_sf10|1268_sf10|5
1269_sf10|1267_sf10|2
1270_sf10|1269_sf10|5
1271_sf10|1270_sf10|4
1271_sf10|1266_sf10|3
1272_sf10|1271_sf10|5
1273_sf10|1272_sf10|4
1274_sf10|1273_sf10|4
1275_sf10|1274_sf10|4
1276_sf10|1275_sf10|5
1277_sf10|1276_sf10|3
1277_sf10|1272_sf10|2
1278_sf10|1277_sf10|3
1278_sf10|1273_sf10|1
1279_sf10|1278_sf10|5
1280_sf10|1279_sf10|5
1281_sf10|1280_sf10|4
1282_sf10|1281_sf10|2
1283_sf10|1282_sf10|3
1284_sf10|1283_sf10|3
1284_sf10|1281_sf10|3
1285_sf10|1284_sf10|1
1286_sf10|1285_sf10|5
1286_sf10|1282_sf10|3
1287_sf10|1286_sf10|5
1288_sf10|1287_sf10|5
1288_sf10|1283_sf10|3
1289_sf10|1288_sf10|3
1289_sf10|1284_sf10|1
1290_sf10|1289_sf10|3
1290_sf10|1288_sf10|1
1291_sf10|1290_sf10|5
1292_sf10|1291_sf10|5
1292_sf10|1288_sf10|3
1293_sf10|1292_sf10|2
1294_sf10|1293_sf10|3
1294_sf10|1289_sf10|2
1295_sf10|1294_sf10|3
1296_sf10|1295_sf10|4
1297_sf10|1296_sf10|3
1298_sf10|1297_sf10|4
1299_sf10|1298_sf10|3
1299_sf10|1296_sf10|2
1300_sf10|1299_sf10|2
1301_sf10|1300_sf10|3
1301_sf10|1297_sf10|3
1302_sf10|1301_sf10|5
1303_sf10|1302_sf10|2
1303_sf10|1298_sf10|3
1304_sf10|1303_sf10|3
1305_sf10|1304_sf10|2
1306_sf10|1305_sf10|2
1306_sf10|1301_sf10|2
1307_sf10|1306_sf10|3
1307_sf10|1304_sf10|1
1308_sf10|1307_sf10|5
1309_sf10|1308_sf10|5
1310_sf10|1309_sf10|4
1311_sf10|1310_sf10|5
1311_sf10|1307_sf10|3
1312_sf10|1311_sf10|5
1313_sf10|1312_sf10|4
1314_sf10|1313_sf10|4
1315_sf10|1314_sf10|1
1316_sf10|1315_sf10|3
1317_sf10|1316_sf10|4
1318_sf10|1317_sf10|2
1319_sf10|1318_sf10|4
1319_sf10|1317_sf10|3
1320_sf10|1319_sf10|5
1320_sf10|1315_sf10|1
1321_sf10|1320_sf10|3
1321_sf10|1317_sf10|2
1322_sf10|1321_sf10|4
1323_sf10|1322_sf10|5
1324_sf10|1323_sf10|1
1325_sf10|1324_sf10|2
1325_sf10|1320_sf10|3
1326_sf10|1325_sf10|1
1326_sf10|1324_sf10|3
1327_sf10|1326_sf10|5
1327_sf10|1322_sf10|1
1328_sf10|1327_sf10|2
1329_sf10|1328_sf10|2
1330_sf10|1329_sf10|5
1331_sf10|1330_sf10|4
1332_sf10|1331_sf10|3
1333_sf10|1332_sf10|5
1333_sf10|1329_sf10|1
1334_sf10|1333_sf10|5
1335_sf10|1334_sf10|2
1336_sf10|1335_sf10|1
1337_sf10|1336_sf10|5
1338_sf10|1337_sf10|1
1339_sf10|1338_sf10|1
1340_sf10|1339_sf10|5
1341_sf10|1340_sf10|4
1342_sf10|1341_sf10|1
1343_sf10|1342_sf10|4
1344_sf10|1343_sf10|5
1345_sf10|1344_sf10|3
1346_sf10|1345_sf10|5
1347_sf10|1346_sf10|5
1348_sf10|1347_sf10|3
1349_sf10|1348_sf10|4
1350_sf10|1349_sf10|2
1351_sf10|1350_sf10|1
1351_sf10|1349_sf10|1
1352_sf10|1351_sf10|4
1353_sf10|1352_sf10|2
1354_sf10|1353_sf10|3
1355_sf10|1354_sf10|3
1356_sf10|1355_sf10|5
1357_sf10|1356_sf10|2
1357_sf10|1354_sf10|1
1358_sf10|1357_sf10|5
1358_sf10|1356_sf10|2
1359_sf10|1358_sf10|3
1360_sf10|1359_sf10|5
1361_sf10|1360_sf10|3
1362_sf10|1361_sf10|2
1363_sf10|1362_sf10|5
1364_sf10|1363_sf10|3
1365_sf10|1364_sf10|2
1366_sf10|1365_sf10|2
1367_sf10|1366_sf10|5
1367_sf10|1365_sf10|2
1368_sf10|1367_sf10|3
1369_sf10|1368_sf10|2
1370_sf10|1369_sf10|5
1371_sf10|1370_sf10|2
1372_sf10|1371_sf10|5
1372_sf10|1369_sf10|1
1373_sf10|1372_sf10|5
1374_sf10|1373_sf10|5
1374_sf10|1370_sf10|1
1375_sf10|1374_sf10|3
1376_sf10|1375_sf10|5
1377_sf10|1376_sf10|2
1377_sf10|1372_sf10|3
1378_sf10|1377_sf10|1
1379_sf10|1378_sf10|1
1380_sf10|1379_sf10|4
1381_sf10|1380_sf10|2
1382_sf10|1381_sf10|2
1383_sf10|1382_sf10|5
1383_sf10|1379_sf10|2
1384_sf10|1383_sf10|2
1385_sf10|1384_sf10|1
1386_sf10|1385_sf10|4
1387_sf10|1386_sf10|2
1388_sf10|1387_sf10|2
1389_sf10|1388_sf10|4
1390_sf10|1389_sf10|4
1390_sf10|1386_sf10|2
1391_sf10|1390_sf10|3
1391_sf10|1388_sf10|2
1392_sf10|1391_sf10|2
1393_sf10|1392_sf10|4
1393_sf10|1389_sf10|3
1394_sf10|1393_sf10|2
1394_sf10|1389_sf10|3
1395_sf10|1394_sf10|4
1396_sf10|1395_sf10|4
1396_sf10|1391_sf10|3
1397_sf10|1396_sf10|3
1398_sf10|1397_sf10|4
1398_sf10|1393_sf10|3
1399_sf10|1398_sf10|2
1400_sf10|1399_sf10|3
1401_sf10|1400_sf10|3
1402_sf10|1401_sf10|1
1403_sf10|1402_sf10|3
1403_sf10|1399_sf10|3
1404_sf10|1403_sf10|5
1405_sf10|1404_sf10|4
1406_sf10|1405_sf10|1
1407_sf10|1406_sf10|5
1407_sf10|1403_sf10|2
1408_sf10|1407_sf10|3
1409_sf10|1408_sf10|1
1410_sf10|1409_sf10|5
1411_sf10|1410_sf10|4
1412_sf10|1411_sf10|2
1413_sf10|1412_sf10|1
1414_sf10|1413_sf10|3
1415_sf10|1414_sf10|2
1415_sf10|1412_sf10|1
1416_sf10|1415_sf10|1
1417_sf10|1416_sf10|5
1417_sf10|1415_sf10|2
1418_sf10|1417_sf10|2
1419_sf10|1418_sf10|1
1419_sf10|1416_sf10|2
1420_sf10|1419_sf10|5
1421_sf10|1420_sf10|1
1422_sf10|1421_sf10|3
1422_sf10|1417_sf10|3
1423_sf10|1422_sf10|1
1424_sf10|1423_sf10|4
1425_sf10|1424_sf10|1
1426_sf10|1425_sf10|4
1427_sf10|1426_sf10|1
1428_sf10|1427_sf10|5
1428_sf10|1426_sf10|3
1429_sf10|1428_sf10|1
1430_sf10|1429_sf10|1
1430_sf10|1426_sf10|1
1431_sf10|1430_sf10|5
1432_sf10|1431_sf10|5
1433_sf10|1432_sf10|2
1434_sf10|1433_sf10|5
1435_sf10|1434_sf10|4
1436_sf10|1435_sf10|1
1437_sf10|1436_sf10|1
1438_sf10|1437_sf10|1
1439_sf10|1438_sf10|5
1440_sf10|1439_sf10|1
1440_sf10|1437_sf10|1
1441_sf10|1440_sf10|5
1442_sf10|1441_sf10|2
1443_sf10|1442_sf10|5
1444_sf10|1443_sf10|3
1444_sf10|1439_sf10|2
1445_sf10|1444_sf10|5
1445_sf10|1441_sf10|2
1446_sf10|1445_sf10|5
1447_sf10|1446_sf10|2
1447_sf10|1442_sf10|1
1448_sf10|1447_sf10|1
1449_sf10|1448_sf10|3
1450_sf10|1449_sf10|5
1450_sf10|1448_sf10|3
1451_sf10|1450_sf10|4
1452_sf10|1451_sf10|4
1453_sf10|1452_sf10|5
1454_sf10|1453_sf10|5
1455_sf10|1454_sf10|3
1456_sf10|1455_sf10|3
1457_sf10|1456_sf10|1
1458_sf10|1457_sf10|5
1459_sf10|1458_sf10|1
1460_sf10|1459_sf10|3
1461_sf10|1460_sf10|2
1462_sf10|1461_sf10|5
1463_sf10|1462_sf10|5
1464_sf10|1463_sf10|5
1464_sf10|1462_sf10|2
1465_sf10|1464_sf10|5
1466_sf10|1465_sf10|3
1467_sf10|1466_sf10|3
1468_sf10|1467_sf10|1
1468_sf10|1465_sf10|1
1469_sf10|1468_sf10|2
1470_sf10|1469_sf10|3
1470_sf10|1468_sf10|1
1471_sf10|1470_sf10|4
1472_sf10|1471_sf10|1
1473_sf10|1472_sf10|1
1474_sf10|1473_sf10|3
1475_sf10|1474_sf10|2
1475_sf10|1470_sf10|2
1476_sf10|1475_sf10|1
1477_sf10|1476_sf10|3
1477_sf10|1472_sf10|1
1478_sf10|1477_sf10|2
1479_sf10|1478_sf10|4
1479_sf10|1474_sf10|1
1480_sf10|1479_sf10|4
1481_sf10|1480_sf10|2
1482_sf10|1481_sf10|2
1483_sf10|1482_sf10|1
1483_sf10|1481_sf10|3
1484_sf10|1483_sf10|1
1485_sf10|1484_sf10|4
1486_sf10|1485_sf10|1
1487_sf10|1486_sf10|3
1488_sf10|1487_sf10|1
1488_sf10|1483_sf10|2
1489_sf10|1488_sf10|3
1490_sf10|1489_sf10|1
1491_sf10|1490_sf10|5
1492_sf10|1491_sf10|4
1493_sf10|1492_sf10|1
1494_sf10|1493_sf10|5
1495_sf10|1494_sf10|3
1496_sf10|1495_sf10|4
1497_sf10|1496_sf10|3
1497_sf10|1494_sf10|2
1498_sf10|1497_sf10|2
1499_sf10|1498_sf10|3
1500_sf10|1499_sf10|3
1501_sf10|1500_sf10|1
1502_sf10|1501_sf10|4
1503_sf10|1502_sf10|2
1504_sf10|1503_sf10|2
1505_sf10|1504_sf10|2
1506_sf10|1505_sf10|5
1507_sf10|1506_sf10|5
1508_sf10|1507_sf10|5
1508_sf10|1503_sf10|3
1509_sf10|1508_sf10|4
1509_sf10|1507_sf10|3
1510_sf10|1509_sf10|5
1510_sf10|1506_sf10|2
1511_sf10|1510_sf10|2
1512_sf10|1511_sf10|2
1513_sf10|1512_sf10|3
1514_sf10|1513_sf10|5
1514_sf10|1510_sf10|1
1515_sf10|1514_sf10|2
1516_sf10|1515_sf10|4
1517_sf10|1516_sf10|3
1517_sf10|1512_sf10|2
1518_sf10|1517_sf10|5
1518_sf10|1514_sf10|1
1519_sf10|1518_sf10|5
1520_sf10|1519_sf10|2
1521_sf10|1520_sf10|2
1522_sf10|1521_sf10|1
1523_sf10|1522_sf10|5
1524_sf10|1523_sf10|1
1525_sf10|1524_sf10|5
1526_sf10|1525_sf10|3
1526_sf10|1524_sf10|2
1527_sf10|1526_sf10|2
1528_sf10|1527_sf10|3
1529_sf10|1528_sf10|2
1530_sf10|1529_sf10|5
1530_sf10|1525_sf10|3
1531_sf10|1530_sf10|1
1532_sf10|1531_sf10|1
1532_sf10|1529_sf10|1
1533_sf10|1532_sf10|1
1534_sf10|1533_sf10|2
1534_sf10|1532_sf10|3
1535_sf10|1534_sf10|2
1535_sf10|1531_sf10|1
1536_sf10|1535_sf10|2
1537_sf10|1536_sf10|3
1538_sf10|1537_sf10|5
1539_sf10|1538_sf10|2
1540_sf10|1539_sf10|4
1541_sf10|1540_sf10|1
1542_sf10|1541_sf10|1
1543_sf10|1542_sf10|1
1544_sf10|1543_sf10|2
1544_sf10|1540_sf10|2
1545_sf10|1544_sf10|3
1545_sf10|1542_sf10|3
1546_sf10|1545_sf10|3
1546_sf10|1543_sf10|3
1547_sf10|1546_sf10|3
1548_sf10|1547_sf10|3
1549_sf10|1548_sf10|2
1550_sf10|1549_sf10|3
1551_sf10|1550_sf10|4
1552_sf10|1551_sf10|1
1553_sf10|1552_sf10|3
1553_sf10|1548_sf10|3
1554_sf10|1553_sf10|5
1555_sf10|1554_sf10|3
1556_sf10|1555_sf10|3
1557_sf10|1556_sf10|1
1558_sf10|1557_sf10|3
1559_sf10|1558_sf10|1
1560_sf10|1559_sf10|5
1561_sf10|1560_sf10|1
1562_sf10|1561_sf10|1
1563_sf10|1562_sf10|5
1564_sf10|1563_sf10|4
1565_sf10|1564_sf10|4
1566_sf10|1565_sf10|3
1567_sf10|1566_sf10|2
1567_sf10|1565_sf10|3
1568_sf10|1567_sf10|5
1569_sf10|1568_sf10|2
1569_sf10|1567_sf10|2
1570_sf10|1569_sf10|2
1570_sf10|1565_sf10|2
1571_sf10|1570_sf10|4
1572_sf10|1571_sf10|3
1573_sf10|1572_sf10|2
1574_sf10|1573_sf10|5
1575_sf10|1574_sf10|1
1576_sf10|1575_sf10|5
1576_sf10|1573_sf10|3
1577_sf10|1576_sf10|5
1578_sf10|1577_sf10|3
1579_sf10|1578_sf10|5
1580_sf10|1579_sf10|5
1581_sf10|1580_sf10|5
1582_sf10|1581_sf10|5
1583_sf10|1582_sf10|4
1584_sf10|1583_sf10|1
1585_sf10|1584_sf10|1
1586_sf10|1585_sf10|5
1587_sf10|1586_sf10|3
1588_sf10|1587_sf10|3
1589_sf10|1588_sf10|4
1590_sf10|1589_sf10|4
1591_sf10|1590_sf10|3
1591_sf10|1587_sf10|2
1592_sf10|1591_sf10|1
1593_sf10|1592_sf10|3
1593_sf10|1588_sf10|3
1594_sf10|1593_sf10|3
1594_sf10|1590_sf10|2
1595_sf10|1594_sf10|1
1596_sf10|1595_sf10|1
1597_sf10|1596_sf10|2
1598_sf10|1597_sf10|2
1598_sf10|1593_sf10|3
1599_sf10|1598_sf10|3
1599_sf10|1597_sf10|2
1600_sf10|1599_sf10|4
1601_sf10|1600_sf10|4
1602_sf10|1601_sf10|3
1603_sf10|1602_sf10|5
1604_sf10|1603_sf10|5
1604_sf10|1601_sf10|3
1605_sf10|1604_sf10|2
1606_sf10|1605_sf10|4
1607_sf10|1606_sf10|5
1608_sf10|1607_sf10|2
1608_sf10|1604_sf10|3
1609_sf10|1608_sf10|5
1609_sf10|1605_sf10|2
1610_sf10|1609_sf10|1
1610_sf10|1606_sf10|3
1611_sf10|1610_sf10|5
1611_sf10|1609_sf10|2
1612_sf10|1611_sf10|2
1612_sf10|1607_sf10|1
1613_sf10|1612_sf10|1
1614_sf10|1613_sf10|5
1614_sf10|1610_sf10|2
1615_sf10|1614_sf10|3
1616_sf10|1615_sf10|3
1617_sf10|1616_sf10|2
1618_sf10|1617_sf10|1
1618_sf10|1616_sf10|3
1619_sf10|1618_sf10|2
1620_sf10|1619_sf10|3
1620_sf10|1618_sf10|3
1621_sf10|1620_sf10|2
1622_sf10|1621_sf10|3
1623_sf10|1622_sf10|3
1624_sf10|1623_sf10|5
1625_sf10|1624_sf10|1
1626_sf10|1625_sf10|1
1627_sf10|1626_sf10|4
1628_sf10|1627_sf10|3
1628_sf10|1626_sf10|1
1629_sf10|1628_sf10|2
1630_sf10|1629_sf10|5
1631_sf10|1630_sf10|5
1631_sf10|1627_sf10|1
1632_sf10|1631_sf10|2
1633_sf10|1632_sf10|3
1633_sf10|1629_sf10|3
1634_sf10|1633_sf10|3
1635_sf10|1634_sf10|3
1636_sf10|1635_sf10|4
1636_sf10|1632_sf10|3
1637_sf10|1636_sf10|2
1638_sf10|1637_sf10|4
1638_sf10|1635_sf10|1
1639_sf10|1638_sf10|5
1640_sf10|1639_sf10|4
1640_sf10|1638_sf10|3
1641_sf10|1640_sf10|2
1641_sf10|1636_sf10|2
1642_sf10|1641_sf10|5
1642_sf10|1638_sf10|2
1643_sf10|1642_sf10|1
1644_sf10|1643_sf10|3
1645_sf10|1644_sf10|5
1646_sf10|1645_sf10|4
1646_sf10|1642_sf10|3
1647_sf10|1646_sf10|4
1647_sf10|1643_sf10|2
1648_sf10|1647_sf10|2
1648_sf10|1644_sf10|3
1649_sf10|1648_sf10|1
1650_sf10|1649_sf10|2
1651_sf10|1650_sf10|4
1651_sf10|1647_sf10|1
1652_sf10|1651_sf10|1
1653_sf10|1652_sf10|1
1654_sf10|1653_sf10|2
1655_sf10|1654_sf10|3
1655_sf10|1653_sf10|2
1656_sf10|1655_sf10|5
1657_sf10|1656_sf10|1
1657_sf10|1653_sf10|3
1658_sf10|1657_sf10|4
1659_sf10|1658_sf10|4
1660_sf10|1659_sf10|5
1661_sf10|1660_sf10|3
1662_sf10|1661_sf10|4
1662_sf10|1658_sf10|3
1663_sf10|1662_sf10|2
1664_sf10|1663_sf10|3
1664_sf10|1659_sf10|2
1665_sf10|1664_sf10|1
1665_sf10|1660_sf10|2
1666_sf10|1665_sf10|1
1667_sf10|1666_sf10|4
1668_sf10|1667_sf10|4
1669_sf10|1668_sf10|1
1670_sf10|1669_sf10|1
1671_sf10|1670_sf10|1
1672_sf10|1671_sf10|4
1673_sf10|1672_sf10|1
1674_sf10|1673_sf10|4
1675_sf10|1674_sf10|5
1675_sf10|1671_sf10|1
1676_sf10|1675_sf10|2
1676_sf10|1673_sf10|2
1677_sf10|1676_sf10|5
1677_sf10|1673_sf10|3
1678_sf10|1677_sf10|1
1679_sf10|1678_sf10|5
1680_sf10|1679_sf10|2
1681_sf10|1680_sf10|5
1682_sf10|1681_sf10|5
1683_sf10|1682_sf10|3
1684_sf10|1683_sf10|4
1685_sf10|1684_sf10|2
1685_sf10|1682_sf10|2
1686_sf10|1685_sf10|5
1687_sf10|1686_sf10|2
1688_sf10|1687_sf10|3
1688_sf10|1685_sf10|2
1689_sf10|1688_sf10|1
1690_sf10|1689_sf10|4
1691_sf10|1690_sf10|4
1692_sf10|1691_sf10|1
1692_sf10|1688_sf10|3
1693_sf10|1692_sf10|3
1694_sf10|1693_sf10|1
1695_sf10|1694_sf10|2
1695_sf10|1693_sf10|1
1696_sf10|1695_sf10|2
1696_sf10|1691_sf10|1
1697_sf10|1696_sf10|5
1698_sf10|1697_sf10|3
1698_sf10|1696_sf10|3
1699_sf10|1698_sf10|1
1700_sf10|1699_sf10|5
1701_sf10|1700_sf10|2
1702_sf10|1701_sf10|1
1702_sf10|1699_sf10|2
1703_sf10|1702_sf10|5
1704_sf10|1703_sf10|2
1705_sf10|1704_sf10|4
1705_sf10|1700_sf10|1
1706_sf10|1705_sf10|2
1706_sf10|1701_sf10|3
1707_sf10|1706_sf10|1
1708_sf10|1707_sf10|3
1709_sf10|1708_sf10|1
1709_sf10|1707_sf10|1
1710_sf10|1709_sf10|4
1711_sf10|1710_sf10|4
1711_sf10|1707_sf10|2
1712_sf10|1711_sf10|2
1713_sf10|1712_sf10|2
1713_sf10|1711_sf10|3
1714_sf10|1713_sf10|4
1714_sf10|1709_sf10|3
1715_sf10|1714_sf10|4
1715_sf10|1710_sf10|3
1716_sf10|1715_sf10|2
1717_sf10|1716_sf10|1
1717_sf10|1712_sf10|1
1718_sf10|1717_sf10|4
1718_sf10|1714_sf10|3
1719_sf10|1718_sf10|2
1719_sf10|1714_sf10|3
1720_sf10|1719_sf10|1
1720_sf10|1717_sf10|3
1721_sf10|1720_sf10|4
1722_sf10|1721_sf10|1
1722_sf10|1717_sf10|2
1723_sf10|1722_sf10|5
1724_sf10|1723_sf10|2
1725_sf10|1724_sf10|1
1725_sf10|1720_sf10|2
1726_sf10|1725_sf10|4
1727_sf10|1726_sf10|4
1727_sf10|1723_sf10|3
1728_sf10|1727_sf10|2
1729_sf10|1728_sf10|1
1730_sf10|1729_sf10|4
1731_sf10|1730_sf10|3
1732_sf10|1731_sf10|4
1733_sf10|1732_sf10|5
1734_sf10|1733_sf10|1
1734_sf10|1731_sf10|3
1735_sf10|1734_sf10|5
1735_sf10|1730_sf10|1
1736_sf10|1735_sf10|3
1737_sf10|1736_sf10|1
1738_sf10|1737_sf10|3
1739_sf10|1738_sf10|1
1739_sf10|1737_sf10|1
1740_sf10|1739_sf10|3
1741_sf10|1740_sf10|5
1742_sf10|1741_sf10|4
1743_sf10|1742_sf10|2
1744_sf10|1743_sf10|5
1745_sf10|1744_sf10|4
1746_sf10|1745_sf10|4
1746_sf10|1744_sf10|3
1747_sf10|1746_sf10|4
1748_sf10|1747_sf10|3
1749_sf10|1748_sf10|3
1750_sf10|1749_sf10|4
1751_sf10|1750_sf10|3
1752_sf10|1751_sf10|3
1752_sf10|1748_sf10|3
1753_sf10|1752_sf10|3
1754_sf10|1753_sf10|1
1755_sf10|1754_sf10|5
1756_sf10|1755_sf10|4
1757_sf10|1756_sf10|1
1758_sf10|1757_sf10|5
1758_sf10|1753_sf10|3
1759_sf10|1758_sf10|1
1760_sf10|1759_sf10|3
1760_sf10|1756_sf10|1
1761_sf10|1760_sf10|1
1762_sf10|1761_sf10|5
1763_sf10|1762_sf10|3
1764_sf10|1763_sf10|2
1764_sf10|1762_sf10|1
1765_sf10|1764_sf10|4
1766_sf10|1765_sf10|2
1767_sf10|1766_sf10|2
1767_sf10|1762_sf10|1
1768_sf10|1767_sf10|4
1768_sf10|1763_sf10|2
1769_sf10|1768_sf10|2
1770_sf10|1769_sf10|1
1771_sf10|1770_sf10|4
1772_sf10|1771_sf10|5
1773_sf10|1772_sf10|1
1773_sf10|1768_sf10|2
1774_sf10|1773_sf10|1
1775_sf10|1774_sf10|4
1775_sf10|1770_sf10|1
1776_sf10|1775_sf10|1
1777_sf10|1776_sf10|2
1777_sf10|1774_sf10|2
1778_sf10|1777_sf10|3
1779_sf10|1778_sf10|4
1780_sf10|1779_sf10|4
1781_sf10|1780_sf10|4
1782_sf10|1781_sf10|3
1783_sf10|1782_sf10|3
1783_sf10|1780_sf10|2
1784_sf10|1783_sf10|5
1785_sf10|1784_sf10|4
1785_sf10|1780_sf10|2
1786_sf10|1785_sf10|1
1787_sf10|1786_sf10|4
1787_sf10|1785_sf10|1
1788_sf10|1787_sf10|3
1789_sf10|1788_sf10|4
1790_sf10|1789_sf10|3
1790_sf10|1786_sf10|2
1791_sf10|1790_sf10|5
1791_sf10|1787_sf10|3
1792_sf10|1791_sf10|5
1793_sf10|1792_sf10|1
1793_sf10|1788_sf10|1
1794_sf10|1793_sf10|4
1795_sf10|1794_sf10|2
1795_sf10|1792_sf10|2
1796_sf10|1795_sf10|5
1797_sf10|1796_sf10|4
1798_sf10|1797_sf10|4
1799_sf10|1798_sf10|4
1799_sf10|1796_sf10|1
1800_sf10|1799_sf10|5
1801_sf10|1800_sf10|3
1802_sf10|1801_sf10|5
1803_sf10|1802_sf10|5
1804_sf10|1803_sf10|2
1804_sf10|1799_sf10|1
1805_sf10|1804_sf10|1
1806_sf10|1805_sf10|1
1807_sf10|1806_sf10|5
1808_sf10|1807_sf10|4
1809_sf10|1808_sf10|4
1809_sf10|1806_sf10|1
1810_sf10|1809_sf10|5
1811_sf10|1810_sf10|3
1812_sf10|1811_sf10|5
1812_sf10|1808_sf10|2
1813_sf10|1812_sf10|5
1814_sf10|1813_sf10|5
1814_sf10|1811_sf10|2
1815_sf10|1814_sf10|4
1816_sf10|1815_sf10|1
1817_sf10|1816_sf10|5
1818_sf10|1817_sf10|5
1819_sf10|1818_sf10|4
1819_sf10|1816_sf10|2
1820_sf10|1819_sf10|5
1821_sf10|1820_sf10|5
1822_sf10|1821_sf10|1
1823_sf10|1822_sf10|4
1824_sf10|1823_sf10|4
1825_sf10|1824_sf10|1
1826_sf10|1825_sf10|4
1826_sf10|1821_sf10|1
1827_sf10|1826_sf10|2
1828_sf10|1827_sf10|3
1828_sf10|1824_sf10|3
1829_sf10|1828_sf10|1
1829_sf10|1825_sf10|3
1830_sf10|1829_sf10|3
1830_sf10|1825_sf10|3
1831_sf10|1830_sf10|3
1832_sf10|1831_sf10|3
1833_sf10|1832_sf10|4
1834_sf10|1833_sf10|5
1835_sf10|1834_sf10|1
1836_sf10|1835_sf10|4
1837_sf10|1836_sf10|3
1838_sf10|1837_sf10|5
1839_sf10|1838_sf10|1
1839_sf10|1834_sf10|1
1840_sf10|1839_sf10|5
1840_sf10|1835_sf10|1
1841_sf10|1840_sf10|1
1842_sf10|1841_sf10|2
1842_sf10|1838_sf10|2
1843_sf10|1842_sf10|2
1844_sf10|1843_sf10|1
1844_sf10|1841_sf10|2
1845_sf10|1844_sf10|4
1846_sf10|1845_sf10|3
1847_sf10|1846_sf10|3
1848_sf10|1847_sf10|5
1849_sf10|1848_sf10|5
1850_sf10|1849_sf10|2
1851_sf10|1850_sf10|3
1852_sf10|1851_sf10|4
1853_sf10|1852_sf10|1
1853_sf10|1850_sf10|1
1854_sf10|1853_sf10|1
1854_sf10|1852_sf10|2
1855_sf10|1854_sf10|5
1856_sf10|1855_sf10|5
1857_sf10|1856_sf10|3
1858_sf10|1857_sf10|2
1859_sf10|1858_sf10|5
1859_sf10|1855_sf10|3
1860_sf10|1859_sf10|4
1860_sf10|1856_sf10|3
1861_sf10|1860_sf10|5
1861_sf10|1856_sf10|2
1862_sf10|1861_sf10|3
1863_sf10|1862_sf10|2
1863_sf10|1859_sf10|3
1864_sf10|1863_sf10|3
1865_sf10|1864_sf10|3
1865_sf10|1860_sf10|2
1866_sf10|1865_sf10|3
1867_sf10|1866_sf10|3
1868_sf10|1867_sf10|3
1868_sf10|1866_sf10|1
1869_sf10|1868_sf10|4
1870_sf10|1869_sf10|3
1871_sf10|1870_sf10|4
1872_sf10|1871_sf10|4
1872_sf10|1867_sf10|2
1873_sf10|1872_sf10|3
1873_sf10|1869_sf10|3
1874_sf10|1873_sf10|2
1875_sf10|1874_sf10|3
1876_sf10|1875_sf10|4
1877_sf10|1876_sf10|5
1878_sf10|1877_sf10|4
1878_sf10|1873_sf10|3
1879_sf10|1878_sf10|5
1880_sf10|1879_sf10|5
1880_sf10|1875_sf10|2
1881_sf10|1880_sf10|5
1882_sf10|1881_sf10|2
1882_sf10|1880_sf10|1
1883_sf10|1882_sf10|5
1884_sf10|1883_sf10|2
1885_sf10|1884_sf10|4
1885_sf10|1882_sf10|1
1886_sf10|1885_sf10|4
1887_sf10|1886_sf10|1
1888_sf10|1887_sf10|5
1889_sf10|1888_sf10|5
1890_sf10|1889_sf10|4
1891_sf10|1890_sf10|2
1891_sf10|1889_sf10|1
1892_sf10|1891_sf10|3
1892_sf10|1890_sf10|2
1893_sf10|1892_sf10|5
1894_sf10|1893_sf10|5
1895_sf10|1894_sf10|1
1896_sf10|1895_sf10|4
1896_sf10|1894_sf10|3
1897_sf10|1896_sf10|3
1898_sf10|1897_sf10|1
1898_sf10|1896_sf10|3
1899_sf10|1898_sf10|1
1899_sf10|1895_sf10|3
1900_sf10|1899_sf10|3
1901_sf10|1900_sf10|2
1901_sf10|1898_sf10|2
1902_sf10|1901_sf10|2
1903_sf10|1902_sf10|4
1904_sf10|1903_sf10|2
1905_sf10|1904_sf10|4
1905_sf10|1903_sf10|2
1906_sf10|1905_sf10|3
1907_sf10|1906_sf10|1
1908_sf10|1907_sf10|2
1909_sf10|1908_sf10|1
1909_sf10|1905_sf10|1
1910_sf10|1909_sf10|3
1911_sf10|1910_sf10|1
1912_sf10|1911_sf10|4
1913_sf10|1912_sf10|2
1913_sf10|1908_sf10|1
1914_sf10|1913_sf10|3
1915_sf10|1914_sf10|5
1916_sf10|1915_sf10|3
1916_sf10|1911_sf10|2
1917_sf10|1916_sf10|4
1917_sf10|1915_sf10|3
1918_sf10|1917_sf10|1
1918_sf10|1914_sf10|3
1919_sf10|1918_sf10|3
1920_sf10|1919_sf10|2
1921_sf10|1920_sf10|2
1922_sf10|1921_sf10|2
1923_sf10|1922_sf10|4
1924_sf10|1923_sf10|1
1925_sf10|1924_sf10|4
1926_sf10|1925_sf10|4
1926_sf10|1922_sf10|3
1927_sf10|1926_sf10|5
1928_sf10|1927_sf10|1
1929_sf10|1928_sf10|3
1929_sf10|1927_sf10|2
1930_sf10|1929_sf10|1
1930_sf10|1926_sf10|2
1931_sf10|1930_sf10|5
1932_sf10|1931_sf10|3
1932_sf10|1928_sf10|1
1933_sf10|1932_sf10|4
1933_sf10|1929_sf10|3
1934_sf10|1933_sf10|3
1934_sf10|1930_sf10|3
1935_sf10|1934_sf10|3
1936_sf10|1935_sf10|4
1936_sf10|1932_sf10|3
1937_sf10|1936_sf10|3
1938_sf10|1937_sf10|2
1939_sf10|1938_sf10|2
1940_sf10|1939_sf10|4
1941_sf10|1940_sf10|1
1941_sf10|1936_sf10|2
1942_sf10|1941_sf10|1
1943_sf10|1942_sf10|3
1944_sf10|1943_sf10|3
1945_sf10|1944_sf10|4
1946_sf10|1945_sf10|1
1947_sf10|1946_sf10|2
1948_sf10|1947_sf10|3
1949_sf10|1948_sf10|2
1950_sf10|1949_sf10|3
1951_sf10|1950_sf10|2
1952_sf10|1951_sf10|3
1952_sf10|1948_sf10|2
1953_sf10|1952_sf10|4
1954_sf10|1953_sf10|4
1955_sf10|1954_sf10|4
1956_sf10|1955_sf10|3
1957_sf10|1956_sf10|2
1958_sf10|1957_sf10|5
1959_sf10|1958_sf10|5
1960_sf10|1959_sf10|1
1960_sf10|1957_sf10|3
1961_sf10|1960_sf10|4
1962_sf10|1961_sf10|4
1963_sf10|1962_sf10|1
1963_sf10|1960_sf10|2
1964_sf10|1963_sf10|1
1964_sf10|1961_sf10|1
1965_sf10|1964_sf10|2
1966_sf10|1965_sf10|1
1967_sf10|1966_sf10|1
1968_sf10|1967_sf10|2
1969_sf10|1968_sf10|3
1969_sf10|1966_sf10|2
1970_sf10|1969_sf10|4
1971_sf10|1970_sf10|1
1972_sf10|1971_sf10|4
1972_sf10|1968_sf10|3
1973_sf10|1972_sf10|5
1973_sf10|1970_sf10|1
1974_sf10|1973_sf10|3
1974_sf10|1972_sf10|2
1975_sf10|1974_sf10|4
1976_sf10|1975_sf10|5
1977_sf10|1976_sf10|5
1977_sf10|1975_sf10|1
1978_sf10|1977_sf10|2
1978_sf10|1975_sf10|1
1979_sf10|1978_sf10|2
1980_sf10|1979_sf10|1
1981_sf10|1980_sf10|5
1981_sf10|1978_sf10|2
1982_sf10|1981_sf10|1
1983_sf10|1982_sf10|4
1984_sf10|1983_sf10|4
1985_sf10|1984_sf10|2
1986_sf10|1985_sf10|5
1987_sf10|1986_sf10|2
1987_sf10|1985_sf10|2
1988_sf10|1987_sf10|4
1988_sf10|1985_sf10|2
1989_sf10|1988_sf10|4
1990_sf10|1989_sf10|5
1991_sf10|1990_sf10|1
1991_sf10|1986_sf10|3
1992_sf10|1991_sf10|4
1993_sf10|1992_sf10|5
1994_sf10|1993_sf10|4
1995_sf10|1994_sf10|2
1996_sf10|1995_sf10|5
1996_sf10|1992_sf10|1
1997_sf10|1996_sf10|1
1998_sf10|1997_sf10|5
1999_sf10|1998_sf10|2
1999_sf10|1996_sf10|3
