id|name|material
0_sf1|Component_0|Titânio
1_sf1|Component_1|Steel
2_sf1|Component_2|Plastic
3_sf1|Component_3|Steel
4_sf1|Component_4|Linen
5_sf1|Component_5|Wool
6_sf1|Component_6|Leather
7_sf1|Component_7|Steel
8_sf1|Component_8|Granite
9_sf1|Component_9|Rubber
10_sf1|Component_10|Marble
11_sf1|Component_11|Cotton
12_sf1|Component_12|Copper
13_sf1|Component_13|Copper
14_sf1|Component_14|Marble
15_sf1|Component_15|Titânio
16_sf1|Component_16|Silk
17_sf1|Component_17|Leather
18_sf1|Component_18|Bronze
19_sf1|Component_19|Silk
20_sf1|Component_20|Bronze
21_sf1|Component_21|Paper
22_sf1|Component_22|Cotton
23_sf1|Component_23|Concrete
24_sf1|Component_24|Linen
25_sf1|Component_25|Plastic
26_sf1|Component_26|Marble
27_sf1|Component_27|Granite
28_sf1|Component_28|Aluminum
29_sf1|Component_29|Wool
30_sf1|Component_30|Titânio
31_sf1|Component_31|Wooden
32_sf1|Component_32|Marble
33_sf1|Component_33|Plastic
34_sf1|Component_34|Concrete
35_sf1|Component_35|Leather
36_sf1|Component_36|Aluminum
37_sf1|Component_37|Paper
38_sf1|Component_38|Aluminum
39_sf1|Component_39|Steel
40_sf1|Component_40|Plastic
41_sf1|Component_41|Wool
42_sf1|Component_42|Aluminum
43_sf1|Component_43|Linen
44_sf1|Component_44|Rubber
45_sf1|Component_45|Titânio
46_sf1|Component_46|Paper
47_sf1|Component_47|Steel
48_sf1|Component_48|Wooden
49_sf1|Component_49|Paper
50_sf1|Component_50|Rubber
51_sf1|Component_51|Paper
52_sf1|Component_52|Bronze
53_sf1|Component_53|Linen
54_sf1|Component_54|Silk
55_sf1|Component_55|Linen
56_sf1|Component_56|Steel
57_sf1|Component_57|Plastic
58_sf1|Component_58|Linen
59_sf1|Component_59|Wool
60_sf1|Component_60|Titânio
61_sf1|Component_61|Concrete
62_sf1|Component_62|Iron
63_sf1|Component_63|Plastic
64_sf1|Component_64|Marble
65_sf1|Component_65|Iron
66_sf1|Component_66|Wooden
67_sf1|Component_67|Iron
68_sf1|Component_68|Aluminum
69_sf1|Component_69|Rubber
70_sf1|Component_70|Wooden
71_sf1|Component_71|Marble
72_sf1|Component_72|Copper
73_sf1|Component_73|Granite
74_sf1|Component_74|Cotton
75_sf1|Component_75|Titânio
76_sf1|Component_76|Plastic
77_sf1|Component_77|Rubber
78_sf1|Component_78|Concrete
79_sf1|Component_79|Linen
80_sf1|Component_80|Rubber
81_sf1|Component_81|Aluminum
82_sf1|Component_82|Aluminum
83_sf1|Component_83|Plastic
84_sf1|Component_84|Aluminum
85_sf1|Component_85|Marble
86_sf1|Component_86|Plastic
87_sf1|Component_87|Paper
88_sf1|Component_88|Wool
89_sf1|Component_89|Rubber
90_sf1|Component_90|Titânio
91_sf1|Component_91|Copper
92_sf1|Component_92|Silk
93_sf1|Component_93|Aluminum
94_sf1|Component_94|Leather
95_sf1|Component_95|Plastic
96_sf1|Component_96|Iron
97_sf1|Component_97|Plastic
98_sf1|Component_98|Plastic
99_sf1|Component_99|Copper
100_sf1|Component_100|Iron
101_sf1|Component_101|Granite
102_sf1|Component_102|Aluminum
103_sf1|Component_103|Linen
104_sf1|Component_104|Aluminum
105_sf1|Component_105|Titânio
106_sf1|Component_106|Rubber
107_sf1|Component_107|Wooden
108_sf1|Component_108|Rubber
109_sf1|Component_109|Marble
110_sf1|Component_110|Wool
111_sf1|Component_111|Silk
112_sf1|Component_112|Linen
113_sf1|Component_113|Leather
114_sf1|Component_114|Rubber
115_sf1|Component_115|Copper
116_sf1|Component_116|Linen
117_sf1|Component_117|Cotton
118_sf1|Component_118|Leather
119_sf1|Component_119|Concrete
120_sf1|Component_120|Titânio
121_sf1|Component_121|Silk
122_sf1|Component_122|Cotton
123_sf1|Component_123|Silk
124_sf1|Component_124|Wooden
125_sf1|Component_125|Iron
126_sf1|Component_126|Marble
127_sf1|Component_127|Rubber
128_sf1|Component_128|Iron
129_sf1|Component_129|Rubber
130_sf1|Component_130|Marble
131_sf1|Component_131|Copper
132_sf1|Component_132|Iron
133_sf1|Component_133|Concrete
134_sf1|Component_134|Iron
135_sf1|Component_135|Titânio
136_sf1|Component_136|Iron
137_sf1|Component_137|Bronze
138_sf1|Component_138|Marble
139_sf1|Component_139|Silk
140_sf1|Component_140|Leather
141_sf1|Component_141|Paper
142_sf1|Component_142|Marble
143_sf1|Component_143|Leather
144_sf1|Component_144|Cotton
145_sf1|Component_145|Rubber
146_sf1|Component_146|Granite
147_sf1|Component_147|Plastic
148_sf1|Component_148|Paper
149_sf1|Component_149|Marble
150_sf1|Component_150|Titânio
151_sf1|Component_151|Steel
152_sf1|Component_152|Marble
153_sf1|Component_153|Rubber
154_sf1|Component_154|Paper
155_sf1|Component_155|Cotton
156_sf1|Component_156|Copper
157_sf1|Component_157|Wool
158_sf1|Component_158|Bronze
159_sf1|Component_159|Marble
160_sf1|Component_160|Rubber
161_sf1|Component_161|Rubber
162_sf1|Component_162|Linen
163_sf1|Component_163|Paper
164_sf1|Component_164|Steel
165_sf1|Component_165|Titânio
166_sf1|Component_166|Paper
167_sf1|Component_167|Wool
168_sf1|Component_168|Leather
169_sf1|Component_169|Marble
170_sf1|Component_170|Wooden
171_sf1|Component_171|Silk
172_sf1|Component_172|Paper
173_sf1|Component_173|Bronze
174_sf1|Component_174|Copper
175_sf1|Component_175|Concrete
176_sf1|Component_176|Plastic
177_sf1|Component_177|Bronze
178_sf1|Component_178|Granite
179_sf1|Component_179|Steel
180_sf1|Component_180|Titânio
181_sf1|Component_181|Iron
182_sf1|Component_182|Steel
183_sf1|Component_183|Paper
184_sf1|Component_184|Paper
185_sf1|Component_185|Cotton
186_sf1|Component_186|Leather
187_sf1|Component_187|Paper
188_sf1|Component_188|Granite
189_sf1|Component_189|Aluminum
190_sf1|Component_190|Copper
191_sf1|Component_191|Rubber
192_sf1|Component_192|Cotton
193_sf1|Component_193|Leather
194_sf1|Component_194|Linen
195_sf1|Component_195|Titânio
196_sf1|Component_196|Steel
197_sf1|Component_197|Linen
198_sf1|Component_198|Iron
199_sf1|Component_199|Leather
200_sf1|Component_200|Leather
201_sf1|Component_201|Wooden
202_sf1|Component_202|Plastic
203_sf1|Component_203|Aluminum
204_sf1|Component_204|Linen
205_sf1|Component_205|Wool
206_sf1|Component_206|Wool
207_sf1|Component_207|Concrete
208_sf1|Component_208|Bronze
209_sf1|Component_209|Iron
210_sf1|Component_210|Titânio
211_sf1|Component_211|Wool
212_sf1|Component_212|Cotton
213_sf1|Component_213|Concrete
214_sf1|Component_214|Iron
215_sf1|Component_215|Iron
216_sf1|Component_216|Marble
217_sf1|Component_217|Steel
218_sf1|Component_218|Bronze
219_sf1|Component_219|Copper
220_sf1|Component_220|Linen
221_sf1|Component_221|Granite
222_sf1|Component_222|Cotton
223_sf1|Component_223|Rubber
224_sf1|Component_224|Marble
225_sf1|Component_225|Titânio
226_sf1|Component_226|Wool
227_sf1|Component_227|Iron
228_sf1|Component_228|Wool
229_sf1|Component_229|Cotton
230_sf1|Component_230|Silk
231_sf1|Component_231|Silk
232_sf1|Component_232|Cotton
233_sf1|Component_233|Wool
234_sf1|Component_234|Iron
235_sf1|Component_235|Aluminum
236_sf1|Component_236|Concrete
237_sf1|Component_237|Steel
238_sf1|Component_238|Steel
239_sf1|Component_239|Silk
240_sf1|Component_240|Titânio
241_sf1|Component_241|Rubber
242_sf1|Component_242|Iron
243_sf1|Component_243|Wool
244_sf1|Component_244|Wooden
245_sf1|Component_245|Plastic
246_sf1|Component_246|Wool
247_sf1|Component_247|Paper
248_sf1|Component_248|Iron
249_sf1|Component_249|Paper
250_sf1|Component_250|Plastic
251_sf1|Component_251|Wool
252_sf1|Component_252|Granite
253_sf1|Component_253|Leather
254_sf1|Component_254|Leather
255_sf1|Component_255|Titânio
256_sf1|Component_256|Copper
257_sf1|Component_257|Steel
258_sf1|Component_258|Plastic
259_sf1|Component_259|Steel
260_sf1|Component_260|Linen
261_sf1|Component_261|Silk
262_sf1|Component_262|Linen
263_sf1|Component_263|Paper
264_sf1|Component_264|Silk
265_sf1|Component_265|Rubber
266_sf1|Component_266|Iron
267_sf1|Component_267|Steel
268_sf1|Component_268|Iron
269_sf1|Component_269|Paper
270_sf1|Component_270|Titânio
271_sf1|Component_271|Marble
272_sf1|Component_272|Paper
273_sf1|Component_273|Concrete
274_sf1|Component_274|Silk
275_sf1|Component_275|Wooden
276_sf1|Component_276|Wool
277_sf1|Component_277|Wooden
278_sf1|Component_278|Bronze
279_sf1|Component_279|Iron
280_sf1|Component_280|Iron
281_sf1|Component_281|Bronze
282_sf1|Component_282|Bronze
283_sf1|Component_283|Paper
284_sf1|Component_284|Paper
285_sf1|Component_285|Titânio
286_sf1|Component_286|Leather
287_sf1|Component_287|Wooden
288_sf1|Component_288|Linen
289_sf1|Component_289|Wool
290_sf1|Component_290|Steel
291_sf1|Component_291|Cotton
292_sf1|Component_292|Granite
293_sf1|Component_293|Plastic
294_sf1|Component_294|Steel
295_sf1|Component_295|Bronze
296_sf1|Component_296|Steel
297_sf1|Component_297|Wool
298_sf1|Component_298|Rubber
299_sf1|Component_299|Wooden
300_sf1|Component_300|Titânio
301_sf1|Component_301|Wooden
302_sf1|Component_302|Granite
303_sf1|Component_303|Wooden
304_sf1|Component_304|Copper
305_sf1|Component_305|Silk
306_sf1|Component_306|Concrete
307_sf1|Component_307|Wooden
308_sf1|Component_308|Granite
309_sf1|Component_309|Leather
310_sf1|Component_310|Silk
311_sf1|Component_311|Steel
312_sf1|Component_312|Marble
313_sf1|Component_313|Iron
314_sf1|Component_314|Rubber
315_sf1|Component_315|Titânio
316_sf1|Component_316|Silk
317_sf1|Component_317|Linen
318_sf1|Component_318|Cotton
319_sf1|Component_319|Rubber
320_sf1|Component_320|Plastic
321_sf1|Component_321|Concrete
322_sf1|Component_322|Aluminum
323_sf1|Component_323|Paper
324_sf1|Component_324|Silk
325_sf1|Component_325|Wool
326_sf1|Component_326|Granite
327_sf1|Component_327|Linen
328_sf1|Component_328|Granite
329_sf1|Component_329|Plastic
330_sf1|Component_330|Titânio
331_sf1|Component_331|Bronze
332_sf1|Component_332|Aluminum
333_sf1|Component_333|Bronze
334_sf1|Component_334|Iron
335_sf1|Component_335|Iron
336_sf1|Component_336|Steel
337_sf1|Component_337|Copper
338_sf1|Component_338|Copper
339_sf1|Component_339|Concrete
340_sf1|Component_340|Granite
341_sf1|Component_341|Paper
342_sf1|Component_342|Granite
343_sf1|Component_343|Aluminum
344_sf1|Component_344|Wooden
345_sf1|Component_345|Titânio
346_sf1|Component_346|Cotton
347_sf1|Component_347|Aluminum
348_sf1|Component_348|Concrete
349_sf1|Component_349|Cotton
350_sf1|Component_350|Concrete
351_sf1|Component_351|Granite
352_sf1|Component_352|Paper
353_sf1|Component_353|Bronze
354_sf1|Component_354|Leather
355_sf1|Component_355|Plastic
356_sf1|Component_356|Granite
357_sf1|Component_357|Marble
358_sf1|Component_358|Aluminum
359_sf1|Component_359|Steel
360_sf1|Component_360|Titânio
361_sf1|Component_361|Iron
362_sf1|Component_362|Granite
363_sf1|Component_363|Iron
364_sf1|Component_364|Steel
365_sf1|Component_365|Cotton
366_sf1|Component_366|Cotton
367_sf1|Component_367|Rubber
368_sf1|Component_368|Silk
369_sf1|Component_369|Concrete
370_sf1|Component_370|Linen
371_sf1|Component_371|Granite
372_sf1|Component_372|Rubber
373_sf1|Component_373|Paper
374_sf1|Component_374|Steel
375_sf1|Component_375|Titânio
376_sf1|Component_376|Silk
377_sf1|Component_377|Rubber
378_sf1|Component_378|Wooden
379_sf1|Component_379|Granite
380_sf1|Component_380|Cotton
381_sf1|Component_381|Aluminum
382_sf1|Component_382|Silk
383_sf1|Component_383|Silk
384_sf1|Component_384|Aluminum
385_sf1|Component_385|Cotton
386_sf1|Component_386|Rubber
387_sf1|Component_387|Marble
388_sf1|Component_388|Granite
389_sf1|Component_389|Concrete
390_sf1|Component_390|Titânio
391_sf1|Component_391|Paper
392_sf1|Component_392|Rubber
393_sf1|Component_393|Granite
394_sf1|Component_394|Rubber
395_sf1|Component_395|Iron
396_sf1|Component_396|Steel
397_sf1|Component_397|Iron
398_sf1|Component_398|Aluminum
399_sf1|Component_399|Bronze
400_sf1|Component_400|Linen
401_sf1|Component_401|Bronze
402_sf1|Component_402|Granite
403_sf1|Component_403|Wooden
404_sf1|Component_404|Steel
405_sf1|Component_405|Titânio
406_sf1|Component_406|Cotton
407_sf1|Component_407|Cotton
408_sf1|Component_408|Plastic
409_sf1|Component_409|Rubber
410_sf1|Component_410|Granite
411_sf1|Component_411|Rubber
412_sf1|Component_412|Aluminum
413_sf1|Component_413|Silk
414_sf1|Component_414|Copper
415_sf1|Component_415|Granite
416_sf1|Component_416|Aluminum
417_sf1|Component_417|Linen
418_sf1|Component_418|Concrete
419_sf1|Component_419|Linen
420_sf1|Component_420|Titânio
421_sf1|Component_421|Concrete
422_sf1|Component_422|Cotton
423_sf1|Component_423|Wool
424_sf1|Component_424|Silk
425_sf1|Component_425|Paper
426_sf1|Component_426|Concrete
427_sf1|Component_427|Wool
428_sf1|Component_428|Aluminum
429_sf1|Component_429|Rubber
430_sf1|Component_430|Copper
431_sf1|Component_431|Wooden
432_sf1|Component_432|Aluminum
433_sf1|Component_433|Cotton
434_sf1|Component_434|Silk
435_sf1|Component_435|Titânio
436_sf1|Component_436|Plastic
437_sf1|Component_437|Granite
438_sf1|Component_438|Wooden
439_sf1|Component_439|Iron
440_sf1|Component_440|Plastic
441_sf1|Component_441|Plastic
442_sf1|Component_442|Marble
443_sf1|Component_443|Granite
444_sf1|Component_444|Wool
445_sf1|Component_445|Wooden
446_sf1|Component_446|Leather
447_sf1|Component_447|Copper
448_sf1|Component_448|Marble
449_sf1|Component_449|Marble
450_sf1|Component_450|Titânio
451_sf1|Component_451|Cotton
452_sf1|Component_452|Linen
453_sf1|Component_453|Copper
454_sf1|Component_454|Iron
455_sf1|Component_455|Granite
456_sf1|Component_456|Plastic
457_sf1|Component_457|Linen
458_sf1|Component_458|Wool
459_sf1|Component_459|Iron
460_sf1|Component_460|Rubber
461_sf1|Component_461|Wool
462_sf1|Component_462|Wooden
463_sf1|Component_463|Cotton
464_sf1|Component_464|Leather
465_sf1|Component_465|Titânio
466_sf1|Component_466|Iron
467_sf1|Component_467|Linen
468_sf1|Component_468|Copper
469_sf1|Component_469|Iron
470_sf1|Component_470|Copper
471_sf1|Component_471|Leather
472_sf1|Component_472|Linen
473_sf1|Component_473|Leather
474_sf1|Component_474|Wooden
475_sf1|Component_475|Aluminum
476_sf1|Component_476|Leather
477_sf1|Component_477|Marble
478_sf1|Component_478|Granite
479_sf1|Component_479|Paper
480_sf1|Component_480|Titânio
481_sf1|Component_481|Paper
482_sf1|Component_482|Marble
483_sf1|Component_483|Concrete
484_sf1|Component_484|Copper
485_sf1|Component_485|Wool
486_sf1|Component_486|Aluminum
487_sf1|Component_487|Leather
488_sf1|Component_488|Concrete
489_sf1|Component_489|Steel
490_sf1|Component_490|Leather
491_sf1|Component_491|Cotton
492_sf1|Component_492|Linen
493_sf1|Component_493|Copper
494_sf1|Component_494|Granite
495_sf1|Component_495|Titânio
496_sf1|Component_496|Rubber
497_sf1|Component_497|Rubber
498_sf1|Component_498|Aluminum
499_sf1|Component_499|Iron
500_sf1|Component_500|Wooden
501_sf1|Component_501|Steel
502_sf1|Component_502|Wooden
503_sf1|Component_503|Copper
504_sf1|Component_504|Iron
505_sf1|Component_505|Plastic
506_sf1|Component_506|Silk
507_sf1|Component_507|Granite
508_sf1|Component_508|Iron
509_sf1|Component_509|Wool
510_sf1|Component_510|Titânio
511_sf1|Component_511|Granite
512_sf1|Component_512|Plastic
513_sf1|Component_513|Aluminum
514_sf1|Component_514|Leather
515_sf1|Component_515|Steel
516_sf1|Component_516|Bronze
517_sf1|Component_517|Iron
518_sf1|Component_518|Linen
519_sf1|Component_519|Granite
520_sf1|Component_520|Steel
521_sf1|Component_521|Plastic
522_sf1|Component_522|Paper
523_sf1|Component_523|Concrete
524_sf1|Component_524|Iron
525_sf1|Component_525|Titânio
526_sf1|Component_526|Leather
527_sf1|Component_527|Aluminum
528_sf1|Component_528|Aluminum
529_sf1|Component_529|Copper
530_sf1|Component_530|Rubber
531_sf1|Component_531|Leather
532_sf1|Component_532|Concrete
533_sf1|Component_533|Aluminum
534_sf1|Component_534|Silk
535_sf1|Component_535|Copper
536_sf1|Component_536|Wooden
537_sf1|Component_537|Granite
538_sf1|Component_538|Linen
539_sf1|Component_539|Plastic
540_sf1|Component_540|Titânio
541_sf1|Component_541|Silk
542_sf1|Component_542|Silk
543_sf1|Component_543|Marble
544_sf1|Component_544|Marble
545_sf1|Component_545|Silk
546_sf1|Component_546|Marble
547_sf1|Component_547|Plastic
548_sf1|Component_548|Iron
549_sf1|Component_549|Iron
550_sf1|Component_550|Bronze
551_sf1|Component_551|Granite
552_sf1|Component_552|Steel
553_sf1|Component_553|Rubber
554_sf1|Component_554|Copper
555_sf1|Component_555|Titânio
556_sf1|Component_556|Concrete
557_sf1|Component_557|Concrete
558_sf1|Component_558|Aluminum
559_sf1|Component_559|Leather
560_sf1|Component_560|Wool
561_sf1|Component_561|Wool
562_sf1|Component_562|Paper
563_sf1|Component_563|Cotton
564_sf1|Component_564|Steel
565_sf1|Component_565|Wool
566_sf1|Component_566|Concrete
567_sf1|Component_567|Concrete
568_sf1|Component_568|Bronze
569_sf1|Component_569|Steel
570_sf1|Component_570|Titânio
571_sf1|Component_571|Copper
572_sf1|Component_572|Copper
573_sf1|Component_573|Bronze
574_sf1|Component_574|Silk
575_sf1|Component_575|Cotton
576_sf1|Component_576|Aluminum
577_sf1|Component_577|Aluminum
578_sf1|Component_578|Cotton
579_sf1|Component_579|Paper
580_sf1|Component_580|Wool
581_sf1|Component_581|Wooden
582_sf1|Component_582|Marble
583_sf1|Component_583|Paper
584_sf1|Component_584|Marble
585_sf1|Component_585|Titânio
586_sf1|Component_586|Granite
587_sf1|Component_587|Plastic
588_sf1|Component_588|Concrete
589_sf1|Component_589|Wooden
590_sf1|Component_590|Copper
591_sf1|Component_591|Steel
592_sf1|Component_592|Silk
593_sf1|Component_593|Cotton
594_sf1|Component_594|Wool
595_sf1|Component_595|Silk
596_sf1|Component_596|Aluminum
597_sf1|Component_597|Linen
598_sf1|Component_598|Concrete
599_sf1|Component_599|Bronze
600_sf1|Component_600|Titânio
601_sf1|Component_601|Rubber
602_sf1|Component_602|Linen
603_sf1|Component_603|Silk
604_sf1|Component_604|Linen
605_sf1|Component_605|Silk
606_sf1|Component_606|Paper
607_sf1|Component_607|Plastic
608_sf1|Component_608|Plastic
609_sf1|Component_609|Plastic
610_sf1|Component_610|Iron
611_sf1|Component_611|Silk
612_sf1|Component_612|Steel
613_sf1|Component_613|Marble
614_sf1|Component_614|Steel
615_sf1|Component_615|Titânio
616_sf1|Component_616|Concrete
617_sf1|Component_617|Concrete
618_sf1|Component_618|Silk
619_sf1|Component_619|Rubber
620_sf1|Component_620|Rubber
621_sf1|Component_621|Bronze
622_sf1|Component_622|Iron
623_sf1|Component_623|Cotton
624_sf1|Component_624|Iron
625_sf1|Component_625|Wool
626_sf1|Component_626|Plastic
627_sf1|Component_627|Leather
628_sf1|Component_628|Bronze
629_sf1|Component_629|Plastic
630_sf1|Component_630|Titânio
631_sf1|Component_631|Aluminum
632_sf1|Component_632|Rubber
633_sf1|Component_633|Paper
634_sf1|Component_634|Silk
635_sf1|Component_635|Cotton
636_sf1|Component_636|Rubber
637_sf1|Component_637|Concrete
638_sf1|Component_638|Marble
639_sf1|Component_639|Linen
640_sf1|Component_640|Iron
641_sf1|Component_641|Bronze
642_sf1|Component_642|Aluminum
643_sf1|Component_643|Marble
644_sf1|Component_644|Plastic
645_sf1|Component_645|Titânio
646_sf1|Component_646|Marble
647_sf1|Component_647|Iron
648_sf1|Component_648|Silk
649_sf1|Component_649|Plastic
650_sf1|Component_650|Granite
651_sf1|Component_651|Concrete
652_sf1|Component_652|Copper
653_sf1|Component_653|Steel
654_sf1|Component_654|Rubber
655_sf1|Component_655|Bronze
656_sf1|Component_656|Plastic
657_sf1|Component_657|Leather
658_sf1|Component_658|Aluminum
659_sf1|Component_659|Copper
660_sf1|Component_660|Titânio
661_sf1|Component_661|Bronze
662_sf1|Component_662|Silk
663_sf1|Component_663|Silk
664_sf1|Component_664|Wool
665_sf1|Component_665|Silk
666_sf1|Component_666|Cotton
667_sf1|Component_667|Marble
668_sf1|Component_668|Cotton
669_sf1|Component_669|Iron
670_sf1|Component_670|Iron
671_sf1|Component_671|Granite
672_sf1|Component_672|Steel
673_sf1|Component_673|Granite
674_sf1|Component_674|Iron
675_sf1|Component_675|Titânio
676_sf1|Component_676|Rubber
677_sf1|Component_677|Aluminum
678_sf1|Component_678|Cotton
679_sf1|Component_679|Wool
680_sf1|Component_680|Copper
681_sf1|Component_681|Marble
682_sf1|Component_682|Plastic
683_sf1|Component_683|Plastic
684_sf1|Component_684|Bronze
685_sf1|Component_685|Wooden
686_sf1|Component_686|Rubber
687_sf1|Component_687|Copper
688_sf1|Component_688|Steel
689_sf1|Component_689|Steel
690_sf1|Component_690|Titânio
691_sf1|Component_691|Silk
692_sf1|Component_692|Copper
693_sf1|Component_693|Plastic
694_sf1|Component_694|Copper
695_sf1|Component_695|Silk
696_sf1|Component_696|Aluminum
697_sf1|Component_697|Concrete
698_sf1|Component_698|Rubber
699_sf1|Component_699|Concrete
700_sf1|Component_700|Linen
701_sf1|Component_701|Granite
702_sf1|Component_702|Leather
703_sf1|Component_703|Silk
704_sf1|Component_704|Wooden
705_sf1|Component_705|Titânio
706_sf1|Component_706|Wooden
707_sf1|Component_707|Rubber
708_sf1|Component_708|Silk
709_sf1|Component_709|Iron
710_sf1|Component_710|Copper
711_sf1|Component_711|Marble
712_sf1|Component_712|Rubber
713_sf1|Component_713|Aluminum
714_sf1|Component_714|Bronze
715_sf1|Component_715|Plastic
716_sf1|Component_716|Aluminum
717_sf1|Component_717|Cotton
718_sf1|Component_718|Linen
719_sf1|Component_719|Concrete
720_sf1|Component_720|Titânio
721_sf1|Component_721|Granite
722_sf1|Component_722|Granite
723_sf1|Component_723|Wooden
724_sf1|Component_724|Wooden
725_sf1|Component_725|Linen
726_sf1|Component_726|Wool
727_sf1|Component_727|Aluminum
728_sf1|Component_728|Silk
729_sf1|Component_729|Iron
730_sf1|Component_730|Marble
731_sf1|Component_731|Rubber
732_sf1|Component_732|Leather
733_sf1|Component_733|Steel
734_sf1|Component_734|Paper
735_sf1|Component_735|Titânio
736_sf1|Component_736|Plastic
737_sf1|Component_737|Steel
738_sf1|Component_738|Granite
739_sf1|Component_739|Granite
740_sf1|Component_740|Iron
741_sf1|Component_741|Leather
742_sf1|Component_742|Cotton
743_sf1|Component_743|Bronze
744_sf1|Component_744|Bronze
745_sf1|Component_745|Granite
746_sf1|Component_746|Paper
747_sf1|Component_747|Marble
748_sf1|Component_748|Iron
749_sf1|Component_749|Iron
750_sf1|Component_750|Titânio
751_sf1|Component_751|Aluminum
752_sf1|Component_752|Wooden
753_sf1|Component_753|Wool
754_sf1|Component_754|Granite
755_sf1|Component_755|Bronze
756_sf1|Component_756|Silk
757_sf1|Component_757|Plastic
758_sf1|Component_758|Wooden
759_sf1|Component_759|Plastic
760_sf1|Component_760|Copper
761_sf1|Component_761|Linen
762_sf1|Component_762|Paper
763_sf1|Component_763|Marble
764_sf1|Component_764|Leather
765_sf1|Component_765|Titânio
766_sf1|Component_766|Cotton
767_sf1|Component_767|Paper
768_sf1|Component_768|Concrete
769_sf1|Component_769|Linen
770_sf1|Component_770|Iron
771_sf1|Component_771|Marble
772_sf1|Component_772|Marble
773_sf1|Component_773|Iron
774_sf1|Component_774|Rubber
775_sf1|Component_775|Leather
776_sf1|Component_776|Linen
777_sf1|Component_777|Copper
778_sf1|Component_778|Wool
779_sf1|Component_779|Aluminum
780_sf1|Component_780|Titânio
781_sf1|Component_781|Wooden
782_sf1|Component_782|Copper
783_sf1|Component_783|Marble
784_sf1|Component_784|Plastic
785_sf1|Component_785|Steel
786_sf1|Component_786|Wooden
787_sf1|Component_787|Concrete
788_sf1|Component_788|Plastic
789_sf1|Component_789|Concrete
790_sf1|Component_790|Wool
791_sf1|Component_791|Rubber
792_sf1|Component_792|Linen
793_sf1|Component_793|Linen
794_sf1|Component_794|Iron
795_sf1|Component_795|Titânio
796_sf1|Component_796|Cotton
797_sf1|Component_797|Aluminum
798_sf1|Component_798|Wooden
799_sf1|Component_799|Rubber
800_sf1|Component_800|Marble
801_sf1|Component_801|Cotton
802_sf1|Component_802|Wool
803_sf1|Component_803|Copper
804_sf1|Component_804|Silk
805_sf1|Component_805|Copper
806_sf1|Component_806|Steel
807_sf1|Component_807|Aluminum
808_sf1|Component_808|Silk
809_sf1|Component_809|Leather
810_sf1|Component_810|Titânio
811_sf1|Component_811|Granite
812_sf1|Component_812|Marble
813_sf1|Component_813|Wooden
814_sf1|Component_814|Marble
815_sf1|Component_815|Marble
816_sf1|Component_816|Silk
817_sf1|Component_817|Steel
818_sf1|Component_818|Wool
819_sf1|Component_819|Granite
820_sf1|Component_820|Wool
821_sf1|Component_821|Paper
822_sf1|Component_822|Bronze
823_sf1|Component_823|Concrete
824_sf1|Component_824|Copper
825_sf1|Component_825|Titânio
826_sf1|Component_826|Leather
827_sf1|Component_827|Copper
828_sf1|Component_828|Cotton
829_sf1|Component_829|Marble
830_sf1|Component_830|Plastic
831_sf1|Component_831|Granite
832_sf1|Component_832|Wool
833_sf1|Component_833|Cotton
834_sf1|Component_834|Linen
835_sf1|Component_835|Steel
836_sf1|Component_836|Cotton
837_sf1|Component_837|Concrete
838_sf1|Component_838|Paper
839_sf1|Component_839|Marble
840_sf1|Component_840|Titânio
841_sf1|Component_841|Cotton
842_sf1|Component_842|Rubber
843_sf1|Component_843|Wooden
844_sf1|Component_844|Wooden
845_sf1|Component_845|Iron
846_sf1|Component_846|Steel
847_sf1|Component_847|Rubber
848_sf1|Component_848|Cotton
849_sf1|Component_849|Wool
850_sf1|Component_850|Wooden
851_sf1|Component_851|Wool
852_sf1|Component_852|Plastic
853_sf1|Component_853|Marble
854_sf1|Component_854|Aluminum
855_sf1|Component_855|Titânio
856_sf1|Component_856|Concrete
857_sf1|Component_857|Cotton
858_sf1|Component_858|Copper
859_sf1|Component_859|Rubber
860_sf1|Component_860|Iron
861_sf1|Component_861|Bronze
862_sf1|Component_862|Granite
863_sf1|Component_863|Granite
864_sf1|Component_864|Wool
865_sf1|Component_865|Iron
866_sf1|Component_866|Granite
867_sf1|Component_867|Leather
868_sf1|Component_868|Bronze
869_sf1|Component_869|Plastic
870_sf1|Component_870|Titânio
871_sf1|Component_871|Wool
872_sf1|Component_872|Plastic
873_sf1|Component_873|Concrete
874_sf1|Component_874|Linen
875_sf1|Component_875|Leather
876_sf1|Component_876|Cotton
877_sf1|Component_877|Wooden
878_sf1|Component_878|Bronze
879_sf1|Component_879|Granite
880_sf1|Component_880|Concrete
881_sf1|Component_881|Leather
882_sf1|Component_882|Linen
883_sf1|Component_883|Aluminum
884_sf1|Component_884|Leather
885_sf1|Component_885|Titânio
886_sf1|Component_886|Aluminum
887_sf1|Component_887|Leather
888_sf1|Component_888|Cotton
889_sf1|Component_889|Granite
890_sf1|Component_890|Wool
891_sf1|Component_891|Wooden
892_sf1|Component_892|Rubber
893_sf1|Component_893|Iron
894_sf1|Component_894|Concrete
895_sf1|Component_895|Wooden
896_sf1|Component_896|Wooden
897_sf1|Component_897|Aluminum
898_sf1|Component_898|Bronze
899_sf1|Component_899|Cotton
900_sf1|Component_900|Titânio
901_sf1|Component_901|Rubber
902_sf1|Component_902|Linen
903_sf1|Component_903|Concrete
904_sf1|Component_904|Wool
905_sf1|Component_905|Rubber
906_sf1|Component_906|Bronze
907_sf1|Component_907|Aluminum
908_sf1|Component_908|Cotton
909_sf1|Component_909|Concrete
910_sf1|Component_910|Marble
911_sf1|Component_911|Iron
912_sf1|Component_912|Copper
913_sf1|Component_913|Marble
914_sf1|Component_914|Iron
915_sf1|Component_915|Titânio
916_sf1|Component_916|Wool
917_sf1|Component_917|Copper
918_sf1|Component_918|Marble
919_sf1|Component_919|Granite
920_sf1|Component_920|Bronze
921_sf1|Component_921|Wooden
922_sf1|Component_922|Cotton
923_sf1|Component_923|Linen
924_sf1|Component_924|Wool
925_sf1|Component_925|Iron
926_sf1|Component_926|Granite
927_sf1|Component_927|Plastic
928_sf1|Component_928|Rubber
929_sf1|Component_929|Concrete
930_sf1|Component_930|Titânio
931_sf1|Component_931|Wooden
932_sf1|Component_932|Bronze
933_sf1|Component_933|Steel
934_sf1|Component_934|Aluminum
935_sf1|Component_935|Aluminum
936_sf1|Component_936|Plastic
937_sf1|Component_937|Bronze
938_sf1|Component_938|Bronze
939_sf1|Component_939|Wool
940_sf1|Component_940|Marble
941_sf1|Component_941|Silk
942_sf1|Component_942|Aluminum
943_sf1|Component_943|Wool
944_sf1|Component_944|Bronze
945_sf1|Component_945|Titânio
946_sf1|Component_946|Bronze
947_sf1|Component_947|Aluminum
948_sf1|Component_948|Leather
949_sf1|Component_949|Copper
950_sf1|Component_950|Cotton
951_sf1|Component_951|Wool
952_sf1|Component_952|Steel
953_sf1|Component_953|Cotton
954_sf1|Component_954|Plastic
955_sf1|Component_955|Marble
956_sf1|Component_956|Plastic
957_sf1|Component_957|Iron
958_sf1|Component_958|Paper
959_sf1|Component_959|Copper
960_sf1|Component_960|Titânio
961_sf1|Component_961|Plastic
962_sf1|Component_962|Concrete
963_sf1|Component_963|Marble
964_sf1|Component_964|Leather
965_sf1|Component_965|Silk
966_sf1|Component_966|Bronze
967_sf1|Component_967|Iron
968_sf1|Component_968|Bronze
969_sf1|Component_969|Wooden
970_sf1|Component_970|Granite
971_sf1|Component_971|Marble
972_sf1|Component_972|Wool
973_sf1|Component_973|Silk
974_sf1|Component_974|Wooden
975_sf1|Component_975|Titânio
976_sf1|Component_976|Rubber
977_sf1|Component_977|Paper
978_sf1|Component_978|Concrete
979_sf1|Component_979|Rubber
980_sf1|Component_980|Silk
981_sf1|Component_981|Steel
982_sf1|Component_982|Cotton
983_sf1|Component_983|Silk
984_sf1|Component_984|Silk
985_sf1|Component_985|Silk
986_sf1|Component_986|Steel
987_sf1|Component_987|Marble
988_sf1|Component_988|Iron
989_sf1|Component_989|Wooden
990_sf1|Component_990|Titânio
991_sf1|Component_991|Cotton
992_sf1|Component_992|Aluminum
993_sf1|Component_993|Wool
994_sf1|Component_994|Cotton
995_sf1|Component_995|Linen
996_sf1|Component_996|Silk
997_sf1|Component_997|Marble
998_sf1|Component_998|Concrete
999_sf1|Component_999|Plastic
1000_sf1|Component_1000|Concrete
1001_sf1|Component_1001|Plastic
1002_sf1|Component_1002|Linen
1003_sf1|Component_1003|Iron
1004_sf1|Component_1004|Plastic
1005_sf1|Component_1005|Titânio
1006_sf1|Component_1006|Cotton
1007_sf1|Component_1007|Plastic
1008_sf1|Component_1008|Steel
1009_sf1|Component_1009|Copper
1010_sf1|Component_1010|Iron
1011_sf1|Component_1011|Bronze
1012_sf1|Component_1012|Wool
1013_sf1|Component_1013|Marble
1014_sf1|Component_1014|Concrete
1015_sf1|Component_1015|Iron
1016_sf1|Component_1016|Linen
1017_sf1|Component_1017|Cotton
1018_sf1|Component_1018|Copper
1019_sf1|Component_1019|Copper
1020_sf1|Component_1020|Titânio
1021_sf1|Component_1021|Steel
1022_sf1|Component_1022|Wool
1023_sf1|Component_1023|Granite
1024_sf1|Component_1024|Wooden
1025_sf1|Component_1025|Plastic
1026_sf1|Component_1026|Silk
1027_sf1|Component_1027|Iron
1028_sf1|Component_1028|Aluminum
1029_sf1|Component_1029|Rubber
1030_sf1|Component_1030|Leather
1031_sf1|Component_1031|Concrete
1032_sf1|Component_1032|Cotton
1033_sf1|Component_1033|Iron
1034_sf1|Component_1034|Wool
1035_sf1|Component_1035|Titânio
1036_sf1|Component_1036|Wool
1037_sf1|Component_1037|Wool
1038_sf1|Component_1038|Iron
1039_sf1|Component_1039|Marble
1040_sf1|Component_1040|Paper
1041_sf1|Component_1041|Leather
1042_sf1|Component_1042|Leather
1043_sf1|Component_1043|Leather
1044_sf1|Component_1044|Wooden
1045_sf1|Component_1045|Rubber
1046_sf1|Component_1046|Marble
1047_sf1|Component_1047|Granite
1048_sf1|Component_1048|Wooden
1049_sf1|Component_1049|Wool
1050_sf1|Component_1050|Titânio
1051_sf1|Component_1051|Paper
1052_sf1|Component_1052|Bronze
1053_sf1|Component_1053|Granite
1054_sf1|Component_1054|Steel
1055_sf1|Component_1055|Cotton
1056_sf1|Component_1056|Iron
1057_sf1|Component_1057|Steel
1058_sf1|Component_1058|Wool
1059_sf1|Component_1059|Bronze
1060_sf1|Component_1060|Wool
1061_sf1|Component_1061|Silk
1062_sf1|Component_1062|Bronze
1063_sf1|Component_1063|Copper
1064_sf1|Component_1064|Silk
1065_sf1|Component_1065|Titânio
1066_sf1|Component_1066|Plastic
1067_sf1|Component_1067|Bronze
1068_sf1|Component_1068|Granite
1069_sf1|Component_1069|Leather
1070_sf1|Component_1070|Steel
1071_sf1|Component_1071|Aluminum
1072_sf1|Component_1072|Steel
1073_sf1|Component_1073|Granite
1074_sf1|Component_1074|Iron
1075_sf1|Component_1075|Granite
1076_sf1|Component_1076|Concrete
1077_sf1|Component_1077|Rubber
1078_sf1|Component_1078|Leather
1079_sf1|Component_1079|Wooden
1080_sf1|Component_1080|Titânio
1081_sf1|Component_1081|Iron
1082_sf1|Component_1082|Steel
1083_sf1|Component_1083|Concrete
1084_sf1|Component_1084|Plastic
1085_sf1|Component_1085|Iron
1086_sf1|Component_1086|Linen
1087_sf1|Component_1087|Cotton
1088_sf1|Component_1088|Granite
1089_sf1|Component_1089|Copper
1090_sf1|Component_1090|Wooden
1091_sf1|Component_1091|Concrete
1092_sf1|Component_1092|Cotton
1093_sf1|Component_1093|Aluminum
1094_sf1|Component_1094|Cotton
1095_sf1|Component_1095|Titânio
1096_sf1|Component_1096|Linen
1097_sf1|Component_1097|Concrete
1098_sf1|Component_1098|Granite
1099_sf1|Component_1099|Aluminum
1100_sf1|Component_1100|Paper
1101_sf1|Component_1101|Aluminum
1102_sf1|Component_1102|Marble
1103_sf1|Component_1103|Wooden
1104_sf1|Component_1104|Concrete
1105_sf1|Component_1105|Wool
1106_sf1|Component_1106|Silk
1107_sf1|Component_1107|Aluminum
1108_sf1|Component_1108|Iron
1109_sf1|Component_1109|Paper
1110_sf1|Component_1110|Titânio
1111_sf1|Component_1111|Iron
1112_sf1|Component_1112|Paper
1113_sf1|Component_1113|Wool
1114_sf1|Component_1114|Wooden
1115_sf1|Component_1115|Cotton
1116_sf1|Component_1116|Linen
1117_sf1|Component_1117|Concrete
1118_sf1|Component_1118|Wool
1119_sf1|Component_1119|Wool
1120_sf1|Component_1120|Wool
1121_sf1|Component_1121|Copper
1122_sf1|Component_1122|Silk
1123_sf1|Component_1123|Paper
1124_sf1|Component_1124|Wooden
1125_sf1|Component_1125|Titânio
1126_sf1|Component_1126|Bronze
1127_sf1|Component_1127|Leather
1128_sf1|Component_1128|Wooden
1129_sf1|Component_1129|Bronze
1130_sf1|Component_1130|Granite
1131_sf1|Component_1131|Granite
1132_sf1|Component_1132|Leather
1133_sf1|Component_1133|Rubber
1134_sf1|Component_1134|Bronze
1135_sf1|Component_1135|Paper
1136_sf1|Component_1136|Granite
1137_sf1|Component_1137|Linen
1138_sf1|Component_1138|Concrete
1139_sf1|Component_1139|Wooden
1140_sf1|Component_1140|Titânio
1141_sf1|Component_1141|Bronze
1142_sf1|Component_1142|Wooden
1143_sf1|Component_1143|Silk
1144_sf1|Component_1144|Plastic
1145_sf1|Component_1145|Cotton
1146_sf1|Component_1146|Granite
1147_sf1|Component_1147|Aluminum
1148_sf1|Component_1148|Granite
1149_sf1|Component_1149|Aluminum
1150_sf1|Component_1150|Steel
1151_sf1|Component_1151|Plastic
1152_sf1|Component_1152|Aluminum
1153_sf1|Component_1153|Plastic
1154_sf1|Component_1154|Plastic
1155_sf1|Component_1155|Titânio
1156_sf1|Component_1156|Paper
1157_sf1|Component_1157|Silk
1158_sf1|Component_1158|Copper
1159_sf1|Component_1159|Bronze
1160_sf1|Component_1160|Linen
1161_sf1|Component_1161|Paper
1162_sf1|Component_1162|Iron
1163_sf1|Component_1163|Bronze
1164_sf1|Component_1164|Cotton
1165_sf1|Component_1165|Concrete
1166_sf1|Component_1166|Iron
1167_sf1|Component_1167|Aluminum
1168_sf1|Component_1168|Aluminum
1169_sf1|Component_1169|Marble
1170_sf1|Component_1170|Titânio
1171_sf1|Component_1171|Copper
1172_sf1|Component_1172|Paper
1173_sf1|Component_1173|Linen
1174_sf1|Component_1174|Plastic
1175_sf1|Component_1175|Silk
1176_sf1|Component_1176|Linen
1177_sf1|Component_1177|Rubber
1178_sf1|Component_1178|Iron
1179_sf1|Component_1179|Wooden
1180_sf1|Component_1180|Copper
1181_sf1|Component_1181|Rubber
1182_sf1|Component_1182|Marble
1183_sf1|Component_1183|Bronze
1184_sf1|Component_1184|Rubber
1185_sf1|Component_1185|Titânio
1186_sf1|Component_1186|Aluminum
1187_sf1|Component_1187|Copper
1188_sf1|Component_1188|Paper
1189_sf1|Component_1189|Bronze
1190_sf1|Component_1190|Marble
1191_sf1|Component_1191|Steel
1192_sf1|Component_1192|Bronze
1193_sf1|Component_1193|Steel
1194_sf1|Component_1194|Marble
1195_sf1|Component_1195|Aluminum
1196_sf1|Component_1196|Marble
1197_sf1|Component_1197|Wooden
1198_sf1|Component_1198|Copper
1199_sf1|Component_1199|Marble
1200_sf1|Component_1200|Titânio
1201_sf1|Component_1201|Marble
1202_sf1|Component_1202|Aluminum
1203_sf1|Component_1203|Silk
1204_sf1|Component_1204|Concrete
1205_sf1|Component_1205|Paper
1206_sf1|Component_1206|Concrete
1207_sf1|Component_1207|Paper
1208_sf1|Component_1208|Iron
1209_sf1|Component_1209|Rubber
1210_sf1|Component_1210|Wooden
1211_sf1|Component_1211|Wool
1212_sf1|Component_1212|Marble
1213_sf1|Component_1213|Concrete
1214_sf1|Component_1214|Iron
1215_sf1|Component_1215|Titânio
1216_sf1|Component_1216|Wooden
1217_sf1|Component_1217|Iron
1218_sf1|Component_1218|Aluminum
1219_sf1|Component_1219|Silk
1220_sf1|Component_1220|Wool
1221_sf1|Component_1221|Silk
1222_sf1|Component_1222|Bronze
1223_sf1|Component_1223|Granite
1224_sf1|Component_1224|Iron
1225_sf1|Component_1225|Wool
1226_sf1|Component_1226|Silk
1227_sf1|Component_1227|Aluminum
1228_sf1|Component_1228|Bronze
1229_sf1|Component_1229|Aluminum
1230_sf1|Component_1230|Titânio
1231_sf1|Component_1231|Plastic
1232_sf1|Component_1232|Linen
1233_sf1|Component_1233|Silk
1234_sf1|Component_1234|Leather
1235_sf1|Component_1235|Wooden
1236_sf1|Component_1236|Copper
1237_sf1|Component_1237|Copper
1238_sf1|Component_1238|Rubber
1239_sf1|Component_1239|Marble
1240_sf1|Component_1240|Wool
1241_sf1|Component_1241|Plastic
1242_sf1|Component_1242|Iron
1243_sf1|Component_1243|Silk
1244_sf1|Component_1244|Cotton
1245_sf1|Component_1245|Titânio
1246_sf1|Component_1246|Copper
1247_sf1|Component_1247|Bronze
1248_sf1|Component_1248|Plastic
1249_sf1|Component_1249|Plastic
1250_sf1|Component_1250|Cotton
1251_sf1|Component_1251|Iron
1252_sf1|Component_1252|Concrete
1253_sf1|Component_1253|Leather
1254_sf1|Component_1254|Paper
1255_sf1|Component_1255|Concrete
1256_sf1|Component_1256|Steel
1257_sf1|Component_1257|Wool
1258_sf1|Component_1258|Concrete
1259_sf1|Component_1259|Marble
1260_sf1|Component_1260|Titânio
1261_sf1|Component_1261|Cotton
1262_sf1|Component_1262|Silk
1263_sf1|Component_1263|Paper
1264_sf1|Component_1264|Silk
1265_sf1|Component_1265|Plastic
1266_sf1|Component_1266|Linen
1267_sf1|Component_1267|Granite
1268_sf1|Component_1268|Leather
1269_sf1|Component_1269|Silk
1270_sf1|Component_1270|Granite
1271_sf1|Component_1271|Copper
1272_sf1|Component_1272|Paper
1273_sf1|Component_1273|Iron
1274_sf1|Component_1274|Leather
1275_sf1|Component_1275|Titânio
1276_sf1|Component_1276|Iron
1277_sf1|Component_1277|Leather
1278_sf1|Component_1278|Wool
1279_sf1|Component_1279|Silk
1280_sf1|Component_1280|Rubber
1281_sf1|Component_1281|Concrete
1282_sf1|Component_1282|Rubber
1283_sf1|Component_1283|Wool
1284_sf1|Component_1284|Cotton
1285_sf1|Component_1285|Bronze
1286_sf1|Component_1286|Bronze
1287_sf1|Component_1287|Wool
1288_sf1|Component_1288|Bronze
1289_sf1|Component_1289|Copper
1290_sf1|Component_1290|Titânio
1291_sf1|Component_1291|Cotton
1292_sf1|Component_1292|Granite
1293_sf1|Component_1293|Plastic
1294_sf1|Component_1294|Wool
1295_sf1|Component_1295|Cotton
1296_sf1|Component_1296|Rubber
1297_sf1|Component_1297|Copper
1298_sf1|Component_1298|Iron
1299_sf1|Component_1299|Marble
1300_sf1|Component_1300|Rubber
1301_sf1|Component_1301|Cotton
1302_sf1|Component_1302|Paper
1303_sf1|Component_1303|Iron
1304_sf1|Component_1304|Leather
1305_sf1|Component_1305|Titânio
1306_sf1|Component_1306|Wool
1307_sf1|Component_1307|Paper
1308_sf1|Component_1308|Plastic
1309_sf1|Component_1309|Concrete
1310_sf1|Component_1310|Paper
1311_sf1|Component_1311|Wooden
1312_sf1|Component_1312|Steel
1313_sf1|Component_1313|Concrete
1314_sf1|Component_1314|Silk
1315_sf1|Component_1315|Bronze
1316_sf1|Component_1316|Granite
1317_sf1|Component_1317|Marble
1318_sf1|Component_1318|Aluminum
1319_sf1|Component_1319|Aluminum
1320_sf1|Component_1320|Titânio
1321_sf1|Component_1321|Aluminum
1322_sf1|Component_1322|Wooden
1323_sf1|Component_1323|Steel
1324_sf1|Component_1324|Silk
1325_sf1|Component_1325|Copper
1326_sf1|Component_1326|Wooden
1327_sf1|Component_1327|Rubber
1328_sf1|Component_1328|Silk
1329_sf1|Component_1329|Cotton
1330_sf1|Component_1330|Aluminum
1331_sf1|Component_1331|Wool
1332_sf1|Component_1332|Cotton
1333_sf1|Component_1333|Iron
1334_sf1|Component_1334|Wool
1335_sf1|Component_1335|Titânio
1336_sf1|Component_1336|Marble
1337_sf1|Component_1337|Silk
1338_sf1|Component_1338|Iron
1339_sf1|Component_1339|Linen
1340_sf1|Component_1340|Copper
1341_sf1|Component_1341|Silk
1342_sf1|Component_1342|Silk
1343_sf1|Component_1343|Steel
1344_sf1|Component_1344|Steel
1345_sf1|Component_1345|Plastic
1346_sf1|Component_1346|Leather
1347_sf1|Component_1347|Wooden
1348_sf1|Component_1348|Paper
1349_sf1|Component_1349|Bronze
1350_sf1|Component_1350|Titânio
1351_sf1|Component_1351|Bronze
1352_sf1|Component_1352|Plastic
1353_sf1|Component_1353|Granite
1354_sf1|Component_1354|Aluminum
1355_sf1|Component_1355|Leather
1356_sf1|Component_1356|Leather
1357_sf1|Component_1357|Rubber
1358_sf1|Component_1358|Linen
1359_sf1|Component_1359|Silk
1360_sf1|Component_1360|Concrete
1361_sf1|Component_1361|Plastic
1362_sf1|Component_1362|Steel
1363_sf1|Component_1363|Bronze
1364_sf1|Component_1364|Bronze
1365_sf1|Component_1365|Titânio
1366_sf1|Component_1366|Plastic
1367_sf1|Component_1367|Linen
1368_sf1|Component_1368|Concrete
1369_sf1|Component_1369|Plastic
1370_sf1|Component_1370|Bronze
1371_sf1|Component_1371|Silk
1372_sf1|Component_1372|Aluminum
1373_sf1|Component_1373|Cotton
1374_sf1|Component_1374|Iron
1375_sf1|Component_1375|Wooden
1376_sf1|Component_1376|Cotton
1377_sf1|Component_1377|Linen
1378_sf1|Component_1378|Aluminum
1379_sf1|Component_1379|Marble
1380_sf1|Component_1380|Titânio
1381_sf1|Component_1381|Concrete
1382_sf1|Component_1382|Bronze
1383_sf1|Component_1383|Copper
1384_sf1|Component_1384|Silk
1385_sf1|Component_1385|Cotton
1386_sf1|Component_1386|Aluminum
1387_sf1|Component_1387|Concrete
1388_sf1|Component_1388|Leather
1389_sf1|Component_1389|Aluminum
1390_sf1|Component_1390|Aluminum
1391_sf1|Component_1391|Leather
1392_sf1|Component_1392|Iron
1393_sf1|Component_1393|Silk
1394_sf1|Component_1394|Wool
1395_sf1|Component_1395|Titânio
1396_sf1|Component_1396|Leather
1397_sf1|Component_1397|Cotton
1398_sf1|Component_1398|Plastic
1399_sf1|Component_1399|Marble
1400_sf1|Component_1400|Concrete
1401_sf1|Component_1401|Aluminum
1402_sf1|Component_1402|Concrete
1403_sf1|Component_1403|Aluminum
1404_sf1|Component_1404|Wool
1405_sf1|Component_1405|Paper
1406_sf1|Component_1406|Wooden
1407_sf1|Component_1407|Granite
1408_sf1|Component_1408|Rubber
1409_sf1|Component_1409|Granite
1410_sf1|Component_1410|Titânio
1411_sf1|Component_1411|Steel
1412_sf1|Component_1412|Marble
1413_sf1|Component_1413|Granite
1414_sf1|Component_1414|Aluminum
1415_sf1|Component_1415|Plastic
1416_sf1|Component_1416|Aluminum
1417_sf1|Component_1417|Iron
1418_sf1|Component_1418|Wooden
1419_sf1|Component_1419|Rubber
1420_sf1|Component_1420|Leather
1421_sf1|Component_1421|Aluminum
1422_sf1|Component_1422|Concrete
1423_sf1|Component_1423|Rubber
1424_sf1|Component_1424|Wool
1425_sf1|Component_1425|Titânio
1426_sf1|Component_1426|Wooden
1427_sf1|Component_1427|Bronze
1428_sf1|Component_1428|Aluminum
1429_sf1|Component_1429|Aluminum
1430_sf1|Component_1430|Iron
1431_sf1|Component_1431|Aluminum
1432_sf1|Component_1432|Wooden
1433_sf1|Component_1433|Wool
1434_sf1|Component_1434|Rubber
1435_sf1|Component_1435|Aluminum
1436_sf1|Component_1436|Marble
1437_sf1|Component_1437|Concrete
1438_sf1|Component_1438|Granite
1439_sf1|Component_1439|Cotton
1440_sf1|Component_1440|Titânio
1441_sf1|Component_1441|Silk
1442_sf1|Component_1442|Wool
1443_sf1|Component_1443|Wool
1444_sf1|Component_1444|Iron
1445_sf1|Component_1445|Plastic
1446_sf1|Component_1446|Aluminum
1447_sf1|Component_1447|Rubber
1448_sf1|Component_1448|Wool
1449_sf1|Component_1449|Steel
1450_sf1|Component_1450|Wool
1451_sf1|Component_1451|Aluminum
1452_sf1|Component_1452|Wool
1453_sf1|Component_1453|Copper
1454_sf1|Component_1454|Wooden
1455_sf1|Component_1455|Titânio
1456_sf1|Component_1456|Plastic
1457_sf1|Component_1457|Rubber
1458_sf1|Component_1458|Steel
1459_sf1|Component_1459|Bronze
1460_sf1|Component_1460|Copper
1461_sf1|Component_1461|Granite
1462_sf1|Component_1462|Wool
1463_sf1|Component_1463|Wooden
1464_sf1|Component_1464|Rubber
1465_sf1|Component_1465|Paper
1466_sf1|Component_1466|Leather
1467_sf1|Component_1467|Rubber
1468_sf1|Component_1468|Wooden
1469_sf1|Component_1469|Steel
1470_sf1|Component_1470|Titânio
1471_sf1|Component_1471|Steel
1472_sf1|Component_1472|Wooden
1473_sf1|Component_1473|Silk
1474_sf1|Component_1474|Silk
1475_sf1|Component_1475|Rubber
1476_sf1|Component_1476|Plastic
1477_sf1|Component_1477|Wooden
1478_sf1|Component_1478|Concrete
1479_sf1|Component_1479|Silk
1480_sf1|Component_1480|Wooden
1481_sf1|Component_1481|Granite
1482_sf1|Component_1482|Linen
1483_sf1|Component_1483|Leather
1484_sf1|Component_1484|Copper
1485_sf1|Component_1485|Titânio
1486_sf1|Component_1486|Bronze
1487_sf1|Component_1487|Aluminum
1488_sf1|Component_1488|Bronze
1489_sf1|Component_1489|Concrete
1490_sf1|Component_1490|Bronze
1491_sf1|Component_1491|Wooden
1492_sf1|Component_1492|Iron
1493_sf1|Component_1493|Silk
1494_sf1|Component_1494|Iron
1495_sf1|Component_1495|Aluminum
1496_sf1|Component_1496|Silk
1497_sf1|Component_1497|Linen
1498_sf1|Component_1498|Cotton
1499_sf1|Component_1499|Aluminum
1500_sf1|Component_1500|Titânio
1501_sf1|Component_1501|Concrete
1502_sf1|Component_1502|Leather
1503_sf1|Component_1503|Rubber
1504_sf1|Component_1504|Cotton
1505_sf1|Component_1505|Leather
1506_sf1|Component_1506|Linen
1507_sf1|Component_1507|Cotton
1508_sf1|Component_1508|Linen
1509_sf1|Component_1509|Linen
1510_sf1|Component_1510|Leather
1511_sf1|Component_1511|Granite
1512_sf1|Component_1512|Marble
1513_sf1|Component_1513|Wooden
1514_sf1|Component_1514|Aluminum
1515_sf1|Component_1515|Titânio
1516_sf1|Component_1516|Wool
1517_sf1|Component_1517|Plastic
1518_sf1|Component_1518|Iron
1519_sf1|Component_1519|Marble
1520_sf1|Component_1520|Linen
1521_sf1|Component_1521|Bronze
1522_sf1|Component_1522|Wool
1523_sf1|Component_1523|Copper
1524_sf1|Component_1524|Silk
1525_sf1|Component_1525|Rubber
1526_sf1|Component_1526|Plastic
1527_sf1|Component_1527|Steel
1528_sf1|Component_1528|Bronze
1529_sf1|Component_1529|Rubber
1530_sf1|Component_1530|Titânio
1531_sf1|Component_1531|Linen
1532_sf1|Component_1532|Aluminum
1533_sf1|Component_1533|Linen
1534_sf1|Component_1534|Iron
1535_sf1|Component_1535|Wool
1536_sf1|Component_1536|Silk
1537_sf1|Component_1537|Granite
1538_sf1|Component_1538|Concrete
1539_sf1|Component_1539|Wool
1540_sf1|Component_1540|Concrete
1541_sf1|Component_1541|Granite
1542_sf1|Component_1542|Iron
1543_sf1|Component_1543|Marble
1544_sf1|Component_1544|Paper
1545_sf1|Component_1545|Titânio
1546_sf1|Component_1546|Plastic
1547_sf1|Component_1547|Wool
1548_sf1|Component_1548|Leather
1549_sf1|Component_1549|Leather
1550_sf1|Component_1550|Wool
1551_sf1|Component_1551|Paper
1552_sf1|Component_1552|Wooden
1553_sf1|Component_1553|Aluminum
1554_sf1|Component_1554|Wooden
1555_sf1|Component_1555|Cotton
1556_sf1|Component_1556|Copper
1557_sf1|Component_1557|Marble
1558_sf1|Component_1558|Iron
1559_sf1|Component_1559|Granite
1560_sf1|Component_1560|Titânio
1561_sf1|Component_1561|Wooden
1562_sf1|Component_1562|Concrete
1563_sf1|Component_1563|Plastic
1564_sf1|Component_1564|Cotton
1565_sf1|Component_1565|Wooden
1566_sf1|Component_1566|Plastic
1567_sf1|Component_1567|Iron
1568_sf1|Component_1568|Plastic
1569_sf1|Component_1569|Silk
1570_sf1|Component_1570|Bronze
1571_sf1|Component_1571|Granite
1572_sf1|Component_1572|Aluminum
1573_sf1|Component_1573|Rubber
1574_sf1|Component_1574|Copper
1575_sf1|Component_1575|Titânio
1576_sf1|Component_1576|Rubber
1577_sf1|Component_1577|Cotton
1578_sf1|Component_1578|Paper
1579_sf1|Component_1579|Copper
1580_sf1|Component_1580|Steel
1581_sf1|Component_1581|Plastic
1582_sf1|Component_1582|Linen
1583_sf1|Component_1583|Steel
1584_sf1|Component_1584|Silk
1585_sf1|Component_1585|Steel
1586_sf1|Component_1586|Leather
1587_sf1|Component_1587|Steel
1588_sf1|Component_1588|Silk
1589_sf1|Component_1589|Bronze
1590_sf1|Component_1590|Titânio
1591_sf1|Component_1591|Cotton
1592_sf1|Component_1592|Rubber
1593_sf1|Component_1593|Paper
1594_sf1|Component_1594|Steel
1595_sf1|Component_1595|Cotton
1596_sf1|Component_1596|Aluminum
1597_sf1|Component_1597|Concrete
1598_sf1|Component_1598|Wool
1599_sf1|Component_1599|Silk
1600_sf1|Component_1600|Wool
1601_sf1|Component_1601|Aluminum
1602_sf1|Component_1602|Aluminum
1603_sf1|Component_1603|Bronze
1604_sf1|Component_1604|Granite
1605_sf1|Component_1605|Titânio
1606_sf1|Component_1606|Cotton
1607_sf1|Component_1607|Linen
1608_sf1|Component_1608|Copper
1609_sf1|Component_1609|Wooden
1610_sf1|Component_1610|Marble
1611_sf1|Component_1611|Marble
1612_sf1|Component_1612|Concrete
1613_sf1|Component_1613|Marble
1614_sf1|Component_1614|Granite
1615_sf1|Component_1615|Granite
1616_sf1|Component_1616|Aluminum
1617_sf1|Component_1617|Silk
1618_sf1|Component_1618|Linen
1619_sf1|Component_1619|Marble
1620_sf1|Component_1620|Titânio
1621_sf1|Component_1621|Iron
1622_sf1|Component_1622|Cotton
1623_sf1|Component_1623|Silk
1624_sf1|Component_1624|Granite
1625_sf1|Component_1625|Cotton
1626_sf1|Component_1626|Rubber
1627_sf1|Component_1627|Plastic
1628_sf1|Component_1628|Aluminum
1629_sf1|Component_1629|Copper
1630_sf1|Component_1630|Leather
1631_sf1|Component_1631|Wooden
1632_sf1|Component_1632|Silk
1633_sf1|Component_1633|Cotton
1634_sf1|Component_1634|Wool
1635_sf1|Component_1635|Titânio
1636_sf1|Component_1636|Wooden
1637_sf1|Component_1637|Cotton
1638_sf1|Component_1638|Silk
1639_sf1|Component_1639|Marble
1640_sf1|Component_1640|Copper
1641_sf1|Component_1641|Leather
1642_sf1|Component_1642|Rubber
1643_sf1|Component_1643|Paper
1644_sf1|Component_1644|Granite
1645_sf1|Component_1645|Plastic
1646_sf1|Component_1646|Aluminum
1647_sf1|Component_1647|Concrete
1648_sf1|Component_1648|Paper
1649_sf1|Component_1649|Paper
1650_sf1|Component_1650|Titânio
1651_sf1|Component_1651|Cotton
1652_sf1|Component_1652|Paper
1653_sf1|Component_1653|Bronze
1654_sf1|Component_1654|Iron
1655_sf1|Component_1655|Plastic
1656_sf1|Component_1656|Aluminum
1657_sf1|Component_1657|Linen
1658_sf1|Component_1658|Paper
1659_sf1|Component_1659|Marble
1660_sf1|Component_1660|Linen
1661_sf1|Component_1661|Plastic
1662_sf1|Component_1662|Silk
1663_sf1|Component_1663|Copper
1664_sf1|Component_1664|Cotton
1665_sf1|Component_1665|Titânio
1666_sf1|Component_1666|Wooden
1667_sf1|Component_1667|Wooden
1668_sf1|Component_1668|Granite
1669_sf1|Component_1669|Wool
1670_sf1|Component_1670|Copper
1671_sf1|Component_1671|Aluminum
1672_sf1|Component_1672|Wool
1673_sf1|Component_1673|Copper
1674_sf1|Component_1674|Wool
1675_sf1|Component_1675|Marble
1676_sf1|Component_1676|Copper
1677_sf1|Component_1677|Iron
1678_sf1|Component_1678|Plastic
1679_sf1|Component_1679|Cotton
1680_sf1|Component_1680|Titânio
1681_sf1|Component_1681|Leather
1682_sf1|Component_1682|Steel
1683_sf1|Component_1683|Leather
1684_sf1|Component_1684|Iron
1685_sf1|Component_1685|Aluminum
1686_sf1|Component_1686|Silk
1687_sf1|Component_1687|Bronze
1688_sf1|Component_1688|Concrete
1689_sf1|Component_1689|Iron
1690_sf1|Component_1690|Aluminum
1691_sf1|Component_1691|Concrete
1692_sf1|Component_1692|Wooden
1693_sf1|Component_1693|Bronze
1694_sf1|Component_1694|Bronze
1695_sf1|Component_1695|Titânio
1696_sf1|Component_1696|Iron
1697_sf1|Component_1697|Silk
1698_sf1|Component_1698|Copper
1699_sf1|Component_1699|Bronze
1700_sf1|Component_1700|Paper
1701_sf1|Component_1701|Rubber
1702_sf1|Component_1702|Rubber
1703_sf1|Component_1703|Copper
1704_sf1|Component_1704|Plastic
1705_sf1|Component_1705|Paper
1706_sf1|Component_1706|Aluminum
1707_sf1|Component_1707|Marble
1708_sf1|Component_1708|Copper
1709_sf1|Component_1709|Leather
1710_sf1|Component_1710|Titânio
1711_sf1|Component_1711|Leather
1712_sf1|Component_1712|Cotton
1713_sf1|Component_1713|Linen
1714_sf1|Component_1714|Silk
1715_sf1|Component_1715|Linen
1716_sf1|Component_1716|Bronze
1717_sf1|Component_1717|Bronze
1718_sf1|Component_1718|Steel
1719_sf1|Component_1719|Aluminum
1720_sf1|Component_1720|Granite
1721_sf1|Component_1721|Wooden
1722_sf1|Component_1722|Concrete
1723_sf1|Component_1723|Marble
1724_sf1|Component_1724|Copper
1725_sf1|Component_1725|Titânio
1726_sf1|Component_1726|Copper
1727_sf1|Component_1727|Plastic
1728_sf1|Component_1728|Aluminum
1729_sf1|Component_1729|Wool
1730_sf1|Component_1730|Copper
1731_sf1|Component_1731|Bronze
1732_sf1|Component_1732|Copper
1733_sf1|Component_1733|Silk
1734_sf1|Component_1734|Granite
1735_sf1|Component_1735|Plastic
1736_sf1|Component_1736|Aluminum
1737_sf1|Component_1737|Silk
1738_sf1|Component_1738|Wool
1739_sf1|Component_1739|Steel
1740_sf1|Component_1740|Titânio
1741_sf1|Component_1741|Rubber
1742_sf1|Component_1742|Paper
1743_sf1|Component_1743|Paper
1744_sf1|Component_1744|Wooden
1745_sf1|Component_1745|Iron
1746_sf1|Component_1746|Leather
1747_sf1|Component_1747|Copper
1748_sf1|Component_1748|Cotton
1749_sf1|Component_1749|Plastic
1750_sf1|Component_1750|Aluminum
1751_sf1|Component_1751|Concrete
1752_sf1|Component_1752|Linen
1753_sf1|Component_1753|Aluminum
1754_sf1|Component_1754|Rubber
1755_sf1|Component_1755|Titânio
1756_sf1|Component_1756|Copper
1757_sf1|Component_1757|Bronze
1758_sf1|Component_1758|Wool
1759_sf1|Component_1759|Bronze
1760_sf1|Component_1760|Bronze
1761_sf1|Component_1761|Silk
1762_sf1|Component_1762|Linen
1763_sf1|Component_1763|Wool
1764_sf1|Component_1764|Cotton
1765_sf1|Component_1765|Cotton
1766_sf1|Component_1766|Steel
1767_sf1|Component_1767|Granite
1768_sf1|Component_1768|Linen
1769_sf1|Component_1769|Steel
1770_sf1|Component_1770|Titânio
1771_sf1|Component_1771|Steel
1772_sf1|Component_1772|Plastic
1773_sf1|Component_1773|Copper
1774_sf1|Component_1774|Plastic
1775_sf1|Component_1775|Steel
1776_sf1|Component_1776|Wool
1777_sf1|Component_1777|Aluminum
1778_sf1|Component_1778|Marble
1779_sf1|Component_1779|Leather
1780_sf1|Component_1780|Rubber
1781_sf1|Component_1781|Silk
1782_sf1|Component_1782|Rubber
1783_sf1|Component_1783|Silk
1784_sf1|Component_1784|Paper
1785_sf1|Component_1785|Titânio
1786_sf1|Component_1786|Iron
1787_sf1|Component_1787|Linen
1788_sf1|Component_1788|Aluminum
1789_sf1|Component_1789|Linen
1790_sf1|Component_1790|Steel
1791_sf1|Component_1791|Bronze
1792_sf1|Component_1792|Bronze
1793_sf1|Component_1793|Copper
1794_sf1|Component_1794|Cotton
1795_sf1|Component_1795|Plastic
1796_sf1|Component_1796|Iron
1797_sf1|Component_1797|Steel
1798_sf1|Component_1798|Granite
1799_sf1|Component_1799|Rubber
1800_sf1|Component_1800|Titânio
1801_sf1|Component_1801|Cotton
1802_sf1|Component_1802|Aluminum
1803_sf1|Component_1803|Leather
1804_sf1|Component_1804|Leather
1805_sf1|Component_1805|Copper
1806_sf1|Component_1806|Bronze
1807_sf1|Component_1807|Silk
1808_sf1|Component_1808|Bronze
1809_sf1|Component_1809|Rubber
1810_sf1|Component_1810|Paper
1811_sf1|Component_1811|Granite
1812_sf1|Component_1812|Marble
1813_sf1|Component_1813|Steel
1814_sf1|Component_1814|Concrete
1815_sf1|Component_1815|Titânio
1816_sf1|Component_1816|Leather
1817_sf1|Component_1817|Paper
1818_sf1|Component_1818|Cotton
1819_sf1|Component_1819|Linen
1820_sf1|Component_1820|Marble
1821_sf1|Component_1821|Rubber
1822_sf1|Component_1822|Paper
1823_sf1|Component_1823|Plastic
1824_sf1|Component_1824|Bronze
1825_sf1|Component_1825|Plastic
1826_sf1|Component_1826|Steel
1827_sf1|Component_1827|Steel
1828_sf1|Component_1828|Aluminum
1829_sf1|Component_1829|Wooden
1830_sf1|Component_1830|Titânio
1831_sf1|Component_1831|Aluminum
1832_sf1|Component_1832|Silk
1833_sf1|Component_1833|Aluminum
1834_sf1|Component_1834|Granite
1835_sf1|Component_1835|Copper
1836_sf1|Component_1836|Silk
1837_sf1|Component_1837|Granite
1838_sf1|Component_1838|Concrete
1839_sf1|Component_1839|Steel
1840_sf1|Component_1840|Granite
1841_sf1|Component_1841|Wool
1842_sf1|Component_1842|Wooden
1843_sf1|Component_1843|Granite
1844_sf1|Component_1844|Bronze
1845_sf1|Component_1845|Titânio
1846_sf1|Component_1846|Plastic
1847_sf1|Component_1847|Steel
1848_sf1|Component_1848|Paper
1849_sf1|Component_1849|Silk
1850_sf1|Component_1850|Copper
1851_sf1|Component_1851|Marble
1852_sf1|Component_1852|Leather
1853_sf1|Component_1853|Paper
1854_sf1|Component_1854|Granite
1855_sf1|Component_1855|Granite
1856_sf1|Component_1856|Concrete
1857_sf1|Component_1857|Cotton
1858_sf1|Component_1858|Wooden
1859_sf1|Component_1859|Wool
1860_sf1|Component_1860|Titânio
1861_sf1|Component_1861|Linen
1862_sf1|Component_1862|Copper
1863_sf1|Component_1863|Granite
1864_sf1|Component_1864|Granite
1865_sf1|Component_1865|Steel
1866_sf1|Component_1866|Wool
1867_sf1|Component_1867|Aluminum
1868_sf1|Component_1868|Concrete
1869_sf1|Component_1869|Plastic
1870_sf1|Component_1870|Iron
1871_sf1|Component_1871|Linen
1872_sf1|Component_1872|Steel
1873_sf1|Component_1873|Silk
1874_sf1|Component_1874|Leather
1875_sf1|Component_1875|Titânio
1876_sf1|Component_1876|Linen
1877_sf1|Component_1877|Wooden
1878_sf1|Component_1878|Marble
1879_sf1|Component_1879|Paper
1880_sf1|Component_1880|Iron
1881_sf1|Component_1881|Paper
1882_sf1|Component_1882|Concrete
1883_sf1|Component_1883|Linen
1884_sf1|Component_1884|Steel
1885_sf1|Component_1885|Marble
1886_sf1|Component_1886|Granite
1887_sf1|Component_1887|Linen
1888_sf1|Component_1888|Leather
1889_sf1|Component_1889|Copper
1890_sf1|Component_1890|Titânio
1891_sf1|Component_1891|Linen
1892_sf1|Component_1892|Steel
1893_sf1|Component_1893|Granite
1894_sf1|Component_1894|Wool
1895_sf1|Component_1895|Marble
1896_sf1|Component_1896|Steel
1897_sf1|Component_1897|Granite
1898_sf1|Component_1898|Linen
1899_sf1|Component_1899|Granite
1900_sf1|Component_1900|Leather
1901_sf1|Component_1901|Linen
1902_sf1|Component_1902|Cotton
1903_sf1|Component_1903|Steel
1904_sf1|Component_1904|Aluminum
1905_sf1|Component_1905|Titânio
1906_sf1|Component_1906|Linen
1907_sf1|Component_1907|Copper
1908_sf1|Component_1908|Wooden
1909_sf1|Component_1909|Linen
1910_sf1|Component_1910|Plastic
1911_sf1|Component_1911|Bronze
1912_sf1|Component_1912|Silk
1913_sf1|Component_1913|Plastic
1914_sf1|Component_1914|Linen
1915_sf1|Component_1915|Copper
1916_sf1|Component_1916|Wooden
1917_sf1|Component_1917|Marble
1918_sf1|Component_1918|Paper
1919_sf1|Component_1919|Aluminum
1920_sf1|Component_1920|Titânio
1921_sf1|Component_1921|Steel
1922_sf1|Component_1922|Wool
1923_sf1|Component_1923|Linen
1924_sf1|Component_1924|Aluminum
1925_sf1|Component_1925|Bronze
1926_sf1|Component_1926|Marble
1927_sf1|Component_1927|Steel
1928_sf1|Component_1928|Bronze
1929_sf1|Component_1929|Copper
1930_sf1|Component_1930|Wool
1931_sf1|Component_1931|Rubber
1932_sf1|Component_1932|Silk
1933_sf1|Component_1933|Aluminum
1934_sf1|Component_1934|Linen
1935_sf1|Component_1935|Titânio
1936_sf1|Component_1936|Granite
1937_sf1|Component_1937|Marble
1938_sf1|Component_1938|Wool
1939_sf1|Component_1939|Cotton
1940_sf1|Component_1940|Marble
1941_sf1|Component_1941|Granite
1942_sf1|Component_1942|Linen
1943_sf1|Component_1943|Iron
1944_sf1|Component_1944|Silk
1945_sf1|Component_1945|Iron
1946_sf1|Component_1946|Leather
1947_sf1|Component_1947|Plastic
1948_sf1|Component_1948|Paper
1949_sf1|Component_1949|Wool
1950_sf1|Component_1950|Titânio
1951_sf1|Component_1951|Leather
1952_sf1|Component_1952|Iron
1953_sf1|Component_1953|Cotton
1954_sf1|Component_1954|Wool
1955_sf1|Component_1955|Marble
1956_sf1|Component_1956|Steel
1957_sf1|Component_1957|Leather
1958_sf1|Component_1958|Silk
1959_sf1|Component_1959|Linen
1960_sf1|Component_1960|Cotton
1961_sf1|Component_1961|Cotton
1962_sf1|Component_1962|Cotton
1963_sf1|Component_1963|Concrete
1964_sf1|Component_1964|Paper
1965_sf1|Component_1965|Titânio
1966_sf1|Component_1966|Leather
1967_sf1|Component_1967|Rubber
1968_sf1|Component_1968|Cotton
1969_sf1|Component_1969|Cotton
1970_sf1|Component_1970|Leather
1971_sf1|Component_1971|Marble
1972_sf1|Component_1972|Leather
1973_sf1|Component_1973|Copper
1974_sf1|Component_1974|Granite
1975_sf1|Component_1975|Wooden
1976_sf1|Component_1976|Bronze
1977_sf1|Component_1977|Granite
1978_sf1|Component_1978|Leather
1979_sf1|Component_1979|Wool
1980_sf1|Component_1980|Titânio
1981_sf1|Component_1981|Steel
1982_sf1|Component_1982|Wool
1983_sf1|Component_1983|Bronze
1984_sf1|Component_1984|Linen
1985_sf1|Component_1985|Bronze
1986_sf1|Component_1986|Wooden
1987_sf1|Component_1987|Wooden
1988_sf1|Component_1988|Granite
1989_sf1|Component_1989|Granite
1990_sf1|Component_1990|Cotton
1991_sf1|Component_1991|Paper
1992_sf1|Component_1992|Cotton
1993_sf1|Component_1993|Granite
1994_sf1|Component_1994|Marble
1995_sf1|Component_1995|Titânio
1996_sf1|Component_1996|Leather
1997_sf1|Component_1997|Plastic
1998_sf1|Component_1998|Rubber
1999_sf1|Component_1999|Bronze
0_sf2|Component_0|Titânio
1_sf2|Component_1|Steel
2_sf2|Component_2|Plastic
3_sf2|Component_3|Steel
4_sf2|Component_4|Linen
5_sf2|Component_5|Wool
6_sf2|Component_6|Leather
7_sf2|Component_7|Steel
8_sf2|Component_8|Granite
9_sf2|Component_9|Rubber
10_sf2|Component_10|Marble
11_sf2|Component_11|Cotton
12_sf2|Component_12|Copper
13_sf2|Component_13|Copper
14_sf2|Component_14|Marble
15_sf2|Component_15|Titânio
16_sf2|Component_16|Silk
17_sf2|Component_17|Leather
18_sf2|Component_18|Bronze
19_sf2|Component_19|Silk
20_sf2|Component_20|Bronze
21_sf2|Component_21|Paper
22_sf2|Component_22|Cotton
23_sf2|Component_23|Concrete
24_sf2|Component_24|Linen
25_sf2|Component_25|Plastic
26_sf2|Component_26|Marble
27_sf2|Component_27|Granite
28_sf2|Component_28|Aluminum
29_sf2|Component_29|Wool
30_sf2|Component_30|Titânio
31_sf2|Component_31|Wooden
32_sf2|Component_32|Marble
33_sf2|Component_33|Plastic
34_sf2|Component_34|Concrete
35_sf2|Component_35|Leather
36_sf2|Component_36|Aluminum
37_sf2|Component_37|Paper
38_sf2|Component_38|Aluminum
39_sf2|Component_39|Steel
40_sf2|Component_40|Plastic
41_sf2|Component_41|Wool
42_sf2|Component_42|Aluminum
43_sf2|Component_43|Linen
44_sf2|Component_44|Rubber
45_sf2|Component_45|Titânio
46_sf2|Component_46|Paper
47_sf2|Component_47|Steel
48_sf2|Component_48|Wooden
49_sf2|Component_49|Paper
50_sf2|Component_50|Rubber
51_sf2|Component_51|Paper
52_sf2|Component_52|Bronze
53_sf2|Component_53|Linen
54_sf2|Component_54|Silk
55_sf2|Component_55|Linen
56_sf2|Component_56|Steel
57_sf2|Component_57|Plastic
58_sf2|Component_58|Linen
59_sf2|Component_59|Wool
60_sf2|Component_60|Titânio
61_sf2|Component_61|Concrete
62_sf2|Component_62|Iron
63_sf2|Component_63|Plastic
64_sf2|Component_64|Marble
65_sf2|Component_65|Iron
66_sf2|Component_66|Wooden
67_sf2|Component_67|Iron
68_sf2|Component_68|Aluminum
69_sf2|Component_69|Rubber
70_sf2|Component_70|Wooden
71_sf2|Component_71|Marble
72_sf2|Component_72|Copper
73_sf2|Component_73|Granite
74_sf2|Component_74|Cotton
75_sf2|Component_75|Titânio
76_sf2|Component_76|Plastic
77_sf2|Component_77|Rubber
78_sf2|Component_78|Concrete
79_sf2|Component_79|Linen
80_sf2|Component_80|Rubber
81_sf2|Component_81|Aluminum
82_sf2|Component_82|Aluminum
83_sf2|Component_83|Plastic
84_sf2|Component_84|Aluminum
85_sf2|Component_85|Marble
86_sf2|Component_86|Plastic
87_sf2|Component_87|Paper
88_sf2|Component_88|Wool
89_sf2|Component_89|Rubber
90_sf2|Component_90|Titânio
91_sf2|Component_91|Copper
92_sf2|Component_92|Silk
93_sf2|Component_93|Aluminum
94_sf2|Component_94|Leather
95_sf2|Component_95|Plastic
96_sf2|Component_96|Iron
97_sf2|Component_97|Plastic
98_sf2|Component_98|Plastic
99_sf2|Component_99|Copper
100_sf2|Component_100|Iron
101_sf2|Component_101|Granite
102_sf2|Component_102|Aluminum
103_sf2|Component_103|Linen
104_sf2|Component_104|Aluminum
105_sf2|Component_105|Titânio
106_sf2|Component_106|Rubber
107_sf2|Component_107|Wooden
108_sf2|Component_108|Rubber
109_sf2|Component_109|Marble
110_sf2|Component_110|Wool
111_sf2|Component_111|Silk
112_sf2|Component_112|Linen
113_sf2|Component_113|Leather
114_sf2|Component_114|Rubber
115_sf2|Component_115|Copper
116_sf2|Component_116|Linen
117_sf2|Component_117|Cotton
118_sf2|Component_118|Leather
119_sf2|Component_119|Concrete
120_sf2|Component_120|Titânio
121_sf2|Component_121|Silk
122_sf2|Component_122|Cotton
123_sf2|Component_123|Silk
124_sf2|Component_124|Wooden
125_sf2|Component_125|Iron
126_sf2|Component_126|Marble
127_sf2|Component_127|Rubber
128_sf2|Component_128|Iron
129_sf2|Component_129|Rubber
130_sf2|Component_130|Marble
131_sf2|Component_131|Copper
132_sf2|Component_132|Iron
133_sf2|Component_133|Concrete
134_sf2|Component_134|Iron
135_sf2|Component_135|Titânio
136_sf2|Component_136|Iron
137_sf2|Component_137|Bronze
138_sf2|Component_138|Marble
139_sf2|Component_139|Silk
140_sf2|Component_140|Leather
141_sf2|Component_141|Paper
142_sf2|Component_142|Marble
143_sf2|Component_143|Leather
144_sf2|Component_144|Cotton
145_sf2|Component_145|Rubber
146_sf2|Component_146|Granite
147_sf2|Component_147|Plastic
148_sf2|Component_148|Paper
149_sf2|Component_149|Marble
150_sf2|Component_150|Titânio
151_sf2|Component_151|Steel
152_sf2|Component_152|Marble
153_sf2|Component_153|Rubber
154_sf2|Component_154|Paper
155_sf2|Component_155|Cotton
156_sf2|Component_156|Copper
157_sf2|Component_157|Wool
158_sf2|Component_158|Bronze
159_sf2|Component_159|Marble
160_sf2|Component_160|Rubber
161_sf2|Component_161|Rubber
162_sf2|Component_162|Linen
163_sf2|Component_163|Paper
164_sf2|Component_164|Steel
165_sf2|Component_165|Titânio
166_sf2|Component_166|Paper
167_sf2|Component_167|Wool
168_sf2|Component_168|Leather
169_sf2|Component_169|Marble
170_sf2|Component_170|Wooden
171_sf2|Component_171|Silk
172_sf2|Component_172|Paper
173_sf2|Component_173|Bronze
174_sf2|Component_174|Copper
175_sf2|Component_175|Concrete
176_sf2|Component_176|Plastic
177_sf2|Component_177|Bronze
178_sf2|Component_178|Granite
179_sf2|Component_179|Steel
180_sf2|Component_180|Titânio
181_sf2|Component_181|Iron
182_sf2|Component_182|Steel
183_sf2|Component_183|Paper
184_sf2|Component_184|Paper
185_sf2|Component_185|Cotton
186_sf2|Component_186|Leather
187_sf2|Component_187|Paper
188_sf2|Component_188|Granite
189_sf2|Component_189|Aluminum
190_sf2|Component_190|Copper
191_sf2|Component_191|Rubber
192_sf2|Component_192|Cotton
193_sf2|Component_193|Leather
194_sf2|Component_194|Linen
195_sf2|Component_195|Titânio
196_sf2|Component_196|Steel
197_sf2|Component_197|Linen
198_sf2|Component_198|Iron
199_sf2|Component_199|Leather
200_sf2|Component_200|Leather
201_sf2|Component_201|Wooden
202_sf2|Component_202|Plastic
203_sf2|Component_203|Aluminum
204_sf2|Component_204|Linen
205_sf2|Component_205|Wool
206_sf2|Component_206|Wool
207_sf2|Component_207|Concrete
208_sf2|Component_208|Bronze
209_sf2|Component_209|Iron
210_sf2|Component_210|Titânio
211_sf2|Component_211|Wool
212_sf2|Component_212|Cotton
213_sf2|Component_213|Concrete
214_sf2|Component_214|Iron
215_sf2|Component_215|Iron
216_sf2|Component_216|Marble
217_sf2|Component_217|Steel
218_sf2|Component_218|Bronze
219_sf2|Component_219|Copper
220_sf2|Component_220|Linen
221_sf2|Component_221|Granite
222_sf2|Component_222|Cotton
223_sf2|Component_223|Rubber
224_sf2|Component_224|Marble
225_sf2|Component_225|Titânio
226_sf2|Component_226|Wool
227_sf2|Component_227|Iron
228_sf2|Component_228|Wool
229_sf2|Component_229|Cotton
230_sf2|Component_230|Silk
231_sf2|Component_231|Silk
232_sf2|Component_232|Cotton
233_sf2|Component_233|Wool
234_sf2|Component_234|Iron
235_sf2|Component_235|Aluminum
236_sf2|Component_236|Concrete
237_sf2|Component_237|Steel
238_sf2|Component_238|Steel
239_sf2|Component_239|Silk
240_sf2|Component_240|Titânio
241_sf2|Component_241|Rubber
242_sf2|Component_242|Iron
243_sf2|Component_243|Wool
244_sf2|Component_244|Wooden
245_sf2|Component_245|Plastic
246_sf2|Component_246|Wool
247_sf2|Component_247|Paper
248_sf2|Component_248|Iron
249_sf2|Component_249|Paper
250_sf2|Component_250|Plastic
251_sf2|Component_251|Wool
252_sf2|Component_252|Granite
253_sf2|Component_253|Leather
254_sf2|Component_254|Leather
255_sf2|Component_255|Titânio
256_sf2|Component_256|Copper
257_sf2|Component_257|Steel
258_sf2|Component_258|Plastic
259_sf2|Component_259|Steel
260_sf2|Component_260|Linen
261_sf2|Component_261|Silk
262_sf2|Component_262|Linen
263_sf2|Component_263|Paper
264_sf2|Component_264|Silk
265_sf2|Component_265|Rubber
266_sf2|Component_266|Iron
267_sf2|Component_267|Steel
268_sf2|Component_268|Iron
269_sf2|Component_269|Paper
270_sf2|Component_270|Titânio
271_sf2|Component_271|Marble
272_sf2|Component_272|Paper
273_sf2|Component_273|Concrete
274_sf2|Component_274|Silk
275_sf2|Component_275|Wooden
276_sf2|Component_276|Wool
277_sf2|Component_277|Wooden
278_sf2|Component_278|Bronze
279_sf2|Component_279|Iron
280_sf2|Component_280|Iron
281_sf2|Component_281|Bronze
282_sf2|Component_282|Bronze
283_sf2|Component_283|Paper
284_sf2|Component_284|Paper
285_sf2|Component_285|Titânio
286_sf2|Component_286|Leather
287_sf2|Component_287|Wooden
288_sf2|Component_288|Linen
289_sf2|Component_289|Wool
290_sf2|Component_290|Steel
291_sf2|Component_291|Cotton
292_sf2|Component_292|Granite
293_sf2|Component_293|Plastic
294_sf2|Component_294|Steel
295_sf2|Component_295|Bronze
296_sf2|Component_296|Steel
297_sf2|Component_297|Wool
298_sf2|Component_298|Rubber
299_sf2|Component_299|Wooden
300_sf2|Component_300|Titânio
301_sf2|Component_301|Wooden
302_sf2|Component_302|Granite
303_sf2|Component_303|Wooden
304_sf2|Component_304|Copper
305_sf2|Component_305|Silk
306_sf2|Component_306|Concrete
307_sf2|Component_307|Wooden
308_sf2|Component_308|Granite
309_sf2|Component_309|Leather
310_sf2|Component_310|Silk
311_sf2|Component_311|Steel
312_sf2|Component_312|Marble
313_sf2|Component_313|Iron
314_sf2|Component_314|Rubber
315_sf2|Component_315|Titânio
316_sf2|Component_316|Silk
317_sf2|Component_317|Linen
318_sf2|Component_318|Cotton
319_sf2|Component_319|Rubber
320_sf2|Component_320|Plastic
321_sf2|Component_321|Concrete
322_sf2|Component_322|Aluminum
323_sf2|Component_323|Paper
324_sf2|Component_324|Silk
325_sf2|Component_325|Wool
326_sf2|Component_326|Granite
327_sf2|Component_327|Linen
328_sf2|Component_328|Granite
329_sf2|Component_329|Plastic
330_sf2|Component_330|Titânio
331_sf2|Component_331|Bronze
332_sf2|Component_332|Aluminum
333_sf2|Component_333|Bronze
334_sf2|Component_334|Iron
335_sf2|Component_335|Iron
336_sf2|Component_336|Steel
337_sf2|Component_337|Copper
338_sf2|Component_338|Copper
339_sf2|Component_339|Concrete
340_sf2|Component_340|Granite
341_sf2|Component_341|Paper
342_sf2|Component_342|Granite
343_sf2|Component_343|Aluminum
344_sf2|Component_344|Wooden
345_sf2|Component_345|Titânio
346_sf2|Component_346|Cotton
347_sf2|Component_347|Aluminum
348_sf2|Component_348|Concrete
349_sf2|Component_349|Cotton
350_sf2|Component_350|Concrete
351_sf2|Component_351|Granite
352_sf2|Component_352|Paper
353_sf2|Component_353|Bronze
354_sf2|Component_354|Leather
355_sf2|Component_355|Plastic
356_sf2|Component_356|Granite
357_sf2|Component_357|Marble
358_sf2|Component_358|Aluminum
359_sf2|Component_359|Steel
360_sf2|Component_360|Titânio
361_sf2|Component_361|Iron
362_sf2|Component_362|Granite
363_sf2|Component_363|Iron
364_sf2|Component_364|Steel
365_sf2|Component_365|Cotton
366_sf2|Component_366|Cotton
367_sf2|Component_367|Rubber
368_sf2|Component_368|Silk
369_sf2|Component_369|Concrete
370_sf2|Component_370|Linen
371_sf2|Component_371|Granite
372_sf2|Component_372|Rubber
373_sf2|Component_373|Paper
374_sf2|Component_374|Steel
375_sf2|Component_375|Titânio
376_sf2|Component_376|Silk
377_sf2|Component_377|Rubber
378_sf2|Component_378|Wooden
379_sf2|Component_379|Granite
380_sf2|Component_380|Cotton
381_sf2|Component_381|Aluminum
382_sf2|Component_382|Silk
383_sf2|Component_383|Silk
384_sf2|Component_384|Aluminum
385_sf2|Component_385|Cotton
386_sf2|Component_386|Rubber
387_sf2|Component_387|Marble
388_sf2|Component_388|Granite
389_sf2|Component_389|Concrete
390_sf2|Component_390|Titânio
391_sf2|Component_391|Paper
392_sf2|Component_392|Rubber
393_sf2|Component_393|Granite
394_sf2|Component_394|Rubber
395_sf2|Component_395|Iron
396_sf2|Component_396|Steel
397_sf2|Component_397|Iron
398_sf2|Component_398|Aluminum
399_sf2|Component_399|Bronze
400_sf2|Component_400|Linen
401_sf2|Component_401|Bronze
402_sf2|Component_402|Granite
403_sf2|Component_403|Wooden
404_sf2|Component_404|Steel
405_sf2|Component_405|Titânio
406_sf2|Component_406|Cotton
407_sf2|Component_407|Cotton
408_sf2|Component_408|Plastic
409_sf2|Component_409|Rubber
410_sf2|Component_410|Granite
411_sf2|Component_411|Rubber
412_sf2|Component_412|Aluminum
413_sf2|Component_413|Silk
414_sf2|Component_414|Copper
415_sf2|Component_415|Granite
416_sf2|Component_416|Aluminum
417_sf2|Component_417|Linen
418_sf2|Component_418|Concrete
419_sf2|Component_419|Linen
420_sf2|Component_420|Titânio
421_sf2|Component_421|Concrete
422_sf2|Component_422|Cotton
423_sf2|Component_423|Wool
424_sf2|Component_424|Silk
425_sf2|Component_425|Paper
426_sf2|Component_426|Concrete
427_sf2|Component_427|Wool
428_sf2|Component_428|Aluminum
429_sf2|Component_429|Rubber
430_sf2|Component_430|Copper
431_sf2|Component_431|Wooden
432_sf2|Component_432|Aluminum
433_sf2|Component_433|Cotton
434_sf2|Component_434|Silk
435_sf2|Component_435|Titânio
436_sf2|Component_436|Plastic
437_sf2|Component_437|Granite
438_sf2|Component_438|Wooden
439_sf2|Component_439|Iron
440_sf2|Component_440|Plastic
441_sf2|Component_441|Plastic
442_sf2|Component_442|Marble
443_sf2|Component_443|Granite
444_sf2|Component_444|Wool
445_sf2|Component_445|Wooden
446_sf2|Component_446|Leather
447_sf2|Component_447|Copper
448_sf2|Component_448|Marble
449_sf2|Component_449|Marble
450_sf2|Component_450|Titânio
451_sf2|Component_451|Cotton
452_sf2|Component_452|Linen
453_sf2|Component_453|Copper
454_sf2|Component_454|Iron
455_sf2|Component_455|Granite
456_sf2|Component_456|Plastic
457_sf2|Component_457|Linen
458_sf2|Component_458|Wool
459_sf2|Component_459|Iron
460_sf2|Component_460|Rubber
461_sf2|Component_461|Wool
462_sf2|Component_462|Wooden
463_sf2|Component_463|Cotton
464_sf2|Component_464|Leather
465_sf2|Component_465|Titânio
466_sf2|Component_466|Iron
467_sf2|Component_467|Linen
468_sf2|Component_468|Copper
469_sf2|Component_469|Iron
470_sf2|Component_470|Copper
471_sf2|Component_471|Leather
472_sf2|Component_472|Linen
473_sf2|Component_473|Leather
474_sf2|Component_474|Wooden
475_sf2|Component_475|Aluminum
476_sf2|Component_476|Leather
477_sf2|Component_477|Marble
478_sf2|Component_478|Granite
479_sf2|Component_479|Paper
480_sf2|Component_480|Titânio
481_sf2|Component_481|Paper
482_sf2|Component_482|Marble
483_sf2|Component_483|Concrete
484_sf2|Component_484|Copper
485_sf2|Component_485|Wool
486_sf2|Component_486|Aluminum
487_sf2|Component_487|Leather
488_sf2|Component_488|Concrete
489_sf2|Component_489|Steel
490_sf2|Component_490|Leather
491_sf2|Component_491|Cotton
492_sf2|Component_492|Linen
493_sf2|Component_493|Copper
494_sf2|Component_494|Granite
495_sf2|Component_495|Titânio
496_sf2|Component_496|Rubber
497_sf2|Component_497|Rubber
498_sf2|Component_498|Aluminum
499_sf2|Component_499|Iron
500_sf2|Component_500|Wooden
501_sf2|Component_501|Steel
502_sf2|Component_502|Wooden
503_sf2|Component_503|Copper
504_sf2|Component_504|Iron
505_sf2|Component_505|Plastic
506_sf2|Component_506|Silk
507_sf2|Component_507|Granite
508_sf2|Component_508|Iron
509_sf2|Component_509|Wool
510_sf2|Component_510|Titânio
511_sf2|Component_511|Granite
512_sf2|Component_512|Plastic
513_sf2|Component_513|Aluminum
514_sf2|Component_514|Leather
515_sf2|Component_515|Steel
516_sf2|Component_516|Bronze
517_sf2|Component_517|Iron
518_sf2|Component_518|Linen
519_sf2|Component_519|Granite
520_sf2|Component_520|Steel
521_sf2|Component_521|Plastic
522_sf2|Component_522|Paper
523_sf2|Component_523|Concrete
524_sf2|Component_524|Iron
525_sf2|Component_525|Titânio
526_sf2|Component_526|Leather
527_sf2|Component_527|Aluminum
528_sf2|Component_528|Aluminum
529_sf2|Component_529|Copper
530_sf2|Component_530|Rubber
531_sf2|Component_531|Leather
532_sf2|Component_532|Concrete
533_sf2|Component_533|Aluminum
534_sf2|Component_534|Silk
535_sf2|Component_535|Copper
536_sf2|Component_536|Wooden
537_sf2|Component_537|Granite
538_sf2|Component_538|Linen
539_sf2|Component_539|Plastic
540_sf2|Component_540|Titânio
541_sf2|Component_541|Silk
542_sf2|Component_542|Silk
543_sf2|Component_543|Marble
544_sf2|Component_544|Marble
545_sf2|Component_545|Silk
546_sf2|Component_546|Marble
547_sf2|Component_547|Plastic
548_sf2|Component_548|Iron
549_sf2|Component_549|Iron
550_sf2|Component_550|Bronze
551_sf2|Component_551|Granite
552_sf2|Component_552|Steel
553_sf2|Component_553|Rubber
554_sf2|Component_554|Copper
555_sf2|Component_555|Titânio
556_sf2|Component_556|Concrete
557_sf2|Component_557|Concrete
558_sf2|Component_558|Aluminum
559_sf2|Component_559|Leather
560_sf2|Component_560|Wool
561_sf2|Component_561|Wool
562_sf2|Component_562|Paper
563_sf2|Component_563|Cotton
564_sf2|Component_564|Steel
565_sf2|Component_565|Wool
566_sf2|Component_566|Concrete
567_sf2|Component_567|Concrete
568_sf2|Component_568|Bronze
569_sf2|Component_569|Steel
570_sf2|Component_570|Titânio
571_sf2|Component_571|Copper
572_sf2|Component_572|Copper
573_sf2|Component_573|Bronze
574_sf2|Component_574|Silk
575_sf2|Component_575|Cotton
576_sf2|Component_576|Aluminum
577_sf2|Component_577|Aluminum
578_sf2|Component_578|Cotton
579_sf2|Component_579|Paper
580_sf2|Component_580|Wool
581_sf2|Component_581|Wooden
582_sf2|Component_582|Marble
583_sf2|Component_583|Paper
584_sf2|Component_584|Marble
585_sf2|Component_585|Titânio
586_sf2|Component_586|Granite
587_sf2|Component_587|Plastic
588_sf2|Component_588|Concrete
589_sf2|Component_589|Wooden
590_sf2|Component_590|Copper
591_sf2|Component_591|Steel
592_sf2|Component_592|Silk
593_sf2|Component_593|Cotton
594_sf2|Component_594|Wool
595_sf2|Component_595|Silk
596_sf2|Component_596|Aluminum
597_sf2|Component_597|Linen
598_sf2|Component_598|Concrete
599_sf2|Component_599|Bronze
600_sf2|Component_600|Titânio
601_sf2|Component_601|Rubber
602_sf2|Component_602|Linen
603_sf2|Component_603|Silk
604_sf2|Component_604|Linen
605_sf2|Component_605|Silk
606_sf2|Component_606|Paper
607_sf2|Component_607|Plastic
608_sf2|Component_608|Plastic
609_sf2|Component_609|Plastic
610_sf2|Component_610|Iron
611_sf2|Component_611|Silk
612_sf2|Component_612|Steel
613_sf2|Component_613|Marble
614_sf2|Component_614|Steel
615_sf2|Component_615|Titânio
616_sf2|Component_616|Concrete
617_sf2|Component_617|Concrete
618_sf2|Component_618|Silk
619_sf2|Component_619|Rubber
620_sf2|Component_620|Rubber
621_sf2|Component_621|Bronze
622_sf2|Component_622|Iron
623_sf2|Component_623|Cotton
624_sf2|Component_624|Iron
625_sf2|Component_625|Wool
626_sf2|Component_626|Plastic
627_sf2|Component_627|Leather
628_sf2|Component_628|Bronze
629_sf2|Component_629|Plastic
630_sf2|Component_630|Titânio
631_sf2|Component_631|Aluminum
632_sf2|Component_632|Rubber
633_sf2|Component_633|Paper
634_sf2|Component_634|Silk
635_sf2|Component_635|Cotton
636_sf2|Component_636|Rubber
637_sf2|Component_637|Concrete
638_sf2|Component_638|Marble
639_sf2|Component_639|Linen
640_sf2|Component_640|Iron
641_sf2|Component_641|Bronze
642_sf2|Component_642|Aluminum
643_sf2|Component_643|Marble
644_sf2|Component_644|Plastic
645_sf2|Component_645|Titânio
646_sf2|Component_646|Marble
647_sf2|Component_647|Iron
648_sf2|Component_648|Silk
649_sf2|Component_649|Plastic
650_sf2|Component_650|Granite
651_sf2|Component_651|Concrete
652_sf2|Component_652|Copper
653_sf2|Component_653|Steel
654_sf2|Component_654|Rubber
655_sf2|Component_655|Bronze
656_sf2|Component_656|Plastic
657_sf2|Component_657|Leather
658_sf2|Component_658|Aluminum
659_sf2|Component_659|Copper
660_sf2|Component_660|Titânio
661_sf2|Component_661|Bronze
662_sf2|Component_662|Silk
663_sf2|Component_663|Silk
664_sf2|Component_664|Wool
665_sf2|Component_665|Silk
666_sf2|Component_666|Cotton
667_sf2|Component_667|Marble
668_sf2|Component_668|Cotton
669_sf2|Component_669|Iron
670_sf2|Component_670|Iron
671_sf2|Component_671|Granite
672_sf2|Component_672|Steel
673_sf2|Component_673|Granite
674_sf2|Component_674|Iron
675_sf2|Component_675|Titânio
676_sf2|Component_676|Rubber
677_sf2|Component_677|Aluminum
678_sf2|Component_678|Cotton
679_sf2|Component_679|Wool
680_sf2|Component_680|Copper
681_sf2|Component_681|Marble
682_sf2|Component_682|Plastic
683_sf2|Component_683|Plastic
684_sf2|Component_684|Bronze
685_sf2|Component_685|Wooden
686_sf2|Component_686|Rubber
687_sf2|Component_687|Copper
688_sf2|Component_688|Steel
689_sf2|Component_689|Steel
690_sf2|Component_690|Titânio
691_sf2|Component_691|Silk
692_sf2|Component_692|Copper
693_sf2|Component_693|Plastic
694_sf2|Component_694|Copper
695_sf2|Component_695|Silk
696_sf2|Component_696|Aluminum
697_sf2|Component_697|Concrete
698_sf2|Component_698|Rubber
699_sf2|Component_699|Concrete
700_sf2|Component_700|Linen
701_sf2|Component_701|Granite
702_sf2|Component_702|Leather
703_sf2|Component_703|Silk
704_sf2|Component_704|Wooden
705_sf2|Component_705|Titânio
706_sf2|Component_706|Wooden
707_sf2|Component_707|Rubber
708_sf2|Component_708|Silk
709_sf2|Component_709|Iron
710_sf2|Component_710|Copper
711_sf2|Component_711|Marble
712_sf2|Component_712|Rubber
713_sf2|Component_713|Aluminum
714_sf2|Component_714|Bronze
715_sf2|Component_715|Plastic
716_sf2|Component_716|Aluminum
717_sf2|Component_717|Cotton
718_sf2|Component_718|Linen
719_sf2|Component_719|Concrete
720_sf2|Component_720|Titânio
721_sf2|Component_721|Granite
722_sf2|Component_722|Granite
723_sf2|Component_723|Wooden
724_sf2|Component_724|Wooden
725_sf2|Component_725|Linen
726_sf2|Component_726|Wool
727_sf2|Component_727|Aluminum
728_sf2|Component_728|Silk
729_sf2|Component_729|Iron
730_sf2|Component_730|Marble
731_sf2|Component_731|Rubber
732_sf2|Component_732|Leather
733_sf2|Component_733|Steel
734_sf2|Component_734|Paper
735_sf2|Component_735|Titânio
736_sf2|Component_736|Plastic
737_sf2|Component_737|Steel
738_sf2|Component_738|Granite
739_sf2|Component_739|Granite
740_sf2|Component_740|Iron
741_sf2|Component_741|Leather
742_sf2|Component_742|Cotton
743_sf2|Component_743|Bronze
744_sf2|Component_744|Bronze
745_sf2|Component_745|Granite
746_sf2|Component_746|Paper
747_sf2|Component_747|Marble
748_sf2|Component_748|Iron
749_sf2|Component_749|Iron
750_sf2|Component_750|Titânio
751_sf2|Component_751|Aluminum
752_sf2|Component_752|Wooden
753_sf2|Component_753|Wool
754_sf2|Component_754|Granite
755_sf2|Component_755|Bronze
756_sf2|Component_756|Silk
757_sf2|Component_757|Plastic
758_sf2|Component_758|Wooden
759_sf2|Component_759|Plastic
760_sf2|Component_760|Copper
761_sf2|Component_761|Linen
762_sf2|Component_762|Paper
763_sf2|Component_763|Marble
764_sf2|Component_764|Leather
765_sf2|Component_765|Titânio
766_sf2|Component_766|Cotton
767_sf2|Component_767|Paper
768_sf2|Component_768|Concrete
769_sf2|Component_769|Linen
770_sf2|Component_770|Iron
771_sf2|Component_771|Marble
772_sf2|Component_772|Marble
773_sf2|Component_773|Iron
774_sf2|Component_774|Rubber
775_sf2|Component_775|Leather
776_sf2|Component_776|Linen
777_sf2|Component_777|Copper
778_sf2|Component_778|Wool
779_sf2|Component_779|Aluminum
780_sf2|Component_780|Titânio
781_sf2|Component_781|Wooden
782_sf2|Component_782|Copper
783_sf2|Component_783|Marble
784_sf2|Component_784|Plastic
785_sf2|Component_785|Steel
786_sf2|Component_786|Wooden
787_sf2|Component_787|Concrete
788_sf2|Component_788|Plastic
789_sf2|Component_789|Concrete
790_sf2|Component_790|Wool
791_sf2|Component_791|Rubber
792_sf2|Component_792|Linen
793_sf2|Component_793|Linen
794_sf2|Component_794|Iron
795_sf2|Component_795|Titânio
796_sf2|Component_796|Cotton
797_sf2|Component_797|Aluminum
798_sf2|Component_798|Wooden
799_sf2|Component_799|Rubber
800_sf2|Component_800|Marble
801_sf2|Component_801|Cotton
802_sf2|Component_802|Wool
803_sf2|Component_803|Copper
804_sf2|Component_804|Silk
805_sf2|Component_805|Copper
806_sf2|Component_806|Steel
807_sf2|Component_807|Aluminum
808_sf2|Component_808|Silk
809_sf2|Component_809|Leather
810_sf2|Component_810|Titânio
811_sf2|Component_811|Granite
812_sf2|Component_812|Marble
813_sf2|Component_813|Wooden
814_sf2|Component_814|Marble
815_sf2|Component_815|Marble
816_sf2|Component_816|Silk
817_sf2|Component_817|Steel
818_sf2|Component_818|Wool
819_sf2|Component_819|Granite
820_sf2|Component_820|Wool
821_sf2|Component_821|Paper
822_sf2|Component_822|Bronze
823_sf2|Component_823|Concrete
824_sf2|Component_824|Copper
825_sf2|Component_825|Titânio
826_sf2|Component_826|Leather
827_sf2|Component_827|Copper
828_sf2|Component_828|Cotton
829_sf2|Component_829|Marble
830_sf2|Component_830|Plastic
831_sf2|Component_831|Granite
832_sf2|Component_832|Wool
833_sf2|Component_833|Cotton
834_sf2|Component_834|Linen
835_sf2|Component_835|Steel
836_sf2|Component_836|Cotton
837_sf2|Component_837|Concrete
838_sf2|Component_838|Paper
839_sf2|Component_839|Marble
840_sf2|Component_840|Titânio
841_sf2|Component_841|Cotton
842_sf2|Component_842|Rubber
843_sf2|Component_843|Wooden
844_sf2|Component_844|Wooden
845_sf2|Component_845|Iron
846_sf2|Component_846|Steel
847_sf2|Component_847|Rubber
848_sf2|Component_848|Cotton
849_sf2|Component_849|Wool
850_sf2|Component_850|Wooden
851_sf2|Component_851|Wool
852_sf2|Component_852|Plastic
853_sf2|Component_853|Marble
854_sf2|Component_854|Aluminum
855_sf2|Component_855|Titânio
856_sf2|Component_856|Concrete
857_sf2|Component_857|Cotton
858_sf2|Component_858|Copper
859_sf2|Component_859|Rubber
860_sf2|Component_860|Iron
861_sf2|Component_861|Bronze
862_sf2|Component_862|Granite
863_sf2|Component_863|Granite
864_sf2|Component_864|Wool
865_sf2|Component_865|Iron
866_sf2|Component_866|Granite
867_sf2|Component_867|Leather
868_sf2|Component_868|Bronze
869_sf2|Component_869|Plastic
870_sf2|Component_870|Titânio
871_sf2|Component_871|Wool
872_sf2|Component_872|Plastic
873_sf2|Component_873|Concrete
874_sf2|Component_874|Linen
875_sf2|Component_875|Leather
876_sf2|Component_876|Cotton
877_sf2|Component_877|Wooden
878_sf2|Component_878|Bronze
879_sf2|Component_879|Granite
880_sf2|Component_880|Concrete
881_sf2|Component_881|Leather
882_sf2|Component_882|Linen
883_sf2|Component_883|Aluminum
884_sf2|Component_884|Leather
885_sf2|Component_885|Titânio
886_sf2|Component_886|Aluminum
887_sf2|Component_887|Leather
888_sf2|Component_888|Cotton
889_sf2|Component_889|Granite
890_sf2|Component_890|Wool
891_sf2|Component_891|Wooden
892_sf2|Component_892|Rubber
893_sf2|Component_893|Iron
894_sf2|Component_894|Concrete
895_sf2|Component_895|Wooden
896_sf2|Component_896|Wooden
897_sf2|Component_897|Aluminum
898_sf2|Component_898|Bronze
899_sf2|Component_899|Cotton
900_sf2|Component_900|Titânio
901_sf2|Component_901|Rubber
902_sf2|Component_902|Linen
903_sf2|Component_903|Concrete
904_sf2|Component_904|Wool
905_sf2|Component_905|Rubber
906_sf2|Component_906|Bronze
907_sf2|Component_907|Aluminum
908_sf2|Component_908|Cotton
909_sf2|Component_909|Concrete
910_sf2|Component_910|Marble
911_sf2|Component_911|Iron
912_sf2|Component_912|Copper
913_sf2|Component_913|Marble
914_sf2|Component_914|Iron
915_sf2|Component_915|Titânio
916_sf2|Component_916|Wool
917_sf2|Component_917|Copper
918_sf2|Component_918|Marble
919_sf2|Component_919|Granite
920_sf2|Component_920|Bronze
921_sf2|Component_921|Wooden
922_sf2|Component_922|Cotton
923_sf2|Component_923|Linen
924_sf2|Component_924|Wool
925_sf2|Component_925|Iron
926_sf2|Component_926|Granite
927_sf2|Component_927|Plastic
928_sf2|Component_928|Rubber
929_sf2|Component_929|Concrete
930_sf2|Component_930|Titânio
931_sf2|Component_931|Wooden
932_sf2|Component_932|Bronze
933_sf2|Component_933|Steel
934_sf2|Component_934|Aluminum
935_sf2|Component_935|Aluminum
936_sf2|Component_936|Plastic
937_sf2|Component_937|Bronze
938_sf2|Component_938|Bronze
939_sf2|Component_939|Wool
940_sf2|Component_940|Marble
941_sf2|Component_941|Silk
942_sf2|Component_942|Aluminum
943_sf2|Component_943|Wool
944_sf2|Component_944|Bronze
945_sf2|Component_945|Titânio
946_sf2|Component_946|Bronze
947_sf2|Component_947|Aluminum
948_sf2|Component_948|Leather
949_sf2|Component_949|Copper
950_sf2|Component_950|Cotton
951_sf2|Component_951|Wool
952_sf2|Component_952|Steel
953_sf2|Component_953|Cotton
954_sf2|Component_954|Plastic
955_sf2|Component_955|Marble
956_sf2|Component_956|Plastic
957_sf2|Component_957|Iron
958_sf2|Component_958|Paper
959_sf2|Component_959|Copper
960_sf2|Component_960|Titânio
961_sf2|Component_961|Plastic
962_sf2|Component_962|Concrete
963_sf2|Component_963|Marble
964_sf2|Component_964|Leather
965_sf2|Component_965|Silk
966_sf2|Component_966|Bronze
967_sf2|Component_967|Iron
968_sf2|Component_968|Bronze
969_sf2|Component_969|Wooden
970_sf2|Component_970|Granite
971_sf2|Component_971|Marble
972_sf2|Component_972|Wool
973_sf2|Component_973|Silk
974_sf2|Component_974|Wooden
975_sf2|Component_975|Titânio
976_sf2|Component_976|Rubber
977_sf2|Component_977|Paper
978_sf2|Component_978|Concrete
979_sf2|Component_979|Rubber
980_sf2|Component_980|Silk
981_sf2|Component_981|Steel
982_sf2|Component_982|Cotton
983_sf2|Component_983|Silk
984_sf2|Component_984|Silk
985_sf2|Component_985|Silk
986_sf2|Component_986|Steel
987_sf2|Component_987|Marble
988_sf2|Component_988|Iron
989_sf2|Component_989|Wooden
990_sf2|Component_990|Titânio
991_sf2|Component_991|Cotton
992_sf2|Component_992|Aluminum
993_sf2|Component_993|Wool
994_sf2|Component_994|Cotton
995_sf2|Component_995|Linen
996_sf2|Component_996|Silk
997_sf2|Component_997|Marble
998_sf2|Component_998|Concrete
999_sf2|Component_999|Plastic
1000_sf2|Component_1000|Concrete
1001_sf2|Component_1001|Plastic
1002_sf2|Component_1002|Linen
1003_sf2|Component_1003|Iron
1004_sf2|Component_1004|Plastic
1005_sf2|Component_1005|Titânio
1006_sf2|Component_1006|Cotton
1007_sf2|Component_1007|Plastic
1008_sf2|Component_1008|Steel
1009_sf2|Component_1009|Copper
1010_sf2|Component_1010|Iron
1011_sf2|Component_1011|Bronze
1012_sf2|Component_1012|Wool
1013_sf2|Component_1013|Marble
1014_sf2|Component_1014|Concrete
1015_sf2|Component_1015|Iron
1016_sf2|Component_1016|Linen
1017_sf2|Component_1017|Cotton
1018_sf2|Component_1018|Copper
1019_sf2|Component_1019|Copper
1020_sf2|Component_1020|Titânio
1021_sf2|Component_1021|Steel
1022_sf2|Component_1022|Wool
1023_sf2|Component_1023|Granite
1024_sf2|Component_1024|Wooden
1025_sf2|Component_1025|Plastic
1026_sf2|Component_1026|Silk
1027_sf2|Component_1027|Iron
1028_sf2|Component_1028|Aluminum
1029_sf2|Component_1029|Rubber
1030_sf2|Component_1030|Leather
1031_sf2|Component_1031|Concrete
1032_sf2|Component_1032|Cotton
1033_sf2|Component_1033|Iron
1034_sf2|Component_1034|Wool
1035_sf2|Component_1035|Titânio
1036_sf2|Component_1036|Wool
1037_sf2|Component_1037|Wool
1038_sf2|Component_1038|Iron
1039_sf2|Component_1039|Marble
1040_sf2|Component_1040|Paper
1041_sf2|Component_1041|Leather
1042_sf2|Component_1042|Leather
1043_sf2|Component_1043|Leather
1044_sf2|Component_1044|Wooden
1045_sf2|Component_1045|Rubber
1046_sf2|Component_1046|Marble
1047_sf2|Component_1047|Granite
1048_sf2|Component_1048|Wooden
1049_sf2|Component_1049|Wool
1050_sf2|Component_1050|Titânio
1051_sf2|Component_1051|Paper
1052_sf2|Component_1052|Bronze
1053_sf2|Component_1053|Granite
1054_sf2|Component_1054|Steel
1055_sf2|Component_1055|Cotton
1056_sf2|Component_1056|Iron
1057_sf2|Component_1057|Steel
1058_sf2|Component_1058|Wool
1059_sf2|Component_1059|Bronze
1060_sf2|Component_1060|Wool
1061_sf2|Component_1061|Silk
1062_sf2|Component_1062|Bronze
1063_sf2|Component_1063|Copper
1064_sf2|Component_1064|Silk
1065_sf2|Component_1065|Titânio
1066_sf2|Component_1066|Plastic
1067_sf2|Component_1067|Bronze
1068_sf2|Component_1068|Granite
1069_sf2|Component_1069|Leather
1070_sf2|Component_1070|Steel
1071_sf2|Component_1071|Aluminum
1072_sf2|Component_1072|Steel
1073_sf2|Component_1073|Granite
1074_sf2|Component_1074|Iron
1075_sf2|Component_1075|Granite
1076_sf2|Component_1076|Concrete
1077_sf2|Component_1077|Rubber
1078_sf2|Component_1078|Leather
1079_sf2|Component_1079|Wooden
1080_sf2|Component_1080|Titânio
1081_sf2|Component_1081|Iron
1082_sf2|Component_1082|Steel
1083_sf2|Component_1083|Concrete
1084_sf2|Component_1084|Plastic
1085_sf2|Component_1085|Iron
1086_sf2|Component_1086|Linen
1087_sf2|Component_1087|Cotton
1088_sf2|Component_1088|Granite
1089_sf2|Component_1089|Copper
1090_sf2|Component_1090|Wooden
1091_sf2|Component_1091|Concrete
1092_sf2|Component_1092|Cotton
1093_sf2|Component_1093|Aluminum
1094_sf2|Component_1094|Cotton
1095_sf2|Component_1095|Titânio
1096_sf2|Component_1096|Linen
1097_sf2|Component_1097|Concrete
1098_sf2|Component_1098|Granite
1099_sf2|Component_1099|Aluminum
1100_sf2|Component_1100|Paper
1101_sf2|Component_1101|Aluminum
1102_sf2|Component_1102|Marble
1103_sf2|Component_1103|Wooden
1104_sf2|Component_1104|Concrete
1105_sf2|Component_1105|Wool
1106_sf2|Component_1106|Silk
1107_sf2|Component_1107|Aluminum
1108_sf2|Component_1108|Iron
1109_sf2|Component_1109|Paper
1110_sf2|Component_1110|Titânio
1111_sf2|Component_1111|Iron
1112_sf2|Component_1112|Paper
1113_sf2|Component_1113|Wool
1114_sf2|Component_1114|Wooden
1115_sf2|Component_1115|Cotton
1116_sf2|Component_1116|Linen
1117_sf2|Component_1117|Concrete
1118_sf2|Component_1118|Wool
1119_sf2|Component_1119|Wool
1120_sf2|Component_1120|Wool
1121_sf2|Component_1121|Copper
1122_sf2|Component_1122|Silk
1123_sf2|Component_1123|Paper
1124_sf2|Component_1124|Wooden
1125_sf2|Component_1125|Titânio
1126_sf2|Component_1126|Bronze
1127_sf2|Component_1127|Leather
1128_sf2|Component_1128|Wooden
1129_sf2|Component_1129|Bronze
1130_sf2|Component_1130|Granite
1131_sf2|Component_1131|Granite
1132_sf2|Component_1132|Leather
1133_sf2|Component_1133|Rubber
1134_sf2|Component_1134|Bronze
1135_sf2|Component_1135|Paper
1136_sf2|Component_1136|Granite
1137_sf2|Component_1137|Linen
1138_sf2|Component_1138|Concrete
1139_sf2|Component_1139|Wooden
1140_sf2|Component_1140|Titânio
1141_sf2|Component_1141|Bronze
1142_sf2|Component_1142|Wooden
1143_sf2|Component_1143|Silk
1144_sf2|Component_1144|Plastic
1145_sf2|Component_1145|Cotton
1146_sf2|Component_1146|Granite
1147_sf2|Component_1147|Aluminum
1148_sf2|Component_1148|Granite
1149_sf2|Component_1149|Aluminum
1150_sf2|Component_1150|Steel
1151_sf2|Component_1151|Plastic
1152_sf2|Component_1152|Aluminum
1153_sf2|Component_1153|Plastic
1154_sf2|Component_1154|Plastic
1155_sf2|Component_1155|Titânio
1156_sf2|Component_1156|Paper
1157_sf2|Component_1157|Silk
1158_sf2|Component_1158|Copper
1159_sf2|Component_1159|Bronze
1160_sf2|Component_1160|Linen
1161_sf2|Component_1161|Paper
1162_sf2|Component_1162|Iron
1163_sf2|Component_1163|Bronze
1164_sf2|Component_1164|Cotton
1165_sf2|Component_1165|Concrete
1166_sf2|Component_1166|Iron
1167_sf2|Component_1167|Aluminum
1168_sf2|Component_1168|Aluminum
1169_sf2|Component_1169|Marble
1170_sf2|Component_1170|Titânio
1171_sf2|Component_1171|Copper
1172_sf2|Component_1172|Paper
1173_sf2|Component_1173|Linen
1174_sf2|Component_1174|Plastic
1175_sf2|Component_1175|Silk
1176_sf2|Component_1176|Linen
1177_sf2|Component_1177|Rubber
1178_sf2|Component_1178|Iron
1179_sf2|Component_1179|Wooden
1180_sf2|Component_1180|Copper
1181_sf2|Component_1181|Rubber
1182_sf2|Component_1182|Marble
1183_sf2|Component_1183|Bronze
1184_sf2|Component_1184|Rubber
1185_sf2|Component_1185|Titânio
1186_sf2|Component_1186|Aluminum
1187_sf2|Component_1187|Copper
1188_sf2|Component_1188|Paper
1189_sf2|Component_1189|Bronze
1190_sf2|Component_1190|Marble
1191_sf2|Component_1191|Steel
1192_sf2|Component_1192|Bronze
1193_sf2|Component_1193|Steel
1194_sf2|Component_1194|Marble
1195_sf2|Component_1195|Aluminum
1196_sf2|Component_1196|Marble
1197_sf2|Component_1197|Wooden
1198_sf2|Component_1198|Copper
1199_sf2|Component_1199|Marble
1200_sf2|Component_1200|Titânio
1201_sf2|Component_1201|Marble
1202_sf2|Component_1202|Aluminum
1203_sf2|Component_1203|Silk
1204_sf2|Component_1204|Concrete
1205_sf2|Component_1205|Paper
1206_sf2|Component_1206|Concrete
1207_sf2|Component_1207|Paper
1208_sf2|Component_1208|Iron
1209_sf2|Component_1209|Rubber
1210_sf2|Component_1210|Wooden
1211_sf2|Component_1211|Wool
1212_sf2|Component_1212|Marble
1213_sf2|Component_1213|Concrete
1214_sf2|Component_1214|Iron
1215_sf2|Component_1215|Titânio
1216_sf2|Component_1216|Wooden
1217_sf2|Component_1217|Iron
1218_sf2|Component_1218|Aluminum
1219_sf2|Component_1219|Silk
1220_sf2|Component_1220|Wool
1221_sf2|Component_1221|Silk
1222_sf2|Component_1222|Bronze
1223_sf2|Component_1223|Granite
1224_sf2|Component_1224|Iron
1225_sf2|Component_1225|Wool
1226_sf2|Component_1226|Silk
1227_sf2|Component_1227|Aluminum
1228_sf2|Component_1228|Bronze
1229_sf2|Component_1229|Aluminum
1230_sf2|Component_1230|Titânio
1231_sf2|Component_1231|Plastic
1232_sf2|Component_1232|Linen
1233_sf2|Component_1233|Silk
1234_sf2|Component_1234|Leather
1235_sf2|Component_1235|Wooden
1236_sf2|Component_1236|Copper
1237_sf2|Component_1237|Copper
1238_sf2|Component_1238|Rubber
1239_sf2|Component_1239|Marble
1240_sf2|Component_1240|Wool
1241_sf2|Component_1241|Plastic
1242_sf2|Component_1242|Iron
1243_sf2|Component_1243|Silk
1244_sf2|Component_1244|Cotton
1245_sf2|Component_1245|Titânio
1246_sf2|Component_1246|Copper
1247_sf2|Component_1247|Bronze
1248_sf2|Component_1248|Plastic
1249_sf2|Component_1249|Plastic
1250_sf2|Component_1250|Cotton
1251_sf2|Component_1251|Iron
1252_sf2|Component_1252|Concrete
1253_sf2|Component_1253|Leather
1254_sf2|Component_1254|Paper
1255_sf2|Component_1255|Concrete
1256_sf2|Component_1256|Steel
1257_sf2|Component_1257|Wool
1258_sf2|Component_1258|Concrete
1259_sf2|Component_1259|Marble
1260_sf2|Component_1260|Titânio
1261_sf2|Component_1261|Cotton
1262_sf2|Component_1262|Silk
1263_sf2|Component_1263|Paper
1264_sf2|Component_1264|Silk
1265_sf2|Component_1265|Plastic
1266_sf2|Component_1266|Linen
1267_sf2|Component_1267|Granite
1268_sf2|Component_1268|Leather
1269_sf2|Component_1269|Silk
1270_sf2|Component_1270|Granite
1271_sf2|Component_1271|Copper
1272_sf2|Component_1272|Paper
1273_sf2|Component_1273|Iron
1274_sf2|Component_1274|Leather
1275_sf2|Component_1275|Titânio
1276_sf2|Component_1276|Iron
1277_sf2|Component_1277|Leather
1278_sf2|Component_1278|Wool
1279_sf2|Component_1279|Silk
1280_sf2|Component_1280|Rubber
1281_sf2|Component_1281|Concrete
1282_sf2|Component_1282|Rubber
1283_sf2|Component_1283|Wool
1284_sf2|Component_1284|Cotton
1285_sf2|Component_1285|Bronze
1286_sf2|Component_1286|Bronze
1287_sf2|Component_1287|Wool
1288_sf2|Component_1288|Bronze
1289_sf2|Component_1289|Copper
1290_sf2|Component_1290|Titânio
1291_sf2|Component_1291|Cotton
1292_sf2|Component_1292|Granite
1293_sf2|Component_1293|Plastic
1294_sf2|Component_1294|Wool
1295_sf2|Component_1295|Cotton
1296_sf2|Component_1296|Rubber
1297_sf2|Component_1297|Copper
1298_sf2|Component_1298|Iron
1299_sf2|Component_1299|Marble
1300_sf2|Component_1300|Rubber
1301_sf2|Component_1301|Cotton
1302_sf2|Component_1302|Paper
1303_sf2|Component_1303|Iron
1304_sf2|Component_1304|Leather
1305_sf2|Component_1305|Titânio
1306_sf2|Component_1306|Wool
1307_sf2|Component_1307|Paper
1308_sf2|Component_1308|Plastic
1309_sf2|Component_1309|Concrete
1310_sf2|Component_1310|Paper
1311_sf2|Component_1311|Wooden
1312_sf2|Component_1312|Steel
1313_sf2|Component_1313|Concrete
1314_sf2|Component_1314|Silk
1315_sf2|Component_1315|Bronze
1316_sf2|Component_1316|Granite
1317_sf2|Component_1317|Marble
1318_sf2|Component_1318|Aluminum
1319_sf2|Component_1319|Aluminum
1320_sf2|Component_1320|Titânio
1321_sf2|Component_1321|Aluminum
1322_sf2|Component_1322|Wooden
1323_sf2|Component_1323|Steel
1324_sf2|Component_1324|Silk
1325_sf2|Component_1325|Copper
1326_sf2|Component_1326|Wooden
1327_sf2|Component_1327|Rubber
1328_sf2|Component_1328|Silk
1329_sf2|Component_1329|Cotton
1330_sf2|Component_1330|Aluminum
1331_sf2|Component_1331|Wool
1332_sf2|Component_1332|Cotton
1333_sf2|Component_1333|Iron
1334_sf2|Component_1334|Wool
1335_sf2|Component_1335|Titânio
1336_sf2|Component_1336|Marble
1337_sf2|Component_1337|Silk
1338_sf2|Component_1338|Iron
1339_sf2|Component_1339|Linen
1340_sf2|Component_1340|Copper
1341_sf2|Component_1341|Silk
1342_sf2|Component_1342|Silk
1343_sf2|Component_1343|Steel
1344_sf2|Component_1344|Steel
1345_sf2|Component_1345|Plastic
1346_sf2|Component_1346|Leather
1347_sf2|Component_1347|Wooden
1348_sf2|Component_1348|Paper
1349_sf2|Component_1349|Bronze
1350_sf2|Component_1350|Titânio
1351_sf2|Component_1351|Bronze
1352_sf2|Component_1352|Plastic
1353_sf2|Component_1353|Granite
1354_sf2|Component_1354|Aluminum
1355_sf2|Component_1355|Leather
1356_sf2|Component_1356|Leather
1357_sf2|Component_1357|Rubber
1358_sf2|Component_1358|Linen
1359_sf2|Component_1359|Silk
1360_sf2|Component_1360|Concrete
1361_sf2|Component_1361|Plastic
1362_sf2|Component_1362|Steel
1363_sf2|Component_1363|Bronze
1364_sf2|Component_1364|Bronze
1365_sf2|Component_1365|Titânio
1366_sf2|Component_1366|Plastic
1367_sf2|Component_1367|Linen
1368_sf2|Component_1368|Concrete
1369_sf2|Component_1369|Plastic
1370_sf2|Component_1370|Bronze
1371_sf2|Component_1371|Silk
1372_sf2|Component_1372|Aluminum
1373_sf2|Component_1373|Cotton
1374_sf2|Component_1374|Iron
1375_sf2|Component_1375|Wooden
1376_sf2|Component_1376|Cotton
1377_sf2|Component_1377|Linen
1378_sf2|Component_1378|Aluminum
1379_sf2|Component_1379|Marble
1380_sf2|Component_1380|Titânio
1381_sf2|Component_1381|Concrete
1382_sf2|Component_1382|Bronze
1383_sf2|Component_1383|Copper
1384_sf2|Component_1384|Silk
1385_sf2|Component_1385|Cotton
1386_sf2|Component_1386|Aluminum
1387_sf2|Component_1387|Concrete
1388_sf2|Component_1388|Leather
1389_sf2|Component_1389|Aluminum
1390_sf2|Component_1390|Aluminum
1391_sf2|Component_1391|Leather
1392_sf2|Component_1392|Iron
1393_sf2|Component_1393|Silk
1394_sf2|Component_1394|Wool
1395_sf2|Component_1395|Titânio
1396_sf2|Component_1396|Leather
1397_sf2|Component_1397|Cotton
1398_sf2|Component_1398|Plastic
1399_sf2|Component_1399|Marble
1400_sf2|Component_1400|Concrete
1401_sf2|Component_1401|Aluminum
1402_sf2|Component_1402|Concrete
1403_sf2|Component_1403|Aluminum
1404_sf2|Component_1404|Wool
1405_sf2|Component_1405|Paper
1406_sf2|Component_1406|Wooden
1407_sf2|Component_1407|Granite
1408_sf2|Component_1408|Rubber
1409_sf2|Component_1409|Granite
1410_sf2|Component_1410|Titânio
1411_sf2|Component_1411|Steel
1412_sf2|Component_1412|Marble
1413_sf2|Component_1413|Granite
1414_sf2|Component_1414|Aluminum
1415_sf2|Component_1415|Plastic
1416_sf2|Component_1416|Aluminum
1417_sf2|Component_1417|Iron
1418_sf2|Component_1418|Wooden
1419_sf2|Component_1419|Rubber
1420_sf2|Component_1420|Leather
1421_sf2|Component_1421|Aluminum
1422_sf2|Component_1422|Concrete
1423_sf2|Component_1423|Rubber
1424_sf2|Component_1424|Wool
1425_sf2|Component_1425|Titânio
1426_sf2|Component_1426|Wooden
1427_sf2|Component_1427|Bronze
1428_sf2|Component_1428|Aluminum
1429_sf2|Component_1429|Aluminum
1430_sf2|Component_1430|Iron
1431_sf2|Component_1431|Aluminum
1432_sf2|Component_1432|Wooden
1433_sf2|Component_1433|Wool
1434_sf2|Component_1434|Rubber
1435_sf2|Component_1435|Aluminum
1436_sf2|Component_1436|Marble
1437_sf2|Component_1437|Concrete
1438_sf2|Component_1438|Granite
1439_sf2|Component_1439|Cotton
1440_sf2|Component_1440|Titânio
1441_sf2|Component_1441|Silk
1442_sf2|Component_1442|Wool
1443_sf2|Component_1443|Wool
1444_sf2|Component_1444|Iron
1445_sf2|Component_1445|Plastic
1446_sf2|Component_1446|Aluminum
1447_sf2|Component_1447|Rubber
1448_sf2|Component_1448|Wool
1449_sf2|Component_1449|Steel
1450_sf2|Component_1450|Wool
1451_sf2|Component_1451|Aluminum
1452_sf2|Component_1452|Wool
1453_sf2|Component_1453|Copper
1454_sf2|Component_1454|Wooden
1455_sf2|Component_1455|Titânio
1456_sf2|Component_1456|Plastic
1457_sf2|Component_1457|Rubber
1458_sf2|Component_1458|Steel
1459_sf2|Component_1459|Bronze
1460_sf2|Component_1460|Copper
1461_sf2|Component_1461|Granite
1462_sf2|Component_1462|Wool
1463_sf2|Component_1463|Wooden
1464_sf2|Component_1464|Rubber
1465_sf2|Component_1465|Paper
1466_sf2|Component_1466|Leather
1467_sf2|Component_1467|Rubber
1468_sf2|Component_1468|Wooden
1469_sf2|Component_1469|Steel
1470_sf2|Component_1470|Titânio
1471_sf2|Component_1471|Steel
1472_sf2|Component_1472|Wooden
1473_sf2|Component_1473|Silk
1474_sf2|Component_1474|Silk
1475_sf2|Component_1475|Rubber
1476_sf2|Component_1476|Plastic
1477_sf2|Component_1477|Wooden
1478_sf2|Component_1478|Concrete
1479_sf2|Component_1479|Silk
1480_sf2|Component_1480|Wooden
1481_sf2|Component_1481|Granite
1482_sf2|Component_1482|Linen
1483_sf2|Component_1483|Leather
1484_sf2|Component_1484|Copper
1485_sf2|Component_1485|Titânio
1486_sf2|Component_1486|Bronze
1487_sf2|Component_1487|Aluminum
1488_sf2|Component_1488|Bronze
1489_sf2|Component_1489|Concrete
1490_sf2|Component_1490|Bronze
1491_sf2|Component_1491|Wooden
1492_sf2|Component_1492|Iron
1493_sf2|Component_1493|Silk
1494_sf2|Component_1494|Iron
1495_sf2|Component_1495|Aluminum
1496_sf2|Component_1496|Silk
1497_sf2|Component_1497|Linen
1498_sf2|Component_1498|Cotton
1499_sf2|Component_1499|Aluminum
1500_sf2|Component_1500|Titânio
1501_sf2|Component_1501|Concrete
1502_sf2|Component_1502|Leather
1503_sf2|Component_1503|Rubber
1504_sf2|Component_1504|Cotton
1505_sf2|Component_1505|Leather
1506_sf2|Component_1506|Linen
1507_sf2|Component_1507|Cotton
1508_sf2|Component_1508|Linen
1509_sf2|Component_1509|Linen
1510_sf2|Component_1510|Leather
1511_sf2|Component_1511|Granite
1512_sf2|Component_1512|Marble
1513_sf2|Component_1513|Wooden
1514_sf2|Component_1514|Aluminum
1515_sf2|Component_1515|Titânio
1516_sf2|Component_1516|Wool
1517_sf2|Component_1517|Plastic
1518_sf2|Component_1518|Iron
1519_sf2|Component_1519|Marble
1520_sf2|Component_1520|Linen
1521_sf2|Component_1521|Bronze
1522_sf2|Component_1522|Wool
1523_sf2|Component_1523|Copper
1524_sf2|Component_1524|Silk
1525_sf2|Component_1525|Rubber
1526_sf2|Component_1526|Plastic
1527_sf2|Component_1527|Steel
1528_sf2|Component_1528|Bronze
1529_sf2|Component_1529|Rubber
1530_sf2|Component_1530|Titânio
1531_sf2|Component_1531|Linen
1532_sf2|Component_1532|Aluminum
1533_sf2|Component_1533|Linen
1534_sf2|Component_1534|Iron
1535_sf2|Component_1535|Wool
1536_sf2|Component_1536|Silk
1537_sf2|Component_1537|Granite
1538_sf2|Component_1538|Concrete
1539_sf2|Component_1539|Wool
1540_sf2|Component_1540|Concrete
1541_sf2|Component_1541|Granite
1542_sf2|Component_1542|Iron
1543_sf2|Component_1543|Marble
1544_sf2|Component_1544|Paper
1545_sf2|Component_1545|Titânio
1546_sf2|Component_1546|Plastic
1547_sf2|Component_1547|Wool
1548_sf2|Component_1548|Leather
1549_sf2|Component_1549|Leather
1550_sf2|Component_1550|Wool
1551_sf2|Component_1551|Paper
1552_sf2|Component_1552|Wooden
1553_sf2|Component_1553|Aluminum
1554_sf2|Component_1554|Wooden
1555_sf2|Component_1555|Cotton
1556_sf2|Component_1556|Copper
1557_sf2|Component_1557|Marble
1558_sf2|Component_1558|Iron
1559_sf2|Component_1559|Granite
1560_sf2|Component_1560|Titânio
1561_sf2|Component_1561|Wooden
1562_sf2|Component_1562|Concrete
1563_sf2|Component_1563|Plastic
1564_sf2|Component_1564|Cotton
1565_sf2|Component_1565|Wooden
1566_sf2|Component_1566|Plastic
1567_sf2|Component_1567|Iron
1568_sf2|Component_1568|Plastic
1569_sf2|Component_1569|Silk
1570_sf2|Component_1570|Bronze
1571_sf2|Component_1571|Granite
1572_sf2|Component_1572|Aluminum
1573_sf2|Component_1573|Rubber
1574_sf2|Component_1574|Copper
1575_sf2|Component_1575|Titânio
1576_sf2|Component_1576|Rubber
1577_sf2|Component_1577|Cotton
1578_sf2|Component_1578|Paper
1579_sf2|Component_1579|Copper
1580_sf2|Component_1580|Steel
1581_sf2|Component_1581|Plastic
1582_sf2|Component_1582|Linen
1583_sf2|Component_1583|Steel
1584_sf2|Component_1584|Silk
1585_sf2|Component_1585|Steel
1586_sf2|Component_1586|Leather
1587_sf2|Component_1587|Steel
1588_sf2|Component_1588|Silk
1589_sf2|Component_1589|Bronze
1590_sf2|Component_1590|Titânio
1591_sf2|Component_1591|Cotton
1592_sf2|Component_1592|Rubber
1593_sf2|Component_1593|Paper
1594_sf2|Component_1594|Steel
1595_sf2|Component_1595|Cotton
1596_sf2|Component_1596|Aluminum
1597_sf2|Component_1597|Concrete
1598_sf2|Component_1598|Wool
1599_sf2|Component_1599|Silk
1600_sf2|Component_1600|Wool
1601_sf2|Component_1601|Aluminum
1602_sf2|Component_1602|Aluminum
1603_sf2|Component_1603|Bronze
1604_sf2|Component_1604|Granite
1605_sf2|Component_1605|Titânio
1606_sf2|Component_1606|Cotton
1607_sf2|Component_1607|Linen
1608_sf2|Component_1608|Copper
1609_sf2|Component_1609|Wooden
1610_sf2|Component_1610|Marble
1611_sf2|Component_1611|Marble
1612_sf2|Component_1612|Concrete
1613_sf2|Component_1613|Marble
1614_sf2|Component_1614|Granite
1615_sf2|Component_1615|Granite
1616_sf2|Component_1616|Aluminum
1617_sf2|Component_1617|Silk
1618_sf2|Component_1618|Linen
1619_sf2|Component_1619|Marble
1620_sf2|Component_1620|Titânio
1621_sf2|Component_1621|Iron
1622_sf2|Component_1622|Cotton
1623_sf2|Component_1623|Silk
1624_sf2|Component_1624|Granite
1625_sf2|Component_1625|Cotton
1626_sf2|Component_1626|Rubber
1627_sf2|Component_1627|Plastic
1628_sf2|Component_1628|Aluminum
1629_sf2|Component_1629|Copper
1630_sf2|Component_1630|Leather
1631_sf2|Component_1631|Wooden
1632_sf2|Component_1632|Silk
1633_sf2|Component_1633|Cotton
1634_sf2|Component_1634|Wool
1635_sf2|Component_1635|Titânio
1636_sf2|Component_1636|Wooden
1637_sf2|Component_1637|Cotton
1638_sf2|Component_1638|Silk
1639_sf2|Component_1639|Marble
1640_sf2|Component_1640|Copper
1641_sf2|Component_1641|Leather
1642_sf2|Component_1642|Rubber
1643_sf2|Component_1643|Paper
1644_sf2|Component_1644|Granite
1645_sf2|Component_1645|Plastic
1646_sf2|Component_1646|Aluminum
1647_sf2|Component_1647|Concrete
1648_sf2|Component_1648|Paper
1649_sf2|Component_1649|Paper
1650_sf2|Component_1650|Titânio
1651_sf2|Component_1651|Cotton
1652_sf2|Component_1652|Paper
1653_sf2|Component_1653|Bronze
1654_sf2|Component_1654|Iron
1655_sf2|Component_1655|Plastic
1656_sf2|Component_1656|Aluminum
1657_sf2|Component_1657|Linen
1658_sf2|Component_1658|Paper
1659_sf2|Component_1659|Marble
1660_sf2|Component_1660|Linen
1661_sf2|Component_1661|Plastic
1662_sf2|Component_1662|Silk
1663_sf2|Component_1663|Copper
1664_sf2|Component_1664|Cotton
1665_sf2|Component_1665|Titânio
1666_sf2|Component_1666|Wooden
1667_sf2|Component_1667|Wooden
1668_sf2|Component_1668|Granite
1669_sf2|Component_1669|Wool
1670_sf2|Component_1670|Copper
1671_sf2|Component_1671|Aluminum
1672_sf2|Component_1672|Wool
1673_sf2|Component_1673|Copper
1674_sf2|Component_1674|Wool
1675_sf2|Component_1675|Marble
1676_sf2|Component_1676|Copper
1677_sf2|Component_1677|Iron
1678_sf2|Component_1678|Plastic
1679_sf2|Component_1679|Cotton
1680_sf2|Component_1680|Titânio
1681_sf2|Component_1681|Leather
1682_sf2|Component_1682|Steel
1683_sf2|Component_1683|Leather
1684_sf2|Component_1684|Iron
1685_sf2|Component_1685|Aluminum
1686_sf2|Component_1686|Silk
1687_sf2|Component_1687|Bronze
1688_sf2|Component_1688|Concrete
1689_sf2|Component_1689|Iron
1690_sf2|Component_1690|Aluminum
1691_sf2|Component_1691|Concrete
1692_sf2|Component_1692|Wooden
1693_sf2|Component_1693|Bronze
1694_sf2|Component_1694|Bronze
1695_sf2|Component_1695|Titânio
1696_sf2|Component_1696|Iron
1697_sf2|Component_1697|Silk
1698_sf2|Component_1698|Copper
1699_sf2|Component_1699|Bronze
1700_sf2|Component_1700|Paper
1701_sf2|Component_1701|Rubber
1702_sf2|Component_1702|Rubber
1703_sf2|Component_1703|Copper
1704_sf2|Component_1704|Plastic
1705_sf2|Component_1705|Paper
1706_sf2|Component_1706|Aluminum
1707_sf2|Component_1707|Marble
1708_sf2|Component_1708|Copper
1709_sf2|Component_1709|Leather
1710_sf2|Component_1710|Titânio
1711_sf2|Component_1711|Leather
1712_sf2|Component_1712|Cotton
1713_sf2|Component_1713|Linen
1714_sf2|Component_1714|Silk
1715_sf2|Component_1715|Linen
1716_sf2|Component_1716|Bronze
1717_sf2|Component_1717|Bronze
1718_sf2|Component_1718|Steel
1719_sf2|Component_1719|Aluminum
1720_sf2|Component_1720|Granite
1721_sf2|Component_1721|Wooden
1722_sf2|Component_1722|Concrete
1723_sf2|Component_1723|Marble
1724_sf2|Component_1724|Copper
1725_sf2|Component_1725|Titânio
1726_sf2|Component_1726|Copper
1727_sf2|Component_1727|Plastic
1728_sf2|Component_1728|Aluminum
1729_sf2|Component_1729|Wool
1730_sf2|Component_1730|Copper
1731_sf2|Component_1731|Bronze
1732_sf2|Component_1732|Copper
1733_sf2|Component_1733|Silk
1734_sf2|Component_1734|Granite
1735_sf2|Component_1735|Plastic
1736_sf2|Component_1736|Aluminum
1737_sf2|Component_1737|Silk
1738_sf2|Component_1738|Wool
1739_sf2|Component_1739|Steel
1740_sf2|Component_1740|Titânio
1741_sf2|Component_1741|Rubber
1742_sf2|Component_1742|Paper
1743_sf2|Component_1743|Paper
1744_sf2|Component_1744|Wooden
1745_sf2|Component_1745|Iron
1746_sf2|Component_1746|Leather
1747_sf2|Component_1747|Copper
1748_sf2|Component_1748|Cotton
1749_sf2|Component_1749|Plastic
1750_sf2|Component_1750|Aluminum
1751_sf2|Component_1751|Concrete
1752_sf2|Component_1752|Linen
1753_sf2|Component_1753|Aluminum
1754_sf2|Component_1754|Rubber
1755_sf2|Component_1755|Titânio
1756_sf2|Component_1756|Copper
1757_sf2|Component_1757|Bronze
1758_sf2|Component_1758|Wool
1759_sf2|Component_1759|Bronze
1760_sf2|Component_1760|Bronze
1761_sf2|Component_1761|Silk
1762_sf2|Component_1762|Linen
1763_sf2|Component_1763|Wool
1764_sf2|Component_1764|Cotton
1765_sf2|Component_1765|Cotton
1766_sf2|Component_1766|Steel
1767_sf2|Component_1767|Granite
1768_sf2|Component_1768|Linen
1769_sf2|Component_1769|Steel
1770_sf2|Component_1770|Titânio
1771_sf2|Component_1771|Steel
1772_sf2|Component_1772|Plastic
1773_sf2|Component_1773|Copper
1774_sf2|Component_1774|Plastic
1775_sf2|Component_1775|Steel
1776_sf2|Component_1776|Wool
1777_sf2|Component_1777|Aluminum
1778_sf2|Component_1778|Marble
1779_sf2|Component_1779|Leather
1780_sf2|Component_1780|Rubber
1781_sf2|Component_1781|Silk
1782_sf2|Component_1782|Rubber
1783_sf2|Component_1783|Silk
1784_sf2|Component_1784|Paper
1785_sf2|Component_1785|Titânio
1786_sf2|Component_1786|Iron
1787_sf2|Component_1787|Linen
1788_sf2|Component_1788|Aluminum
1789_sf2|Component_1789|Linen
1790_sf2|Component_1790|Steel
1791_sf2|Component_1791|Bronze
1792_sf2|Component_1792|Bronze
1793_sf2|Component_1793|Copper
1794_sf2|Component_1794|Cotton
1795_sf2|Component_1795|Plastic
1796_sf2|Component_1796|Iron
1797_sf2|Component_1797|Steel
1798_sf2|Component_1798|Granite
1799_sf2|Component_1799|Rubber
1800_sf2|Component_1800|Titânio
1801_sf2|Component_1801|Cotton
1802_sf2|Component_1802|Aluminum
1803_sf2|Component_1803|Leather
1804_sf2|Component_1804|Leather
1805_sf2|Component_1805|Copper
1806_sf2|Component_1806|Bronze
1807_sf2|Component_1807|Silk
1808_sf2|Component_1808|Bronze
1809_sf2|Component_1809|Rubber
1810_sf2|Component_1810|Paper
1811_sf2|Component_1811|Granite
1812_sf2|Component_1812|Marble
1813_sf2|Component_1813|Steel
1814_sf2|Component_1814|Concrete
1815_sf2|Component_1815|Titânio
1816_sf2|Component_1816|Leather
1817_sf2|Component_1817|Paper
1818_sf2|Component_1818|Cotton
1819_sf2|Component_1819|Linen
1820_sf2|Component_1820|Marble
1821_sf2|Component_1821|Rubber
1822_sf2|Component_1822|Paper
1823_sf2|Component_1823|Plastic
1824_sf2|Component_1824|Bronze
1825_sf2|Component_1825|Plastic
1826_sf2|Component_1826|Steel
1827_sf2|Component_1827|Steel
1828_sf2|Component_1828|Aluminum
1829_sf2|Component_1829|Wooden
1830_sf2|Component_1830|Titânio
1831_sf2|Component_1831|Aluminum
1832_sf2|Component_1832|Silk
1833_sf2|Component_1833|Aluminum
1834_sf2|Component_1834|Granite
1835_sf2|Component_1835|Copper
1836_sf2|Component_1836|Silk
1837_sf2|Component_1837|Granite
1838_sf2|Component_1838|Concrete
1839_sf2|Component_1839|Steel
1840_sf2|Component_1840|Granite
1841_sf2|Component_1841|Wool
1842_sf2|Component_1842|Wooden
1843_sf2|Component_1843|Granite
1844_sf2|Component_1844|Bronze
1845_sf2|Component_1845|Titânio
1846_sf2|Component_1846|Plastic
1847_sf2|Component_1847|Steel
1848_sf2|Component_1848|Paper
1849_sf2|Component_1849|Silk
1850_sf2|Component_1850|Copper
1851_sf2|Component_1851|Marble
1852_sf2|Component_1852|Leather
1853_sf2|Component_1853|Paper
1854_sf2|Component_1854|Granite
1855_sf2|Component_1855|Granite
1856_sf2|Component_1856|Concrete
1857_sf2|Component_1857|Cotton
1858_sf2|Component_1858|Wooden
1859_sf2|Component_1859|Wool
1860_sf2|Component_1860|Titânio
1861_sf2|Component_1861|Linen
1862_sf2|Component_1862|Copper
1863_sf2|Component_1863|Granite
1864_sf2|Component_1864|Granite
1865_sf2|Component_1865|Steel
1866_sf2|Component_1866|Wool
1867_sf2|Component_1867|Aluminum
1868_sf2|Component_1868|Concrete
1869_sf2|Component_1869|Plastic
1870_sf2|Component_1870|Iron
1871_sf2|Component_1871|Linen
1872_sf2|Component_1872|Steel
1873_sf2|Component_1873|Silk
1874_sf2|Component_1874|Leather
1875_sf2|Component_1875|Titânio
1876_sf2|Component_1876|Linen
1877_sf2|Component_1877|Wooden
1878_sf2|Component_1878|Marble
1879_sf2|Component_1879|Paper
1880_sf2|Component_1880|Iron
1881_sf2|Component_1881|Paper
1882_sf2|Component_1882|Concrete
1883_sf2|Component_1883|Linen
1884_sf2|Component_1884|Steel
1885_sf2|Component_1885|Marble
1886_sf2|Component_1886|Granite
1887_sf2|Component_1887|Linen
1888_sf2|Component_1888|Leather
1889_sf2|Component_1889|Copper
1890_sf2|Component_1890|Titânio
1891_sf2|Component_1891|Linen
1892_sf2|Component_1892|Steel
1893_sf2|Component_1893|Granite
1894_sf2|Component_1894|Wool
1895_sf2|Component_1895|Marble
1896_sf2|Component_1896|Steel
1897_sf2|Component_1897|Granite
1898_sf2|Component_1898|Linen
1899_sf2|Component_1899|Granite
1900_sf2|Component_1900|Leather
1901_sf2|Component_1901|Linen
1902_sf2|Component_1902|Cotton
1903_sf2|Component_1903|Steel
1904_sf2|Component_1904|Aluminum
1905_sf2|Component_1905|Titânio
1906_sf2|Component_1906|Linen
1907_sf2|Component_1907|Copper
1908_sf2|Component_1908|Wooden
1909_sf2|Component_1909|Linen
1910_sf2|Component_1910|Plastic
1911_sf2|Component_1911|Bronze
1912_sf2|Component_1912|Silk
1913_sf2|Component_1913|Plastic
1914_sf2|Component_1914|Linen
1915_sf2|Component_1915|Copper
1916_sf2|Component_1916|Wooden
1917_sf2|Component_1917|Marble
1918_sf2|Component_1918|Paper
1919_sf2|Component_1919|Aluminum
1920_sf2|Component_1920|Titânio
1921_sf2|Component_1921|Steel
1922_sf2|Component_1922|Wool
1923_sf2|Component_1923|Linen
1924_sf2|Component_1924|Aluminum
1925_sf2|Component_1925|Bronze
1926_sf2|Component_1926|Marble
1927_sf2|Component_1927|Steel
1928_sf2|Component_1928|Bronze
1929_sf2|Component_1929|Copper
1930_sf2|Component_1930|Wool
1931_sf2|Component_1931|Rubber
1932_sf2|Component_1932|Silk
1933_sf2|Component_1933|Aluminum
1934_sf2|Component_1934|Linen
1935_sf2|Component_1935|Titânio
1936_sf2|Component_1936|Granite
1937_sf2|Component_1937|Marble
1938_sf2|Component_1938|Wool
1939_sf2|Component_1939|Cotton
1940_sf2|Component_1940|Marble
1941_sf2|Component_1941|Granite
1942_sf2|Component_1942|Linen
1943_sf2|Component_1943|Iron
1944_sf2|Component_1944|Silk
1945_sf2|Component_1945|Iron
1946_sf2|Component_1946|Leather
1947_sf2|Component_1947|Plastic
1948_sf2|Component_1948|Paper
1949_sf2|Component_1949|Wool
1950_sf2|Component_1950|Titânio
1951_sf2|Component_1951|Leather
1952_sf2|Component_1952|Iron
1953_sf2|Component_1953|Cotton
1954_sf2|Component_1954|Wool
1955_sf2|Component_1955|Marble
1956_sf2|Component_1956|Steel
1957_sf2|Component_1957|Leather
1958_sf2|Component_1958|Silk
1959_sf2|Component_1959|Linen
1960_sf2|Component_1960|Cotton
1961_sf2|Component_1961|Cotton
1962_sf2|Component_1962|Cotton
1963_sf2|Component_1963|Concrete
1964_sf2|Component_1964|Paper
1965_sf2|Component_1965|Titânio
1966_sf2|Component_1966|Leather
1967_sf2|Component_1967|Rubber
1968_sf2|Component_1968|Cotton
1969_sf2|Component_1969|Cotton
1970_sf2|Component_1970|Leather
1971_sf2|Component_1971|Marble
1972_sf2|Component_1972|Leather
1973_sf2|Component_1973|Copper
1974_sf2|Component_1974|Granite
1975_sf2|Component_1975|Wooden
1976_sf2|Component_1976|Bronze
1977_sf2|Component_1977|Granite
1978_sf2|Component_1978|Leather
1979_sf2|Component_1979|Wool
1980_sf2|Component_1980|Titânio
1981_sf2|Component_1981|Steel
1982_sf2|Component_1982|Wool
1983_sf2|Component_1983|Bronze
1984_sf2|Component_1984|Linen
1985_sf2|Component_1985|Bronze
1986_sf2|Component_1986|Wooden
1987_sf2|Component_1987|Wooden
1988_sf2|Component_1988|Granite
1989_sf2|Component_1989|Granite
1990_sf2|Component_1990|Cotton
1991_sf2|Component_1991|Paper
1992_sf2|Component_1992|Cotton
1993_sf2|Component_1993|Granite
1994_sf2|Component_1994|Marble
1995_sf2|Component_1995|Titânio
1996_sf2|Component_1996|Leather
1997_sf2|Component_1997|Plastic
1998_sf2|Component_1998|Rubber
1999_sf2|Component_1999|Bronze
0_sf3|Component_0|Titânio
1_sf3|Component_1|Steel
2_sf3|Component_2|Plastic
3_sf3|Component_3|Steel
4_sf3|Component_4|Linen
5_sf3|Component_5|Wool
6_sf3|Component_6|Leather
7_sf3|Component_7|Steel
8_sf3|Component_8|Granite
9_sf3|Component_9|Rubber
10_sf3|Component_10|Marble
11_sf3|Component_11|Cotton
12_sf3|Component_12|Copper
13_sf3|Component_13|Copper
14_sf3|Component_14|Marble
15_sf3|Component_15|Titânio
16_sf3|Component_16|Silk
17_sf3|Component_17|Leather
18_sf3|Component_18|Bronze
19_sf3|Component_19|Silk
20_sf3|Component_20|Bronze
21_sf3|Component_21|Paper
22_sf3|Component_22|Cotton
23_sf3|Component_23|Concrete
24_sf3|Component_24|Linen
25_sf3|Component_25|Plastic
26_sf3|Component_26|Marble
27_sf3|Component_27|Granite
28_sf3|Component_28|Aluminum
29_sf3|Component_29|Wool
30_sf3|Component_30|Titânio
31_sf3|Component_31|Wooden
32_sf3|Component_32|Marble
33_sf3|Component_33|Plastic
34_sf3|Component_34|Concrete
35_sf3|Component_35|Leather
36_sf3|Component_36|Aluminum
37_sf3|Component_37|Paper
38_sf3|Component_38|Aluminum
39_sf3|Component_39|Steel
40_sf3|Component_40|Plastic
41_sf3|Component_41|Wool
42_sf3|Component_42|Aluminum
43_sf3|Component_43|Linen
44_sf3|Component_44|Rubber
45_sf3|Component_45|Titânio
46_sf3|Component_46|Paper
47_sf3|Component_47|Steel
48_sf3|Component_48|Wooden
49_sf3|Component_49|Paper
50_sf3|Component_50|Rubber
51_sf3|Component_51|Paper
52_sf3|Component_52|Bronze
53_sf3|Component_53|Linen
54_sf3|Component_54|Silk
55_sf3|Component_55|Linen
56_sf3|Component_56|Steel
57_sf3|Component_57|Plastic
58_sf3|Component_58|Linen
59_sf3|Component_59|Wool
60_sf3|Component_60|Titânio
61_sf3|Component_61|Concrete
62_sf3|Component_62|Iron
63_sf3|Component_63|Plastic
64_sf3|Component_64|Marble
65_sf3|Component_65|Iron
66_sf3|Component_66|Wooden
67_sf3|Component_67|Iron
68_sf3|Component_68|Aluminum
69_sf3|Component_69|Rubber
70_sf3|Component_70|Wooden
71_sf3|Component_71|Marble
72_sf3|Component_72|Copper
73_sf3|Component_73|Granite
74_sf3|Component_74|Cotton
75_sf3|Component_75|Titânio
76_sf3|Component_76|Plastic
77_sf3|Component_77|Rubber
78_sf3|Component_78|Concrete
79_sf3|Component_79|Linen
80_sf3|Component_80|Rubber
81_sf3|Component_81|Aluminum
82_sf3|Component_82|Aluminum
83_sf3|Component_83|Plastic
84_sf3|Component_84|Aluminum
85_sf3|Component_85|Marble
86_sf3|Component_86|Plastic
87_sf3|Component_87|Paper
88_sf3|Component_88|Wool
89_sf3|Component_89|Rubber
90_sf3|Component_90|Titânio
91_sf3|Component_91|Copper
92_sf3|Component_92|Silk
93_sf3|Component_93|Aluminum
94_sf3|Component_94|Leather
95_sf3|Component_95|Plastic
96_sf3|Component_96|Iron
97_sf3|Component_97|Plastic
98_sf3|Component_98|Plastic
99_sf3|Component_99|Copper
100_sf3|Component_100|Iron
101_sf3|Component_101|Granite
102_sf3|Component_102|Aluminum
103_sf3|Component_103|Linen
104_sf3|Component_104|Aluminum
105_sf3|Component_105|Titânio
106_sf3|Component_106|Rubber
107_sf3|Component_107|Wooden
108_sf3|Component_108|Rubber
109_sf3|Component_109|Marble
110_sf3|Component_110|Wool
111_sf3|Component_111|Silk
112_sf3|Component_112|Linen
113_sf3|Component_113|Leather
114_sf3|Component_114|Rubber
115_sf3|Component_115|Copper
116_sf3|Component_116|Linen
117_sf3|Component_117|Cotton
118_sf3|Component_118|Leather
119_sf3|Component_119|Concrete
120_sf3|Component_120|Titânio
121_sf3|Component_121|Silk
122_sf3|Component_122|Cotton
123_sf3|Component_123|Silk
124_sf3|Component_124|Wooden
125_sf3|Component_125|Iron
126_sf3|Component_126|Marble
127_sf3|Component_127|Rubber
128_sf3|Component_128|Iron
129_sf3|Component_129|Rubber
130_sf3|Component_130|Marble
131_sf3|Component_131|Copper
132_sf3|Component_132|Iron
133_sf3|Component_133|Concrete
134_sf3|Component_134|Iron
135_sf3|Component_135|Titânio
136_sf3|Component_136|Iron
137_sf3|Component_137|Bronze
138_sf3|Component_138|Marble
139_sf3|Component_139|Silk
140_sf3|Component_140|Leather
141_sf3|Component_141|Paper
142_sf3|Component_142|Marble
143_sf3|Component_143|Leather
144_sf3|Component_144|Cotton
145_sf3|Component_145|Rubber
146_sf3|Component_146|Granite
147_sf3|Component_147|Plastic
148_sf3|Component_148|Paper
149_sf3|Component_149|Marble
150_sf3|Component_150|Titânio
151_sf3|Component_151|Steel
152_sf3|Component_152|Marble
153_sf3|Component_153|Rubber
154_sf3|Component_154|Paper
155_sf3|Component_155|Cotton
156_sf3|Component_156|Copper
157_sf3|Component_157|Wool
158_sf3|Component_158|Bronze
159_sf3|Component_159|Marble
160_sf3|Component_160|Rubber
161_sf3|Component_161|Rubber
162_sf3|Component_162|Linen
163_sf3|Component_163|Paper
164_sf3|Component_164|Steel
165_sf3|Component_165|Titânio
166_sf3|Component_166|Paper
167_sf3|Component_167|Wool
168_sf3|Component_168|Leather
169_sf3|Component_169|Marble
170_sf3|Component_170|Wooden
171_sf3|Component_171|Silk
172_sf3|Component_172|Paper
173_sf3|Component_173|Bronze
174_sf3|Component_174|Copper
175_sf3|Component_175|Concrete
176_sf3|Component_176|Plastic
177_sf3|Component_177|Bronze
178_sf3|Component_178|Granite
179_sf3|Component_179|Steel
180_sf3|Component_180|Titânio
181_sf3|Component_181|Iron
182_sf3|Component_182|Steel
183_sf3|Component_183|Paper
184_sf3|Component_184|Paper
185_sf3|Component_185|Cotton
186_sf3|Component_186|Leather
187_sf3|Component_187|Paper
188_sf3|Component_188|Granite
189_sf3|Component_189|Aluminum
190_sf3|Component_190|Copper
191_sf3|Component_191|Rubber
192_sf3|Component_192|Cotton
193_sf3|Component_193|Leather
194_sf3|Component_194|Linen
195_sf3|Component_195|Titânio
196_sf3|Component_196|Steel
197_sf3|Component_197|Linen
198_sf3|Component_198|Iron
199_sf3|Component_199|Leather
200_sf3|Component_200|Leather
201_sf3|Component_201|Wooden
202_sf3|Component_202|Plastic
203_sf3|Component_203|Aluminum
204_sf3|Component_204|Linen
205_sf3|Component_205|Wool
206_sf3|Component_206|Wool
207_sf3|Component_207|Concrete
208_sf3|Component_208|Bronze
209_sf3|Component_209|Iron
210_sf3|Component_210|Titânio
211_sf3|Component_211|Wool
212_sf3|Component_212|Cotton
213_sf3|Component_213|Concrete
214_sf3|Component_214|Iron
215_sf3|Component_215|Iron
216_sf3|Component_216|Marble
217_sf3|Component_217|Steel
218_sf3|Component_218|Bronze
219_sf3|Component_219|Copper
220_sf3|Component_220|Linen
221_sf3|Component_221|Granite
222_sf3|Component_222|Cotton
223_sf3|Component_223|Rubber
224_sf3|Component_224|Marble
225_sf3|Component_225|Titânio
226_sf3|Component_226|Wool
227_sf3|Component_227|Iron
228_sf3|Component_228|Wool
229_sf3|Component_229|Cotton
230_sf3|Component_230|Silk
231_sf3|Component_231|Silk
232_sf3|Component_232|Cotton
233_sf3|Component_233|Wool
234_sf3|Component_234|Iron
235_sf3|Component_235|Aluminum
236_sf3|Component_236|Concrete
237_sf3|Component_237|Steel
238_sf3|Component_238|Steel
239_sf3|Component_239|Silk
240_sf3|Component_240|Titânio
241_sf3|Component_241|Rubber
242_sf3|Component_242|Iron
243_sf3|Component_243|Wool
244_sf3|Component_244|Wooden
245_sf3|Component_245|Plastic
246_sf3|Component_246|Wool
247_sf3|Component_247|Paper
248_sf3|Component_248|Iron
249_sf3|Component_249|Paper
250_sf3|Component_250|Plastic
251_sf3|Component_251|Wool
252_sf3|Component_252|Granite
253_sf3|Component_253|Leather
254_sf3|Component_254|Leather
255_sf3|Component_255|Titânio
256_sf3|Component_256|Copper
257_sf3|Component_257|Steel
258_sf3|Component_258|Plastic
259_sf3|Component_259|Steel
260_sf3|Component_260|Linen
261_sf3|Component_261|Silk
262_sf3|Component_262|Linen
263_sf3|Component_263|Paper
264_sf3|Component_264|Silk
265_sf3|Component_265|Rubber
266_sf3|Component_266|Iron
267_sf3|Component_267|Steel
268_sf3|Component_268|Iron
269_sf3|Component_269|Paper
270_sf3|Component_270|Titânio
271_sf3|Component_271|Marble
272_sf3|Component_272|Paper
273_sf3|Component_273|Concrete
274_sf3|Component_274|Silk
275_sf3|Component_275|Wooden
276_sf3|Component_276|Wool
277_sf3|Component_277|Wooden
278_sf3|Component_278|Bronze
279_sf3|Component_279|Iron
280_sf3|Component_280|Iron
281_sf3|Component_281|Bronze
282_sf3|Component_282|Bronze
283_sf3|Component_283|Paper
284_sf3|Component_284|Paper
285_sf3|Component_285|Titânio
286_sf3|Component_286|Leather
287_sf3|Component_287|Wooden
288_sf3|Component_288|Linen
289_sf3|Component_289|Wool
290_sf3|Component_290|Steel
291_sf3|Component_291|Cotton
292_sf3|Component_292|Granite
293_sf3|Component_293|Plastic
294_sf3|Component_294|Steel
295_sf3|Component_295|Bronze
296_sf3|Component_296|Steel
297_sf3|Component_297|Wool
298_sf3|Component_298|Rubber
299_sf3|Component_299|Wooden
300_sf3|Component_300|Titânio
301_sf3|Component_301|Wooden
302_sf3|Component_302|Granite
303_sf3|Component_303|Wooden
304_sf3|Component_304|Copper
305_sf3|Component_305|Silk
306_sf3|Component_306|Concrete
307_sf3|Component_307|Wooden
308_sf3|Component_308|Granite
309_sf3|Component_309|Leather
310_sf3|Component_310|Silk
311_sf3|Component_311|Steel
312_sf3|Component_312|Marble
313_sf3|Component_313|Iron
314_sf3|Component_314|Rubber
315_sf3|Component_315|Titânio
316_sf3|Component_316|Silk
317_sf3|Component_317|Linen
318_sf3|Component_318|Cotton
319_sf3|Component_319|Rubber
320_sf3|Component_320|Plastic
321_sf3|Component_321|Concrete
322_sf3|Component_322|Aluminum
323_sf3|Component_323|Paper
324_sf3|Component_324|Silk
325_sf3|Component_325|Wool
326_sf3|Component_326|Granite
327_sf3|Component_327|Linen
328_sf3|Component_328|Granite
329_sf3|Component_329|Plastic
330_sf3|Component_330|Titânio
331_sf3|Component_331|Bronze
332_sf3|Component_332|Aluminum
333_sf3|Component_333|Bronze
334_sf3|Component_334|Iron
335_sf3|Component_335|Iron
336_sf3|Component_336|Steel
337_sf3|Component_337|Copper
338_sf3|Component_338|Copper
339_sf3|Component_339|Concrete
340_sf3|Component_340|Granite
341_sf3|Component_341|Paper
342_sf3|Component_342|Granite
343_sf3|Component_343|Aluminum
344_sf3|Component_344|Wooden
345_sf3|Component_345|Titânio
346_sf3|Component_346|Cotton
347_sf3|Component_347|Aluminum
348_sf3|Component_348|Concrete
349_sf3|Component_349|Cotton
350_sf3|Component_350|Concrete
351_sf3|Component_351|Granite
352_sf3|Component_352|Paper
353_sf3|Component_353|Bronze
354_sf3|Component_354|Leather
355_sf3|Component_355|Plastic
356_sf3|Component_356|Granite
357_sf3|Component_357|Marble
358_sf3|Component_358|Aluminum
359_sf3|Component_359|Steel
360_sf3|Component_360|Titânio
361_sf3|Component_361|Iron
362_sf3|Component_362|Granite
363_sf3|Component_363|Iron
364_sf3|Component_364|Steel
365_sf3|Component_365|Cotton
366_sf3|Component_366|Cotton
367_sf3|Component_367|Rubber
368_sf3|Component_368|Silk
369_sf3|Component_369|Concrete
370_sf3|Component_370|Linen
371_sf3|Component_371|Granite
372_sf3|Component_372|Rubber
373_sf3|Component_373|Paper
374_sf3|Component_374|Steel
375_sf3|Component_375|Titânio
376_sf3|Component_376|Silk
377_sf3|Component_377|Rubber
378_sf3|Component_378|Wooden
379_sf3|Component_379|Granite
380_sf3|Component_380|Cotton
381_sf3|Component_381|Aluminum
382_sf3|Component_382|Silk
383_sf3|Component_383|Silk
384_sf3|Component_384|Aluminum
385_sf3|Component_385|Cotton
386_sf3|Component_386|Rubber
387_sf3|Component_387|Marble
388_sf3|Component_388|Granite
389_sf3|Component_389|Concrete
390_sf3|Component_390|Titânio
391_sf3|Component_391|Paper
392_sf3|Component_392|Rubber
393_sf3|Component_393|Granite
394_sf3|Component_394|Rubber
395_sf3|Component_395|Iron
396_sf3|Component_396|Steel
397_sf3|Component_397|Iron
398_sf3|Component_398|Aluminum
399_sf3|Component_399|Bronze
400_sf3|Component_400|Linen
401_sf3|Component_401|Bronze
402_sf3|Component_402|Granite
403_sf3|Component_403|Wooden
404_sf3|Component_404|Steel
405_sf3|Component_405|Titânio
406_sf3|Component_406|Cotton
407_sf3|Component_407|Cotton
408_sf3|Component_408|Plastic
409_sf3|Component_409|Rubber
410_sf3|Component_410|Granite
411_sf3|Component_411|Rubber
412_sf3|Component_412|Aluminum
413_sf3|Component_413|Silk
414_sf3|Component_414|Copper
415_sf3|Component_415|Granite
416_sf3|Component_416|Aluminum
417_sf3|Component_417|Linen
418_sf3|Component_418|Concrete
419_sf3|Component_419|Linen
420_sf3|Component_420|Titânio
421_sf3|Component_421|Concrete
422_sf3|Component_422|Cotton
423_sf3|Component_423|Wool
424_sf3|Component_424|Silk
425_sf3|Component_425|Paper
426_sf3|Component_426|Concrete
427_sf3|Component_427|Wool
428_sf3|Component_428|Aluminum
429_sf3|Component_429|Rubber
430_sf3|Component_430|Copper
431_sf3|Component_431|Wooden
432_sf3|Component_432|Aluminum
433_sf3|Component_433|Cotton
434_sf3|Component_434|Silk
435_sf3|Component_435|Titânio
436_sf3|Component_436|Plastic
437_sf3|Component_437|Granite
438_sf3|Component_438|Wooden
439_sf3|Component_439|Iron
440_sf3|Component_440|Plastic
441_sf3|Component_441|Plastic
442_sf3|Component_442|Marble
443_sf3|Component_443|Granite
444_sf3|Component_444|Wool
445_sf3|Component_445|Wooden
446_sf3|Component_446|Leather
447_sf3|Component_447|Copper
448_sf3|Component_448|Marble
449_sf3|Component_449|Marble
450_sf3|Component_450|Titânio
451_sf3|Component_451|Cotton
452_sf3|Component_452|Linen
453_sf3|Component_453|Copper
454_sf3|Component_454|Iron
455_sf3|Component_455|Granite
456_sf3|Component_456|Plastic
457_sf3|Component_457|Linen
458_sf3|Component_458|Wool
459_sf3|Component_459|Iron
460_sf3|Component_460|Rubber
461_sf3|Component_461|Wool
462_sf3|Component_462|Wooden
463_sf3|Component_463|Cotton
464_sf3|Component_464|Leather
465_sf3|Component_465|Titânio
466_sf3|Component_466|Iron
467_sf3|Component_467|Linen
468_sf3|Component_468|Copper
469_sf3|Component_469|Iron
470_sf3|Component_470|Copper
471_sf3|Component_471|Leather
472_sf3|Component_472|Linen
473_sf3|Component_473|Leather
474_sf3|Component_474|Wooden
475_sf3|Component_475|Aluminum
476_sf3|Component_476|Leather
477_sf3|Component_477|Marble
478_sf3|Component_478|Granite
479_sf3|Component_479|Paper
480_sf3|Component_480|Titânio
481_sf3|Component_481|Paper
482_sf3|Component_482|Marble
483_sf3|Component_483|Concrete
484_sf3|Component_484|Copper
485_sf3|Component_485|Wool
486_sf3|Component_486|Aluminum
487_sf3|Component_487|Leather
488_sf3|Component_488|Concrete
489_sf3|Component_489|Steel
490_sf3|Component_490|Leather
491_sf3|Component_491|Cotton
492_sf3|Component_492|Linen
493_sf3|Component_493|Copper
494_sf3|Component_494|Granite
495_sf3|Component_495|Titânio
496_sf3|Component_496|Rubber
497_sf3|Component_497|Rubber
498_sf3|Component_498|Aluminum
499_sf3|Component_499|Iron
500_sf3|Component_500|Wooden
501_sf3|Component_501|Steel
502_sf3|Component_502|Wooden
503_sf3|Component_503|Copper
504_sf3|Component_504|Iron
505_sf3|Component_505|Plastic
506_sf3|Component_506|Silk
507_sf3|Component_507|Granite
508_sf3|Component_508|Iron
509_sf3|Component_509|Wool
510_sf3|Component_510|Titânio
511_sf3|Component_511|Granite
512_sf3|Component_512|Plastic
513_sf3|Component_513|Aluminum
514_sf3|Component_514|Leather
515_sf3|Component_515|Steel
516_sf3|Component_516|Bronze
517_sf3|Component_517|Iron
518_sf3|Component_518|Linen
519_sf3|Component_519|Granite
520_sf3|Component_520|Steel
521_sf3|Component_521|Plastic
522_sf3|Component_522|Paper
523_sf3|Component_523|Concrete
524_sf3|Component_524|Iron
525_sf3|Component_525|Titânio
526_sf3|Component_526|Leather
527_sf3|Component_527|Aluminum
528_sf3|Component_528|Aluminum
529_sf3|Component_529|Copper
530_sf3|Component_530|Rubber
531_sf3|Component_531|Leather
532_sf3|Component_532|Concrete
533_sf3|Component_533|Aluminum
534_sf3|Component_534|Silk
535_sf3|Component_535|Copper
536_sf3|Component_536|Wooden
537_sf3|Component_537|Granite
538_sf3|Component_538|Linen
539_sf3|Component_539|Plastic
540_sf3|Component_540|Titânio
541_sf3|Component_541|Silk
542_sf3|Component_542|Silk
543_sf3|Component_543|Marble
544_sf3|Component_544|Marble
545_sf3|Component_545|Silk
546_sf3|Component_546|Marble
547_sf3|Component_547|Plastic
548_sf3|Component_548|Iron
549_sf3|Component_549|Iron
550_sf3|Component_550|Bronze
551_sf3|Component_551|Granite
552_sf3|Component_552|Steel
553_sf3|Component_553|Rubber
554_sf3|Component_554|Copper
555_sf3|Component_555|Titânio
556_sf3|Component_556|Concrete
557_sf3|Component_557|Concrete
558_sf3|Component_558|Aluminum
559_sf3|Component_559|Leather
560_sf3|Component_560|Wool
561_sf3|Component_561|Wool
562_sf3|Component_562|Paper
563_sf3|Component_563|Cotton
564_sf3|Component_564|Steel
565_sf3|Component_565|Wool
566_sf3|Component_566|Concrete
567_sf3|Component_567|Concrete
568_sf3|Component_568|Bronze
569_sf3|Component_569|Steel
570_sf3|Component_570|Titânio
571_sf3|Component_571|Copper
572_sf3|Component_572|Copper
573_sf3|Component_573|Bronze
574_sf3|Component_574|Silk
575_sf3|Component_575|Cotton
576_sf3|Component_576|Aluminum
577_sf3|Component_577|Aluminum
578_sf3|Component_578|Cotton
579_sf3|Component_579|Paper
580_sf3|Component_580|Wool
581_sf3|Component_581|Wooden
582_sf3|Component_582|Marble
583_sf3|Component_583|Paper
584_sf3|Component_584|Marble
585_sf3|Component_585|Titânio
586_sf3|Component_586|Granite
587_sf3|Component_587|Plastic
588_sf3|Component_588|Concrete
589_sf3|Component_589|Wooden
590_sf3|Component_590|Copper
591_sf3|Component_591|Steel
592_sf3|Component_592|Silk
593_sf3|Component_593|Cotton
594_sf3|Component_594|Wool
595_sf3|Component_595|Silk
596_sf3|Component_596|Aluminum
597_sf3|Component_597|Linen
598_sf3|Component_598|Concrete
599_sf3|Component_599|Bronze
600_sf3|Component_600|Titânio
601_sf3|Component_601|Rubber
602_sf3|Component_602|Linen
603_sf3|Component_603|Silk
604_sf3|Component_604|Linen
605_sf3|Component_605|Silk
606_sf3|Component_606|Paper
607_sf3|Component_607|Plastic
608_sf3|Component_608|Plastic
609_sf3|Component_609|Plastic
610_sf3|Component_610|Iron
611_sf3|Component_611|Silk
612_sf3|Component_612|Steel
613_sf3|Component_613|Marble
614_sf3|Component_614|Steel
615_sf3|Component_615|Titânio
616_sf3|Component_616|Concrete
617_sf3|Component_617|Concrete
618_sf3|Component_618|Silk
619_sf3|Component_619|Rubber
620_sf3|Component_620|Rubber
621_sf3|Component_621|Bronze
622_sf3|Component_622|Iron
623_sf3|Component_623|Cotton
624_sf3|Component_624|Iron
625_sf3|Component_625|Wool
626_sf3|Component_626|Plastic
627_sf3|Component_627|Leather
628_sf3|Component_628|Bronze
629_sf3|Component_629|Plastic
630_sf3|Component_630|Titânio
631_sf3|Component_631|Aluminum
632_sf3|Component_632|Rubber
633_sf3|Component_633|Paper
634_sf3|Component_634|Silk
635_sf3|Component_635|Cotton
636_sf3|Component_636|Rubber
637_sf3|Component_637|Concrete
638_sf3|Component_638|Marble
639_sf3|Component_639|Linen
640_sf3|Component_640|Iron
641_sf3|Component_641|Bronze
642_sf3|Component_642|Aluminum
643_sf3|Component_643|Marble
644_sf3|Component_644|Plastic
645_sf3|Component_645|Titânio
646_sf3|Component_646|Marble
647_sf3|Component_647|Iron
648_sf3|Component_648|Silk
649_sf3|Component_649|Plastic
650_sf3|Component_650|Granite
651_sf3|Component_651|Concrete
652_sf3|Component_652|Copper
653_sf3|Component_653|Steel
654_sf3|Component_654|Rubber
655_sf3|Component_655|Bronze
656_sf3|Component_656|Plastic
657_sf3|Component_657|Leather
658_sf3|Component_658|Aluminum
659_sf3|Component_659|Copper
660_sf3|Component_660|Titânio
661_sf3|Component_661|Bronze
662_sf3|Component_662|Silk
663_sf3|Component_663|Silk
664_sf3|Component_664|Wool
665_sf3|Component_665|Silk
666_sf3|Component_666|Cotton
667_sf3|Component_667|Marble
668_sf3|Component_668|Cotton
669_sf3|Component_669|Iron
670_sf3|Component_670|Iron
671_sf3|Component_671|Granite
672_sf3|Component_672|Steel
673_sf3|Component_673|Granite
674_sf3|Component_674|Iron
675_sf3|Component_675|Titânio
676_sf3|Component_676|Rubber
677_sf3|Component_677|Aluminum
678_sf3|Component_678|Cotton
679_sf3|Component_679|Wool
680_sf3|Component_680|Copper
681_sf3|Component_681|Marble
682_sf3|Component_682|Plastic
683_sf3|Component_683|Plastic
684_sf3|Component_684|Bronze
685_sf3|Component_685|Wooden
686_sf3|Component_686|Rubber
687_sf3|Component_687|Copper
688_sf3|Component_688|Steel
689_sf3|Component_689|Steel
690_sf3|Component_690|Titânio
691_sf3|Component_691|Silk
692_sf3|Component_692|Copper
693_sf3|Component_693|Plastic
694_sf3|Component_694|Copper
695_sf3|Component_695|Silk
696_sf3|Component_696|Aluminum
697_sf3|Component_697|Concrete
698_sf3|Component_698|Rubber
699_sf3|Component_699|Concrete
700_sf3|Component_700|Linen
701_sf3|Component_701|Granite
702_sf3|Component_702|Leather
703_sf3|Component_703|Silk
704_sf3|Component_704|Wooden
705_sf3|Component_705|Titânio
706_sf3|Component_706|Wooden
707_sf3|Component_707|Rubber
708_sf3|Component_708|Silk
709_sf3|Component_709|Iron
710_sf3|Component_710|Copper
711_sf3|Component_711|Marble
712_sf3|Component_712|Rubber
713_sf3|Component_713|Aluminum
714_sf3|Component_714|Bronze
715_sf3|Component_715|Plastic
716_sf3|Component_716|Aluminum
717_sf3|Component_717|Cotton
718_sf3|Component_718|Linen
719_sf3|Component_719|Concrete
720_sf3|Component_720|Titânio
721_sf3|Component_721|Granite
722_sf3|Component_722|Granite
723_sf3|Component_723|Wooden
724_sf3|Component_724|Wooden
725_sf3|Component_725|Linen
726_sf3|Component_726|Wool
727_sf3|Component_727|Aluminum
728_sf3|Component_728|Silk
729_sf3|Component_729|Iron
730_sf3|Component_730|Marble
731_sf3|Component_731|Rubber
732_sf3|Component_732|Leather
733_sf3|Component_733|Steel
734_sf3|Component_734|Paper
735_sf3|Component_735|Titânio
736_sf3|Component_736|Plastic
737_sf3|Component_737|Steel
738_sf3|Component_738|Granite
739_sf3|Component_739|Granite
740_sf3|Component_740|Iron
741_sf3|Component_741|Leather
742_sf3|Component_742|Cotton
743_sf3|Component_743|Bronze
744_sf3|Component_744|Bronze
745_sf3|Component_745|Granite
746_sf3|Component_746|Paper
747_sf3|Component_747|Marble
748_sf3|Component_748|Iron
749_sf3|Component_749|Iron
750_sf3|Component_750|Titânio
751_sf3|Component_751|Aluminum
752_sf3|Component_752|Wooden
753_sf3|Component_753|Wool
754_sf3|Component_754|Granite
755_sf3|Component_755|Bronze
756_sf3|Component_756|Silk
757_sf3|Component_757|Plastic
758_sf3|Component_758|Wooden
759_sf3|Component_759|Plastic
760_sf3|Component_760|Copper
761_sf3|Component_761|Linen
762_sf3|Component_762|Paper
763_sf3|Component_763|Marble
764_sf3|Component_764|Leather
765_sf3|Component_765|Titânio
766_sf3|Component_766|Cotton
767_sf3|Component_767|Paper
768_sf3|Component_768|Concrete
769_sf3|Component_769|Linen
770_sf3|Component_770|Iron
771_sf3|Component_771|Marble
772_sf3|Component_772|Marble
773_sf3|Component_773|Iron
774_sf3|Component_774|Rubber
775_sf3|Component_775|Leather
776_sf3|Component_776|Linen
777_sf3|Component_777|Copper
778_sf3|Component_778|Wool
779_sf3|Component_779|Aluminum
780_sf3|Component_780|Titânio
781_sf3|Component_781|Wooden
782_sf3|Component_782|Copper
783_sf3|Component_783|Marble
784_sf3|Component_784|Plastic
785_sf3|Component_785|Steel
786_sf3|Component_786|Wooden
787_sf3|Component_787|Concrete
788_sf3|Component_788|Plastic
789_sf3|Component_789|Concrete
790_sf3|Component_790|Wool
791_sf3|Component_791|Rubber
792_sf3|Component_792|Linen
793_sf3|Component_793|Linen
794_sf3|Component_794|Iron
795_sf3|Component_795|Titânio
796_sf3|Component_796|Cotton
797_sf3|Component_797|Aluminum
798_sf3|Component_798|Wooden
799_sf3|Component_799|Rubber
800_sf3|Component_800|Marble
801_sf3|Component_801|Cotton
802_sf3|Component_802|Wool
803_sf3|Component_803|Copper
804_sf3|Component_804|Silk
805_sf3|Component_805|Copper
806_sf3|Component_806|Steel
807_sf3|Component_807|Aluminum
808_sf3|Component_808|Silk
809_sf3|Component_809|Leather
810_sf3|Component_810|Titânio
811_sf3|Component_811|Granite
812_sf3|Component_812|Marble
813_sf3|Component_813|Wooden
814_sf3|Component_814|Marble
815_sf3|Component_815|Marble
816_sf3|Component_816|Silk
817_sf3|Component_817|Steel
818_sf3|Component_818|Wool
819_sf3|Component_819|Granite
820_sf3|Component_820|Wool
821_sf3|Component_821|Paper
822_sf3|Component_822|Bronze
823_sf3|Component_823|Concrete
824_sf3|Component_824|Copper
825_sf3|Component_825|Titânio
826_sf3|Component_826|Leather
827_sf3|Component_827|Copper
828_sf3|Component_828|Cotton
829_sf3|Component_829|Marble
830_sf3|Component_830|Plastic
831_sf3|Component_831|Granite
832_sf3|Component_832|Wool
833_sf3|Component_833|Cotton
834_sf3|Component_834|Linen
835_sf3|Component_835|Steel
836_sf3|Component_836|Cotton
837_sf3|Component_837|Concrete
838_sf3|Component_838|Paper
839_sf3|Component_839|Marble
840_sf3|Component_840|Titânio
841_sf3|Component_841|Cotton
842_sf3|Component_842|Rubber
843_sf3|Component_843|Wooden
844_sf3|Component_844|Wooden
845_sf3|Component_845|Iron
846_sf3|Component_846|Steel
847_sf3|Component_847|Rubber
848_sf3|Component_848|Cotton
849_sf3|Component_849|Wool
850_sf3|Component_850|Wooden
851_sf3|Component_851|Wool
852_sf3|Component_852|Plastic
853_sf3|Component_853|Marble
854_sf3|Component_854|Aluminum
855_sf3|Component_855|Titânio
856_sf3|Component_856|Concrete
857_sf3|Component_857|Cotton
858_sf3|Component_858|Copper
859_sf3|Component_859|Rubber
860_sf3|Component_860|Iron
861_sf3|Component_861|Bronze
862_sf3|Component_862|Granite
863_sf3|Component_863|Granite
864_sf3|Component_864|Wool
865_sf3|Component_865|Iron
866_sf3|Component_866|Granite
867_sf3|Component_867|Leather
868_sf3|Component_868|Bronze
869_sf3|Component_869|Plastic
870_sf3|Component_870|Titânio
871_sf3|Component_871|Wool
872_sf3|Component_872|Plastic
873_sf3|Component_873|Concrete
874_sf3|Component_874|Linen
875_sf3|Component_875|Leather
876_sf3|Component_876|Cotton
877_sf3|Component_877|Wooden
878_sf3|Component_878|Bronze
879_sf3|Component_879|Granite
880_sf3|Component_880|Concrete
881_sf3|Component_881|Leather
882_sf3|Component_882|Linen
883_sf3|Component_883|Aluminum
884_sf3|Component_884|Leather
885_sf3|Component_885|Titânio
886_sf3|Component_886|Aluminum
887_sf3|Component_887|Leather
888_sf3|Component_888|Cotton
889_sf3|Component_889|Granite
890_sf3|Component_890|Wool
891_sf3|Component_891|Wooden
892_sf3|Component_892|Rubber
893_sf3|Component_893|Iron
894_sf3|Component_894|Concrete
895_sf3|Component_895|Wooden
896_sf3|Component_896|Wooden
897_sf3|Component_897|Aluminum
898_sf3|Component_898|Bronze
899_sf3|Component_899|Cotton
900_sf3|Component_900|Titânio
901_sf3|Component_901|Rubber
902_sf3|Component_902|Linen
903_sf3|Component_903|Concrete
904_sf3|Component_904|Wool
905_sf3|Component_905|Rubber
906_sf3|Component_906|Bronze
907_sf3|Component_907|Aluminum
908_sf3|Component_908|Cotton
909_sf3|Component_909|Concrete
910_sf3|Component_910|Marble
911_sf3|Component_911|Iron
912_sf3|Component_912|Copper
913_sf3|Component_913|Marble
914_sf3|Component_914|Iron
915_sf3|Component_915|Titânio
916_sf3|Component_916|Wool
917_sf3|Component_917|Copper
918_sf3|Component_918|Marble
919_sf3|Component_919|Granite
920_sf3|Component_920|Bronze
921_sf3|Component_921|Wooden
922_sf3|Component_922|Cotton
923_sf3|Component_923|Linen
924_sf3|Component_924|Wool
925_sf3|Component_925|Iron
926_sf3|Component_926|Granite
927_sf3|Component_927|Plastic
928_sf3|Component_928|Rubber
929_sf3|Component_929|Concrete
930_sf3|Component_930|Titânio
931_sf3|Component_931|Wooden
932_sf3|Component_932|Bronze
933_sf3|Component_933|Steel
934_sf3|Component_934|Aluminum
935_sf3|Component_935|Aluminum
936_sf3|Component_936|Plastic
937_sf3|Component_937|Bronze
938_sf3|Component_938|Bronze
939_sf3|Component_939|Wool
940_sf3|Component_940|Marble
941_sf3|Component_941|Silk
942_sf3|Component_942|Aluminum
943_sf3|Component_943|Wool
944_sf3|Component_944|Bronze
945_sf3|Component_945|Titânio
946_sf3|Component_946|Bronze
947_sf3|Component_947|Aluminum
948_sf3|Component_948|Leather
949_sf3|Component_949|Copper
950_sf3|Component_950|Cotton
951_sf3|Component_951|Wool
952_sf3|Component_952|Steel
953_sf3|Component_953|Cotton
954_sf3|Component_954|Plastic
955_sf3|Component_955|Marble
956_sf3|Component_956|Plastic
957_sf3|Component_957|Iron
958_sf3|Component_958|Paper
959_sf3|Component_959|Copper
960_sf3|Component_960|Titânio
961_sf3|Component_961|Plastic
962_sf3|Component_962|Concrete
963_sf3|Component_963|Marble
964_sf3|Component_964|Leather
965_sf3|Component_965|Silk
966_sf3|Component_966|Bronze
967_sf3|Component_967|Iron
968_sf3|Component_968|Bronze
969_sf3|Component_969|Wooden
970_sf3|Component_970|Granite
971_sf3|Component_971|Marble
972_sf3|Component_972|Wool
973_sf3|Component_973|Silk
974_sf3|Component_974|Wooden
975_sf3|Component_975|Titânio
976_sf3|Component_976|Rubber
977_sf3|Component_977|Paper
978_sf3|Component_978|Concrete
979_sf3|Component_979|Rubber
980_sf3|Component_980|Silk
981_sf3|Component_981|Steel
982_sf3|Component_982|Cotton
983_sf3|Component_983|Silk
984_sf3|Component_984|Silk
985_sf3|Component_985|Silk
986_sf3|Component_986|Steel
987_sf3|Component_987|Marble
988_sf3|Component_988|Iron
989_sf3|Component_989|Wooden
990_sf3|Component_990|Titânio
991_sf3|Component_991|Cotton
992_sf3|Component_992|Aluminum
993_sf3|Component_993|Wool
994_sf3|Component_994|Cotton
995_sf3|Component_995|Linen
996_sf3|Component_996|Silk
997_sf3|Component_997|Marble
998_sf3|Component_998|Concrete
999_sf3|Component_999|Plastic
1000_sf3|Component_1000|Concrete
1001_sf3|Component_1001|Plastic
1002_sf3|Component_1002|Linen
1003_sf3|Component_1003|Iron
1004_sf3|Component_1004|Plastic
1005_sf3|Component_1005|Titânio
1006_sf3|Component_1006|Cotton
1007_sf3|Component_1007|Plastic
1008_sf3|Component_1008|Steel
1009_sf3|Component_1009|Copper
1010_sf3|Component_1010|Iron
1011_sf3|Component_1011|Bronze
1012_sf3|Component_1012|Wool
1013_sf3|Component_1013|Marble
1014_sf3|Component_1014|Concrete
1015_sf3|Component_1015|Iron
1016_sf3|Component_1016|Linen
1017_sf3|Component_1017|Cotton
1018_sf3|Component_1018|Copper
1019_sf3|Component_1019|Copper
1020_sf3|Component_1020|Titânio
1021_sf3|Component_1021|Steel
1022_sf3|Component_1022|Wool
1023_sf3|Component_1023|Granite
1024_sf3|Component_1024|Wooden
1025_sf3|Component_1025|Plastic
1026_sf3|Component_1026|Silk
1027_sf3|Component_1027|Iron
1028_sf3|Component_1028|Aluminum
1029_sf3|Component_1029|Rubber
1030_sf3|Component_1030|Leather
1031_sf3|Component_1031|Concrete
1032_sf3|Component_1032|Cotton
1033_sf3|Component_1033|Iron
1034_sf3|Component_1034|Wool
1035_sf3|Component_1035|Titânio
1036_sf3|Component_1036|Wool
1037_sf3|Component_1037|Wool
1038_sf3|Component_1038|Iron
1039_sf3|Component_1039|Marble
1040_sf3|Component_1040|Paper
1041_sf3|Component_1041|Leather
1042_sf3|Component_1042|Leather
1043_sf3|Component_1043|Leather
1044_sf3|Component_1044|Wooden
1045_sf3|Component_1045|Rubber
1046_sf3|Component_1046|Marble
1047_sf3|Component_1047|Granite
1048_sf3|Component_1048|Wooden
1049_sf3|Component_1049|Wool
1050_sf3|Component_1050|Titânio
1051_sf3|Component_1051|Paper
1052_sf3|Component_1052|Bronze
1053_sf3|Component_1053|Granite
1054_sf3|Component_1054|Steel
1055_sf3|Component_1055|Cotton
1056_sf3|Component_1056|Iron
1057_sf3|Component_1057|Steel
1058_sf3|Component_1058|Wool
1059_sf3|Component_1059|Bronze
1060_sf3|Component_1060|Wool
1061_sf3|Component_1061|Silk
1062_sf3|Component_1062|Bronze
1063_sf3|Component_1063|Copper
1064_sf3|Component_1064|Silk
1065_sf3|Component_1065|Titânio
1066_sf3|Component_1066|Plastic
1067_sf3|Component_1067|Bronze
1068_sf3|Component_1068|Granite
1069_sf3|Component_1069|Leather
1070_sf3|Component_1070|Steel
1071_sf3|Component_1071|Aluminum
1072_sf3|Component_1072|Steel
1073_sf3|Component_1073|Granite
1074_sf3|Component_1074|Iron
1075_sf3|Component_1075|Granite
1076_sf3|Component_1076|Concrete
1077_sf3|Component_1077|Rubber
1078_sf3|Component_1078|Leather
1079_sf3|Component_1079|Wooden
1080_sf3|Component_1080|Titânio
1081_sf3|Component_1081|Iron
1082_sf3|Component_1082|Steel
1083_sf3|Component_1083|Concrete
1084_sf3|Component_1084|Plastic
1085_sf3|Component_1085|Iron
1086_sf3|Component_1086|Linen
1087_sf3|Component_1087|Cotton
1088_sf3|Component_1088|Granite
1089_sf3|Component_1089|Copper
1090_sf3|Component_1090|Wooden
1091_sf3|Component_1091|Concrete
1092_sf3|Component_1092|Cotton
1093_sf3|Component_1093|Aluminum
1094_sf3|Component_1094|Cotton
1095_sf3|Component_1095|Titânio
1096_sf3|Component_1096|Linen
1097_sf3|Component_1097|Concrete
1098_sf3|Component_1098|Granite
1099_sf3|Component_1099|Aluminum
1100_sf3|Component_1100|Paper
1101_sf3|Component_1101|Aluminum
1102_sf3|Component_1102|Marble
1103_sf3|Component_1103|Wooden
1104_sf3|Component_1104|Concrete
1105_sf3|Component_1105|Wool
1106_sf3|Component_1106|Silk
1107_sf3|Component_1107|Aluminum
1108_sf3|Component_1108|Iron
1109_sf3|Component_1109|Paper
1110_sf3|Component_1110|Titânio
1111_sf3|Component_1111|Iron
1112_sf3|Component_1112|Paper
1113_sf3|Component_1113|Wool
1114_sf3|Component_1114|Wooden
1115_sf3|Component_1115|Cotton
1116_sf3|Component_1116|Linen
1117_sf3|Component_1117|Concrete
1118_sf3|Component_1118|Wool
1119_sf3|Component_1119|Wool
1120_sf3|Component_1120|Wool
1121_sf3|Component_1121|Copper
1122_sf3|Component_1122|Silk
1123_sf3|Component_1123|Paper
1124_sf3|Component_1124|Wooden
1125_sf3|Component_1125|Titânio
1126_sf3|Component_1126|Bronze
1127_sf3|Component_1127|Leather
1128_sf3|Component_1128|Wooden
1129_sf3|Component_1129|Bronze
1130_sf3|Component_1130|Granite
1131_sf3|Component_1131|Granite
1132_sf3|Component_1132|Leather
1133_sf3|Component_1133|Rubber
1134_sf3|Component_1134|Bronze
1135_sf3|Component_1135|Paper
1136_sf3|Component_1136|Granite
1137_sf3|Component_1137|Linen
1138_sf3|Component_1138|Concrete
1139_sf3|Component_1139|Wooden
1140_sf3|Component_1140|Titânio
1141_sf3|Component_1141|Bronze
1142_sf3|Component_1142|Wooden
1143_sf3|Component_1143|Silk
1144_sf3|Component_1144|Plastic
1145_sf3|Component_1145|Cotton
1146_sf3|Component_1146|Granite
1147_sf3|Component_1147|Aluminum
1148_sf3|Component_1148|Granite
1149_sf3|Component_1149|Aluminum
1150_sf3|Component_1150|Steel
1151_sf3|Component_1151|Plastic
1152_sf3|Component_1152|Aluminum
1153_sf3|Component_1153|Plastic
1154_sf3|Component_1154|Plastic
1155_sf3|Component_1155|Titânio
1156_sf3|Component_1156|Paper
1157_sf3|Component_1157|Silk
1158_sf3|Component_1158|Copper
1159_sf3|Component_1159|Bronze
1160_sf3|Component_1160|Linen
1161_sf3|Component_1161|Paper
1162_sf3|Component_1162|Iron
1163_sf3|Component_1163|Bronze
1164_sf3|Component_1164|Cotton
1165_sf3|Component_1165|Concrete
1166_sf3|Component_1166|Iron
1167_sf3|Component_1167|Aluminum
1168_sf3|Component_1168|Aluminum
1169_sf3|Component_1169|Marble
1170_sf3|Component_1170|Titânio
1171_sf3|Component_1171|Copper
1172_sf3|Component_1172|Paper
1173_sf3|Component_1173|Linen
1174_sf3|Component_1174|Plastic
1175_sf3|Component_1175|Silk
1176_sf3|Component_1176|Linen
1177_sf3|Component_1177|Rubber
1178_sf3|Component_1178|Iron
1179_sf3|Component_1179|Wooden
1180_sf3|Component_1180|Copper
1181_sf3|Component_1181|Rubber
1182_sf3|Component_1182|Marble
1183_sf3|Component_1183|Bronze
1184_sf3|Component_1184|Rubber
1185_sf3|Component_1185|Titânio
1186_sf3|Component_1186|Aluminum
1187_sf3|Component_1187|Copper
1188_sf3|Component_1188|Paper
1189_sf3|Component_1189|Bronze
1190_sf3|Component_1190|Marble
1191_sf3|Component_1191|Steel
1192_sf3|Component_1192|Bronze
1193_sf3|Component_1193|Steel
1194_sf3|Component_1194|Marble
1195_sf3|Component_1195|Aluminum
1196_sf3|Component_1196|Marble
1197_sf3|Component_1197|Wooden
1198_sf3|Component_1198|Copper
1199_sf3|Component_1199|Marble
1200_sf3|Component_1200|Titânio
1201_sf3|Component_1201|Marble
1202_sf3|Component_1202|Aluminum
1203_sf3|Component_1203|Silk
1204_sf3|Component_1204|Concrete
1205_sf3|Component_1205|Paper
1206_sf3|Component_1206|Concrete
1207_sf3|Component_1207|Paper
1208_sf3|Component_1208|Iron
1209_sf3|Component_1209|Rubber
1210_sf3|Component_1210|Wooden
1211_sf3|Component_1211|Wool
1212_sf3|Component_1212|Marble
1213_sf3|Component_1213|Concrete
1214_sf3|Component_1214|Iron
1215_sf3|Component_1215|Titânio
1216_sf3|Component_1216|Wooden
1217_sf3|Component_1217|Iron
1218_sf3|Component_1218|Aluminum
1219_sf3|Component_1219|Silk
1220_sf3|Component_1220|Wool
1221_sf3|Component_1221|Silk
1222_sf3|Component_1222|Bronze
1223_sf3|Component_1223|Granite
1224_sf3|Component_1224|Iron
1225_sf3|Component_1225|Wool
1226_sf3|Component_1226|Silk
1227_sf3|Component_1227|Aluminum
1228_sf3|Component_1228|Bronze
1229_sf3|Component_1229|Aluminum
1230_sf3|Component_1230|Titânio
1231_sf3|Component_1231|Plastic
1232_sf3|Component_1232|Linen
1233_sf3|Component_1233|Silk
1234_sf3|Component_1234|Leather
1235_sf3|Component_1235|Wooden
1236_sf3|Component_1236|Copper
1237_sf3|Component_1237|Copper
1238_sf3|Component_1238|Rubber
1239_sf3|Component_1239|Marble
1240_sf3|Component_1240|Wool
1241_sf3|Component_1241|Plastic
1242_sf3|Component_1242|Iron
1243_sf3|Component_1243|Silk
1244_sf3|Component_1244|Cotton
1245_sf3|Component_1245|Titânio
1246_sf3|Component_1246|Copper
1247_sf3|Component_1247|Bronze
1248_sf3|Component_1248|Plastic
1249_sf3|Component_1249|Plastic
1250_sf3|Component_1250|Cotton
1251_sf3|Component_1251|Iron
1252_sf3|Component_1252|Concrete
1253_sf3|Component_1253|Leather
1254_sf3|Component_1254|Paper
1255_sf3|Component_1255|Concrete
1256_sf3|Component_1256|Steel
1257_sf3|Component_1257|Wool
1258_sf3|Component_1258|Concrete
1259_sf3|Component_1259|Marble
1260_sf3|Component_1260|Titânio
1261_sf3|Component_1261|Cotton
1262_sf3|Component_1262|Silk
1263_sf3|Component_1263|Paper
1264_sf3|Component_1264|Silk
1265_sf3|Component_1265|Plastic
1266_sf3|Component_1266|Linen
1267_sf3|Component_1267|Granite
1268_sf3|Component_1268|Leather
1269_sf3|Component_1269|Silk
1270_sf3|Component_1270|Granite
1271_sf3|Component_1271|Copper
1272_sf3|Component_1272|Paper
1273_sf3|Component_1273|Iron
1274_sf3|Component_1274|Leather
1275_sf3|Component_1275|Titânio
1276_sf3|Component_1276|Iron
1277_sf3|Component_1277|Leather
1278_sf3|Component_1278|Wool
1279_sf3|Component_1279|Silk
1280_sf3|Component_1280|Rubber
1281_sf3|Component_1281|Concrete
1282_sf3|Component_1282|Rubber
1283_sf3|Component_1283|Wool
1284_sf3|Component_1284|Cotton
1285_sf3|Component_1285|Bronze
1286_sf3|Component_1286|Bronze
1287_sf3|Component_1287|Wool
1288_sf3|Component_1288|Bronze
1289_sf3|Component_1289|Copper
1290_sf3|Component_1290|Titânio
1291_sf3|Component_1291|Cotton
1292_sf3|Component_1292|Granite
1293_sf3|Component_1293|Plastic
1294_sf3|Component_1294|Wool
1295_sf3|Component_1295|Cotton
1296_sf3|Component_1296|Rubber
1297_sf3|Component_1297|Copper
1298_sf3|Component_1298|Iron
1299_sf3|Component_1299|Marble
1300_sf3|Component_1300|Rubber
1301_sf3|Component_1301|Cotton
1302_sf3|Component_1302|Paper
1303_sf3|Component_1303|Iron
1304_sf3|Component_1304|Leather
1305_sf3|Component_1305|Titânio
1306_sf3|Component_1306|Wool
1307_sf3|Component_1307|Paper
1308_sf3|Component_1308|Plastic
1309_sf3|Component_1309|Concrete
1310_sf3|Component_1310|Paper
1311_sf3|Component_1311|Wooden
1312_sf3|Component_1312|Steel
1313_sf3|Component_1313|Concrete
1314_sf3|Component_1314|Silk
1315_sf3|Component_1315|Bronze
1316_sf3|Component_1316|Granite
1317_sf3|Component_1317|Marble
1318_sf3|Component_1318|Aluminum
1319_sf3|Component_1319|Aluminum
1320_sf3|Component_1320|Titânio
1321_sf3|Component_1321|Aluminum
1322_sf3|Component_1322|Wooden
1323_sf3|Component_1323|Steel
1324_sf3|Component_1324|Silk
1325_sf3|Component_1325|Copper
1326_sf3|Component_1326|Wooden
1327_sf3|Component_1327|Rubber
1328_sf3|Component_1328|Silk
1329_sf3|Component_1329|Cotton
1330_sf3|Component_1330|Aluminum
1331_sf3|Component_1331|Wool
1332_sf3|Component_1332|Cotton
1333_sf3|Component_1333|Iron
1334_sf3|Component_1334|Wool
1335_sf3|Component_1335|Titânio
1336_sf3|Component_1336|Marble
1337_sf3|Component_1337|Silk
1338_sf3|Component_1338|Iron
1339_sf3|Component_1339|Linen
1340_sf3|Component_1340|Copper
1341_sf3|Component_1341|Silk
1342_sf3|Component_1342|Silk
1343_sf3|Component_1343|Steel
1344_sf3|Component_1344|Steel
1345_sf3|Component_1345|Plastic
1346_sf3|Component_1346|Leather
1347_sf3|Component_1347|Wooden
1348_sf3|Component_1348|Paper
1349_sf3|Component_1349|Bronze
1350_sf3|Component_1350|Titânio
1351_sf3|Component_1351|Bronze
1352_sf3|Component_1352|Plastic
1353_sf3|Component_1353|Granite
1354_sf3|Component_1354|Aluminum
1355_sf3|Component_1355|Leather
1356_sf3|Component_1356|Leather
1357_sf3|Component_1357|Rubber
1358_sf3|Component_1358|Linen
1359_sf3|Component_1359|Silk
1360_sf3|Component_1360|Concrete
1361_sf3|Component_1361|Plastic
1362_sf3|Component_1362|Steel
1363_sf3|Component_1363|Bronze
1364_sf3|Component_1364|Bronze
1365_sf3|Component_1365|Titânio
1366_sf3|Component_1366|Plastic
1367_sf3|Component_1367|Linen
1368_sf3|Component_1368|Concrete
1369_sf3|Component_1369|Plastic
1370_sf3|Component_1370|Bronze
1371_sf3|Component_1371|Silk
1372_sf3|Component_1372|Aluminum
1373_sf3|Component_1373|Cotton
1374_sf3|Component_1374|Iron
1375_sf3|Component_1375|Wooden
1376_sf3|Component_1376|Cotton
1377_sf3|Component_1377|Linen
1378_sf3|Component_1378|Aluminum
1379_sf3|Component_1379|Marble
1380_sf3|Component_1380|Titânio
1381_sf3|Component_1381|Concrete
1382_sf3|Component_1382|Bronze
1383_sf3|Component_1383|Copper
1384_sf3|Component_1384|Silk
1385_sf3|Component_1385|Cotton
1386_sf3|Component_1386|Aluminum
1387_sf3|Component_1387|Concrete
1388_sf3|Component_1388|Leather
1389_sf3|Component_1389|Aluminum
1390_sf3|Component_1390|Aluminum
1391_sf3|Component_1391|Leather
1392_sf3|Component_1392|Iron
1393_sf3|Component_1393|Silk
1394_sf3|Component_1394|Wool
1395_sf3|Component_1395|Titânio
1396_sf3|Component_1396|Leather
1397_sf3|Component_1397|Cotton
1398_sf3|Component_1398|Plastic
1399_sf3|Component_1399|Marble
1400_sf3|Component_1400|Concrete
1401_sf3|Component_1401|Aluminum
1402_sf3|Component_1402|Concrete
1403_sf3|Component_1403|Aluminum
1404_sf3|Component_1404|Wool
1405_sf3|Component_1405|Paper
1406_sf3|Component_1406|Wooden
1407_sf3|Component_1407|Granite
1408_sf3|Component_1408|Rubber
1409_sf3|Component_1409|Granite
1410_sf3|Component_1410|Titânio
1411_sf3|Component_1411|Steel
1412_sf3|Component_1412|Marble
1413_sf3|Component_1413|Granite
1414_sf3|Component_1414|Aluminum
1415_sf3|Component_1415|Plastic
1416_sf3|Component_1416|Aluminum
1417_sf3|Component_1417|Iron
1418_sf3|Component_1418|Wooden
1419_sf3|Component_1419|Rubber
1420_sf3|Component_1420|Leather
1421_sf3|Component_1421|Aluminum
1422_sf3|Component_1422|Concrete
1423_sf3|Component_1423|Rubber
1424_sf3|Component_1424|Wool
1425_sf3|Component_1425|Titânio
1426_sf3|Component_1426|Wooden
1427_sf3|Component_1427|Bronze
1428_sf3|Component_1428|Aluminum
1429_sf3|Component_1429|Aluminum
1430_sf3|Component_1430|Iron
1431_sf3|Component_1431|Aluminum
1432_sf3|Component_1432|Wooden
1433_sf3|Component_1433|Wool
1434_sf3|Component_1434|Rubber
1435_sf3|Component_1435|Aluminum
1436_sf3|Component_1436|Marble
1437_sf3|Component_1437|Concrete
1438_sf3|Component_1438|Granite
1439_sf3|Component_1439|Cotton
1440_sf3|Component_1440|Titânio
1441_sf3|Component_1441|Silk
1442_sf3|Component_1442|Wool
1443_sf3|Component_1443|Wool
1444_sf3|Component_1444|Iron
1445_sf3|Component_1445|Plastic
1446_sf3|Component_1446|Aluminum
1447_sf3|Component_1447|Rubber
1448_sf3|Component_1448|Wool
1449_sf3|Component_1449|Steel
1450_sf3|Component_1450|Wool
1451_sf3|Component_1451|Aluminum
1452_sf3|Component_1452|Wool
1453_sf3|Component_1453|Copper
1454_sf3|Component_1454|Wooden
1455_sf3|Component_1455|Titânio
1456_sf3|Component_1456|Plastic
1457_sf3|Component_1457|Rubber
1458_sf3|Component_1458|Steel
1459_sf3|Component_1459|Bronze
1460_sf3|Component_1460|Copper
1461_sf3|Component_1461|Granite
1462_sf3|Component_1462|Wool
1463_sf3|Component_1463|Wooden
1464_sf3|Component_1464|Rubber
1465_sf3|Component_1465|Paper
1466_sf3|Component_1466|Leather
1467_sf3|Component_1467|Rubber
1468_sf3|Component_1468|Wooden
1469_sf3|Component_1469|Steel
1470_sf3|Component_1470|Titânio
1471_sf3|Component_1471|Steel
1472_sf3|Component_1472|Wooden
1473_sf3|Component_1473|Silk
1474_sf3|Component_1474|Silk
1475_sf3|Component_1475|Rubber
1476_sf3|Component_1476|Plastic
1477_sf3|Component_1477|Wooden
1478_sf3|Component_1478|Concrete
1479_sf3|Component_1479|Silk
1480_sf3|Component_1480|Wooden
1481_sf3|Component_1481|Granite
1482_sf3|Component_1482|Linen
1483_sf3|Component_1483|Leather
1484_sf3|Component_1484|Copper
1485_sf3|Component_1485|Titânio
1486_sf3|Component_1486|Bronze
1487_sf3|Component_1487|Aluminum
1488_sf3|Component_1488|Bronze
1489_sf3|Component_1489|Concrete
1490_sf3|Component_1490|Bronze
1491_sf3|Component_1491|Wooden
1492_sf3|Component_1492|Iron
1493_sf3|Component_1493|Silk
1494_sf3|Component_1494|Iron
1495_sf3|Component_1495|Aluminum
1496_sf3|Component_1496|Silk
1497_sf3|Component_1497|Linen
1498_sf3|Component_1498|Cotton
1499_sf3|Component_1499|Aluminum
1500_sf3|Component_1500|Titânio
1501_sf3|Component_1501|Concrete
1502_sf3|Component_1502|Leather
1503_sf3|Component_1503|Rubber
1504_sf3|Component_1504|Cotton
1505_sf3|Component_1505|Leather
1506_sf3|Component_1506|Linen
1507_sf3|Component_1507|Cotton
1508_sf3|Component_1508|Linen
1509_sf3|Component_1509|Linen
1510_sf3|Component_1510|Leather
1511_sf3|Component_1511|Granite
1512_sf3|Component_1512|Marble
1513_sf3|Component_1513|Wooden
1514_sf3|Component_1514|Aluminum
1515_sf3|Component_1515|Titânio
1516_sf3|Component_1516|Wool
1517_sf3|Component_1517|Plastic
1518_sf3|Component_1518|Iron
1519_sf3|Component_1519|Marble
1520_sf3|Component_1520|Linen
1521_sf3|Component_1521|Bronze
1522_sf3|Component_1522|Wool
1523_sf3|Component_1523|Copper
1524_sf3|Component_1524|Silk
1525_sf3|Component_1525|Rubber
1526_sf3|Component_1526|Plastic
1527_sf3|Component_1527|Steel
1528_sf3|Component_1528|Bronze
1529_sf3|Component_1529|Rubber
1530_sf3|Component_1530|Titânio
1531_sf3|Component_1531|Linen
1532_sf3|Component_1532|Aluminum
1533_sf3|Component_1533|Linen
1534_sf3|Component_1534|Iron
1535_sf3|Component_1535|Wool
1536_sf3|Component_1536|Silk
1537_sf3|Component_1537|Granite
1538_sf3|Component_1538|Concrete
1539_sf3|Component_1539|Wool
1540_sf3|Component_1540|Concrete
1541_sf3|Component_1541|Granite
1542_sf3|Component_1542|Iron
1543_sf3|Component_1543|Marble
1544_sf3|Component_1544|Paper
1545_sf3|Component_1545|Titânio
1546_sf3|Component_1546|Plastic
1547_sf3|Component_1547|Wool
1548_sf3|Component_1548|Leather
1549_sf3|Component_1549|Leather
1550_sf3|Component_1550|Wool
1551_sf3|Component_1551|Paper
1552_sf3|Component_1552|Wooden
1553_sf3|Component_1553|Aluminum
1554_sf3|Component_1554|Wooden
1555_sf3|Component_1555|Cotton
1556_sf3|Component_1556|Copper
1557_sf3|Component_1557|Marble
1558_sf3|Component_1558|Iron
1559_sf3|Component_1559|Granite
1560_sf3|Component_1560|Titânio
1561_sf3|Component_1561|Wooden
1562_sf3|Component_1562|Concrete
1563_sf3|Component_1563|Plastic
1564_sf3|Component_1564|Cotton
1565_sf3|Component_1565|Wooden
1566_sf3|Component_1566|Plastic
1567_sf3|Component_1567|Iron
1568_sf3|Component_1568|Plastic
1569_sf3|Component_1569|Silk
1570_sf3|Component_1570|Bronze
1571_sf3|Component_1571|Granite
1572_sf3|Component_1572|Aluminum
1573_sf3|Component_1573|Rubber
1574_sf3|Component_1574|Copper
1575_sf3|Component_1575|Titânio
1576_sf3|Component_1576|Rubber
1577_sf3|Component_1577|Cotton
1578_sf3|Component_1578|Paper
1579_sf3|Component_1579|Copper
1580_sf3|Component_1580|Steel
1581_sf3|Component_1581|Plastic
1582_sf3|Component_1582|Linen
1583_sf3|Component_1583|Steel
1584_sf3|Component_1584|Silk
1585_sf3|Component_1585|Steel
1586_sf3|Component_1586|Leather
1587_sf3|Component_1587|Steel
1588_sf3|Component_1588|Silk
1589_sf3|Component_1589|Bronze
1590_sf3|Component_1590|Titânio
1591_sf3|Component_1591|Cotton
1592_sf3|Component_1592|Rubber
1593_sf3|Component_1593|Paper
1594_sf3|Component_1594|Steel
1595_sf3|Component_1595|Cotton
1596_sf3|Component_1596|Aluminum
1597_sf3|Component_1597|Concrete
1598_sf3|Component_1598|Wool
1599_sf3|Component_1599|Silk
1600_sf3|Component_1600|Wool
1601_sf3|Component_1601|Aluminum
1602_sf3|Component_1602|Aluminum
1603_sf3|Component_1603|Bronze
1604_sf3|Component_1604|Granite
1605_sf3|Component_1605|Titânio
1606_sf3|Component_1606|Cotton
1607_sf3|Component_1607|Linen
1608_sf3|Component_1608|Copper
1609_sf3|Component_1609|Wooden
1610_sf3|Component_1610|Marble
1611_sf3|Component_1611|Marble
1612_sf3|Component_1612|Concrete
1613_sf3|Component_1613|Marble
1614_sf3|Component_1614|Granite
1615_sf3|Component_1615|Granite
1616_sf3|Component_1616|Aluminum
1617_sf3|Component_1617|Silk
1618_sf3|Component_1618|Linen
1619_sf3|Component_1619|Marble
1620_sf3|Component_1620|Titânio
1621_sf3|Component_1621|Iron
1622_sf3|Component_1622|Cotton
1623_sf3|Component_1623|Silk
1624_sf3|Component_1624|Granite
1625_sf3|Component_1625|Cotton
1626_sf3|Component_1626|Rubber
1627_sf3|Component_1627|Plastic
1628_sf3|Component_1628|Aluminum
1629_sf3|Component_1629|Copper
1630_sf3|Component_1630|Leather
1631_sf3|Component_1631|Wooden
1632_sf3|Component_1632|Silk
1633_sf3|Component_1633|Cotton
1634_sf3|Component_1634|Wool
1635_sf3|Component_1635|Titânio
1636_sf3|Component_1636|Wooden
1637_sf3|Component_1637|Cotton
1638_sf3|Component_1638|Silk
1639_sf3|Component_1639|Marble
1640_sf3|Component_1640|Copper
1641_sf3|Component_1641|Leather
1642_sf3|Component_1642|Rubber
1643_sf3|Component_1643|Paper
1644_sf3|Component_1644|Granite
1645_sf3|Component_1645|Plastic
1646_sf3|Component_1646|Aluminum
1647_sf3|Component_1647|Concrete
1648_sf3|Component_1648|Paper
1649_sf3|Component_1649|Paper
1650_sf3|Component_1650|Titânio
1651_sf3|Component_1651|Cotton
1652_sf3|Component_1652|Paper
1653_sf3|Component_1653|Bronze
1654_sf3|Component_1654|Iron
1655_sf3|Component_1655|Plastic
1656_sf3|Component_1656|Aluminum
1657_sf3|Component_1657|Linen
1658_sf3|Component_1658|Paper
1659_sf3|Component_1659|Marble
1660_sf3|Component_1660|Linen
1661_sf3|Component_1661|Plastic
1662_sf3|Component_1662|Silk
1663_sf3|Component_1663|Copper
1664_sf3|Component_1664|Cotton
1665_sf3|Component_1665|Titânio
1666_sf3|Component_1666|Wooden
1667_sf3|Component_1667|Wooden
1668_sf3|Component_1668|Granite
1669_sf3|Component_1669|Wool
1670_sf3|Component_1670|Copper
1671_sf3|Component_1671|Aluminum
1672_sf3|Component_1672|Wool
1673_sf3|Component_1673|Copper
1674_sf3|Component_1674|Wool
1675_sf3|Component_1675|Marble
1676_sf3|Component_1676|Copper
1677_sf3|Component_1677|Iron
1678_sf3|Component_1678|Plastic
1679_sf3|Component_1679|Cotton
1680_sf3|Component_1680|Titânio
1681_sf3|Component_1681|Leather
1682_sf3|Component_1682|Steel
1683_sf3|Component_1683|Leather
1684_sf3|Component_1684|Iron
1685_sf3|Component_1685|Aluminum
1686_sf3|Component_1686|Silk
1687_sf3|Component_1687|Bronze
1688_sf3|Component_1688|Concrete
1689_sf3|Component_1689|Iron
1690_sf3|Component_1690|Aluminum
1691_sf3|Component_1691|Concrete
1692_sf3|Component_1692|Wooden
1693_sf3|Component_1693|Bronze
1694_sf3|Component_1694|Bronze
1695_sf3|Component_1695|Titânio
1696_sf3|Component_1696|Iron
1697_sf3|Component_1697|Silk
1698_sf3|Component_1698|Copper
1699_sf3|Component_1699|Bronze
1700_sf3|Component_1700|Paper
1701_sf3|Component_1701|Rubber
1702_sf3|Component_1702|Rubber
1703_sf3|Component_1703|Copper
1704_sf3|Component_1704|Plastic
1705_sf3|Component_1705|Paper
1706_sf3|Component_1706|Aluminum
1707_sf3|Component_1707|Marble
1708_sf3|Component_1708|Copper
1709_sf3|Component_1709|Leather
1710_sf3|Component_1710|Titânio
1711_sf3|Component_1711|Leather
1712_sf3|Component_1712|Cotton
1713_sf3|Component_1713|Linen
1714_sf3|Component_1714|Silk
1715_sf3|Component_1715|Linen
1716_sf3|Component_1716|Bronze
1717_sf3|Component_1717|Bronze
1718_sf3|Component_1718|Steel
1719_sf3|Component_1719|Aluminum
1720_sf3|Component_1720|Granite
1721_sf3|Component_1721|Wooden
1722_sf3|Component_1722|Concrete
1723_sf3|Component_1723|Marble
1724_sf3|Component_1724|Copper
1725_sf3|Component_1725|Titânio
1726_sf3|Component_1726|Copper
1727_sf3|Component_1727|Plastic
1728_sf3|Component_1728|Aluminum
1729_sf3|Component_1729|Wool
1730_sf3|Component_1730|Copper
1731_sf3|Component_1731|Bronze
1732_sf3|Component_1732|Copper
1733_sf3|Component_1733|Silk
1734_sf3|Component_1734|Granite
1735_sf3|Component_1735|Plastic
1736_sf3|Component_1736|Aluminum
1737_sf3|Component_1737|Silk
1738_sf3|Component_1738|Wool
1739_sf3|Component_1739|Steel
1740_sf3|Component_1740|Titânio
1741_sf3|Component_1741|Rubber
1742_sf3|Component_1742|Paper
1743_sf3|Component_1743|Paper
1744_sf3|Component_1744|Wooden
1745_sf3|Component_1745|Iron
1746_sf3|Component_1746|Leather
1747_sf3|Component_1747|Copper
1748_sf3|Component_1748|Cotton
1749_sf3|Component_1749|Plastic
1750_sf3|Component_1750|Aluminum
1751_sf3|Component_1751|Concrete
1752_sf3|Component_1752|Linen
1753_sf3|Component_1753|Aluminum
1754_sf3|Component_1754|Rubber
1755_sf3|Component_1755|Titânio
1756_sf3|Component_1756|Copper
1757_sf3|Component_1757|Bronze
1758_sf3|Component_1758|Wool
1759_sf3|Component_1759|Bronze
1760_sf3|Component_1760|Bronze
1761_sf3|Component_1761|Silk
1762_sf3|Component_1762|Linen
1763_sf3|Component_1763|Wool
1764_sf3|Component_1764|Cotton
1765_sf3|Component_1765|Cotton
1766_sf3|Component_1766|Steel
1767_sf3|Component_1767|Granite
1768_sf3|Component_1768|Linen
1769_sf3|Component_1769|Steel
1770_sf3|Component_1770|Titânio
1771_sf3|Component_1771|Steel
1772_sf3|Component_1772|Plastic
1773_sf3|Component_1773|Copper
1774_sf3|Component_1774|Plastic
1775_sf3|Component_1775|Steel
1776_sf3|Component_1776|Wool
1777_sf3|Component_1777|Aluminum
1778_sf3|Component_1778|Marble
1779_sf3|Component_1779|Leather
1780_sf3|Component_1780|Rubber
1781_sf3|Component_1781|Silk
1782_sf3|Component_1782|Rubber
1783_sf3|Component_1783|Silk
1784_sf3|Component_1784|Paper
1785_sf3|Component_1785|Titânio
1786_sf3|Component_1786|Iron
1787_sf3|Component_1787|Linen
1788_sf3|Component_1788|Aluminum
1789_sf3|Component_1789|Linen
1790_sf3|Component_1790|Steel
1791_sf3|Component_1791|Bronze
1792_sf3|Component_1792|Bronze
1793_sf3|Component_1793|Copper
1794_sf3|Component_1794|Cotton
1795_sf3|Component_1795|Plastic
1796_sf3|Component_1796|Iron
1797_sf3|Component_1797|Steel
1798_sf3|Component_1798|Granite
1799_sf3|Component_1799|Rubber
1800_sf3|Component_1800|Titânio
1801_sf3|Component_1801|Cotton
1802_sf3|Component_1802|Aluminum
1803_sf3|Component_1803|Leather
1804_sf3|Component_1804|Leather
1805_sf3|Component_1805|Copper
1806_sf3|Component_1806|Bronze
1807_sf3|Component_1807|Silk
1808_sf3|Component_1808|Bronze
1809_sf3|Component_1809|Rubber
1810_sf3|Component_1810|Paper
1811_sf3|Component_1811|Granite
1812_sf3|Component_1812|Marble
1813_sf3|Component_1813|Steel
1814_sf3|Component_1814|Concrete
1815_sf3|Component_1815|Titânio
1816_sf3|Component_1816|Leather
1817_sf3|Component_1817|Paper
1818_sf3|Component_1818|Cotton
1819_sf3|Component_1819|Linen
1820_sf3|Component_1820|Marble
1821_sf3|Component_1821|Rubber
1822_sf3|Component_1822|Paper
1823_sf3|Component_1823|Plastic
1824_sf3|Component_1824|Bronze
1825_sf3|Component_1825|Plastic
1826_sf3|Component_1826|Steel
1827_sf3|Component_1827|Steel
1828_sf3|Component_1828|Aluminum
1829_sf3|Component_1829|Wooden
1830_sf3|Component_1830|Titânio
1831_sf3|Component_1831|Aluminum
1832_sf3|Component_1832|Silk
1833_sf3|Component_1833|Aluminum
1834_sf3|Component_1834|Granite
1835_sf3|Component_1835|Copper
1836_sf3|Component_1836|Silk
1837_sf3|Component_1837|Granite
1838_sf3|Component_1838|Concrete
1839_sf3|Component_1839|Steel
1840_sf3|Component_1840|Granite
1841_sf3|Component_1841|Wool
1842_sf3|Component_1842|Wooden
1843_sf3|Component_1843|Granite
1844_sf3|Component_1844|Bronze
1845_sf3|Component_1845|Titânio
1846_sf3|Component_1846|Plastic
1847_sf3|Component_1847|Steel
1848_sf3|Component_1848|Paper
1849_sf3|Component_1849|Silk
1850_sf3|Component_1850|Copper
1851_sf3|Component_1851|Marble
1852_sf3|Component_1852|Leather
1853_sf3|Component_1853|Paper
1854_sf3|Component_1854|Granite
1855_sf3|Component_1855|Granite
1856_sf3|Component_1856|Concrete
1857_sf3|Component_1857|Cotton
1858_sf3|Component_1858|Wooden
1859_sf3|Component_1859|Wool
1860_sf3|Component_1860|Titânio
1861_sf3|Component_1861|Linen
1862_sf3|Component_1862|Copper
1863_sf3|Component_1863|Granite
1864_sf3|Component_1864|Granite
1865_sf3|Component_1865|Steel
1866_sf3|Component_1866|Wool
1867_sf3|Component_1867|Aluminum
1868_sf3|Component_1868|Concrete
1869_sf3|Component_1869|Plastic
1870_sf3|Component_1870|Iron
1871_sf3|Component_1871|Linen
1872_sf3|Component_1872|Steel
1873_sf3|Component_1873|Silk
1874_sf3|Component_1874|Leather
1875_sf3|Component_1875|Titânio
1876_sf3|Component_1876|Linen
1877_sf3|Component_1877|Wooden
1878_sf3|Component_1878|Marble
1879_sf3|Component_1879|Paper
1880_sf3|Component_1880|Iron
1881_sf3|Component_1881|Paper
1882_sf3|Component_1882|Concrete
1883_sf3|Component_1883|Linen
1884_sf3|Component_1884|Steel
1885_sf3|Component_1885|Marble
1886_sf3|Component_1886|Granite
1887_sf3|Component_1887|Linen
1888_sf3|Component_1888|Leather
1889_sf3|Component_1889|Copper
1890_sf3|Component_1890|Titânio
1891_sf3|Component_1891|Linen
1892_sf3|Component_1892|Steel
1893_sf3|Component_1893|Granite
1894_sf3|Component_1894|Wool
1895_sf3|Component_1895|Marble
1896_sf3|Component_1896|Steel
1897_sf3|Component_1897|Granite
1898_sf3|Component_1898|Linen
1899_sf3|Component_1899|Granite
1900_sf3|Component_1900|Leather
1901_sf3|Component_1901|Linen
1902_sf3|Component_1902|Cotton
1903_sf3|Component_1903|Steel
1904_sf3|Component_1904|Aluminum
1905_sf3|Component_1905|Titânio
1906_sf3|Component_1906|Linen
1907_sf3|Component_1907|Copper
1908_sf3|Component_1908|Wooden
1909_sf3|Component_1909|Linen
1910_sf3|Component_1910|Plastic
1911_sf3|Component_1911|Bronze
1912_sf3|Component_1912|Silk
1913_sf3|Component_1913|Plastic
1914_sf3|Component_1914|Linen
1915_sf3|Component_1915|Copper
1916_sf3|Component_1916|Wooden
1917_sf3|Component_1917|Marble
1918_sf3|Component_1918|Paper
1919_sf3|Component_1919|Aluminum
1920_sf3|Component_1920|Titânio
1921_sf3|Component_1921|Steel
1922_sf3|Component_1922|Wool
1923_sf3|Component_1923|Linen
1924_sf3|Component_1924|Aluminum
1925_sf3|Component_1925|Bronze
1926_sf3|Component_1926|Marble
1927_sf3|Component_1927|Steel
1928_sf3|Component_1928|Bronze
1929_sf3|Component_1929|Copper
1930_sf3|Component_1930|Wool
1931_sf3|Component_1931|Rubber
1932_sf3|Component_1932|Silk
1933_sf3|Component_1933|Aluminum
1934_sf3|Component_1934|Linen
1935_sf3|Component_1935|Titânio
1936_sf3|Component_1936|Granite
1937_sf3|Component_1937|Marble
1938_sf3|Component_1938|Wool
1939_sf3|Component_1939|Cotton
1940_sf3|Component_1940|Marble
1941_sf3|Component_1941|Granite
1942_sf3|Component_1942|Linen
1943_sf3|Component_1943|Iron
1944_sf3|Component_1944|Silk
1945_sf3|Component_1945|Iron
1946_sf3|Component_1946|Leather
1947_sf3|Component_1947|Plastic
1948_sf3|Component_1948|Paper
1949_sf3|Component_1949|Wool
1950_sf3|Component_1950|Titânio
1951_sf3|Component_1951|Leather
1952_sf3|Component_1952|Iron
1953_sf3|Component_1953|Cotton
1954_sf3|Component_1954|Wool
1955_sf3|Component_1955|Marble
1956_sf3|Component_1956|Steel
1957_sf3|Component_1957|Leather
1958_sf3|Component_1958|Silk
1959_sf3|Component_1959|Linen
1960_sf3|Component_1960|Cotton
1961_sf3|Component_1961|Cotton
1962_sf3|Component_1962|Cotton
1963_sf3|Component_1963|Concrete
1964_sf3|Component_1964|Paper
1965_sf3|Component_1965|Titânio
1966_sf3|Component_1966|Leather
1967_sf3|Component_1967|Rubber
1968_sf3|Component_1968|Cotton
1969_sf3|Component_1969|Cotton
1970_sf3|Component_1970|Leather
1971_sf3|Component_1971|Marble
1972_sf3|Component_1972|Leather
1973_sf3|Component_1973|Copper
1974_sf3|Component_1974|Granite
1975_sf3|Component_1975|Wooden
1976_sf3|Component_1976|Bronze
1977_sf3|Component_1977|Granite
1978_sf3|Component_1978|Leather
1979_sf3|Component_1979|Wool
1980_sf3|Component_1980|Titânio
1981_sf3|Component_1981|Steel
1982_sf3|Component_1982|Wool
1983_sf3|Component_1983|Bronze
1984_sf3|Component_1984|Linen
1985_sf3|Component_1985|Bronze
1986_sf3|Component_1986|Wooden
1987_sf3|Component_1987|Wooden
1988_sf3|Component_1988|Granite
1989_sf3|Component_1989|Granite
1990_sf3|Component_1990|Cotton
1991_sf3|Component_1991|Paper
1992_sf3|Component_1992|Cotton
1993_sf3|Component_1993|Granite
1994_sf3|Component_1994|Marble
1995_sf3|Component_1995|Titânio
1996_sf3|Component_1996|Leather
1997_sf3|Component_1997|Plastic
1998_sf3|Component_1998|Rubber
1999_sf3|Component_1999|Bronze
0_sf4|Component_0|Titânio
1_sf4|Component_1|Steel
2_sf4|Component_2|Plastic
3_sf4|Component_3|Steel
4_sf4|Component_4|Linen
5_sf4|Component_5|Wool
6_sf4|Component_6|Leather
7_sf4|Component_7|Steel
8_sf4|Component_8|Granite
9_sf4|Component_9|Rubber
10_sf4|Component_10|Marble
11_sf4|Component_11|Cotton
12_sf4|Component_12|Copper
13_sf4|Component_13|Copper
14_sf4|Component_14|Marble
15_sf4|Component_15|Titânio
16_sf4|Component_16|Silk
17_sf4|Component_17|Leather
18_sf4|Component_18|Bronze
19_sf4|Component_19|Silk
20_sf4|Component_20|Bronze
21_sf4|Component_21|Paper
22_sf4|Component_22|Cotton
23_sf4|Component_23|Concrete
24_sf4|Component_24|Linen
25_sf4|Component_25|Plastic
26_sf4|Component_26|Marble
27_sf4|Component_27|Granite
28_sf4|Component_28|Aluminum
29_sf4|Component_29|Wool
30_sf4|Component_30|Titânio
31_sf4|Component_31|Wooden
32_sf4|Component_32|Marble
33_sf4|Component_33|Plastic
34_sf4|Component_34|Concrete
35_sf4|Component_35|Leather
36_sf4|Component_36|Aluminum
37_sf4|Component_37|Paper
38_sf4|Component_38|Aluminum
39_sf4|Component_39|Steel
40_sf4|Component_40|Plastic
41_sf4|Component_41|Wool
42_sf4|Component_42|Aluminum
43_sf4|Component_43|Linen
44_sf4|Component_44|Rubber
45_sf4|Component_45|Titânio
46_sf4|Component_46|Paper
47_sf4|Component_47|Steel
48_sf4|Component_48|Wooden
49_sf4|Component_49|Paper
50_sf4|Component_50|Rubber
51_sf4|Component_51|Paper
52_sf4|Component_52|Bronze
53_sf4|Component_53|Linen
54_sf4|Component_54|Silk
55_sf4|Component_55|Linen
56_sf4|Component_56|Steel
57_sf4|Component_57|Plastic
58_sf4|Component_58|Linen
59_sf4|Component_59|Wool
60_sf4|Component_60|Titânio
61_sf4|Component_61|Concrete
62_sf4|Component_62|Iron
63_sf4|Component_63|Plastic
64_sf4|Component_64|Marble
65_sf4|Component_65|Iron
66_sf4|Component_66|Wooden
67_sf4|Component_67|Iron
68_sf4|Component_68|Aluminum
69_sf4|Component_69|Rubber
70_sf4|Component_70|Wooden
71_sf4|Component_71|Marble
72_sf4|Component_72|Copper
73_sf4|Component_73|Granite
74_sf4|Component_74|Cotton
75_sf4|Component_75|Titânio
76_sf4|Component_76|Plastic
77_sf4|Component_77|Rubber
78_sf4|Component_78|Concrete
79_sf4|Component_79|Linen
80_sf4|Component_80|Rubber
81_sf4|Component_81|Aluminum
82_sf4|Component_82|Aluminum
83_sf4|Component_83|Plastic
84_sf4|Component_84|Aluminum
85_sf4|Component_85|Marble
86_sf4|Component_86|Plastic
87_sf4|Component_87|Paper
88_sf4|Component_88|Wool
89_sf4|Component_89|Rubber
90_sf4|Component_90|Titânio
91_sf4|Component_91|Copper
92_sf4|Component_92|Silk
93_sf4|Component_93|Aluminum
94_sf4|Component_94|Leather
95_sf4|Component_95|Plastic
96_sf4|Component_96|Iron
97_sf4|Component_97|Plastic
98_sf4|Component_98|Plastic
99_sf4|Component_99|Copper
100_sf4|Component_100|Iron
101_sf4|Component_101|Granite
102_sf4|Component_102|Aluminum
103_sf4|Component_103|Linen
104_sf4|Component_104|Aluminum
105_sf4|Component_105|Titânio
106_sf4|Component_106|Rubber
107_sf4|Component_107|Wooden
108_sf4|Component_108|Rubber
109_sf4|Component_109|Marble
110_sf4|Component_110|Wool
111_sf4|Component_111|Silk
112_sf4|Component_112|Linen
113_sf4|Component_113|Leather
114_sf4|Component_114|Rubber
115_sf4|Component_115|Copper
116_sf4|Component_116|Linen
117_sf4|Component_117|Cotton
118_sf4|Component_118|Leather
119_sf4|Component_119|Concrete
120_sf4|Component_120|Titânio
121_sf4|Component_121|Silk
122_sf4|Component_122|Cotton
123_sf4|Component_123|Silk
124_sf4|Component_124|Wooden
125_sf4|Component_125|Iron
126_sf4|Component_126|Marble
127_sf4|Component_127|Rubber
128_sf4|Component_128|Iron
129_sf4|Component_129|Rubber
130_sf4|Component_130|Marble
131_sf4|Component_131|Copper
132_sf4|Component_132|Iron
133_sf4|Component_133|Concrete
134_sf4|Component_134|Iron
135_sf4|Component_135|Titânio
136_sf4|Component_136|Iron
137_sf4|Component_137|Bronze
138_sf4|Component_138|Marble
139_sf4|Component_139|Silk
140_sf4|Component_140|Leather
141_sf4|Component_141|Paper
142_sf4|Component_142|Marble
143_sf4|Component_143|Leather
144_sf4|Component_144|Cotton
145_sf4|Component_145|Rubber
146_sf4|Component_146|Granite
147_sf4|Component_147|Plastic
148_sf4|Component_148|Paper
149_sf4|Component_149|Marble
150_sf4|Component_150|Titânio
151_sf4|Component_151|Steel
152_sf4|Component_152|Marble
153_sf4|Component_153|Rubber
154_sf4|Component_154|Paper
155_sf4|Component_155|Cotton
156_sf4|Component_156|Copper
157_sf4|Component_157|Wool
158_sf4|Component_158|Bronze
159_sf4|Component_159|Marble
160_sf4|Component_160|Rubber
161_sf4|Component_161|Rubber
162_sf4|Component_162|Linen
163_sf4|Component_163|Paper
164_sf4|Component_164|Steel
165_sf4|Component_165|Titânio
166_sf4|Component_166|Paper
167_sf4|Component_167|Wool
168_sf4|Component_168|Leather
169_sf4|Component_169|Marble
170_sf4|Component_170|Wooden
171_sf4|Component_171|Silk
172_sf4|Component_172|Paper
173_sf4|Component_173|Bronze
174_sf4|Component_174|Copper
175_sf4|Component_175|Concrete
176_sf4|Component_176|Plastic
177_sf4|Component_177|Bronze
178_sf4|Component_178|Granite
179_sf4|Component_179|Steel
180_sf4|Component_180|Titânio
181_sf4|Component_181|Iron
182_sf4|Component_182|Steel
183_sf4|Component_183|Paper
184_sf4|Component_184|Paper
185_sf4|Component_185|Cotton
186_sf4|Component_186|Leather
187_sf4|Component_187|Paper
188_sf4|Component_188|Granite
189_sf4|Component_189|Aluminum
190_sf4|Component_190|Copper
191_sf4|Component_191|Rubber
192_sf4|Component_192|Cotton
193_sf4|Component_193|Leather
194_sf4|Component_194|Linen
195_sf4|Component_195|Titânio
196_sf4|Component_196|Steel
197_sf4|Component_197|Linen
198_sf4|Component_198|Iron
199_sf4|Component_199|Leather
200_sf4|Component_200|Leather
201_sf4|Component_201|Wooden
202_sf4|Component_202|Plastic
203_sf4|Component_203|Aluminum
204_sf4|Component_204|Linen
205_sf4|Component_205|Wool
206_sf4|Component_206|Wool
207_sf4|Component_207|Concrete
208_sf4|Component_208|Bronze
209_sf4|Component_209|Iron
210_sf4|Component_210|Titânio
211_sf4|Component_211|Wool
212_sf4|Component_212|Cotton
213_sf4|Component_213|Concrete
214_sf4|Component_214|Iron
215_sf4|Component_215|Iron
216_sf4|Component_216|Marble
217_sf4|Component_217|Steel
218_sf4|Component_218|Bronze
219_sf4|Component_219|Copper
220_sf4|Component_220|Linen
221_sf4|Component_221|Granite
222_sf4|Component_222|Cotton
223_sf4|Component_223|Rubber
224_sf4|Component_224|Marble
225_sf4|Component_225|Titânio
226_sf4|Component_226|Wool
227_sf4|Component_227|Iron
228_sf4|Component_228|Wool
229_sf4|Component_229|Cotton
230_sf4|Component_230|Silk
231_sf4|Component_231|Silk
232_sf4|Component_232|Cotton
233_sf4|Component_233|Wool
234_sf4|Component_234|Iron
235_sf4|Component_235|Aluminum
236_sf4|Component_236|Concrete
237_sf4|Component_237|Steel
238_sf4|Component_238|Steel
239_sf4|Component_239|Silk
240_sf4|Component_240|Titânio
241_sf4|Component_241|Rubber
242_sf4|Component_242|Iron
243_sf4|Component_243|Wool
244_sf4|Component_244|Wooden
245_sf4|Component_245|Plastic
246_sf4|Component_246|Wool
247_sf4|Component_247|Paper
248_sf4|Component_248|Iron
249_sf4|Component_249|Paper
250_sf4|Component_250|Plastic
251_sf4|Component_251|Wool
252_sf4|Component_252|Granite
253_sf4|Component_253|Leather
254_sf4|Component_254|Leather
255_sf4|Component_255|Titânio
256_sf4|Component_256|Copper
257_sf4|Component_257|Steel
258_sf4|Component_258|Plastic
259_sf4|Component_259|Steel
260_sf4|Component_260|Linen
261_sf4|Component_261|Silk
262_sf4|Component_262|Linen
263_sf4|Component_263|Paper
264_sf4|Component_264|Silk
265_sf4|Component_265|Rubber
266_sf4|Component_266|Iron
267_sf4|Component_267|Steel
268_sf4|Component_268|Iron
269_sf4|Component_269|Paper
270_sf4|Component_270|Titânio
271_sf4|Component_271|Marble
272_sf4|Component_272|Paper
273_sf4|Component_273|Concrete
274_sf4|Component_274|Silk
275_sf4|Component_275|Wooden
276_sf4|Component_276|Wool
277_sf4|Component_277|Wooden
278_sf4|Component_278|Bronze
279_sf4|Component_279|Iron
280_sf4|Component_280|Iron
281_sf4|Component_281|Bronze
282_sf4|Component_282|Bronze
283_sf4|Component_283|Paper
284_sf4|Component_284|Paper
285_sf4|Component_285|Titânio
286_sf4|Component_286|Leather
287_sf4|Component_287|Wooden
288_sf4|Component_288|Linen
289_sf4|Component_289|Wool
290_sf4|Component_290|Steel
291_sf4|Component_291|Cotton
292_sf4|Component_292|Granite
293_sf4|Component_293|Plastic
294_sf4|Component_294|Steel
295_sf4|Component_295|Bronze
296_sf4|Component_296|Steel
297_sf4|Component_297|Wool
298_sf4|Component_298|Rubber
299_sf4|Component_299|Wooden
300_sf4|Component_300|Titânio
301_sf4|Component_301|Wooden
302_sf4|Component_302|Granite
303_sf4|Component_303|Wooden
304_sf4|Component_304|Copper
305_sf4|Component_305|Silk
306_sf4|Component_306|Concrete
307_sf4|Component_307|Wooden
308_sf4|Component_308|Granite
309_sf4|Component_309|Leather
310_sf4|Component_310|Silk
311_sf4|Component_311|Steel
312_sf4|Component_312|Marble
313_sf4|Component_313|Iron
314_sf4|Component_314|Rubber
315_sf4|Component_315|Titânio
316_sf4|Component_316|Silk
317_sf4|Component_317|Linen
318_sf4|Component_318|Cotton
319_sf4|Component_319|Rubber
320_sf4|Component_320|Plastic
321_sf4|Component_321|Concrete
322_sf4|Component_322|Aluminum
323_sf4|Component_323|Paper
324_sf4|Component_324|Silk
325_sf4|Component_325|Wool
326_sf4|Component_326|Granite
327_sf4|Component_327|Linen
328_sf4|Component_328|Granite
329_sf4|Component_329|Plastic
330_sf4|Component_330|Titânio
331_sf4|Component_331|Bronze
332_sf4|Component_332|Aluminum
333_sf4|Component_333|Bronze
334_sf4|Component_334|Iron
335_sf4|Component_335|Iron
336_sf4|Component_336|Steel
337_sf4|Component_337|Copper
338_sf4|Component_338|Copper
339_sf4|Component_339|Concrete
340_sf4|Component_340|Granite
341_sf4|Component_341|Paper
342_sf4|Component_342|Granite
343_sf4|Component_343|Aluminum
344_sf4|Component_344|Wooden
345_sf4|Component_345|Titânio
346_sf4|Component_346|Cotton
347_sf4|Component_347|Aluminum
348_sf4|Component_348|Concrete
349_sf4|Component_349|Cotton
350_sf4|Component_350|Concrete
351_sf4|Component_351|Granite
352_sf4|Component_352|Paper
353_sf4|Component_353|Bronze
354_sf4|Component_354|Leather
355_sf4|Component_355|Plastic
356_sf4|Component_356|Granite
357_sf4|Component_357|Marble
358_sf4|Component_358|Aluminum
359_sf4|Component_359|Steel
360_sf4|Component_360|Titânio
361_sf4|Component_361|Iron
362_sf4|Component_362|Granite
363_sf4|Component_363|Iron
364_sf4|Component_364|Steel
365_sf4|Component_365|Cotton
366_sf4|Component_366|Cotton
367_sf4|Component_367|Rubber
368_sf4|Component_368|Silk
369_sf4|Component_369|Concrete
370_sf4|Component_370|Linen
371_sf4|Component_371|Granite
372_sf4|Component_372|Rubber
373_sf4|Component_373|Paper
374_sf4|Component_374|Steel
375_sf4|Component_375|Titânio
376_sf4|Component_376|Silk
377_sf4|Component_377|Rubber
378_sf4|Component_378|Wooden
379_sf4|Component_379|Granite
380_sf4|Component_380|Cotton
381_sf4|Component_381|Aluminum
382_sf4|Component_382|Silk
383_sf4|Component_383|Silk
384_sf4|Component_384|Aluminum
385_sf4|Component_385|Cotton
386_sf4|Component_386|Rubber
387_sf4|Component_387|Marble
388_sf4|Component_388|Granite
389_sf4|Component_389|Concrete
390_sf4|Component_390|Titânio
391_sf4|Component_391|Paper
392_sf4|Component_392|Rubber
393_sf4|Component_393|Granite
394_sf4|Component_394|Rubber
395_sf4|Component_395|Iron
396_sf4|Component_396|Steel
397_sf4|Component_397|Iron
398_sf4|Component_398|Aluminum
399_sf4|Component_399|Bronze
400_sf4|Component_400|Linen
401_sf4|Component_401|Bronze
402_sf4|Component_402|Granite
403_sf4|Component_403|Wooden
404_sf4|Component_404|Steel
405_sf4|Component_405|Titânio
406_sf4|Component_406|Cotton
407_sf4|Component_407|Cotton
408_sf4|Component_408|Plastic
409_sf4|Component_409|Rubber
410_sf4|Component_410|Granite
411_sf4|Component_411|Rubber
412_sf4|Component_412|Aluminum
413_sf4|Component_413|Silk
414_sf4|Component_414|Copper
415_sf4|Component_415|Granite
416_sf4|Component_416|Aluminum
417_sf4|Component_417|Linen
418_sf4|Component_418|Concrete
419_sf4|Component_419|Linen
420_sf4|Component_420|Titânio
421_sf4|Component_421|Concrete
422_sf4|Component_422|Cotton
423_sf4|Component_423|Wool
424_sf4|Component_424|Silk
425_sf4|Component_425|Paper
426_sf4|Component_426|Concrete
427_sf4|Component_427|Wool
428_sf4|Component_428|Aluminum
429_sf4|Component_429|Rubber
430_sf4|Component_430|Copper
431_sf4|Component_431|Wooden
432_sf4|Component_432|Aluminum
433_sf4|Component_433|Cotton
434_sf4|Component_434|Silk
435_sf4|Component_435|Titânio
436_sf4|Component_436|Plastic
437_sf4|Component_437|Granite
438_sf4|Component_438|Wooden
439_sf4|Component_439|Iron
440_sf4|Component_440|Plastic
441_sf4|Component_441|Plastic
442_sf4|Component_442|Marble
443_sf4|Component_443|Granite
444_sf4|Component_444|Wool
445_sf4|Component_445|Wooden
446_sf4|Component_446|Leather
447_sf4|Component_447|Copper
448_sf4|Component_448|Marble
449_sf4|Component_449|Marble
450_sf4|Component_450|Titânio
451_sf4|Component_451|Cotton
452_sf4|Component_452|Linen
453_sf4|Component_453|Copper
454_sf4|Component_454|Iron
455_sf4|Component_455|Granite
456_sf4|Component_456|Plastic
457_sf4|Component_457|Linen
458_sf4|Component_458|Wool
459_sf4|Component_459|Iron
460_sf4|Component_460|Rubber
461_sf4|Component_461|Wool
462_sf4|Component_462|Wooden
463_sf4|Component_463|Cotton
464_sf4|Component_464|Leather
465_sf4|Component_465|Titânio
466_sf4|Component_466|Iron
467_sf4|Component_467|Linen
468_sf4|Component_468|Copper
469_sf4|Component_469|Iron
470_sf4|Component_470|Copper
471_sf4|Component_471|Leather
472_sf4|Component_472|Linen
473_sf4|Component_473|Leather
474_sf4|Component_474|Wooden
475_sf4|Component_475|Aluminum
476_sf4|Component_476|Leather
477_sf4|Component_477|Marble
478_sf4|Component_478|Granite
479_sf4|Component_479|Paper
480_sf4|Component_480|Titânio
481_sf4|Component_481|Paper
482_sf4|Component_482|Marble
483_sf4|Component_483|Concrete
484_sf4|Component_484|Copper
485_sf4|Component_485|Wool
486_sf4|Component_486|Aluminum
487_sf4|Component_487|Leather
488_sf4|Component_488|Concrete
489_sf4|Component_489|Steel
490_sf4|Component_490|Leather
491_sf4|Component_491|Cotton
492_sf4|Component_492|Linen
493_sf4|Component_493|Copper
494_sf4|Component_494|Granite
495_sf4|Component_495|Titânio
496_sf4|Component_496|Rubber
497_sf4|Component_497|Rubber
498_sf4|Component_498|Aluminum
499_sf4|Component_499|Iron
500_sf4|Component_500|Wooden
501_sf4|Component_501|Steel
502_sf4|Component_502|Wooden
503_sf4|Component_503|Copper
504_sf4|Component_504|Iron
505_sf4|Component_505|Plastic
506_sf4|Component_506|Silk
507_sf4|Component_507|Granite
508_sf4|Component_508|Iron
509_sf4|Component_509|Wool
510_sf4|Component_510|Titânio
511_sf4|Component_511|Granite
512_sf4|Component_512|Plastic
513_sf4|Component_513|Aluminum
514_sf4|Component_514|Leather
515_sf4|Component_515|Steel
516_sf4|Component_516|Bronze
517_sf4|Component_517|Iron
518_sf4|Component_518|Linen
519_sf4|Component_519|Granite
520_sf4|Component_520|Steel
521_sf4|Component_521|Plastic
522_sf4|Component_522|Paper
523_sf4|Component_523|Concrete
524_sf4|Component_524|Iron
525_sf4|Component_525|Titânio
526_sf4|Component_526|Leather
527_sf4|Component_527|Aluminum
528_sf4|Component_528|Aluminum
529_sf4|Component_529|Copper
530_sf4|Component_530|Rubber
531_sf4|Component_531|Leather
532_sf4|Component_532|Concrete
533_sf4|Component_533|Aluminum
534_sf4|Component_534|Silk
535_sf4|Component_535|Copper
536_sf4|Component_536|Wooden
537_sf4|Component_537|Granite
538_sf4|Component_538|Linen
539_sf4|Component_539|Plastic
540_sf4|Component_540|Titânio
541_sf4|Component_541|Silk
542_sf4|Component_542|Silk
543_sf4|Component_543|Marble
544_sf4|Component_544|Marble
545_sf4|Component_545|Silk
546_sf4|Component_546|Marble
547_sf4|Component_547|Plastic
548_sf4|Component_548|Iron
549_sf4|Component_549|Iron
550_sf4|Component_550|Bronze
551_sf4|Component_551|Granite
552_sf4|Component_552|Steel
553_sf4|Component_553|Rubber
554_sf4|Component_554|Copper
555_sf4|Component_555|Titânio
556_sf4|Component_556|Concrete
557_sf4|Component_557|Concrete
558_sf4|Component_558|Aluminum
559_sf4|Component_559|Leather
560_sf4|Component_560|Wool
561_sf4|Component_561|Wool
562_sf4|Component_562|Paper
563_sf4|Component_563|Cotton
564_sf4|Component_564|Steel
565_sf4|Component_565|Wool
566_sf4|Component_566|Concrete
567_sf4|Component_567|Concrete
568_sf4|Component_568|Bronze
569_sf4|Component_569|Steel
570_sf4|Component_570|Titânio
571_sf4|Component_571|Copper
572_sf4|Component_572|Copper
573_sf4|Component_573|Bronze
574_sf4|Component_574|Silk
575_sf4|Component_575|Cotton
576_sf4|Component_576|Aluminum
577_sf4|Component_577|Aluminum
578_sf4|Component_578|Cotton
579_sf4|Component_579|Paper
580_sf4|Component_580|Wool
581_sf4|Component_581|Wooden
582_sf4|Component_582|Marble
583_sf4|Component_583|Paper
584_sf4|Component_584|Marble
585_sf4|Component_585|Titânio
586_sf4|Component_586|Granite
587_sf4|Component_587|Plastic
588_sf4|Component_588|Concrete
589_sf4|Component_589|Wooden
590_sf4|Component_590|Copper
591_sf4|Component_591|Steel
592_sf4|Component_592|Silk
593_sf4|Component_593|Cotton
594_sf4|Component_594|Wool
595_sf4|Component_595|Silk
596_sf4|Component_596|Aluminum
597_sf4|Component_597|Linen
598_sf4|Component_598|Concrete
599_sf4|Component_599|Bronze
600_sf4|Component_600|Titânio
601_sf4|Component_601|Rubber
602_sf4|Component_602|Linen
603_sf4|Component_603|Silk
604_sf4|Component_604|Linen
605_sf4|Component_605|Silk
606_sf4|Component_606|Paper
607_sf4|Component_607|Plastic
608_sf4|Component_608|Plastic
609_sf4|Component_609|Plastic
610_sf4|Component_610|Iron
611_sf4|Component_611|Silk
612_sf4|Component_612|Steel
613_sf4|Component_613|Marble
614_sf4|Component_614|Steel
615_sf4|Component_615|Titânio
616_sf4|Component_616|Concrete
617_sf4|Component_617|Concrete
618_sf4|Component_618|Silk
619_sf4|Component_619|Rubber
620_sf4|Component_620|Rubber
621_sf4|Component_621|Bronze
622_sf4|Component_622|Iron
623_sf4|Component_623|Cotton
624_sf4|Component_624|Iron
625_sf4|Component_625|Wool
626_sf4|Component_626|Plastic
627_sf4|Component_627|Leather
628_sf4|Component_628|Bronze
629_sf4|Component_629|Plastic
630_sf4|Component_630|Titânio
631_sf4|Component_631|Aluminum
632_sf4|Component_632|Rubber
633_sf4|Component_633|Paper
634_sf4|Component_634|Silk
635_sf4|Component_635|Cotton
636_sf4|Component_636|Rubber
637_sf4|Component_637|Concrete
638_sf4|Component_638|Marble
639_sf4|Component_639|Linen
640_sf4|Component_640|Iron
641_sf4|Component_641|Bronze
642_sf4|Component_642|Aluminum
643_sf4|Component_643|Marble
644_sf4|Component_644|Plastic
645_sf4|Component_645|Titânio
646_sf4|Component_646|Marble
647_sf4|Component_647|Iron
648_sf4|Component_648|Silk
649_sf4|Component_649|Plastic
650_sf4|Component_650|Granite
651_sf4|Component_651|Concrete
652_sf4|Component_652|Copper
653_sf4|Component_653|Steel
654_sf4|Component_654|Rubber
655_sf4|Component_655|Bronze
656_sf4|Component_656|Plastic
657_sf4|Component_657|Leather
658_sf4|Component_658|Aluminum
659_sf4|Component_659|Copper
660_sf4|Component_660|Titânio
661_sf4|Component_661|Bronze
662_sf4|Component_662|Silk
663_sf4|Component_663|Silk
664_sf4|Component_664|Wool
665_sf4|Component_665|Silk
666_sf4|Component_666|Cotton
667_sf4|Component_667|Marble
668_sf4|Component_668|Cotton
669_sf4|Component_669|Iron
670_sf4|Component_670|Iron
671_sf4|Component_671|Granite
672_sf4|Component_672|Steel
673_sf4|Component_673|Granite
674_sf4|Component_674|Iron
675_sf4|Component_675|Titânio
676_sf4|Component_676|Rubber
677_sf4|Component_677|Aluminum
678_sf4|Component_678|Cotton
679_sf4|Component_679|Wool
680_sf4|Component_680|Copper
681_sf4|Component_681|Marble
682_sf4|Component_682|Plastic
683_sf4|Component_683|Plastic
684_sf4|Component_684|Bronze
685_sf4|Component_685|Wooden
686_sf4|Component_686|Rubber
687_sf4|Component_687|Copper
688_sf4|Component_688|Steel
689_sf4|Component_689|Steel
690_sf4|Component_690|Titânio
691_sf4|Component_691|Silk
692_sf4|Component_692|Copper
693_sf4|Component_693|Plastic
694_sf4|Component_694|Copper
695_sf4|Component_695|Silk
696_sf4|Component_696|Aluminum
697_sf4|Component_697|Concrete
698_sf4|Component_698|Rubber
699_sf4|Component_699|Concrete
700_sf4|Component_700|Linen
701_sf4|Component_701|Granite
702_sf4|Component_702|Leather
703_sf4|Component_703|Silk
704_sf4|Component_704|Wooden
705_sf4|Component_705|Titânio
706_sf4|Component_706|Wooden
707_sf4|Component_707|Rubber
708_sf4|Component_708|Silk
709_sf4|Component_709|Iron
710_sf4|Component_710|Copper
711_sf4|Component_711|Marble
712_sf4|Component_712|Rubber
713_sf4|Component_713|Aluminum
714_sf4|Component_714|Bronze
715_sf4|Component_715|Plastic
716_sf4|Component_716|Aluminum
717_sf4|Component_717|Cotton
718_sf4|Component_718|Linen
719_sf4|Component_719|Concrete
720_sf4|Component_720|Titânio
721_sf4|Component_721|Granite
722_sf4|Component_722|Granite
723_sf4|Component_723|Wooden
724_sf4|Component_724|Wooden
725_sf4|Component_725|Linen
726_sf4|Component_726|Wool
727_sf4|Component_727|Aluminum
728_sf4|Component_728|Silk
729_sf4|Component_729|Iron
730_sf4|Component_730|Marble
731_sf4|Component_731|Rubber
732_sf4|Component_732|Leather
733_sf4|Component_733|Steel
734_sf4|Component_734|Paper
735_sf4|Component_735|Titânio
736_sf4|Component_736|Plastic
737_sf4|Component_737|Steel
738_sf4|Component_738|Granite
739_sf4|Component_739|Granite
740_sf4|Component_740|Iron
741_sf4|Component_741|Leather
742_sf4|Component_742|Cotton
743_sf4|Component_743|Bronze
744_sf4|Component_744|Bronze
745_sf4|Component_745|Granite
746_sf4|Component_746|Paper
747_sf4|Component_747|Marble
748_sf4|Component_748|Iron
749_sf4|Component_749|Iron
750_sf4|Component_750|Titânio
751_sf4|Component_751|Aluminum
752_sf4|Component_752|Wooden
753_sf4|Component_753|Wool
754_sf4|Component_754|Granite
755_sf4|Component_755|Bronze
756_sf4|Component_756|Silk
757_sf4|Component_757|Plastic
758_sf4|Component_758|Wooden
759_sf4|Component_759|Plastic
760_sf4|Component_760|Copper
761_sf4|Component_761|Linen
762_sf4|Component_762|Paper
763_sf4|Component_763|Marble
764_sf4|Component_764|Leather
765_sf4|Component_765|Titânio
766_sf4|Component_766|Cotton
767_sf4|Component_767|Paper
768_sf4|Component_768|Concrete
769_sf4|Component_769|Linen
770_sf4|Component_770|Iron
771_sf4|Component_771|Marble
772_sf4|Component_772|Marble
773_sf4|Component_773|Iron
774_sf4|Component_774|Rubber
775_sf4|Component_775|Leather
776_sf4|Component_776|Linen
777_sf4|Component_777|Copper
778_sf4|Component_778|Wool
779_sf4|Component_779|Aluminum
780_sf4|Component_780|Titânio
781_sf4|Component_781|Wooden
782_sf4|Component_782|Copper
783_sf4|Component_783|Marble
784_sf4|Component_784|Plastic
785_sf4|Component_785|Steel
786_sf4|Component_786|Wooden
787_sf4|Component_787|Concrete
788_sf4|Component_788|Plastic
789_sf4|Component_789|Concrete
790_sf4|Component_790|Wool
791_sf4|Component_791|Rubber
792_sf4|Component_792|Linen
793_sf4|Component_793|Linen
794_sf4|Component_794|Iron
795_sf4|Component_795|Titânio
796_sf4|Component_796|Cotton
797_sf4|Component_797|Aluminum
798_sf4|Component_798|Wooden
799_sf4|Component_799|Rubber
800_sf4|Component_800|Marble
801_sf4|Component_801|Cotton
802_sf4|Component_802|Wool
803_sf4|Component_803|Copper
804_sf4|Component_804|Silk
805_sf4|Component_805|Copper
806_sf4|Component_806|Steel
807_sf4|Component_807|Aluminum
808_sf4|Component_808|Silk
809_sf4|Component_809|Leather
810_sf4|Component_810|Titânio
811_sf4|Component_811|Granite
812_sf4|Component_812|Marble
813_sf4|Component_813|Wooden
814_sf4|Component_814|Marble
815_sf4|Component_815|Marble
816_sf4|Component_816|Silk
817_sf4|Component_817|Steel
818_sf4|Component_818|Wool
819_sf4|Component_819|Granite
820_sf4|Component_820|Wool
821_sf4|Component_821|Paper
822_sf4|Component_822|Bronze
823_sf4|Component_823|Concrete
824_sf4|Component_824|Copper
825_sf4|Component_825|Titânio
826_sf4|Component_826|Leather
827_sf4|Component_827|Copper
828_sf4|Component_828|Cotton
829_sf4|Component_829|Marble
830_sf4|Component_830|Plastic
831_sf4|Component_831|Granite
832_sf4|Component_832|Wool
833_sf4|Component_833|Cotton
834_sf4|Component_834|Linen
835_sf4|Component_835|Steel
836_sf4|Component_836|Cotton
837_sf4|Component_837|Concrete
838_sf4|Component_838|Paper
839_sf4|Component_839|Marble
840_sf4|Component_840|Titânio
841_sf4|Component_841|Cotton
842_sf4|Component_842|Rubber
843_sf4|Component_843|Wooden
844_sf4|Component_844|Wooden
845_sf4|Component_845|Iron
846_sf4|Component_846|Steel
847_sf4|Component_847|Rubber
848_sf4|Component_848|Cotton
849_sf4|Component_849|Wool
850_sf4|Component_850|Wooden
851_sf4|Component_851|Wool
852_sf4|Component_852|Plastic
853_sf4|Component_853|Marble
854_sf4|Component_854|Aluminum
855_sf4|Component_855|Titânio
856_sf4|Component_856|Concrete
857_sf4|Component_857|Cotton
858_sf4|Component_858|Copper
859_sf4|Component_859|Rubber
860_sf4|Component_860|Iron
861_sf4|Component_861|Bronze
862_sf4|Component_862|Granite
863_sf4|Component_863|Granite
864_sf4|Component_864|Wool
865_sf4|Component_865|Iron
866_sf4|Component_866|Granite
867_sf4|Component_867|Leather
868_sf4|Component_868|Bronze
869_sf4|Component_869|Plastic
870_sf4|Component_870|Titânio
871_sf4|Component_871|Wool
872_sf4|Component_872|Plastic
873_sf4|Component_873|Concrete
874_sf4|Component_874|Linen
875_sf4|Component_875|Leather
876_sf4|Component_876|Cotton
877_sf4|Component_877|Wooden
878_sf4|Component_878|Bronze
879_sf4|Component_879|Granite
880_sf4|Component_880|Concrete
881_sf4|Component_881|Leather
882_sf4|Component_882|Linen
883_sf4|Component_883|Aluminum
884_sf4|Component_884|Leather
885_sf4|Component_885|Titânio
886_sf4|Component_886|Aluminum
887_sf4|Component_887|Leather
888_sf4|Component_888|Cotton
889_sf4|Component_889|Granite
890_sf4|Component_890|Wool
891_sf4|Component_891|Wooden
892_sf4|Component_892|Rubber
893_sf4|Component_893|Iron
894_sf4|Component_894|Concrete
895_sf4|Component_895|Wooden
896_sf4|Component_896|Wooden
897_sf4|Component_897|Aluminum
898_sf4|Component_898|Bronze
899_sf4|Component_899|Cotton
900_sf4|Component_900|Titânio
901_sf4|Component_901|Rubber
902_sf4|Component_902|Linen
903_sf4|Component_903|Concrete
904_sf4|Component_904|Wool
905_sf4|Component_905|Rubber
906_sf4|Component_906|Bronze
907_sf4|Component_907|Aluminum
908_sf4|Component_908|Cotton
909_sf4|Component_909|Concrete
910_sf4|Component_910|Marble
911_sf4|Component_911|Iron
912_sf4|Component_912|Copper
913_sf4|Component_913|Marble
914_sf4|Component_914|Iron
915_sf4|Component_915|Titânio
916_sf4|Component_916|Wool
917_sf4|Component_917|Copper
918_sf4|Component_918|Marble
919_sf4|Component_919|Granite
920_sf4|Component_920|Bronze
921_sf4|Component_921|Wooden
922_sf4|Component_922|Cotton
923_sf4|Component_923|Linen
924_sf4|Component_924|Wool
925_sf4|Component_925|Iron
926_sf4|Component_926|Granite
927_sf4|Component_927|Plastic
928_sf4|Component_928|Rubber
929_sf4|Component_929|Concrete
930_sf4|Component_930|Titânio
931_sf4|Component_931|Wooden
932_sf4|Component_932|Bronze
933_sf4|Component_933|Steel
934_sf4|Component_934|Aluminum
935_sf4|Component_935|Aluminum
936_sf4|Component_936|Plastic
937_sf4|Component_937|Bronze
938_sf4|Component_938|Bronze
939_sf4|Component_939|Wool
940_sf4|Component_940|Marble
941_sf4|Component_941|Silk
942_sf4|Component_942|Aluminum
943_sf4|Component_943|Wool
944_sf4|Component_944|Bronze
945_sf4|Component_945|Titânio
946_sf4|Component_946|Bronze
947_sf4|Component_947|Aluminum
948_sf4|Component_948|Leather
949_sf4|Component_949|Copper
950_sf4|Component_950|Cotton
951_sf4|Component_951|Wool
952_sf4|Component_952|Steel
953_sf4|Component_953|Cotton
954_sf4|Component_954|Plastic
955_sf4|Component_955|Marble
956_sf4|Component_956|Plastic
957_sf4|Component_957|Iron
958_sf4|Component_958|Paper
959_sf4|Component_959|Copper
960_sf4|Component_960|Titânio
961_sf4|Component_961|Plastic
962_sf4|Component_962|Concrete
963_sf4|Component_963|Marble
964_sf4|Component_964|Leather
965_sf4|Component_965|Silk
966_sf4|Component_966|Bronze
967_sf4|Component_967|Iron
968_sf4|Component_968|Bronze
969_sf4|Component_969|Wooden
970_sf4|Component_970|Granite
971_sf4|Component_971|Marble
972_sf4|Component_972|Wool
973_sf4|Component_973|Silk
974_sf4|Component_974|Wooden
975_sf4|Component_975|Titânio
976_sf4|Component_976|Rubber
977_sf4|Component_977|Paper
978_sf4|Component_978|Concrete
979_sf4|Component_979|Rubber
980_sf4|Component_980|Silk
981_sf4|Component_981|Steel
982_sf4|Component_982|Cotton
983_sf4|Component_983|Silk
984_sf4|Component_984|Silk
985_sf4|Component_985|Silk
986_sf4|Component_986|Steel
987_sf4|Component_987|Marble
988_sf4|Component_988|Iron
989_sf4|Component_989|Wooden
990_sf4|Component_990|Titânio
991_sf4|Component_991|Cotton
992_sf4|Component_992|Aluminum
993_sf4|Component_993|Wool
994_sf4|Component_994|Cotton
995_sf4|Component_995|Linen
996_sf4|Component_996|Silk
997_sf4|Component_997|Marble
998_sf4|Component_998|Concrete
999_sf4|Component_999|Plastic
1000_sf4|Component_1000|Concrete
1001_sf4|Component_1001|Plastic
1002_sf4|Component_1002|Linen
1003_sf4|Component_1003|Iron
1004_sf4|Component_1004|Plastic
1005_sf4|Component_1005|Titânio
1006_sf4|Component_1006|Cotton
1007_sf4|Component_1007|Plastic
1008_sf4|Component_1008|Steel
1009_sf4|Component_1009|Copper
1010_sf4|Component_1010|Iron
1011_sf4|Component_1011|Bronze
1012_sf4|Component_1012|Wool
1013_sf4|Component_1013|Marble
1014_sf4|Component_1014|Concrete
1015_sf4|Component_1015|Iron
1016_sf4|Component_1016|Linen
1017_sf4|Component_1017|Cotton
1018_sf4|Component_1018|Copper
1019_sf4|Component_1019|Copper
1020_sf4|Component_1020|Titânio
1021_sf4|Component_1021|Steel
1022_sf4|Component_1022|Wool
1023_sf4|Component_1023|Granite
1024_sf4|Component_1024|Wooden
1025_sf4|Component_1025|Plastic
1026_sf4|Component_1026|Silk
1027_sf4|Component_1027|Iron
1028_sf4|Component_1028|Aluminum
1029_sf4|Component_1029|Rubber
1030_sf4|Component_1030|Leather
1031_sf4|Component_1031|Concrete
1032_sf4|Component_1032|Cotton
1033_sf4|Component_1033|Iron
1034_sf4|Component_1034|Wool
1035_sf4|Component_1035|Titânio
1036_sf4|Component_1036|Wool
1037_sf4|Component_1037|Wool
1038_sf4|Component_1038|Iron
1039_sf4|Component_1039|Marble
1040_sf4|Component_1040|Paper
1041_sf4|Component_1041|Leather
1042_sf4|Component_1042|Leather
1043_sf4|Component_1043|Leather
1044_sf4|Component_1044|Wooden
1045_sf4|Component_1045|Rubber
1046_sf4|Component_1046|Marble
1047_sf4|Component_1047|Granite
1048_sf4|Component_1048|Wooden
1049_sf4|Component_1049|Wool
1050_sf4|Component_1050|Titânio
1051_sf4|Component_1051|Paper
1052_sf4|Component_1052|Bronze
1053_sf4|Component_1053|Granite
1054_sf4|Component_1054|Steel
1055_sf4|Component_1055|Cotton
1056_sf4|Component_1056|Iron
1057_sf4|Component_1057|Steel
1058_sf4|Component_1058|Wool
1059_sf4|Component_1059|Bronze
1060_sf4|Component_1060|Wool
1061_sf4|Component_1061|Silk
1062_sf4|Component_1062|Bronze
1063_sf4|Component_1063|Copper
1064_sf4|Component_1064|Silk
1065_sf4|Component_1065|Titânio
1066_sf4|Component_1066|Plastic
1067_sf4|Component_1067|Bronze
1068_sf4|Component_1068|Granite
1069_sf4|Component_1069|Leather
1070_sf4|Component_1070|Steel
1071_sf4|Component_1071|Aluminum
1072_sf4|Component_1072|Steel
1073_sf4|Component_1073|Granite
1074_sf4|Component_1074|Iron
1075_sf4|Component_1075|Granite
1076_sf4|Component_1076|Concrete
1077_sf4|Component_1077|Rubber
1078_sf4|Component_1078|Leather
1079_sf4|Component_1079|Wooden
1080_sf4|Component_1080|Titânio
1081_sf4|Component_1081|Iron
1082_sf4|Component_1082|Steel
1083_sf4|Component_1083|Concrete
1084_sf4|Component_1084|Plastic
1085_sf4|Component_1085|Iron
1086_sf4|Component_1086|Linen
1087_sf4|Component_1087|Cotton
1088_sf4|Component_1088|Granite
1089_sf4|Component_1089|Copper
1090_sf4|Component_1090|Wooden
1091_sf4|Component_1091|Concrete
1092_sf4|Component_1092|Cotton
1093_sf4|Component_1093|Aluminum
1094_sf4|Component_1094|Cotton
1095_sf4|Component_1095|Titânio
1096_sf4|Component_1096|Linen
1097_sf4|Component_1097|Concrete
1098_sf4|Component_1098|Granite
1099_sf4|Component_1099|Aluminum
1100_sf4|Component_1100|Paper
1101_sf4|Component_1101|Aluminum
1102_sf4|Component_1102|Marble
1103_sf4|Component_1103|Wooden
1104_sf4|Component_1104|Concrete
1105_sf4|Component_1105|Wool
1106_sf4|Component_1106|Silk
1107_sf4|Component_1107|Aluminum
1108_sf4|Component_1108|Iron
1109_sf4|Component_1109|Paper
1110_sf4|Component_1110|Titânio
1111_sf4|Component_1111|Iron
1112_sf4|Component_1112|Paper
1113_sf4|Component_1113|Wool
1114_sf4|Component_1114|Wooden
1115_sf4|Component_1115|Cotton
1116_sf4|Component_1116|Linen
1117_sf4|Component_1117|Concrete
1118_sf4|Component_1118|Wool
1119_sf4|Component_1119|Wool
1120_sf4|Component_1120|Wool
1121_sf4|Component_1121|Copper
1122_sf4|Component_1122|Silk
1123_sf4|Component_1123|Paper
1124_sf4|Component_1124|Wooden
1125_sf4|Component_1125|Titânio
1126_sf4|Component_1126|Bronze
1127_sf4|Component_1127|Leather
1128_sf4|Component_1128|Wooden
1129_sf4|Component_1129|Bronze
1130_sf4|Component_1130|Granite
1131_sf4|Component_1131|Granite
1132_sf4|Component_1132|Leather
1133_sf4|Component_1133|Rubber
1134_sf4|Component_1134|Bronze
1135_sf4|Component_1135|Paper
1136_sf4|Component_1136|Granite
1137_sf4|Component_1137|Linen
1138_sf4|Component_1138|Concrete
1139_sf4|Component_1139|Wooden
1140_sf4|Component_1140|Titânio
1141_sf4|Component_1141|Bronze
1142_sf4|Component_1142|Wooden
1143_sf4|Component_1143|Silk
1144_sf4|Component_1144|Plastic
1145_sf4|Component_1145|Cotton
1146_sf4|Component_1146|Granite
1147_sf4|Component_1147|Aluminum
1148_sf4|Component_1148|Granite
1149_sf4|Component_1149|Aluminum
1150_sf4|Component_1150|Steel
1151_sf4|Component_1151|Plastic
1152_sf4|Component_1152|Aluminum
1153_sf4|Component_1153|Plastic
1154_sf4|Component_1154|Plastic
1155_sf4|Component_1155|Titânio
1156_sf4|Component_1156|Paper
1157_sf4|Component_1157|Silk
1158_sf4|Component_1158|Copper
1159_sf4|Component_1159|Bronze
1160_sf4|Component_1160|Linen
1161_sf4|Component_1161|Paper
1162_sf4|Component_1162|Iron
1163_sf4|Component_1163|Bronze
1164_sf4|Component_1164|Cotton
1165_sf4|Component_1165|Concrete
1166_sf4|Component_1166|Iron
1167_sf4|Component_1167|Aluminum
1168_sf4|Component_1168|Aluminum
1169_sf4|Component_1169|Marble
1170_sf4|Component_1170|Titânio
1171_sf4|Component_1171|Copper
1172_sf4|Component_1172|Paper
1173_sf4|Component_1173|Linen
1174_sf4|Component_1174|Plastic
1175_sf4|Component_1175|Silk
1176_sf4|Component_1176|Linen
1177_sf4|Component_1177|Rubber
1178_sf4|Component_1178|Iron
1179_sf4|Component_1179|Wooden
1180_sf4|Component_1180|Copper
1181_sf4|Component_1181|Rubber
1182_sf4|Component_1182|Marble
1183_sf4|Component_1183|Bronze
1184_sf4|Component_1184|Rubber
1185_sf4|Component_1185|Titânio
1186_sf4|Component_1186|Aluminum
1187_sf4|Component_1187|Copper
1188_sf4|Component_1188|Paper
1189_sf4|Component_1189|Bronze
1190_sf4|Component_1190|Marble
1191_sf4|Component_1191|Steel
1192_sf4|Component_1192|Bronze
1193_sf4|Component_1193|Steel
1194_sf4|Component_1194|Marble
1195_sf4|Component_1195|Aluminum
1196_sf4|Component_1196|Marble
1197_sf4|Component_1197|Wooden
1198_sf4|Component_1198|Copper
1199_sf4|Component_1199|Marble
1200_sf4|Component_1200|Titânio
1201_sf4|Component_1201|Marble
1202_sf4|Component_1202|Aluminum
1203_sf4|Component_1203|Silk
1204_sf4|Component_1204|Concrete
1205_sf4|Component_1205|Paper
1206_sf4|Component_1206|Concrete
1207_sf4|Component_1207|Paper
1208_sf4|Component_1208|Iron
1209_sf4|Component_1209|Rubber
1210_sf4|Component_1210|Wooden
1211_sf4|Component_1211|Wool
1212_sf4|Component_1212|Marble
1213_sf4|Component_1213|Concrete
1214_sf4|Component_1214|Iron
1215_sf4|Component_1215|Titânio
1216_sf4|Component_1216|Wooden
1217_sf4|Component_1217|Iron
1218_sf4|Component_1218|Aluminum
1219_sf4|Component_1219|Silk
1220_sf4|Component_1220|Wool
1221_sf4|Component_1221|Silk
1222_sf4|Component_1222|Bronze
1223_sf4|Component_1223|Granite
1224_sf4|Component_1224|Iron
1225_sf4|Component_1225|Wool
1226_sf4|Component_1226|Silk
1227_sf4|Component_1227|Aluminum
1228_sf4|Component_1228|Bronze
1229_sf4|Component_1229|Aluminum
1230_sf4|Component_1230|Titânio
1231_sf4|Component_1231|Plastic
1232_sf4|Component_1232|Linen
1233_sf4|Component_1233|Silk
1234_sf4|Component_1234|Leather
1235_sf4|Component_1235|Wooden
1236_sf4|Component_1236|Copper
1237_sf4|Component_1237|Copper
1238_sf4|Component_1238|Rubber
1239_sf4|Component_1239|Marble
1240_sf4|Component_1240|Wool
1241_sf4|Component_1241|Plastic
1242_sf4|Component_1242|Iron
1243_sf4|Component_1243|Silk
1244_sf4|Component_1244|Cotton
1245_sf4|Component_1245|Titânio
1246_sf4|Component_1246|Copper
1247_sf4|Component_1247|Bronze
1248_sf4|Component_1248|Plastic
1249_sf4|Component_1249|Plastic
1250_sf4|Component_1250|Cotton
1251_sf4|Component_1251|Iron
1252_sf4|Component_1252|Concrete
1253_sf4|Component_1253|Leather
1254_sf4|Component_1254|Paper
1255_sf4|Component_1255|Concrete
1256_sf4|Component_1256|Steel
1257_sf4|Component_1257|Wool
1258_sf4|Component_1258|Concrete
1259_sf4|Component_1259|Marble
1260_sf4|Component_1260|Titânio
1261_sf4|Component_1261|Cotton
1262_sf4|Component_1262|Silk
1263_sf4|Component_1263|Paper
1264_sf4|Component_1264|Silk
1265_sf4|Component_1265|Plastic
1266_sf4|Component_1266|Linen
1267_sf4|Component_1267|Granite
1268_sf4|Component_1268|Leather
1269_sf4|Component_1269|Silk
1270_sf4|Component_1270|Granite
1271_sf4|Component_1271|Copper
1272_sf4|Component_1272|Paper
1273_sf4|Component_1273|Iron
1274_sf4|Component_1274|Leather
1275_sf4|Component_1275|Titânio
1276_sf4|Component_1276|Iron
1277_sf4|Component_1277|Leather
1278_sf4|Component_1278|Wool
1279_sf4|Component_1279|Silk
1280_sf4|Component_1280|Rubber
1281_sf4|Component_1281|Concrete
1282_sf4|Component_1282|Rubber
1283_sf4|Component_1283|Wool
1284_sf4|Component_1284|Cotton
1285_sf4|Component_1285|Bronze
1286_sf4|Component_1286|Bronze
1287_sf4|Component_1287|Wool
1288_sf4|Component_1288|Bronze
1289_sf4|Component_1289|Copper
1290_sf4|Component_1290|Titânio
1291_sf4|Component_1291|Cotton
1292_sf4|Component_1292|Granite
1293_sf4|Component_1293|Plastic
1294_sf4|Component_1294|Wool
1295_sf4|Component_1295|Cotton
1296_sf4|Component_1296|Rubber
1297_sf4|Component_1297|Copper
1298_sf4|Component_1298|Iron
1299_sf4|Component_1299|Marble
1300_sf4|Component_1300|Rubber
1301_sf4|Component_1301|Cotton
1302_sf4|Component_1302|Paper
1303_sf4|Component_1303|Iron
1304_sf4|Component_1304|Leather
1305_sf4|Component_1305|Titânio
1306_sf4|Component_1306|Wool
1307_sf4|Component_1307|Paper
1308_sf4|Component_1308|Plastic
1309_sf4|Component_1309|Concrete
1310_sf4|Component_1310|Paper
1311_sf4|Component_1311|Wooden
1312_sf4|Component_1312|Steel
1313_sf4|Component_1313|Concrete
1314_sf4|Component_1314|Silk
1315_sf4|Component_1315|Bronze
1316_sf4|Component_1316|Granite
1317_sf4|Component_1317|Marble
1318_sf4|Component_1318|Aluminum
1319_sf4|Component_1319|Aluminum
1320_sf4|Component_1320|Titânio
1321_sf4|Component_1321|Aluminum
1322_sf4|Component_1322|Wooden
1323_sf4|Component_1323|Steel
1324_sf4|Component_1324|Silk
1325_sf4|Component_1325|Copper
1326_sf4|Component_1326|Wooden
1327_sf4|Component_1327|Rubber
1328_sf4|Component_1328|Silk
1329_sf4|Component_1329|Cotton
1330_sf4|Component_1330|Aluminum
1331_sf4|Component_1331|Wool
1332_sf4|Component_1332|Cotton
1333_sf4|Component_1333|Iron
1334_sf4|Component_1334|Wool
1335_sf4|Component_1335|Titânio
1336_sf4|Component_1336|Marble
1337_sf4|Component_1337|Silk
1338_sf4|Component_1338|Iron
1339_sf4|Component_1339|Linen
1340_sf4|Component_1340|Copper
1341_sf4|Component_1341|Silk
1342_sf4|Component_1342|Silk
1343_sf4|Component_1343|Steel
1344_sf4|Component_1344|Steel
1345_sf4|Component_1345|Plastic
1346_sf4|Component_1346|Leather
1347_sf4|Component_1347|Wooden
1348_sf4|Component_1348|Paper
1349_sf4|Component_1349|Bronze
1350_sf4|Component_1350|Titânio
1351_sf4|Component_1351|Bronze
1352_sf4|Component_1352|Plastic
1353_sf4|Component_1353|Granite
1354_sf4|Component_1354|Aluminum
1355_sf4|Component_1355|Leather
1356_sf4|Component_1356|Leather
1357_sf4|Component_1357|Rubber
1358_sf4|Component_1358|Linen
1359_sf4|Component_1359|Silk
1360_sf4|Component_1360|Concrete
1361_sf4|Component_1361|Plastic
1362_sf4|Component_1362|Steel
1363_sf4|Component_1363|Bronze
1364_sf4|Component_1364|Bronze
1365_sf4|Component_1365|Titânio
1366_sf4|Component_1366|Plastic
1367_sf4|Component_1367|Linen
1368_sf4|Component_1368|Concrete
1369_sf4|Component_1369|Plastic
1370_sf4|Component_1370|Bronze
1371_sf4|Component_1371|Silk
1372_sf4|Component_1372|Aluminum
1373_sf4|Component_1373|Cotton
1374_sf4|Component_1374|Iron
1375_sf4|Component_1375|Wooden
1376_sf4|Component_1376|Cotton
1377_sf4|Component_1377|Linen
1378_sf4|Component_1378|Aluminum
1379_sf4|Component_1379|Marble
1380_sf4|Component_1380|Titânio
1381_sf4|Component_1381|Concrete
1382_sf4|Component_1382|Bronze
1383_sf4|Component_1383|Copper
1384_sf4|Component_1384|Silk
1385_sf4|Component_1385|Cotton
1386_sf4|Component_1386|Aluminum
1387_sf4|Component_1387|Concrete
1388_sf4|Component_1388|Leather
1389_sf4|Component_1389|Aluminum
1390_sf4|Component_1390|Aluminum
1391_sf4|Component_1391|Leather
1392_sf4|Component_1392|Iron
1393_sf4|Component_1393|Silk
1394_sf4|Component_1394|Wool
1395_sf4|Component_1395|Titânio
1396_sf4|Component_1396|Leather
1397_sf4|Component_1397|Cotton
1398_sf4|Component_1398|Plastic
1399_sf4|Component_1399|Marble
1400_sf4|Component_1400|Concrete
1401_sf4|Component_1401|Aluminum
1402_sf4|Component_1402|Concrete
1403_sf4|Component_1403|Aluminum
1404_sf4|Component_1404|Wool
1405_sf4|Component_1405|Paper
1406_sf4|Component_1406|Wooden
1407_sf4|Component_1407|Granite
1408_sf4|Component_1408|Rubber
1409_sf4|Component_1409|Granite
1410_sf4|Component_1410|Titânio
1411_sf4|Component_1411|Steel
1412_sf4|Component_1412|Marble
1413_sf4|Component_1413|Granite
1414_sf4|Component_1414|Aluminum
1415_sf4|Component_1415|Plastic
1416_sf4|Component_1416|Aluminum
1417_sf4|Component_1417|Iron
1418_sf4|Component_1418|Wooden
1419_sf4|Component_1419|Rubber
1420_sf4|Component_1420|Leather
1421_sf4|Component_1421|Aluminum
1422_sf4|Component_1422|Concrete
1423_sf4|Component_1423|Rubber
1424_sf4|Component_1424|Wool
1425_sf4|Component_1425|Titânio
1426_sf4|Component_1426|Wooden
1427_sf4|Component_1427|Bronze
1428_sf4|Component_1428|Aluminum
1429_sf4|Component_1429|Aluminum
1430_sf4|Component_1430|Iron
1431_sf4|Component_1431|Aluminum
1432_sf4|Component_1432|Wooden
1433_sf4|Component_1433|Wool
1434_sf4|Component_1434|Rubber
1435_sf4|Component_1435|Aluminum
1436_sf4|Component_1436|Marble
1437_sf4|Component_1437|Concrete
1438_sf4|Component_1438|Granite
1439_sf4|Component_1439|Cotton
1440_sf4|Component_1440|Titânio
1441_sf4|Component_1441|Silk
1442_sf4|Component_1442|Wool
1443_sf4|Component_1443|Wool
1444_sf4|Component_1444|Iron
1445_sf4|Component_1445|Plastic
1446_sf4|Component_1446|Aluminum
1447_sf4|Component_1447|Rubber
1448_sf4|Component_1448|Wool
1449_sf4|Component_1449|Steel
1450_sf4|Component_1450|Wool
1451_sf4|Component_1451|Aluminum
1452_sf4|Component_1452|Wool
1453_sf4|Component_1453|Copper
1454_sf4|Component_1454|Wooden
1455_sf4|Component_1455|Titânio
1456_sf4|Component_1456|Plastic
1457_sf4|Component_1457|Rubber
1458_sf4|Component_1458|Steel
1459_sf4|Component_1459|Bronze
1460_sf4|Component_1460|Copper
1461_sf4|Component_1461|Granite
1462_sf4|Component_1462|Wool
1463_sf4|Component_1463|Wooden
1464_sf4|Component_1464|Rubber
1465_sf4|Component_1465|Paper
1466_sf4|Component_1466|Leather
1467_sf4|Component_1467|Rubber
1468_sf4|Component_1468|Wooden
1469_sf4|Component_1469|Steel
1470_sf4|Component_1470|Titânio
1471_sf4|Component_1471|Steel
1472_sf4|Component_1472|Wooden
1473_sf4|Component_1473|Silk
1474_sf4|Component_1474|Silk
1475_sf4|Component_1475|Rubber
1476_sf4|Component_1476|Plastic
1477_sf4|Component_1477|Wooden
1478_sf4|Component_1478|Concrete
1479_sf4|Component_1479|Silk
1480_sf4|Component_1480|Wooden
1481_sf4|Component_1481|Granite
1482_sf4|Component_1482|Linen
1483_sf4|Component_1483|Leather
1484_sf4|Component_1484|Copper
1485_sf4|Component_1485|Titânio
1486_sf4|Component_1486|Bronze
1487_sf4|Component_1487|Aluminum
1488_sf4|Component_1488|Bronze
1489_sf4|Component_1489|Concrete
1490_sf4|Component_1490|Bronze
1491_sf4|Component_1491|Wooden
1492_sf4|Component_1492|Iron
1493_sf4|Component_1493|Silk
1494_sf4|Component_1494|Iron
1495_sf4|Component_1495|Aluminum
1496_sf4|Component_1496|Silk
1497_sf4|Component_1497|Linen
1498_sf4|Component_1498|Cotton
1499_sf4|Component_1499|Aluminum
1500_sf4|Component_1500|Titânio
1501_sf4|Component_1501|Concrete
1502_sf4|Component_1502|Leather
1503_sf4|Component_1503|Rubber
1504_sf4|Component_1504|Cotton
1505_sf4|Component_1505|Leather
1506_sf4|Component_1506|Linen
1507_sf4|Component_1507|Cotton
1508_sf4|Component_1508|Linen
1509_sf4|Component_1509|Linen
1510_sf4|Component_1510|Leather
1511_sf4|Component_1511|Granite
1512_sf4|Component_1512|Marble
1513_sf4|Component_1513|Wooden
1514_sf4|Component_1514|Aluminum
1515_sf4|Component_1515|Titânio
1516_sf4|Component_1516|Wool
1517_sf4|Component_1517|Plastic
1518_sf4|Component_1518|Iron
1519_sf4|Component_1519|Marble
1520_sf4|Component_1520|Linen
1521_sf4|Component_1521|Bronze
1522_sf4|Component_1522|Wool
1523_sf4|Component_1523|Copper
1524_sf4|Component_1524|Silk
1525_sf4|Component_1525|Rubber
1526_sf4|Component_1526|Plastic
1527_sf4|Component_1527|Steel
1528_sf4|Component_1528|Bronze
1529_sf4|Component_1529|Rubber
1530_sf4|Component_1530|Titânio
1531_sf4|Component_1531|Linen
1532_sf4|Component_1532|Aluminum
1533_sf4|Component_1533|Linen
1534_sf4|Component_1534|Iron
1535_sf4|Component_1535|Wool
1536_sf4|Component_1536|Silk
1537_sf4|Component_1537|Granite
1538_sf4|Component_1538|Concrete
1539_sf4|Component_1539|Wool
1540_sf4|Component_1540|Concrete
1541_sf4|Component_1541|Granite
1542_sf4|Component_1542|Iron
1543_sf4|Component_1543|Marble
1544_sf4|Component_1544|Paper
1545_sf4|Component_1545|Titânio
1546_sf4|Component_1546|Plastic
1547_sf4|Component_1547|Wool
1548_sf4|Component_1548|Leather
1549_sf4|Component_1549|Leather
1550_sf4|Component_1550|Wool
1551_sf4|Component_1551|Paper
1552_sf4|Component_1552|Wooden
1553_sf4|Component_1553|Aluminum
1554_sf4|Component_1554|Wooden
1555_sf4|Component_1555|Cotton
1556_sf4|Component_1556|Copper
1557_sf4|Component_1557|Marble
1558_sf4|Component_1558|Iron
1559_sf4|Component_1559|Granite
1560_sf4|Component_1560|Titânio
1561_sf4|Component_1561|Wooden
1562_sf4|Component_1562|Concrete
1563_sf4|Component_1563|Plastic
1564_sf4|Component_1564|Cotton
1565_sf4|Component_1565|Wooden
1566_sf4|Component_1566|Plastic
1567_sf4|Component_1567|Iron
1568_sf4|Component_1568|Plastic
1569_sf4|Component_1569|Silk
1570_sf4|Component_1570|Bronze
1571_sf4|Component_1571|Granite
1572_sf4|Component_1572|Aluminum
1573_sf4|Component_1573|Rubber
1574_sf4|Component_1574|Copper
1575_sf4|Component_1575|Titânio
1576_sf4|Component_1576|Rubber
1577_sf4|Component_1577|Cotton
1578_sf4|Component_1578|Paper
1579_sf4|Component_1579|Copper
1580_sf4|Component_1580|Steel
1581_sf4|Component_1581|Plastic
1582_sf4|Component_1582|Linen
1583_sf4|Component_1583|Steel
1584_sf4|Component_1584|Silk
1585_sf4|Component_1585|Steel
1586_sf4|Component_1586|Leather
1587_sf4|Component_1587|Steel
1588_sf4|Component_1588|Silk
1589_sf4|Component_1589|Bronze
1590_sf4|Component_1590|Titânio
1591_sf4|Component_1591|Cotton
1592_sf4|Component_1592|Rubber
1593_sf4|Component_1593|Paper
1594_sf4|Component_1594|Steel
1595_sf4|Component_1595|Cotton
1596_sf4|Component_1596|Aluminum
1597_sf4|Component_1597|Concrete
1598_sf4|Component_1598|Wool
1599_sf4|Component_1599|Silk
1600_sf4|Component_1600|Wool
1601_sf4|Component_1601|Aluminum
1602_sf4|Component_1602|Aluminum
1603_sf4|Component_1603|Bronze
1604_sf4|Component_1604|Granite
1605_sf4|Component_1605|Titânio
1606_sf4|Component_1606|Cotton
1607_sf4|Component_1607|Linen
1608_sf4|Component_1608|Copper
1609_sf4|Component_1609|Wooden
1610_sf4|Component_1610|Marble
1611_sf4|Component_1611|Marble
1612_sf4|Component_1612|Concrete
1613_sf4|Component_1613|Marble
1614_sf4|Component_1614|Granite
1615_sf4|Component_1615|Granite
1616_sf4|Component_1616|Aluminum
1617_sf4|Component_1617|Silk
1618_sf4|Component_1618|Linen
1619_sf4|Component_1619|Marble
1620_sf4|Component_1620|Titânio
1621_sf4|Component_1621|Iron
1622_sf4|Component_1622|Cotton
1623_sf4|Component_1623|Silk
1624_sf4|Component_1624|Granite
1625_sf4|Component_1625|Cotton
1626_sf4|Component_1626|Rubber
1627_sf4|Component_1627|Plastic
1628_sf4|Component_1628|Aluminum
1629_sf4|Component_1629|Copper
1630_sf4|Component_1630|Leather
1631_sf4|Component_1631|Wooden
1632_sf4|Component_1632|Silk
1633_sf4|Component_1633|Cotton
1634_sf4|Component_1634|Wool
1635_sf4|Component_1635|Titânio
1636_sf4|Component_1636|Wooden
1637_sf4|Component_1637|Cotton
1638_sf4|Component_1638|Silk
1639_sf4|Component_1639|Marble
1640_sf4|Component_1640|Copper
1641_sf4|Component_1641|Leather
1642_sf4|Component_1642|Rubber
1643_sf4|Component_1643|Paper
1644_sf4|Component_1644|Granite
1645_sf4|Component_1645|Plastic
1646_sf4|Component_1646|Aluminum
1647_sf4|Component_1647|Concrete
1648_sf4|Component_1648|Paper
1649_sf4|Component_1649|Paper
1650_sf4|Component_1650|Titânio
1651_sf4|Component_1651|Cotton
1652_sf4|Component_1652|Paper
1653_sf4|Component_1653|Bronze
1654_sf4|Component_1654|Iron
1655_sf4|Component_1655|Plastic
1656_sf4|Component_1656|Aluminum
1657_sf4|Component_1657|Linen
1658_sf4|Component_1658|Paper
1659_sf4|Component_1659|Marble
1660_sf4|Component_1660|Linen
1661_sf4|Component_1661|Plastic
1662_sf4|Component_1662|Silk
1663_sf4|Component_1663|Copper
1664_sf4|Component_1664|Cotton
1665_sf4|Component_1665|Titânio
1666_sf4|Component_1666|Wooden
1667_sf4|Component_1667|Wooden
1668_sf4|Component_1668|Granite
1669_sf4|Component_1669|Wool
1670_sf4|Component_1670|Copper
1671_sf4|Component_1671|Aluminum
1672_sf4|Component_1672|Wool
1673_sf4|Component_1673|Copper
1674_sf4|Component_1674|Wool
1675_sf4|Component_1675|Marble
1676_sf4|Component_1676|Copper
1677_sf4|Component_1677|Iron
1678_sf4|Component_1678|Plastic
1679_sf4|Component_1679|Cotton
1680_sf4|Component_1680|Titânio
1681_sf4|Component_1681|Leather
1682_sf4|Component_1682|Steel
1683_sf4|Component_1683|Leather
1684_sf4|Component_1684|Iron
1685_sf4|Component_1685|Aluminum
1686_sf4|Component_1686|Silk
1687_sf4|Component_1687|Bronze
1688_sf4|Component_1688|Concrete
1689_sf4|Component_1689|Iron
1690_sf4|Component_1690|Aluminum
1691_sf4|Component_1691|Concrete
1692_sf4|Component_1692|Wooden
1693_sf4|Component_1693|Bronze
1694_sf4|Component_1694|Bronze
1695_sf4|Component_1695|Titânio
1696_sf4|Component_1696|Iron
1697_sf4|Component_1697|Silk
1698_sf4|Component_1698|Copper
1699_sf4|Component_1699|Bronze
1700_sf4|Component_1700|Paper
1701_sf4|Component_1701|Rubber
1702_sf4|Component_1702|Rubber
1703_sf4|Component_1703|Copper
1704_sf4|Component_1704|Plastic
1705_sf4|Component_1705|Paper
1706_sf4|Component_1706|Aluminum
1707_sf4|Component_1707|Marble
1708_sf4|Component_1708|Copper
1709_sf4|Component_1709|Leather
1710_sf4|Component_1710|Titânio
1711_sf4|Component_1711|Leather
1712_sf4|Component_1712|Cotton
1713_sf4|Component_1713|Linen
1714_sf4|Component_1714|Silk
1715_sf4|Component_1715|Linen
1716_sf4|Component_1716|Bronze
1717_sf4|Component_1717|Bronze
1718_sf4|Component_1718|Steel
1719_sf4|Component_1719|Aluminum
1720_sf4|Component_1720|Granite
1721_sf4|Component_1721|Wooden
1722_sf4|Component_1722|Concrete
1723_sf4|Component_1723|Marble
1724_sf4|Component_1724|Copper
1725_sf4|Component_1725|Titânio
1726_sf4|Component_1726|Copper
1727_sf4|Component_1727|Plastic
1728_sf4|Component_1728|Aluminum
1729_sf4|Component_1729|Wool
1730_sf4|Component_1730|Copper
1731_sf4|Component_1731|Bronze
1732_sf4|Component_1732|Copper
1733_sf4|Component_1733|Silk
1734_sf4|Component_1734|Granite
1735_sf4|Component_1735|Plastic
1736_sf4|Component_1736|Aluminum
1737_sf4|Component_1737|Silk
1738_sf4|Component_1738|Wool
1739_sf4|Component_1739|Steel
1740_sf4|Component_1740|Titânio
1741_sf4|Component_1741|Rubber
1742_sf4|Component_1742|Paper
1743_sf4|Component_1743|Paper
1744_sf4|Component_1744|Wooden
1745_sf4|Component_1745|Iron
1746_sf4|Component_1746|Leather
1747_sf4|Component_1747|Copper
1748_sf4|Component_1748|Cotton
1749_sf4|Component_1749|Plastic
1750_sf4|Component_1750|Aluminum
1751_sf4|Component_1751|Concrete
1752_sf4|Component_1752|Linen
1753_sf4|Component_1753|Aluminum
1754_sf4|Component_1754|Rubber
1755_sf4|Component_1755|Titânio
1756_sf4|Component_1756|Copper
1757_sf4|Component_1757|Bronze
1758_sf4|Component_1758|Wool
1759_sf4|Component_1759|Bronze
1760_sf4|Component_1760|Bronze
1761_sf4|Component_1761|Silk
1762_sf4|Component_1762|Linen
1763_sf4|Component_1763|Wool
1764_sf4|Component_1764|Cotton
1765_sf4|Component_1765|Cotton
1766_sf4|Component_1766|Steel
1767_sf4|Component_1767|Granite
1768_sf4|Component_1768|Linen
1769_sf4|Component_1769|Steel
1770_sf4|Component_1770|Titânio
1771_sf4|Component_1771|Steel
1772_sf4|Component_1772|Plastic
1773_sf4|Component_1773|Copper
1774_sf4|Component_1774|Plastic
1775_sf4|Component_1775|Steel
1776_sf4|Component_1776|Wool
1777_sf4|Component_1777|Aluminum
1778_sf4|Component_1778|Marble
1779_sf4|Component_1779|Leather
1780_sf4|Component_1780|Rubber
1781_sf4|Component_1781|Silk
1782_sf4|Component_1782|Rubber
1783_sf4|Component_1783|Silk
1784_sf4|Component_1784|Paper
1785_sf4|Component_1785|Titânio
1786_sf4|Component_1786|Iron
1787_sf4|Component_1787|Linen
1788_sf4|Component_1788|Aluminum
1789_sf4|Component_1789|Linen
1790_sf4|Component_1790|Steel
1791_sf4|Component_1791|Bronze
1792_sf4|Component_1792|Bronze
1793_sf4|Component_1793|Copper
1794_sf4|Component_1794|Cotton
1795_sf4|Component_1795|Plastic
1796_sf4|Component_1796|Iron
1797_sf4|Component_1797|Steel
1798_sf4|Component_1798|Granite
1799_sf4|Component_1799|Rubber
1800_sf4|Component_1800|Titânio
1801_sf4|Component_1801|Cotton
1802_sf4|Component_1802|Aluminum
1803_sf4|Component_1803|Leather
1804_sf4|Component_1804|Leather
1805_sf4|Component_1805|Copper
1806_sf4|Component_1806|Bronze
1807_sf4|Component_1807|Silk
1808_sf4|Component_1808|Bronze
1809_sf4|Component_1809|Rubber
1810_sf4|Component_1810|Paper
1811_sf4|Component_1811|Granite
1812_sf4|Component_1812|Marble
1813_sf4|Component_1813|Steel
1814_sf4|Component_1814|Concrete
1815_sf4|Component_1815|Titânio
1816_sf4|Component_1816|Leather
1817_sf4|Component_1817|Paper
1818_sf4|Component_1818|Cotton
1819_sf4|Component_1819|Linen
1820_sf4|Component_1820|Marble
1821_sf4|Component_1821|Rubber
1822_sf4|Component_1822|Paper
1823_sf4|Component_1823|Plastic
1824_sf4|Component_1824|Bronze
1825_sf4|Component_1825|Plastic
1826_sf4|Component_1826|Steel
1827_sf4|Component_1827|Steel
1828_sf4|Component_1828|Aluminum
1829_sf4|Component_1829|Wooden
1830_sf4|Component_1830|Titânio
1831_sf4|Component_1831|Aluminum
1832_sf4|Component_1832|Silk
1833_sf4|Component_1833|Aluminum
1834_sf4|Component_1834|Granite
1835_sf4|Component_1835|Copper
1836_sf4|Component_1836|Silk
1837_sf4|Component_1837|Granite
1838_sf4|Component_1838|Concrete
1839_sf4|Component_1839|Steel
1840_sf4|Component_1840|Granite
1841_sf4|Component_1841|Wool
1842_sf4|Component_1842|Wooden
1843_sf4|Component_1843|Granite
1844_sf4|Component_1844|Bronze
1845_sf4|Component_1845|Titânio
1846_sf4|Component_1846|Plastic
1847_sf4|Component_1847|Steel
1848_sf4|Component_1848|Paper
1849_sf4|Component_1849|Silk
1850_sf4|Component_1850|Copper
1851_sf4|Component_1851|Marble
1852_sf4|Component_1852|Leather
1853_sf4|Component_1853|Paper
1854_sf4|Component_1854|Granite
1855_sf4|Component_1855|Granite
1856_sf4|Component_1856|Concrete
1857_sf4|Component_1857|Cotton
1858_sf4|Component_1858|Wooden
1859_sf4|Component_1859|Wool
1860_sf4|Component_1860|Titânio
1861_sf4|Component_1861|Linen
1862_sf4|Component_1862|Copper
1863_sf4|Component_1863|Granite
1864_sf4|Component_1864|Granite
1865_sf4|Component_1865|Steel
1866_sf4|Component_1866|Wool
1867_sf4|Component_1867|Aluminum
1868_sf4|Component_1868|Concrete
1869_sf4|Component_1869|Plastic
1870_sf4|Component_1870|Iron
1871_sf4|Component_1871|Linen
1872_sf4|Component_1872|Steel
1873_sf4|Component_1873|Silk
1874_sf4|Component_1874|Leather
1875_sf4|Component_1875|Titânio
1876_sf4|Component_1876|Linen
1877_sf4|Component_1877|Wooden
1878_sf4|Component_1878|Marble
1879_sf4|Component_1879|Paper
1880_sf4|Component_1880|Iron
1881_sf4|Component_1881|Paper
1882_sf4|Component_1882|Concrete
1883_sf4|Component_1883|Linen
1884_sf4|Component_1884|Steel
1885_sf4|Component_1885|Marble
1886_sf4|Component_1886|Granite
1887_sf4|Component_1887|Linen
1888_sf4|Component_1888|Leather
1889_sf4|Component_1889|Copper
1890_sf4|Component_1890|Titânio
1891_sf4|Component_1891|Linen
1892_sf4|Component_1892|Steel
1893_sf4|Component_1893|Granite
1894_sf4|Component_1894|Wool
1895_sf4|Component_1895|Marble
1896_sf4|Component_1896|Steel
1897_sf4|Component_1897|Granite
1898_sf4|Component_1898|Linen
1899_sf4|Component_1899|Granite
1900_sf4|Component_1900|Leather
1901_sf4|Component_1901|Linen
1902_sf4|Component_1902|Cotton
1903_sf4|Component_1903|Steel
1904_sf4|Component_1904|Aluminum
1905_sf4|Component_1905|Titânio
1906_sf4|Component_1906|Linen
1907_sf4|Component_1907|Copper
1908_sf4|Component_1908|Wooden
1909_sf4|Component_1909|Linen
1910_sf4|Component_1910|Plastic
1911_sf4|Component_1911|Bronze
1912_sf4|Component_1912|Silk
1913_sf4|Component_1913|Plastic
1914_sf4|Component_1914|Linen
1915_sf4|Component_1915|Copper
1916_sf4|Component_1916|Wooden
1917_sf4|Component_1917|Marble
1918_sf4|Component_1918|Paper
1919_sf4|Component_1919|Aluminum
1920_sf4|Component_1920|Titânio
1921_sf4|Component_1921|Steel
1922_sf4|Component_1922|Wool
1923_sf4|Component_1923|Linen
1924_sf4|Component_1924|Aluminum
1925_sf4|Component_1925|Bronze
1926_sf4|Component_1926|Marble
1927_sf4|Component_1927|Steel
1928_sf4|Component_1928|Bronze
1929_sf4|Component_1929|Copper
1930_sf4|Component_1930|Wool
1931_sf4|Component_1931|Rubber
1932_sf4|Component_1932|Silk
1933_sf4|Component_1933|Aluminum
1934_sf4|Component_1934|Linen
1935_sf4|Component_1935|Titânio
1936_sf4|Component_1936|Granite
1937_sf4|Component_1937|Marble
1938_sf4|Component_1938|Wool
1939_sf4|Component_1939|Cotton
1940_sf4|Component_1940|Marble
1941_sf4|Component_1941|Granite
1942_sf4|Component_1942|Linen
1943_sf4|Component_1943|Iron
1944_sf4|Component_1944|Silk
1945_sf4|Component_1945|Iron
1946_sf4|Component_1946|Leather
1947_sf4|Component_1947|Plastic
1948_sf4|Component_1948|Paper
1949_sf4|Component_1949|Wool
1950_sf4|Component_1950|Titânio
1951_sf4|Component_1951|Leather
1952_sf4|Component_1952|Iron
1953_sf4|Component_1953|Cotton
1954_sf4|Component_1954|Wool
1955_sf4|Component_1955|Marble
1956_sf4|Component_1956|Steel
1957_sf4|Component_1957|Leather
1958_sf4|Component_1958|Silk
1959_sf4|Component_1959|Linen
1960_sf4|Component_1960|Cotton
1961_sf4|Component_1961|Cotton
1962_sf4|Component_1962|Cotton
1963_sf4|Component_1963|Concrete
1964_sf4|Component_1964|Paper
1965_sf4|Component_1965|Titânio
1966_sf4|Component_1966|Leather
1967_sf4|Component_1967|Rubber
1968_sf4|Component_1968|Cotton
1969_sf4|Component_1969|Cotton
1970_sf4|Component_1970|Leather
1971_sf4|Component_1971|Marble
1972_sf4|Component_1972|Leather
1973_sf4|Component_1973|Copper
1974_sf4|Component_1974|Granite
1975_sf4|Component_1975|Wooden
1976_sf4|Component_1976|Bronze
1977_sf4|Component_1977|Granite
1978_sf4|Component_1978|Leather
1979_sf4|Component_1979|Wool
1980_sf4|Component_1980|Titânio
1981_sf4|Component_1981|Steel
1982_sf4|Component_1982|Wool
1983_sf4|Component_1983|Bronze
1984_sf4|Component_1984|Linen
1985_sf4|Component_1985|Bronze
1986_sf4|Component_1986|Wooden
1987_sf4|Component_1987|Wooden
1988_sf4|Component_1988|Granite
1989_sf4|Component_1989|Granite
1990_sf4|Component_1990|Cotton
1991_sf4|Component_1991|Paper
1992_sf4|Component_1992|Cotton
1993_sf4|Component_1993|Granite
1994_sf4|Component_1994|Marble
1995_sf4|Component_1995|Titânio
1996_sf4|Component_1996|Leather
1997_sf4|Component_1997|Plastic
1998_sf4|Component_1998|Rubber
1999_sf4|Component_1999|Bronze
0_sf5|Component_0|Titânio
1_sf5|Component_1|Steel
2_sf5|Component_2|Plastic
3_sf5|Component_3|Steel
4_sf5|Component_4|Linen
5_sf5|Component_5|Wool
6_sf5|Component_6|Leather
7_sf5|Component_7|Steel
8_sf5|Component_8|Granite
9_sf5|Component_9|Rubber
10_sf5|Component_10|Marble
11_sf5|Component_11|Cotton
12_sf5|Component_12|Copper
13_sf5|Component_13|Copper
14_sf5|Component_14|Marble
15_sf5|Component_15|Titânio
16_sf5|Component_16|Silk
17_sf5|Component_17|Leather
18_sf5|Component_18|Bronze
19_sf5|Component_19|Silk
20_sf5|Component_20|Bronze
21_sf5|Component_21|Paper
22_sf5|Component_22|Cotton
23_sf5|Component_23|Concrete
24_sf5|Component_24|Linen
25_sf5|Component_25|Plastic
26_sf5|Component_26|Marble
27_sf5|Component_27|Granite
28_sf5|Component_28|Aluminum
29_sf5|Component_29|Wool
30_sf5|Component_30|Titânio
31_sf5|Component_31|Wooden
32_sf5|Component_32|Marble
33_sf5|Component_33|Plastic
34_sf5|Component_34|Concrete
35_sf5|Component_35|Leather
36_sf5|Component_36|Aluminum
37_sf5|Component_37|Paper
38_sf5|Component_38|Aluminum
39_sf5|Component_39|Steel
40_sf5|Component_40|Plastic
41_sf5|Component_41|Wool
42_sf5|Component_42|Aluminum
43_sf5|Component_43|Linen
44_sf5|Component_44|Rubber
45_sf5|Component_45|Titânio
46_sf5|Component_46|Paper
47_sf5|Component_47|Steel
48_sf5|Component_48|Wooden
49_sf5|Component_49|Paper
50_sf5|Component_50|Rubber
51_sf5|Component_51|Paper
52_sf5|Component_52|Bronze
53_sf5|Component_53|Linen
54_sf5|Component_54|Silk
55_sf5|Component_55|Linen
56_sf5|Component_56|Steel
57_sf5|Component_57|Plastic
58_sf5|Component_58|Linen
59_sf5|Component_59|Wool
60_sf5|Component_60|Titânio
61_sf5|Component_61|Concrete
62_sf5|Component_62|Iron
63_sf5|Component_63|Plastic
64_sf5|Component_64|Marble
65_sf5|Component_65|Iron
66_sf5|Component_66|Wooden
67_sf5|Component_67|Iron
68_sf5|Component_68|Aluminum
69_sf5|Component_69|Rubber
70_sf5|Component_70|Wooden
71_sf5|Component_71|Marble
72_sf5|Component_72|Copper
73_sf5|Component_73|Granite
74_sf5|Component_74|Cotton
75_sf5|Component_75|Titânio
76_sf5|Component_76|Plastic
77_sf5|Component_77|Rubber
78_sf5|Component_78|Concrete
79_sf5|Component_79|Linen
80_sf5|Component_80|Rubber
81_sf5|Component_81|Aluminum
82_sf5|Component_82|Aluminum
83_sf5|Component_83|Plastic
84_sf5|Component_84|Aluminum
85_sf5|Component_85|Marble
86_sf5|Component_86|Plastic
87_sf5|Component_87|Paper
88_sf5|Component_88|Wool
89_sf5|Component_89|Rubber
90_sf5|Component_90|Titânio
91_sf5|Component_91|Copper
92_sf5|Component_92|Silk
93_sf5|Component_93|Aluminum
94_sf5|Component_94|Leather
95_sf5|Component_95|Plastic
96_sf5|Component_96|Iron
97_sf5|Component_97|Plastic
98_sf5|Component_98|Plastic
99_sf5|Component_99|Copper
100_sf5|Component_100|Iron
101_sf5|Component_101|Granite
102_sf5|Component_102|Aluminum
103_sf5|Component_103|Linen
104_sf5|Component_104|Aluminum
105_sf5|Component_105|Titânio
106_sf5|Component_106|Rubber
107_sf5|Component_107|Wooden
108_sf5|Component_108|Rubber
109_sf5|Component_109|Marble
110_sf5|Component_110|Wool
111_sf5|Component_111|Silk
112_sf5|Component_112|Linen
113_sf5|Component_113|Leather
114_sf5|Component_114|Rubber
115_sf5|Component_115|Copper
116_sf5|Component_116|Linen
117_sf5|Component_117|Cotton
118_sf5|Component_118|Leather
119_sf5|Component_119|Concrete
120_sf5|Component_120|Titânio
121_sf5|Component_121|Silk
122_sf5|Component_122|Cotton
123_sf5|Component_123|Silk
124_sf5|Component_124|Wooden
125_sf5|Component_125|Iron
126_sf5|Component_126|Marble
127_sf5|Component_127|Rubber
128_sf5|Component_128|Iron
129_sf5|Component_129|Rubber
130_sf5|Component_130|Marble
131_sf5|Component_131|Copper
132_sf5|Component_132|Iron
133_sf5|Component_133|Concrete
134_sf5|Component_134|Iron
135_sf5|Component_135|Titânio
136_sf5|Component_136|Iron
137_sf5|Component_137|Bronze
138_sf5|Component_138|Marble
139_sf5|Component_139|Silk
140_sf5|Component_140|Leather
141_sf5|Component_141|Paper
142_sf5|Component_142|Marble
143_sf5|Component_143|Leather
144_sf5|Component_144|Cotton
145_sf5|Component_145|Rubber
146_sf5|Component_146|Granite
147_sf5|Component_147|Plastic
148_sf5|Component_148|Paper
149_sf5|Component_149|Marble
150_sf5|Component_150|Titânio
151_sf5|Component_151|Steel
152_sf5|Component_152|Marble
153_sf5|Component_153|Rubber
154_sf5|Component_154|Paper
155_sf5|Component_155|Cotton
156_sf5|Component_156|Copper
157_sf5|Component_157|Wool
158_sf5|Component_158|Bronze
159_sf5|Component_159|Marble
160_sf5|Component_160|Rubber
161_sf5|Component_161|Rubber
162_sf5|Component_162|Linen
163_sf5|Component_163|Paper
164_sf5|Component_164|Steel
165_sf5|Component_165|Titânio
166_sf5|Component_166|Paper
167_sf5|Component_167|Wool
168_sf5|Component_168|Leather
169_sf5|Component_169|Marble
170_sf5|Component_170|Wooden
171_sf5|Component_171|Silk
172_sf5|Component_172|Paper
173_sf5|Component_173|Bronze
174_sf5|Component_174|Copper
175_sf5|Component_175|Concrete
176_sf5|Component_176|Plastic
177_sf5|Component_177|Bronze
178_sf5|Component_178|Granite
179_sf5|Component_179|Steel
180_sf5|Component_180|Titânio
181_sf5|Component_181|Iron
182_sf5|Component_182|Steel
183_sf5|Component_183|Paper
184_sf5|Component_184|Paper
185_sf5|Component_185|Cotton
186_sf5|Component_186|Leather
187_sf5|Component_187|Paper
188_sf5|Component_188|Granite
189_sf5|Component_189|Aluminum
190_sf5|Component_190|Copper
191_sf5|Component_191|Rubber
192_sf5|Component_192|Cotton
193_sf5|Component_193|Leather
194_sf5|Component_194|Linen
195_sf5|Component_195|Titânio
196_sf5|Component_196|Steel
197_sf5|Component_197|Linen
198_sf5|Component_198|Iron
199_sf5|Component_199|Leather
200_sf5|Component_200|Leather
201_sf5|Component_201|Wooden
202_sf5|Component_202|Plastic
203_sf5|Component_203|Aluminum
204_sf5|Component_204|Linen
205_sf5|Component_205|Wool
206_sf5|Component_206|Wool
207_sf5|Component_207|Concrete
208_sf5|Component_208|Bronze
209_sf5|Component_209|Iron
210_sf5|Component_210|Titânio
211_sf5|Component_211|Wool
212_sf5|Component_212|Cotton
213_sf5|Component_213|Concrete
214_sf5|Component_214|Iron
215_sf5|Component_215|Iron
216_sf5|Component_216|Marble
217_sf5|Component_217|Steel
218_sf5|Component_218|Bronze
219_sf5|Component_219|Copper
220_sf5|Component_220|Linen
221_sf5|Component_221|Granite
222_sf5|Component_222|Cotton
223_sf5|Component_223|Rubber
224_sf5|Component_224|Marble
225_sf5|Component_225|Titânio
226_sf5|Component_226|Wool
227_sf5|Component_227|Iron
228_sf5|Component_228|Wool
229_sf5|Component_229|Cotton
230_sf5|Component_230|Silk
231_sf5|Component_231|Silk
232_sf5|Component_232|Cotton
233_sf5|Component_233|Wool
234_sf5|Component_234|Iron
235_sf5|Component_235|Aluminum
236_sf5|Component_236|Concrete
237_sf5|Component_237|Steel
238_sf5|Component_238|Steel
239_sf5|Component_239|Silk
240_sf5|Component_240|Titânio
241_sf5|Component_241|Rubber
242_sf5|Component_242|Iron
243_sf5|Component_243|Wool
244_sf5|Component_244|Wooden
245_sf5|Component_245|Plastic
246_sf5|Component_246|Wool
247_sf5|Component_247|Paper
248_sf5|Component_248|Iron
249_sf5|Component_249|Paper
250_sf5|Component_250|Plastic
251_sf5|Component_251|Wool
252_sf5|Component_252|Granite
253_sf5|Component_253|Leather
254_sf5|Component_254|Leather
255_sf5|Component_255|Titânio
256_sf5|Component_256|Copper
257_sf5|Component_257|Steel
258_sf5|Component_258|Plastic
259_sf5|Component_259|Steel
260_sf5|Component_260|Linen
261_sf5|Component_261|Silk
262_sf5|Component_262|Linen
263_sf5|Component_263|Paper
264_sf5|Component_264|Silk
265_sf5|Component_265|Rubber
266_sf5|Component_266|Iron
267_sf5|Component_267|Steel
268_sf5|Component_268|Iron
269_sf5|Component_269|Paper
270_sf5|Component_270|Titânio
271_sf5|Component_271|Marble
272_sf5|Component_272|Paper
273_sf5|Component_273|Concrete
274_sf5|Component_274|Silk
275_sf5|Component_275|Wooden
276_sf5|Component_276|Wool
277_sf5|Component_277|Wooden
278_sf5|Component_278|Bronze
279_sf5|Component_279|Iron
280_sf5|Component_280|Iron
281_sf5|Component_281|Bronze
282_sf5|Component_282|Bronze
283_sf5|Component_283|Paper
284_sf5|Component_284|Paper
285_sf5|Component_285|Titânio
286_sf5|Component_286|Leather
287_sf5|Component_287|Wooden
288_sf5|Component_288|Linen
289_sf5|Component_289|Wool
290_sf5|Component_290|Steel
291_sf5|Component_291|Cotton
292_sf5|Component_292|Granite
293_sf5|Component_293|Plastic
294_sf5|Component_294|Steel
295_sf5|Component_295|Bronze
296_sf5|Component_296|Steel
297_sf5|Component_297|Wool
298_sf5|Component_298|Rubber
299_sf5|Component_299|Wooden
300_sf5|Component_300|Titânio
301_sf5|Component_301|Wooden
302_sf5|Component_302|Granite
303_sf5|Component_303|Wooden
304_sf5|Component_304|Copper
305_sf5|Component_305|Silk
306_sf5|Component_306|Concrete
307_sf5|Component_307|Wooden
308_sf5|Component_308|Granite
309_sf5|Component_309|Leather
310_sf5|Component_310|Silk
311_sf5|Component_311|Steel
312_sf5|Component_312|Marble
313_sf5|Component_313|Iron
314_sf5|Component_314|Rubber
315_sf5|Component_315|Titânio
316_sf5|Component_316|Silk
317_sf5|Component_317|Linen
318_sf5|Component_318|Cotton
319_sf5|Component_319|Rubber
320_sf5|Component_320|Plastic
321_sf5|Component_321|Concrete
322_sf5|Component_322|Aluminum
323_sf5|Component_323|Paper
324_sf5|Component_324|Silk
325_sf5|Component_325|Wool
326_sf5|Component_326|Granite
327_sf5|Component_327|Linen
328_sf5|Component_328|Granite
329_sf5|Component_329|Plastic
330_sf5|Component_330|Titânio
331_sf5|Component_331|Bronze
332_sf5|Component_332|Aluminum
333_sf5|Component_333|Bronze
334_sf5|Component_334|Iron
335_sf5|Component_335|Iron
336_sf5|Component_336|Steel
337_sf5|Component_337|Copper
338_sf5|Component_338|Copper
339_sf5|Component_339|Concrete
340_sf5|Component_340|Granite
341_sf5|Component_341|Paper
342_sf5|Component_342|Granite
343_sf5|Component_343|Aluminum
344_sf5|Component_344|Wooden
345_sf5|Component_345|Titânio
346_sf5|Component_346|Cotton
347_sf5|Component_347|Aluminum
348_sf5|Component_348|Concrete
349_sf5|Component_349|Cotton
350_sf5|Component_350|Concrete
351_sf5|Component_351|Granite
352_sf5|Component_352|Paper
353_sf5|Component_353|Bronze
354_sf5|Component_354|Leather
355_sf5|Component_355|Plastic
356_sf5|Component_356|Granite
357_sf5|Component_357|Marble
358_sf5|Component_358|Aluminum
359_sf5|Component_359|Steel
360_sf5|Component_360|Titânio
361_sf5|Component_361|Iron
362_sf5|Component_362|Granite
363_sf5|Component_363|Iron
364_sf5|Component_364|Steel
365_sf5|Component_365|Cotton
366_sf5|Component_366|Cotton
367_sf5|Component_367|Rubber
368_sf5|Component_368|Silk
369_sf5|Component_369|Concrete
370_sf5|Component_370|Linen
371_sf5|Component_371|Granite
372_sf5|Component_372|Rubber
373_sf5|Component_373|Paper
374_sf5|Component_374|Steel
375_sf5|Component_375|Titânio
376_sf5|Component_376|Silk
377_sf5|Component_377|Rubber
378_sf5|Component_378|Wooden
379_sf5|Component_379|Granite
380_sf5|Component_380|Cotton
381_sf5|Component_381|Aluminum
382_sf5|Component_382|Silk
383_sf5|Component_383|Silk
384_sf5|Component_384|Aluminum
385_sf5|Component_385|Cotton
386_sf5|Component_386|Rubber
387_sf5|Component_387|Marble
388_sf5|Component_388|Granite
389_sf5|Component_389|Concrete
390_sf5|Component_390|Titânio
391_sf5|Component_391|Paper
392_sf5|Component_392|Rubber
393_sf5|Component_393|Granite
394_sf5|Component_394|Rubber
395_sf5|Component_395|Iron
396_sf5|Component_396|Steel
397_sf5|Component_397|Iron
398_sf5|Component_398|Aluminum
399_sf5|Component_399|Bronze
400_sf5|Component_400|Linen
401_sf5|Component_401|Bronze
402_sf5|Component_402|Granite
403_sf5|Component_403|Wooden
404_sf5|Component_404|Steel
405_sf5|Component_405|Titânio
406_sf5|Component_406|Cotton
407_sf5|Component_407|Cotton
408_sf5|Component_408|Plastic
409_sf5|Component_409|Rubber
410_sf5|Component_410|Granite
411_sf5|Component_411|Rubber
412_sf5|Component_412|Aluminum
413_sf5|Component_413|Silk
414_sf5|Component_414|Copper
415_sf5|Component_415|Granite
416_sf5|Component_416|Aluminum
417_sf5|Component_417|Linen
418_sf5|Component_418|Concrete
419_sf5|Component_419|Linen
420_sf5|Component_420|Titânio
421_sf5|Component_421|Concrete
422_sf5|Component_422|Cotton
423_sf5|Component_423|Wool
424_sf5|Component_424|Silk
425_sf5|Component_425|Paper
426_sf5|Component_426|Concrete
427_sf5|Component_427|Wool
428_sf5|Component_428|Aluminum
429_sf5|Component_429|Rubber
430_sf5|Component_430|Copper
431_sf5|Component_431|Wooden
432_sf5|Component_432|Aluminum
433_sf5|Component_433|Cotton
434_sf5|Component_434|Silk
435_sf5|Component_435|Titânio
436_sf5|Component_436|Plastic
437_sf5|Component_437|Granite
438_sf5|Component_438|Wooden
439_sf5|Component_439|Iron
440_sf5|Component_440|Plastic
441_sf5|Component_441|Plastic
442_sf5|Component_442|Marble
443_sf5|Component_443|Granite
444_sf5|Component_444|Wool
445_sf5|Component_445|Wooden
446_sf5|Component_446|Leather
447_sf5|Component_447|Copper
448_sf5|Component_448|Marble
449_sf5|Component_449|Marble
450_sf5|Component_450|Titânio
451_sf5|Component_451|Cotton
452_sf5|Component_452|Linen
453_sf5|Component_453|Copper
454_sf5|Component_454|Iron
455_sf5|Component_455|Granite
456_sf5|Component_456|Plastic
457_sf5|Component_457|Linen
458_sf5|Component_458|Wool
459_sf5|Component_459|Iron
460_sf5|Component_460|Rubber
461_sf5|Component_461|Wool
462_sf5|Component_462|Wooden
463_sf5|Component_463|Cotton
464_sf5|Component_464|Leather
465_sf5|Component_465|Titânio
466_sf5|Component_466|Iron
467_sf5|Component_467|Linen
468_sf5|Component_468|Copper
469_sf5|Component_469|Iron
470_sf5|Component_470|Copper
471_sf5|Component_471|Leather
472_sf5|Component_472|Linen
473_sf5|Component_473|Leather
474_sf5|Component_474|Wooden
475_sf5|Component_475|Aluminum
476_sf5|Component_476|Leather
477_sf5|Component_477|Marble
478_sf5|Component_478|Granite
479_sf5|Component_479|Paper
480_sf5|Component_480|Titânio
481_sf5|Component_481|Paper
482_sf5|Component_482|Marble
483_sf5|Component_483|Concrete
484_sf5|Component_484|Copper
485_sf5|Component_485|Wool
486_sf5|Component_486|Aluminum
487_sf5|Component_487|Leather
488_sf5|Component_488|Concrete
489_sf5|Component_489|Steel
490_sf5|Component_490|Leather
491_sf5|Component_491|Cotton
492_sf5|Component_492|Linen
493_sf5|Component_493|Copper
494_sf5|Component_494|Granite
495_sf5|Component_495|Titânio
496_sf5|Component_496|Rubber
497_sf5|Component_497|Rubber
498_sf5|Component_498|Aluminum
499_sf5|Component_499|Iron
500_sf5|Component_500|Wooden
501_sf5|Component_501|Steel
502_sf5|Component_502|Wooden
503_sf5|Component_503|Copper
504_sf5|Component_504|Iron
505_sf5|Component_505|Plastic
506_sf5|Component_506|Silk
507_sf5|Component_507|Granite
508_sf5|Component_508|Iron
509_sf5|Component_509|Wool
510_sf5|Component_510|Titânio
511_sf5|Component_511|Granite
512_sf5|Component_512|Plastic
513_sf5|Component_513|Aluminum
514_sf5|Component_514|Leather
515_sf5|Component_515|Steel
516_sf5|Component_516|Bronze
517_sf5|Component_517|Iron
518_sf5|Component_518|Linen
519_sf5|Component_519|Granite
520_sf5|Component_520|Steel
521_sf5|Component_521|Plastic
522_sf5|Component_522|Paper
523_sf5|Component_523|Concrete
524_sf5|Component_524|Iron
525_sf5|Component_525|Titânio
526_sf5|Component_526|Leather
527_sf5|Component_527|Aluminum
528_sf5|Component_528|Aluminum
529_sf5|Component_529|Copper
530_sf5|Component_530|Rubber
531_sf5|Component_531|Leather
532_sf5|Component_532|Concrete
533_sf5|Component_533|Aluminum
534_sf5|Component_534|Silk
535_sf5|Component_535|Copper
536_sf5|Component_536|Wooden
537_sf5|Component_537|Granite
538_sf5|Component_538|Linen
539_sf5|Component_539|Plastic
540_sf5|Component_540|Titânio
541_sf5|Component_541|Silk
542_sf5|Component_542|Silk
543_sf5|Component_543|Marble
544_sf5|Component_544|Marble
545_sf5|Component_545|Silk
546_sf5|Component_546|Marble
547_sf5|Component_547|Plastic
548_sf5|Component_548|Iron
549_sf5|Component_549|Iron
550_sf5|Component_550|Bronze
551_sf5|Component_551|Granite
552_sf5|Component_552|Steel
553_sf5|Component_553|Rubber
554_sf5|Component_554|Copper
555_sf5|Component_555|Titânio
556_sf5|Component_556|Concrete
557_sf5|Component_557|Concrete
558_sf5|Component_558|Aluminum
559_sf5|Component_559|Leather
560_sf5|Component_560|Wool
561_sf5|Component_561|Wool
562_sf5|Component_562|Paper
563_sf5|Component_563|Cotton
564_sf5|Component_564|Steel
565_sf5|Component_565|Wool
566_sf5|Component_566|Concrete
567_sf5|Component_567|Concrete
568_sf5|Component_568|Bronze
569_sf5|Component_569|Steel
570_sf5|Component_570|Titânio
571_sf5|Component_571|Copper
572_sf5|Component_572|Copper
573_sf5|Component_573|Bronze
574_sf5|Component_574|Silk
575_sf5|Component_575|Cotton
576_sf5|Component_576|Aluminum
577_sf5|Component_577|Aluminum
578_sf5|Component_578|Cotton
579_sf5|Component_579|Paper
580_sf5|Component_580|Wool
581_sf5|Component_581|Wooden
582_sf5|Component_582|Marble
583_sf5|Component_583|Paper
584_sf5|Component_584|Marble
585_sf5|Component_585|Titânio
586_sf5|Component_586|Granite
587_sf5|Component_587|Plastic
588_sf5|Component_588|Concrete
589_sf5|Component_589|Wooden
590_sf5|Component_590|Copper
591_sf5|Component_591|Steel
592_sf5|Component_592|Silk
593_sf5|Component_593|Cotton
594_sf5|Component_594|Wool
595_sf5|Component_595|Silk
596_sf5|Component_596|Aluminum
597_sf5|Component_597|Linen
598_sf5|Component_598|Concrete
599_sf5|Component_599|Bronze
600_sf5|Component_600|Titânio
601_sf5|Component_601|Rubber
602_sf5|Component_602|Linen
603_sf5|Component_603|Silk
604_sf5|Component_604|Linen
605_sf5|Component_605|Silk
606_sf5|Component_606|Paper
607_sf5|Component_607|Plastic
608_sf5|Component_608|Plastic
609_sf5|Component_609|Plastic
610_sf5|Component_610|Iron
611_sf5|Component_611|Silk
612_sf5|Component_612|Steel
613_sf5|Component_613|Marble
614_sf5|Component_614|Steel
615_sf5|Component_615|Titânio
616_sf5|Component_616|Concrete
617_sf5|Component_617|Concrete
618_sf5|Component_618|Silk
619_sf5|Component_619|Rubber
620_sf5|Component_620|Rubber
621_sf5|Component_621|Bronze
622_sf5|Component_622|Iron
623_sf5|Component_623|Cotton
624_sf5|Component_624|Iron
625_sf5|Component_625|Wool
626_sf5|Component_626|Plastic
627_sf5|Component_627|Leather
628_sf5|Component_628|Bronze
629_sf5|Component_629|Plastic
630_sf5|Component_630|Titânio
631_sf5|Component_631|Aluminum
632_sf5|Component_632|Rubber
633_sf5|Component_633|Paper
634_sf5|Component_634|Silk
635_sf5|Component_635|Cotton
636_sf5|Component_636|Rubber
637_sf5|Component_637|Concrete
638_sf5|Component_638|Marble
639_sf5|Component_639|Linen
640_sf5|Component_640|Iron
641_sf5|Component_641|Bronze
642_sf5|Component_642|Aluminum
643_sf5|Component_643|Marble
644_sf5|Component_644|Plastic
645_sf5|Component_645|Titânio
646_sf5|Component_646|Marble
647_sf5|Component_647|Iron
648_sf5|Component_648|Silk
649_sf5|Component_649|Plastic
650_sf5|Component_650|Granite
651_sf5|Component_651|Concrete
652_sf5|Component_652|Copper
653_sf5|Component_653|Steel
654_sf5|Component_654|Rubber
655_sf5|Component_655|Bronze
656_sf5|Component_656|Plastic
657_sf5|Component_657|Leather
658_sf5|Component_658|Aluminum
659_sf5|Component_659|Copper
660_sf5|Component_660|Titânio
661_sf5|Component_661|Bronze
662_sf5|Component_662|Silk
663_sf5|Component_663|Silk
664_sf5|Component_664|Wool
665_sf5|Component_665|Silk
666_sf5|Component_666|Cotton
667_sf5|Component_667|Marble
668_sf5|Component_668|Cotton
669_sf5|Component_669|Iron
670_sf5|Component_670|Iron
671_sf5|Component_671|Granite
672_sf5|Component_672|Steel
673_sf5|Component_673|Granite
674_sf5|Component_674|Iron
675_sf5|Component_675|Titânio
676_sf5|Component_676|Rubber
677_sf5|Component_677|Aluminum
678_sf5|Component_678|Cotton
679_sf5|Component_679|Wool
680_sf5|Component_680|Copper
681_sf5|Component_681|Marble
682_sf5|Component_682|Plastic
683_sf5|Component_683|Plastic
684_sf5|Component_684|Bronze
685_sf5|Component_685|Wooden
686_sf5|Component_686|Rubber
687_sf5|Component_687|Copper
688_sf5|Component_688|Steel
689_sf5|Component_689|Steel
690_sf5|Component_690|Titânio
691_sf5|Component_691|Silk
692_sf5|Component_692|Copper
693_sf5|Component_693|Plastic
694_sf5|Component_694|Copper
695_sf5|Component_695|Silk
696_sf5|Component_696|Aluminum
697_sf5|Component_697|Concrete
698_sf5|Component_698|Rubber
699_sf5|Component_699|Concrete
700_sf5|Component_700|Linen
701_sf5|Component_701|Granite
702_sf5|Component_702|Leather
703_sf5|Component_703|Silk
704_sf5|Component_704|Wooden
705_sf5|Component_705|Titânio
706_sf5|Component_706|Wooden
707_sf5|Component_707|Rubber
708_sf5|Component_708|Silk
709_sf5|Component_709|Iron
710_sf5|Component_710|Copper
711_sf5|Component_711|Marble
712_sf5|Component_712|Rubber
713_sf5|Component_713|Aluminum
714_sf5|Component_714|Bronze
715_sf5|Component_715|Plastic
716_sf5|Component_716|Aluminum
717_sf5|Component_717|Cotton
718_sf5|Component_718|Linen
719_sf5|Component_719|Concrete
720_sf5|Component_720|Titânio
721_sf5|Component_721|Granite
722_sf5|Component_722|Granite
723_sf5|Component_723|Wooden
724_sf5|Component_724|Wooden
725_sf5|Component_725|Linen
726_sf5|Component_726|Wool
727_sf5|Component_727|Aluminum
728_sf5|Component_728|Silk
729_sf5|Component_729|Iron
730_sf5|Component_730|Marble
731_sf5|Component_731|Rubber
732_sf5|Component_732|Leather
733_sf5|Component_733|Steel
734_sf5|Component_734|Paper
735_sf5|Component_735|Titânio
736_sf5|Component_736|Plastic
737_sf5|Component_737|Steel
738_sf5|Component_738|Granite
739_sf5|Component_739|Granite
740_sf5|Component_740|Iron
741_sf5|Component_741|Leather
742_sf5|Component_742|Cotton
743_sf5|Component_743|Bronze
744_sf5|Component_744|Bronze
745_sf5|Component_745|Granite
746_sf5|Component_746|Paper
747_sf5|Component_747|Marble
748_sf5|Component_748|Iron
749_sf5|Component_749|Iron
750_sf5|Component_750|Titânio
751_sf5|Component_751|Aluminum
752_sf5|Component_752|Wooden
753_sf5|Component_753|Wool
754_sf5|Component_754|Granite
755_sf5|Component_755|Bronze
756_sf5|Component_756|Silk
757_sf5|Component_757|Plastic
758_sf5|Component_758|Wooden
759_sf5|Component_759|Plastic
760_sf5|Component_760|Copper
761_sf5|Component_761|Linen
762_sf5|Component_762|Paper
763_sf5|Component_763|Marble
764_sf5|Component_764|Leather
765_sf5|Component_765|Titânio
766_sf5|Component_766|Cotton
767_sf5|Component_767|Paper
768_sf5|Component_768|Concrete
769_sf5|Component_769|Linen
770_sf5|Component_770|Iron
771_sf5|Component_771|Marble
772_sf5|Component_772|Marble
773_sf5|Component_773|Iron
774_sf5|Component_774|Rubber
775_sf5|Component_775|Leather
776_sf5|Component_776|Linen
777_sf5|Component_777|Copper
778_sf5|Component_778|Wool
779_sf5|Component_779|Aluminum
780_sf5|Component_780|Titânio
781_sf5|Component_781|Wooden
782_sf5|Component_782|Copper
783_sf5|Component_783|Marble
784_sf5|Component_784|Plastic
785_sf5|Component_785|Steel
786_sf5|Component_786|Wooden
787_sf5|Component_787|Concrete
788_sf5|Component_788|Plastic
789_sf5|Component_789|Concrete
790_sf5|Component_790|Wool
791_sf5|Component_791|Rubber
792_sf5|Component_792|Linen
793_sf5|Component_793|Linen
794_sf5|Component_794|Iron
795_sf5|Component_795|Titânio
796_sf5|Component_796|Cotton
797_sf5|Component_797|Aluminum
798_sf5|Component_798|Wooden
799_sf5|Component_799|Rubber
800_sf5|Component_800|Marble
801_sf5|Component_801|Cotton
802_sf5|Component_802|Wool
803_sf5|Component_803|Copper
804_sf5|Component_804|Silk
805_sf5|Component_805|Copper
806_sf5|Component_806|Steel
807_sf5|Component_807|Aluminum
808_sf5|Component_808|Silk
809_sf5|Component_809|Leather
810_sf5|Component_810|Titânio
811_sf5|Component_811|Granite
812_sf5|Component_812|Marble
813_sf5|Component_813|Wooden
814_sf5|Component_814|Marble
815_sf5|Component_815|Marble
816_sf5|Component_816|Silk
817_sf5|Component_817|Steel
818_sf5|Component_818|Wool
819_sf5|Component_819|Granite
820_sf5|Component_820|Wool
821_sf5|Component_821|Paper
822_sf5|Component_822|Bronze
823_sf5|Component_823|Concrete
824_sf5|Component_824|Copper
825_sf5|Component_825|Titânio
826_sf5|Component_826|Leather
827_sf5|Component_827|Copper
828_sf5|Component_828|Cotton
829_sf5|Component_829|Marble
830_sf5|Component_830|Plastic
831_sf5|Component_831|Granite
832_sf5|Component_832|Wool
833_sf5|Component_833|Cotton
834_sf5|Component_834|Linen
835_sf5|Component_835|Steel
836_sf5|Component_836|Cotton
837_sf5|Component_837|Concrete
838_sf5|Component_838|Paper
839_sf5|Component_839|Marble
840_sf5|Component_840|Titânio
841_sf5|Component_841|Cotton
842_sf5|Component_842|Rubber
843_sf5|Component_843|Wooden
844_sf5|Component_844|Wooden
845_sf5|Component_845|Iron
846_sf5|Component_846|Steel
847_sf5|Component_847|Rubber
848_sf5|Component_848|Cotton
849_sf5|Component_849|Wool
850_sf5|Component_850|Wooden
851_sf5|Component_851|Wool
852_sf5|Component_852|Plastic
853_sf5|Component_853|Marble
854_sf5|Component_854|Aluminum
855_sf5|Component_855|Titânio
856_sf5|Component_856|Concrete
857_sf5|Component_857|Cotton
858_sf5|Component_858|Copper
859_sf5|Component_859|Rubber
860_sf5|Component_860|Iron
861_sf5|Component_861|Bronze
862_sf5|Component_862|Granite
863_sf5|Component_863|Granite
864_sf5|Component_864|Wool
865_sf5|Component_865|Iron
866_sf5|Component_866|Granite
867_sf5|Component_867|Leather
868_sf5|Component_868|Bronze
869_sf5|Component_869|Plastic
870_sf5|Component_870|Titânio
871_sf5|Component_871|Wool
872_sf5|Component_872|Plastic
873_sf5|Component_873|Concrete
874_sf5|Component_874|Linen
875_sf5|Component_875|Leather
876_sf5|Component_876|Cotton
877_sf5|Component_877|Wooden
878_sf5|Component_878|Bronze
879_sf5|Component_879|Granite
880_sf5|Component_880|Concrete
881_sf5|Component_881|Leather
882_sf5|Component_882|Linen
883_sf5|Component_883|Aluminum
884_sf5|Component_884|Leather
885_sf5|Component_885|Titânio
886_sf5|Component_886|Aluminum
887_sf5|Component_887|Leather
888_sf5|Component_888|Cotton
889_sf5|Component_889|Granite
890_sf5|Component_890|Wool
891_sf5|Component_891|Wooden
892_sf5|Component_892|Rubber
893_sf5|Component_893|Iron
894_sf5|Component_894|Concrete
895_sf5|Component_895|Wooden
896_sf5|Component_896|Wooden
897_sf5|Component_897|Aluminum
898_sf5|Component_898|Bronze
899_sf5|Component_899|Cotton
900_sf5|Component_900|Titânio
901_sf5|Component_901|Rubber
902_sf5|Component_902|Linen
903_sf5|Component_903|Concrete
904_sf5|Component_904|Wool
905_sf5|Component_905|Rubber
906_sf5|Component_906|Bronze
907_sf5|Component_907|Aluminum
908_sf5|Component_908|Cotton
909_sf5|Component_909|Concrete
910_sf5|Component_910|Marble
911_sf5|Component_911|Iron
912_sf5|Component_912|Copper
913_sf5|Component_913|Marble
914_sf5|Component_914|Iron
915_sf5|Component_915|Titânio
916_sf5|Component_916|Wool
917_sf5|Component_917|Copper
918_sf5|Component_918|Marble
919_sf5|Component_919|Granite
920_sf5|Component_920|Bronze
921_sf5|Component_921|Wooden
922_sf5|Component_922|Cotton
923_sf5|Component_923|Linen
924_sf5|Component_924|Wool
925_sf5|Component_925|Iron
926_sf5|Component_926|Granite
927_sf5|Component_927|Plastic
928_sf5|Component_928|Rubber
929_sf5|Component_929|Concrete
930_sf5|Component_930|Titânio
931_sf5|Component_931|Wooden
932_sf5|Component_932|Bronze
933_sf5|Component_933|Steel
934_sf5|Component_934|Aluminum
935_sf5|Component_935|Aluminum
936_sf5|Component_936|Plastic
937_sf5|Component_937|Bronze
938_sf5|Component_938|Bronze
939_sf5|Component_939|Wool
940_sf5|Component_940|Marble
941_sf5|Component_941|Silk
942_sf5|Component_942|Aluminum
943_sf5|Component_943|Wool
944_sf5|Component_944|Bronze
945_sf5|Component_945|Titânio
946_sf5|Component_946|Bronze
947_sf5|Component_947|Aluminum
948_sf5|Component_948|Leather
949_sf5|Component_949|Copper
950_sf5|Component_950|Cotton
951_sf5|Component_951|Wool
952_sf5|Component_952|Steel
953_sf5|Component_953|Cotton
954_sf5|Component_954|Plastic
955_sf5|Component_955|Marble
956_sf5|Component_956|Plastic
957_sf5|Component_957|Iron
958_sf5|Component_958|Paper
959_sf5|Component_959|Copper
960_sf5|Component_960|Titânio
961_sf5|Component_961|Plastic
962_sf5|Component_962|Concrete
963_sf5|Component_963|Marble
964_sf5|Component_964|Leather
965_sf5|Component_965|Silk
966_sf5|Component_966|Bronze
967_sf5|Component_967|Iron
968_sf5|Component_968|Bronze
969_sf5|Component_969|Wooden
970_sf5|Component_970|Granite
971_sf5|Component_971|Marble
972_sf5|Component_972|Wool
973_sf5|Component_973|Silk
974_sf5|Component_974|Wooden
975_sf5|Component_975|Titânio
976_sf5|Component_976|Rubber
977_sf5|Component_977|Paper
978_sf5|Component_978|Concrete
979_sf5|Component_979|Rubber
980_sf5|Component_980|Silk
981_sf5|Component_981|Steel
982_sf5|Component_982|Cotton
983_sf5|Component_983|Silk
984_sf5|Component_984|Silk
985_sf5|Component_985|Silk
986_sf5|Component_986|Steel
987_sf5|Component_987|Marble
988_sf5|Component_988|Iron
989_sf5|Component_989|Wooden
990_sf5|Component_990|Titânio
991_sf5|Component_991|Cotton
992_sf5|Component_992|Aluminum
993_sf5|Component_993|Wool
994_sf5|Component_994|Cotton
995_sf5|Component_995|Linen
996_sf5|Component_996|Silk
997_sf5|Component_997|Marble
998_sf5|Component_998|Concrete
999_sf5|Component_999|Plastic
1000_sf5|Component_1000|Concrete
1001_sf5|Component_1001|Plastic
1002_sf5|Component_1002|Linen
1003_sf5|Component_1003|Iron
1004_sf5|Component_1004|Plastic
1005_sf5|Component_1005|Titânio
1006_sf5|Component_1006|Cotton
1007_sf5|Component_1007|Plastic
1008_sf5|Component_1008|Steel
1009_sf5|Component_1009|Copper
1010_sf5|Component_1010|Iron
1011_sf5|Component_1011|Bronze
1012_sf5|Component_1012|Wool
1013_sf5|Component_1013|Marble
1014_sf5|Component_1014|Concrete
1015_sf5|Component_1015|Iron
1016_sf5|Component_1016|Linen
1017_sf5|Component_1017|Cotton
1018_sf5|Component_1018|Copper
1019_sf5|Component_1019|Copper
1020_sf5|Component_1020|Titânio
1021_sf5|Component_1021|Steel
1022_sf5|Component_1022|Wool
1023_sf5|Component_1023|Granite
1024_sf5|Component_1024|Wooden
1025_sf5|Component_1025|Plastic
1026_sf5|Component_1026|Silk
1027_sf5|Component_1027|Iron
1028_sf5|Component_1028|Aluminum
1029_sf5|Component_1029|Rubber
1030_sf5|Component_1030|Leather
1031_sf5|Component_1031|Concrete
1032_sf5|Component_1032|Cotton
1033_sf5|Component_1033|Iron
1034_sf5|Component_1034|Wool
1035_sf5|Component_1035|Titânio
1036_sf5|Component_1036|Wool
1037_sf5|Component_1037|Wool
1038_sf5|Component_1038|Iron
1039_sf5|Component_1039|Marble
1040_sf5|Component_1040|Paper
1041_sf5|Component_1041|Leather
1042_sf5|Component_1042|Leather
1043_sf5|Component_1043|Leather
1044_sf5|Component_1044|Wooden
1045_sf5|Component_1045|Rubber
1046_sf5|Component_1046|Marble
1047_sf5|Component_1047|Granite
1048_sf5|Component_1048|Wooden
1049_sf5|Component_1049|Wool
1050_sf5|Component_1050|Titânio
1051_sf5|Component_1051|Paper
1052_sf5|Component_1052|Bronze
1053_sf5|Component_1053|Granite
1054_sf5|Component_1054|Steel
1055_sf5|Component_1055|Cotton
1056_sf5|Component_1056|Iron
1057_sf5|Component_1057|Steel
1058_sf5|Component_1058|Wool
1059_sf5|Component_1059|Bronze
1060_sf5|Component_1060|Wool
1061_sf5|Component_1061|Silk
1062_sf5|Component_1062|Bronze
1063_sf5|Component_1063|Copper
1064_sf5|Component_1064|Silk
1065_sf5|Component_1065|Titânio
1066_sf5|Component_1066|Plastic
1067_sf5|Component_1067|Bronze
1068_sf5|Component_1068|Granite
1069_sf5|Component_1069|Leather
1070_sf5|Component_1070|Steel
1071_sf5|Component_1071|Aluminum
1072_sf5|Component_1072|Steel
1073_sf5|Component_1073|Granite
1074_sf5|Component_1074|Iron
1075_sf5|Component_1075|Granite
1076_sf5|Component_1076|Concrete
1077_sf5|Component_1077|Rubber
1078_sf5|Component_1078|Leather
1079_sf5|Component_1079|Wooden
1080_sf5|Component_1080|Titânio
1081_sf5|Component_1081|Iron
1082_sf5|Component_1082|Steel
1083_sf5|Component_1083|Concrete
1084_sf5|Component_1084|Plastic
1085_sf5|Component_1085|Iron
1086_sf5|Component_1086|Linen
1087_sf5|Component_1087|Cotton
1088_sf5|Component_1088|Granite
1089_sf5|Component_1089|Copper
1090_sf5|Component_1090|Wooden
1091_sf5|Component_1091|Concrete
1092_sf5|Component_1092|Cotton
1093_sf5|Component_1093|Aluminum
1094_sf5|Component_1094|Cotton
1095_sf5|Component_1095|Titânio
1096_sf5|Component_1096|Linen
1097_sf5|Component_1097|Concrete
1098_sf5|Component_1098|Granite
1099_sf5|Component_1099|Aluminum
1100_sf5|Component_1100|Paper
1101_sf5|Component_1101|Aluminum
1102_sf5|Component_1102|Marble
1103_sf5|Component_1103|Wooden
1104_sf5|Component_1104|Concrete
1105_sf5|Component_1105|Wool
1106_sf5|Component_1106|Silk
1107_sf5|Component_1107|Aluminum
1108_sf5|Component_1108|Iron
1109_sf5|Component_1109|Paper
1110_sf5|Component_1110|Titânio
1111_sf5|Component_1111|Iron
1112_sf5|Component_1112|Paper
1113_sf5|Component_1113|Wool
1114_sf5|Component_1114|Wooden
1115_sf5|Component_1115|Cotton
1116_sf5|Component_1116|Linen
1117_sf5|Component_1117|Concrete
1118_sf5|Component_1118|Wool
1119_sf5|Component_1119|Wool
1120_sf5|Component_1120|Wool
1121_sf5|Component_1121|Copper
1122_sf5|Component_1122|Silk
1123_sf5|Component_1123|Paper
1124_sf5|Component_1124|Wooden
1125_sf5|Component_1125|Titânio
1126_sf5|Component_1126|Bronze
1127_sf5|Component_1127|Leather
1128_sf5|Component_1128|Wooden
1129_sf5|Component_1129|Bronze
1130_sf5|Component_1130|Granite
1131_sf5|Component_1131|Granite
1132_sf5|Component_1132|Leather
1133_sf5|Component_1133|Rubber
1134_sf5|Component_1134|Bronze
1135_sf5|Component_1135|Paper
1136_sf5|Component_1136|Granite
1137_sf5|Component_1137|Linen
1138_sf5|Component_1138|Concrete
1139_sf5|Component_1139|Wooden
1140_sf5|Component_1140|Titânio
1141_sf5|Component_1141|Bronze
1142_sf5|Component_1142|Wooden
1143_sf5|Component_1143|Silk
1144_sf5|Component_1144|Plastic
1145_sf5|Component_1145|Cotton
1146_sf5|Component_1146|Granite
1147_sf5|Component_1147|Aluminum
1148_sf5|Component_1148|Granite
1149_sf5|Component_1149|Aluminum
1150_sf5|Component_1150|Steel
1151_sf5|Component_1151|Plastic
1152_sf5|Component_1152|Aluminum
1153_sf5|Component_1153|Plastic
1154_sf5|Component_1154|Plastic
1155_sf5|Component_1155|Titânio
1156_sf5|Component_1156|Paper
1157_sf5|Component_1157|Silk
1158_sf5|Component_1158|Copper
1159_sf5|Component_1159|Bronze
1160_sf5|Component_1160|Linen
1161_sf5|Component_1161|Paper
1162_sf5|Component_1162|Iron
1163_sf5|Component_1163|Bronze
1164_sf5|Component_1164|Cotton
1165_sf5|Component_1165|Concrete
1166_sf5|Component_1166|Iron
1167_sf5|Component_1167|Aluminum
1168_sf5|Component_1168|Aluminum
1169_sf5|Component_1169|Marble
1170_sf5|Component_1170|Titânio
1171_sf5|Component_1171|Copper
1172_sf5|Component_1172|Paper
1173_sf5|Component_1173|Linen
1174_sf5|Component_1174|Plastic
1175_sf5|Component_1175|Silk
1176_sf5|Component_1176|Linen
1177_sf5|Component_1177|Rubber
1178_sf5|Component_1178|Iron
1179_sf5|Component_1179|Wooden
1180_sf5|Component_1180|Copper
1181_sf5|Component_1181|Rubber
1182_sf5|Component_1182|Marble
1183_sf5|Component_1183|Bronze
1184_sf5|Component_1184|Rubber
1185_sf5|Component_1185|Titânio
1186_sf5|Component_1186|Aluminum
1187_sf5|Component_1187|Copper
1188_sf5|Component_1188|Paper
1189_sf5|Component_1189|Bronze
1190_sf5|Component_1190|Marble
1191_sf5|Component_1191|Steel
1192_sf5|Component_1192|Bronze
1193_sf5|Component_1193|Steel
1194_sf5|Component_1194|Marble
1195_sf5|Component_1195|Aluminum
1196_sf5|Component_1196|Marble
1197_sf5|Component_1197|Wooden
1198_sf5|Component_1198|Copper
1199_sf5|Component_1199|Marble
1200_sf5|Component_1200|Titânio
1201_sf5|Component_1201|Marble
1202_sf5|Component_1202|Aluminum
1203_sf5|Component_1203|Silk
1204_sf5|Component_1204|Concrete
1205_sf5|Component_1205|Paper
1206_sf5|Component_1206|Concrete
1207_sf5|Component_1207|Paper
1208_sf5|Component_1208|Iron
1209_sf5|Component_1209|Rubber
1210_sf5|Component_1210|Wooden
1211_sf5|Component_1211|Wool
1212_sf5|Component_1212|Marble
1213_sf5|Component_1213|Concrete
1214_sf5|Component_1214|Iron
1215_sf5|Component_1215|Titânio
1216_sf5|Component_1216|Wooden
1217_sf5|Component_1217|Iron
1218_sf5|Component_1218|Aluminum
1219_sf5|Component_1219|Silk
1220_sf5|Component_1220|Wool
1221_sf5|Component_1221|Silk
1222_sf5|Component_1222|Bronze
1223_sf5|Component_1223|Granite
1224_sf5|Component_1224|Iron
1225_sf5|Component_1225|Wool
1226_sf5|Component_1226|Silk
1227_sf5|Component_1227|Aluminum
1228_sf5|Component_1228|Bronze
1229_sf5|Component_1229|Aluminum
1230_sf5|Component_1230|Titânio
1231_sf5|Component_1231|Plastic
1232_sf5|Component_1232|Linen
1233_sf5|Component_1233|Silk
1234_sf5|Component_1234|Leather
1235_sf5|Component_1235|Wooden
1236_sf5|Component_1236|Copper
1237_sf5|Component_1237|Copper
1238_sf5|Component_1238|Rubber
1239_sf5|Component_1239|Marble
1240_sf5|Component_1240|Wool
1241_sf5|Component_1241|Plastic
1242_sf5|Component_1242|Iron
1243_sf5|Component_1243|Silk
1244_sf5|Component_1244|Cotton
1245_sf5|Component_1245|Titânio
1246_sf5|Component_1246|Copper
1247_sf5|Component_1247|Bronze
1248_sf5|Component_1248|Plastic
1249_sf5|Component_1249|Plastic
1250_sf5|Component_1250|Cotton
1251_sf5|Component_1251|Iron
1252_sf5|Component_1252|Concrete
1253_sf5|Component_1253|Leather
1254_sf5|Component_1254|Paper
1255_sf5|Component_1255|Concrete
1256_sf5|Component_1256|Steel
1257_sf5|Component_1257|Wool
1258_sf5|Component_1258|Concrete
1259_sf5|Component_1259|Marble
1260_sf5|Component_1260|Titânio
1261_sf5|Component_1261|Cotton
1262_sf5|Component_1262|Silk
1263_sf5|Component_1263|Paper
1264_sf5|Component_1264|Silk
1265_sf5|Component_1265|Plastic
1266_sf5|Component_1266|Linen
1267_sf5|Component_1267|Granite
1268_sf5|Component_1268|Leather
1269_sf5|Component_1269|Silk
1270_sf5|Component_1270|Granite
1271_sf5|Component_1271|Copper
1272_sf5|Component_1272|Paper
1273_sf5|Component_1273|Iron
1274_sf5|Component_1274|Leather
1275_sf5|Component_1275|Titânio
1276_sf5|Component_1276|Iron
1277_sf5|Component_1277|Leather
1278_sf5|Component_1278|Wool
1279_sf5|Component_1279|Silk
1280_sf5|Component_1280|Rubber
1281_sf5|Component_1281|Concrete
1282_sf5|Component_1282|Rubber
1283_sf5|Component_1283|Wool
1284_sf5|Component_1284|Cotton
1285_sf5|Component_1285|Bronze
1286_sf5|Component_1286|Bronze
1287_sf5|Component_1287|Wool
1288_sf5|Component_1288|Bronze
1289_sf5|Component_1289|Copper
1290_sf5|Component_1290|Titânio
1291_sf5|Component_1291|Cotton
1292_sf5|Component_1292|Granite
1293_sf5|Component_1293|Plastic
1294_sf5|Component_1294|Wool
1295_sf5|Component_1295|Cotton
1296_sf5|Component_1296|Rubber
1297_sf5|Component_1297|Copper
1298_sf5|Component_1298|Iron
1299_sf5|Component_1299|Marble
1300_sf5|Component_1300|Rubber
1301_sf5|Component_1301|Cotton
1302_sf5|Component_1302|Paper
1303_sf5|Component_1303|Iron
1304_sf5|Component_1304|Leather
1305_sf5|Component_1305|Titânio
1306_sf5|Component_1306|Wool
1307_sf5|Component_1307|Paper
1308_sf5|Component_1308|Plastic
1309_sf5|Component_1309|Concrete
1310_sf5|Component_1310|Paper
1311_sf5|Component_1311|Wooden
1312_sf5|Component_1312|Steel
1313_sf5|Component_1313|Concrete
1314_sf5|Component_1314|Silk
1315_sf5|Component_1315|Bronze
1316_sf5|Component_1316|Granite
1317_sf5|Component_1317|Marble
1318_sf5|Component_1318|Aluminum
1319_sf5|Component_1319|Aluminum
1320_sf5|Component_1320|Titânio
1321_sf5|Component_1321|Aluminum
1322_sf5|Component_1322|Wooden
1323_sf5|Component_1323|Steel
1324_sf5|Component_1324|Silk
1325_sf5|Component_1325|Copper
1326_sf5|Component_1326|Wooden
1327_sf5|Component_1327|Rubber
1328_sf5|Component_1328|Silk
1329_sf5|Component_1329|Cotton
1330_sf5|Component_1330|Aluminum
1331_sf5|Component_1331|Wool
1332_sf5|Component_1332|Cotton
1333_sf5|Component_1333|Iron
1334_sf5|Component_1334|Wool
1335_sf5|Component_1335|Titânio
1336_sf5|Component_1336|Marble
1337_sf5|Component_1337|Silk
1338_sf5|Component_1338|Iron
1339_sf5|Component_1339|Linen
1340_sf5|Component_1340|Copper
1341_sf5|Component_1341|Silk
1342_sf5|Component_1342|Silk
1343_sf5|Component_1343|Steel
1344_sf5|Component_1344|Steel
1345_sf5|Component_1345|Plastic
1346_sf5|Component_1346|Leather
1347_sf5|Component_1347|Wooden
1348_sf5|Component_1348|Paper
1349_sf5|Component_1349|Bronze
1350_sf5|Component_1350|Titânio
1351_sf5|Component_1351|Bronze
1352_sf5|Component_1352|Plastic
1353_sf5|Component_1353|Granite
1354_sf5|Component_1354|Aluminum
1355_sf5|Component_1355|Leather
1356_sf5|Component_1356|Leather
1357_sf5|Component_1357|Rubber
1358_sf5|Component_1358|Linen
1359_sf5|Component_1359|Silk
1360_sf5|Component_1360|Concrete
1361_sf5|Component_1361|Plastic
1362_sf5|Component_1362|Steel
1363_sf5|Component_1363|Bronze
1364_sf5|Component_1364|Bronze
1365_sf5|Component_1365|Titânio
1366_sf5|Component_1366|Plastic
1367_sf5|Component_1367|Linen
1368_sf5|Component_1368|Concrete
1369_sf5|Component_1369|Plastic
1370_sf5|Component_1370|Bronze
1371_sf5|Component_1371|Silk
1372_sf5|Component_1372|Aluminum
1373_sf5|Component_1373|Cotton
1374_sf5|Component_1374|Iron
1375_sf5|Component_1375|Wooden
1376_sf5|Component_1376|Cotton
1377_sf5|Component_1377|Linen
1378_sf5|Component_1378|Aluminum
1379_sf5|Component_1379|Marble
1380_sf5|Component_1380|Titânio
1381_sf5|Component_1381|Concrete
1382_sf5|Component_1382|Bronze
1383_sf5|Component_1383|Copper
1384_sf5|Component_1384|Silk
1385_sf5|Component_1385|Cotton
1386_sf5|Component_1386|Aluminum
1387_sf5|Component_1387|Concrete
1388_sf5|Component_1388|Leather
1389_sf5|Component_1389|Aluminum
1390_sf5|Component_1390|Aluminum
1391_sf5|Component_1391|Leather
1392_sf5|Component_1392|Iron
1393_sf5|Component_1393|Silk
1394_sf5|Component_1394|Wool
1395_sf5|Component_1395|Titânio
1396_sf5|Component_1396|Leather
1397_sf5|Component_1397|Cotton
1398_sf5|Component_1398|Plastic
1399_sf5|Component_1399|Marble
1400_sf5|Component_1400|Concrete
1401_sf5|Component_1401|Aluminum
1402_sf5|Component_1402|Concrete
1403_sf5|Component_1403|Aluminum
1404_sf5|Component_1404|Wool
1405_sf5|Component_1405|Paper
1406_sf5|Component_1406|Wooden
1407_sf5|Component_1407|Granite
1408_sf5|Component_1408|Rubber
1409_sf5|Component_1409|Granite
1410_sf5|Component_1410|Titânio
1411_sf5|Component_1411|Steel
1412_sf5|Component_1412|Marble
1413_sf5|Component_1413|Granite
1414_sf5|Component_1414|Aluminum
1415_sf5|Component_1415|Plastic
1416_sf5|Component_1416|Aluminum
1417_sf5|Component_1417|Iron
1418_sf5|Component_1418|Wooden
1419_sf5|Component_1419|Rubber
1420_sf5|Component_1420|Leather
1421_sf5|Component_1421|Aluminum
1422_sf5|Component_1422|Concrete
1423_sf5|Component_1423|Rubber
1424_sf5|Component_1424|Wool
1425_sf5|Component_1425|Titânio
1426_sf5|Component_1426|Wooden
1427_sf5|Component_1427|Bronze
1428_sf5|Component_1428|Aluminum
1429_sf5|Component_1429|Aluminum
1430_sf5|Component_1430|Iron
1431_sf5|Component_1431|Aluminum
1432_sf5|Component_1432|Wooden
1433_sf5|Component_1433|Wool
1434_sf5|Component_1434|Rubber
1435_sf5|Component_1435|Aluminum
1436_sf5|Component_1436|Marble
1437_sf5|Component_1437|Concrete
1438_sf5|Component_1438|Granite
1439_sf5|Component_1439|Cotton
1440_sf5|Component_1440|Titânio
1441_sf5|Component_1441|Silk
1442_sf5|Component_1442|Wool
1443_sf5|Component_1443|Wool
1444_sf5|Component_1444|Iron
1445_sf5|Component_1445|Plastic
1446_sf5|Component_1446|Aluminum
1447_sf5|Component_1447|Rubber
1448_sf5|Component_1448|Wool
1449_sf5|Component_1449|Steel
1450_sf5|Component_1450|Wool
1451_sf5|Component_1451|Aluminum
1452_sf5|Component_1452|Wool
1453_sf5|Component_1453|Copper
1454_sf5|Component_1454|Wooden
1455_sf5|Component_1455|Titânio
1456_sf5|Component_1456|Plastic
1457_sf5|Component_1457|Rubber
1458_sf5|Component_1458|Steel
1459_sf5|Component_1459|Bronze
1460_sf5|Component_1460|Copper
1461_sf5|Component_1461|Granite
1462_sf5|Component_1462|Wool
1463_sf5|Component_1463|Wooden
1464_sf5|Component_1464|Rubber
1465_sf5|Component_1465|Paper
1466_sf5|Component_1466|Leather
1467_sf5|Component_1467|Rubber
1468_sf5|Component_1468|Wooden
1469_sf5|Component_1469|Steel
1470_sf5|Component_1470|Titânio
1471_sf5|Component_1471|Steel
1472_sf5|Component_1472|Wooden
1473_sf5|Component_1473|Silk
1474_sf5|Component_1474|Silk
1475_sf5|Component_1475|Rubber
1476_sf5|Component_1476|Plastic
1477_sf5|Component_1477|Wooden
1478_sf5|Component_1478|Concrete
1479_sf5|Component_1479|Silk
1480_sf5|Component_1480|Wooden
1481_sf5|Component_1481|Granite
1482_sf5|Component_1482|Linen
1483_sf5|Component_1483|Leather
1484_sf5|Component_1484|Copper
1485_sf5|Component_1485|Titânio
1486_sf5|Component_1486|Bronze
1487_sf5|Component_1487|Aluminum
1488_sf5|Component_1488|Bronze
1489_sf5|Component_1489|Concrete
1490_sf5|Component_1490|Bronze
1491_sf5|Component_1491|Wooden
1492_sf5|Component_1492|Iron
1493_sf5|Component_1493|Silk
1494_sf5|Component_1494|Iron
1495_sf5|Component_1495|Aluminum
1496_sf5|Component_1496|Silk
1497_sf5|Component_1497|Linen
1498_sf5|Component_1498|Cotton
1499_sf5|Component_1499|Aluminum
1500_sf5|Component_1500|Titânio
1501_sf5|Component_1501|Concrete
1502_sf5|Component_1502|Leather
1503_sf5|Component_1503|Rubber
1504_sf5|Component_1504|Cotton
1505_sf5|Component_1505|Leather
1506_sf5|Component_1506|Linen
1507_sf5|Component_1507|Cotton
1508_sf5|Component_1508|Linen
1509_sf5|Component_1509|Linen
1510_sf5|Component_1510|Leather
1511_sf5|Component_1511|Granite
1512_sf5|Component_1512|Marble
1513_sf5|Component_1513|Wooden
1514_sf5|Component_1514|Aluminum
1515_sf5|Component_1515|Titânio
1516_sf5|Component_1516|Wool
1517_sf5|Component_1517|Plastic
1518_sf5|Component_1518|Iron
1519_sf5|Component_1519|Marble
1520_sf5|Component_1520|Linen
1521_sf5|Component_1521|Bronze
1522_sf5|Component_1522|Wool
1523_sf5|Component_1523|Copper
1524_sf5|Component_1524|Silk
1525_sf5|Component_1525|Rubber
1526_sf5|Component_1526|Plastic
1527_sf5|Component_1527|Steel
1528_sf5|Component_1528|Bronze
1529_sf5|Component_1529|Rubber
1530_sf5|Component_1530|Titânio
1531_sf5|Component_1531|Linen
1532_sf5|Component_1532|Aluminum
1533_sf5|Component_1533|Linen
1534_sf5|Component_1534|Iron
1535_sf5|Component_1535|Wool
1536_sf5|Component_1536|Silk
1537_sf5|Component_1537|Granite
1538_sf5|Component_1538|Concrete
1539_sf5|Component_1539|Wool
1540_sf5|Component_1540|Concrete
1541_sf5|Component_1541|Granite
1542_sf5|Component_1542|Iron
1543_sf5|Component_1543|Marble
1544_sf5|Component_1544|Paper
1545_sf5|Component_1545|Titânio
1546_sf5|Component_1546|Plastic
1547_sf5|Component_1547|Wool
1548_sf5|Component_1548|Leather
1549_sf5|Component_1549|Leather
1550_sf5|Component_1550|Wool
1551_sf5|Component_1551|Paper
1552_sf5|Component_1552|Wooden
1553_sf5|Component_1553|Aluminum
1554_sf5|Component_1554|Wooden
1555_sf5|Component_1555|Cotton
1556_sf5|Component_1556|Copper
1557_sf5|Component_1557|Marble
1558_sf5|Component_1558|Iron
1559_sf5|Component_1559|Granite
1560_sf5|Component_1560|Titânio
1561_sf5|Component_1561|Wooden
1562_sf5|Component_1562|Concrete
1563_sf5|Component_1563|Plastic
1564_sf5|Component_1564|Cotton
1565_sf5|Component_1565|Wooden
1566_sf5|Component_1566|Plastic
1567_sf5|Component_1567|Iron
1568_sf5|Component_1568|Plastic
1569_sf5|Component_1569|Silk
1570_sf5|Component_1570|Bronze
1571_sf5|Component_1571|Granite
1572_sf5|Component_1572|Aluminum
1573_sf5|Component_1573|Rubber
1574_sf5|Component_1574|Copper
1575_sf5|Component_1575|Titânio
1576_sf5|Component_1576|Rubber
1577_sf5|Component_1577|Cotton
1578_sf5|Component_1578|Paper
1579_sf5|Component_1579|Copper
1580_sf5|Component_1580|Steel
1581_sf5|Component_1581|Plastic
1582_sf5|Component_1582|Linen
1583_sf5|Component_1583|Steel
1584_sf5|Component_1584|Silk
1585_sf5|Component_1585|Steel
1586_sf5|Component_1586|Leather
1587_sf5|Component_1587|Steel
1588_sf5|Component_1588|Silk
1589_sf5|Component_1589|Bronze
1590_sf5|Component_1590|Titânio
1591_sf5|Component_1591|Cotton
1592_sf5|Component_1592|Rubber
1593_sf5|Component_1593|Paper
1594_sf5|Component_1594|Steel
1595_sf5|Component_1595|Cotton
1596_sf5|Component_1596|Aluminum
1597_sf5|Component_1597|Concrete
1598_sf5|Component_1598|Wool
1599_sf5|Component_1599|Silk
1600_sf5|Component_1600|Wool
1601_sf5|Component_1601|Aluminum
1602_sf5|Component_1602|Aluminum
1603_sf5|Component_1603|Bronze
1604_sf5|Component_1604|Granite
1605_sf5|Component_1605|Titânio
1606_sf5|Component_1606|Cotton
1607_sf5|Component_1607|Linen
1608_sf5|Component_1608|Copper
1609_sf5|Component_1609|Wooden
1610_sf5|Component_1610|Marble
1611_sf5|Component_1611|Marble
1612_sf5|Component_1612|Concrete
1613_sf5|Component_1613|Marble
1614_sf5|Component_1614|Granite
1615_sf5|Component_1615|Granite
1616_sf5|Component_1616|Aluminum
1617_sf5|Component_1617|Silk
1618_sf5|Component_1618|Linen
1619_sf5|Component_1619|Marble
1620_sf5|Component_1620|Titânio
1621_sf5|Component_1621|Iron
1622_sf5|Component_1622|Cotton
1623_sf5|Component_1623|Silk
1624_sf5|Component_1624|Granite
1625_sf5|Component_1625|Cotton
1626_sf5|Component_1626|Rubber
1627_sf5|Component_1627|Plastic
1628_sf5|Component_1628|Aluminum
1629_sf5|Component_1629|Copper
1630_sf5|Component_1630|Leather
1631_sf5|Component_1631|Wooden
1632_sf5|Component_1632|Silk
1633_sf5|Component_1633|Cotton
1634_sf5|Component_1634|Wool
1635_sf5|Component_1635|Titânio
1636_sf5|Component_1636|Wooden
1637_sf5|Component_1637|Cotton
1638_sf5|Component_1638|Silk
1639_sf5|Component_1639|Marble
1640_sf5|Component_1640|Copper
1641_sf5|Component_1641|Leather
1642_sf5|Component_1642|Rubber
1643_sf5|Component_1643|Paper
1644_sf5|Component_1644|Granite
1645_sf5|Component_1645|Plastic
1646_sf5|Component_1646|Aluminum
1647_sf5|Component_1647|Concrete
1648_sf5|Component_1648|Paper
1649_sf5|Component_1649|Paper
1650_sf5|Component_1650|Titânio
1651_sf5|Component_1651|Cotton
1652_sf5|Component_1652|Paper
1653_sf5|Component_1653|Bronze
1654_sf5|Component_1654|Iron
1655_sf5|Component_1655|Plastic
1656_sf5|Component_1656|Aluminum
1657_sf5|Component_1657|Linen
1658_sf5|Component_1658|Paper
1659_sf5|Component_1659|Marble
1660_sf5|Component_1660|Linen
1661_sf5|Component_1661|Plastic
1662_sf5|Component_1662|Silk
1663_sf5|Component_1663|Copper
1664_sf5|Component_1664|Cotton
1665_sf5|Component_1665|Titânio
1666_sf5|Component_1666|Wooden
1667_sf5|Component_1667|Wooden
1668_sf5|Component_1668|Granite
1669_sf5|Component_1669|Wool
1670_sf5|Component_1670|Copper
1671_sf5|Component_1671|Aluminum
1672_sf5|Component_1672|Wool
1673_sf5|Component_1673|Copper
1674_sf5|Component_1674|Wool
1675_sf5|Component_1675|Marble
1676_sf5|Component_1676|Copper
1677_sf5|Component_1677|Iron
1678_sf5|Component_1678|Plastic
1679_sf5|Component_1679|Cotton
1680_sf5|Component_1680|Titânio
1681_sf5|Component_1681|Leather
1682_sf5|Component_1682|Steel
1683_sf5|Component_1683|Leather
1684_sf5|Component_1684|Iron
1685_sf5|Component_1685|Aluminum
1686_sf5|Component_1686|Silk
1687_sf5|Component_1687|Bronze
1688_sf5|Component_1688|Concrete
1689_sf5|Component_1689|Iron
1690_sf5|Component_1690|Aluminum
1691_sf5|Component_1691|Concrete
1692_sf5|Component_1692|Wooden
1693_sf5|Component_1693|Bronze
1694_sf5|Component_1694|Bronze
1695_sf5|Component_1695|Titânio
1696_sf5|Component_1696|Iron
1697_sf5|Component_1697|Silk
1698_sf5|Component_1698|Copper
1699_sf5|Component_1699|Bronze
1700_sf5|Component_1700|Paper
1701_sf5|Component_1701|Rubber
1702_sf5|Component_1702|Rubber
1703_sf5|Component_1703|Copper
1704_sf5|Component_1704|Plastic
1705_sf5|Component_1705|Paper
1706_sf5|Component_1706|Aluminum
1707_sf5|Component_1707|Marble
1708_sf5|Component_1708|Copper
1709_sf5|Component_1709|Leather
1710_sf5|Component_1710|Titânio
1711_sf5|Component_1711|Leather
1712_sf5|Component_1712|Cotton
1713_sf5|Component_1713|Linen
1714_sf5|Component_1714|Silk
1715_sf5|Component_1715|Linen
1716_sf5|Component_1716|Bronze
1717_sf5|Component_1717|Bronze
1718_sf5|Component_1718|Steel
1719_sf5|Component_1719|Aluminum
1720_sf5|Component_1720|Granite
1721_sf5|Component_1721|Wooden
1722_sf5|Component_1722|Concrete
1723_sf5|Component_1723|Marble
1724_sf5|Component_1724|Copper
1725_sf5|Component_1725|Titânio
1726_sf5|Component_1726|Copper
1727_sf5|Component_1727|Plastic
1728_sf5|Component_1728|Aluminum
1729_sf5|Component_1729|Wool
1730_sf5|Component_1730|Copper
1731_sf5|Component_1731|Bronze
1732_sf5|Component_1732|Copper
1733_sf5|Component_1733|Silk
1734_sf5|Component_1734|Granite
1735_sf5|Component_1735|Plastic
1736_sf5|Component_1736|Aluminum
1737_sf5|Component_1737|Silk
1738_sf5|Component_1738|Wool
1739_sf5|Component_1739|Steel
1740_sf5|Component_1740|Titânio
1741_sf5|Component_1741|Rubber
1742_sf5|Component_1742|Paper
1743_sf5|Component_1743|Paper
1744_sf5|Component_1744|Wooden
1745_sf5|Component_1745|Iron
1746_sf5|Component_1746|Leather
1747_sf5|Component_1747|Copper
1748_sf5|Component_1748|Cotton
1749_sf5|Component_1749|Plastic
1750_sf5|Component_1750|Aluminum
1751_sf5|Component_1751|Concrete
1752_sf5|Component_1752|Linen
1753_sf5|Component_1753|Aluminum
1754_sf5|Component_1754|Rubber
1755_sf5|Component_1755|Titânio
1756_sf5|Component_1756|Copper
1757_sf5|Component_1757|Bronze
1758_sf5|Component_1758|Wool
1759_sf5|Component_1759|Bronze
1760_sf5|Component_1760|Bronze
1761_sf5|Component_1761|Silk
1762_sf5|Component_1762|Linen
1763_sf5|Component_1763|Wool
1764_sf5|Component_1764|Cotton
1765_sf5|Component_1765|Cotton
1766_sf5|Component_1766|Steel
1767_sf5|Component_1767|Granite
1768_sf5|Component_1768|Linen
1769_sf5|Component_1769|Steel
1770_sf5|Component_1770|Titânio
1771_sf5|Component_1771|Steel
1772_sf5|Component_1772|Plastic
1773_sf5|Component_1773|Copper
1774_sf5|Component_1774|Plastic
1775_sf5|Component_1775|Steel
1776_sf5|Component_1776|Wool
1777_sf5|Component_1777|Aluminum
1778_sf5|Component_1778|Marble
1779_sf5|Component_1779|Leather
1780_sf5|Component_1780|Rubber
1781_sf5|Component_1781|Silk
1782_sf5|Component_1782|Rubber
1783_sf5|Component_1783|Silk
1784_sf5|Component_1784|Paper
1785_sf5|Component_1785|Titânio
1786_sf5|Component_1786|Iron
1787_sf5|Component_1787|Linen
1788_sf5|Component_1788|Aluminum
1789_sf5|Component_1789|Linen
1790_sf5|Component_1790|Steel
1791_sf5|Component_1791|Bronze
1792_sf5|Component_1792|Bronze
1793_sf5|Component_1793|Copper
1794_sf5|Component_1794|Cotton
1795_sf5|Component_1795|Plastic
1796_sf5|Component_1796|Iron
1797_sf5|Component_1797|Steel
1798_sf5|Component_1798|Granite
1799_sf5|Component_1799|Rubber
1800_sf5|Component_1800|Titânio
1801_sf5|Component_1801|Cotton
1802_sf5|Component_1802|Aluminum
1803_sf5|Component_1803|Leather
1804_sf5|Component_1804|Leather
1805_sf5|Component_1805|Copper
1806_sf5|Component_1806|Bronze
1807_sf5|Component_1807|Silk
1808_sf5|Component_1808|Bronze
1809_sf5|Component_1809|Rubber
1810_sf5|Component_1810|Paper
1811_sf5|Component_1811|Granite
1812_sf5|Component_1812|Marble
1813_sf5|Component_1813|Steel
1814_sf5|Component_1814|Concrete
1815_sf5|Component_1815|Titânio
1816_sf5|Component_1816|Leather
1817_sf5|Component_1817|Paper
1818_sf5|Component_1818|Cotton
1819_sf5|Component_1819|Linen
1820_sf5|Component_1820|Marble
1821_sf5|Component_1821|Rubber
1822_sf5|Component_1822|Paper
1823_sf5|Component_1823|Plastic
1824_sf5|Component_1824|Bronze
1825_sf5|Component_1825|Plastic
1826_sf5|Component_1826|Steel
1827_sf5|Component_1827|Steel
1828_sf5|Component_1828|Aluminum
1829_sf5|Component_1829|Wooden
1830_sf5|Component_1830|Titânio
1831_sf5|Component_1831|Aluminum
1832_sf5|Component_1832|Silk
1833_sf5|Component_1833|Aluminum
1834_sf5|Component_1834|Granite
1835_sf5|Component_1835|Copper
1836_sf5|Component_1836|Silk
1837_sf5|Component_1837|Granite
1838_sf5|Component_1838|Concrete
1839_sf5|Component_1839|Steel
1840_sf5|Component_1840|Granite
1841_sf5|Component_1841|Wool
1842_sf5|Component_1842|Wooden
1843_sf5|Component_1843|Granite
1844_sf5|Component_1844|Bronze
1845_sf5|Component_1845|Titânio
1846_sf5|Component_1846|Plastic
1847_sf5|Component_1847|Steel
1848_sf5|Component_1848|Paper
1849_sf5|Component_1849|Silk
1850_sf5|Component_1850|Copper
1851_sf5|Component_1851|Marble
1852_sf5|Component_1852|Leather
1853_sf5|Component_1853|Paper
1854_sf5|Component_1854|Granite
1855_sf5|Component_1855|Granite
1856_sf5|Component_1856|Concrete
1857_sf5|Component_1857|Cotton
1858_sf5|Component_1858|Wooden
1859_sf5|Component_1859|Wool
1860_sf5|Component_1860|Titânio
1861_sf5|Component_1861|Linen
1862_sf5|Component_1862|Copper
1863_sf5|Component_1863|Granite
1864_sf5|Component_1864|Granite
1865_sf5|Component_1865|Steel
1866_sf5|Component_1866|Wool
1867_sf5|Component_1867|Aluminum
1868_sf5|Component_1868|Concrete
1869_sf5|Component_1869|Plastic
1870_sf5|Component_1870|Iron
1871_sf5|Component_1871|Linen
1872_sf5|Component_1872|Steel
1873_sf5|Component_1873|Silk
1874_sf5|Component_1874|Leather
1875_sf5|Component_1875|Titânio
1876_sf5|Component_1876|Linen
1877_sf5|Component_1877|Wooden
1878_sf5|Component_1878|Marble
1879_sf5|Component_1879|Paper
1880_sf5|Component_1880|Iron
1881_sf5|Component_1881|Paper
1882_sf5|Component_1882|Concrete
1883_sf5|Component_1883|Linen
1884_sf5|Component_1884|Steel
1885_sf5|Component_1885|Marble
1886_sf5|Component_1886|Granite
1887_sf5|Component_1887|Linen
1888_sf5|Component_1888|Leather
1889_sf5|Component_1889|Copper
1890_sf5|Component_1890|Titânio
1891_sf5|Component_1891|Linen
1892_sf5|Component_1892|Steel
1893_sf5|Component_1893|Granite
1894_sf5|Component_1894|Wool
1895_sf5|Component_1895|Marble
1896_sf5|Component_1896|Steel
1897_sf5|Component_1897|Granite
1898_sf5|Component_1898|Linen
1899_sf5|Component_1899|Granite
1900_sf5|Component_1900|Leather
1901_sf5|Component_1901|Linen
1902_sf5|Component_1902|Cotton
1903_sf5|Component_1903|Steel
1904_sf5|Component_1904|Aluminum
1905_sf5|Component_1905|Titânio
1906_sf5|Component_1906|Linen
1907_sf5|Component_1907|Copper
1908_sf5|Component_1908|Wooden
1909_sf5|Component_1909|Linen
1910_sf5|Component_1910|Plastic
1911_sf5|Component_1911|Bronze
1912_sf5|Component_1912|Silk
1913_sf5|Component_1913|Plastic
1914_sf5|Component_1914|Linen
1915_sf5|Component_1915|Copper
1916_sf5|Component_1916|Wooden
1917_sf5|Component_1917|Marble
1918_sf5|Component_1918|Paper
1919_sf5|Component_1919|Aluminum
1920_sf5|Component_1920|Titânio
1921_sf5|Component_1921|Steel
1922_sf5|Component_1922|Wool
1923_sf5|Component_1923|Linen
1924_sf5|Component_1924|Aluminum
1925_sf5|Component_1925|Bronze
1926_sf5|Component_1926|Marble
1927_sf5|Component_1927|Steel
1928_sf5|Component_1928|Bronze
1929_sf5|Component_1929|Copper
1930_sf5|Component_1930|Wool
1931_sf5|Component_1931|Rubber
1932_sf5|Component_1932|Silk
1933_sf5|Component_1933|Aluminum
1934_sf5|Component_1934|Linen
1935_sf5|Component_1935|Titânio
1936_sf5|Component_1936|Granite
1937_sf5|Component_1937|Marble
1938_sf5|Component_1938|Wool
1939_sf5|Component_1939|Cotton
1940_sf5|Component_1940|Marble
1941_sf5|Component_1941|Granite
1942_sf5|Component_1942|Linen
1943_sf5|Component_1943|Iron
1944_sf5|Component_1944|Silk
1945_sf5|Component_1945|Iron
1946_sf5|Component_1946|Leather
1947_sf5|Component_1947|Plastic
1948_sf5|Component_1948|Paper
1949_sf5|Component_1949|Wool
1950_sf5|Component_1950|Titânio
1951_sf5|Component_1951|Leather
1952_sf5|Component_1952|Iron
1953_sf5|Component_1953|Cotton
1954_sf5|Component_1954|Wool
1955_sf5|Component_1955|Marble
1956_sf5|Component_1956|Steel
1957_sf5|Component_1957|Leather
1958_sf5|Component_1958|Silk
1959_sf5|Component_1959|Linen
1960_sf5|Component_1960|Cotton
1961_sf5|Component_1961|Cotton
1962_sf5|Component_1962|Cotton
1963_sf5|Component_1963|Concrete
1964_sf5|Component_1964|Paper
1965_sf5|Component_1965|Titânio
1966_sf5|Component_1966|Leather
1967_sf5|Component_1967|Rubber
1968_sf5|Component_1968|Cotton
1969_sf5|Component_1969|Cotton
1970_sf5|Component_1970|Leather
1971_sf5|Component_1971|Marble
1972_sf5|Component_1972|Leather
1973_sf5|Component_1973|Copper
1974_sf5|Component_1974|Granite
1975_sf5|Component_1975|Wooden
1976_sf5|Component_1976|Bronze
1977_sf5|Component_1977|Granite
1978_sf5|Component_1978|Leather
1979_sf5|Component_1979|Wool
1980_sf5|Component_1980|Titânio
1981_sf5|Component_1981|Steel
1982_sf5|Component_1982|Wool
1983_sf5|Component_1983|Bronze
1984_sf5|Component_1984|Linen
1985_sf5|Component_1985|Bronze
1986_sf5|Component_1986|Wooden
1987_sf5|Component_1987|Wooden
1988_sf5|Component_1988|Granite
1989_sf5|Component_1989|Granite
1990_sf5|Component_1990|Cotton
1991_sf5|Component_1991|Paper
1992_sf5|Component_1992|Cotton
1993_sf5|Component_1993|Granite
1994_sf5|Component_1994|Marble
1995_sf5|Component_1995|Titânio
1996_sf5|Component_1996|Leather
1997_sf5|Component_1997|Plastic
1998_sf5|Component_1998|Rubber
1999_sf5|Component_1999|Bronze
0_sf6|Component_0|Titânio
1_sf6|Component_1|Steel
2_sf6|Component_2|Plastic
3_sf6|Component_3|Steel
4_sf6|Component_4|Linen
5_sf6|Component_5|Wool
6_sf6|Component_6|Leather
7_sf6|Component_7|Steel
8_sf6|Component_8|Granite
9_sf6|Component_9|Rubber
10_sf6|Component_10|Marble
11_sf6|Component_11|Cotton
12_sf6|Component_12|Copper
13_sf6|Component_13|Copper
14_sf6|Component_14|Marble
15_sf6|Component_15|Titânio
16_sf6|Component_16|Silk
17_sf6|Component_17|Leather
18_sf6|Component_18|Bronze
19_sf6|Component_19|Silk
20_sf6|Component_20|Bronze
21_sf6|Component_21|Paper
22_sf6|Component_22|Cotton
23_sf6|Component_23|Concrete
24_sf6|Component_24|Linen
25_sf6|Component_25|Plastic
26_sf6|Component_26|Marble
27_sf6|Component_27|Granite
28_sf6|Component_28|Aluminum
29_sf6|Component_29|Wool
30_sf6|Component_30|Titânio
31_sf6|Component_31|Wooden
32_sf6|Component_32|Marble
33_sf6|Component_33|Plastic
34_sf6|Component_34|Concrete
35_sf6|Component_35|Leather
36_sf6|Component_36|Aluminum
37_sf6|Component_37|Paper
38_sf6|Component_38|Aluminum
39_sf6|Component_39|Steel
40_sf6|Component_40|Plastic
41_sf6|Component_41|Wool
42_sf6|Component_42|Aluminum
43_sf6|Component_43|Linen
44_sf6|Component_44|Rubber
45_sf6|Component_45|Titânio
46_sf6|Component_46|Paper
47_sf6|Component_47|Steel
48_sf6|Component_48|Wooden
49_sf6|Component_49|Paper
50_sf6|Component_50|Rubber
51_sf6|Component_51|Paper
52_sf6|Component_52|Bronze
53_sf6|Component_53|Linen
54_sf6|Component_54|Silk
55_sf6|Component_55|Linen
56_sf6|Component_56|Steel
57_sf6|Component_57|Plastic
58_sf6|Component_58|Linen
59_sf6|Component_59|Wool
60_sf6|Component_60|Titânio
61_sf6|Component_61|Concrete
62_sf6|Component_62|Iron
63_sf6|Component_63|Plastic
64_sf6|Component_64|Marble
65_sf6|Component_65|Iron
66_sf6|Component_66|Wooden
67_sf6|Component_67|Iron
68_sf6|Component_68|Aluminum
69_sf6|Component_69|Rubber
70_sf6|Component_70|Wooden
71_sf6|Component_71|Marble
72_sf6|Component_72|Copper
73_sf6|Component_73|Granite
74_sf6|Component_74|Cotton
75_sf6|Component_75|Titânio
76_sf6|Component_76|Plastic
77_sf6|Component_77|Rubber
78_sf6|Component_78|Concrete
79_sf6|Component_79|Linen
80_sf6|Component_80|Rubber
81_sf6|Component_81|Aluminum
82_sf6|Component_82|Aluminum
83_sf6|Component_83|Plastic
84_sf6|Component_84|Aluminum
85_sf6|Component_85|Marble
86_sf6|Component_86|Plastic
87_sf6|Component_87|Paper
88_sf6|Component_88|Wool
89_sf6|Component_89|Rubber
90_sf6|Component_90|Titânio
91_sf6|Component_91|Copper
92_sf6|Component_92|Silk
93_sf6|Component_93|Aluminum
94_sf6|Component_94|Leather
95_sf6|Component_95|Plastic
96_sf6|Component_96|Iron
97_sf6|Component_97|Plastic
98_sf6|Component_98|Plastic
99_sf6|Component_99|Copper
100_sf6|Component_100|Iron
101_sf6|Component_101|Granite
102_sf6|Component_102|Aluminum
103_sf6|Component_103|Linen
104_sf6|Component_104|Aluminum
105_sf6|Component_105|Titânio
106_sf6|Component_106|Rubber
107_sf6|Component_107|Wooden
108_sf6|Component_108|Rubber
109_sf6|Component_109|Marble
110_sf6|Component_110|Wool
111_sf6|Component_111|Silk
112_sf6|Component_112|Linen
113_sf6|Component_113|Leather
114_sf6|Component_114|Rubber
115_sf6|Component_115|Copper
116_sf6|Component_116|Linen
117_sf6|Component_117|Cotton
118_sf6|Component_118|Leather
119_sf6|Component_119|Concrete
120_sf6|Component_120|Titânio
121_sf6|Component_121|Silk
122_sf6|Component_122|Cotton
123_sf6|Component_123|Silk
124_sf6|Component_124|Wooden
125_sf6|Component_125|Iron
126_sf6|Component_126|Marble
127_sf6|Component_127|Rubber
128_sf6|Component_128|Iron
129_sf6|Component_129|Rubber
130_sf6|Component_130|Marble
131_sf6|Component_131|Copper
132_sf6|Component_132|Iron
133_sf6|Component_133|Concrete
134_sf6|Component_134|Iron
135_sf6|Component_135|Titânio
136_sf6|Component_136|Iron
137_sf6|Component_137|Bronze
138_sf6|Component_138|Marble
139_sf6|Component_139|Silk
140_sf6|Component_140|Leather
141_sf6|Component_141|Paper
142_sf6|Component_142|Marble
143_sf6|Component_143|Leather
144_sf6|Component_144|Cotton
145_sf6|Component_145|Rubber
146_sf6|Component_146|Granite
147_sf6|Component_147|Plastic
148_sf6|Component_148|Paper
149_sf6|Component_149|Marble
150_sf6|Component_150|Titânio
151_sf6|Component_151|Steel
152_sf6|Component_152|Marble
153_sf6|Component_153|Rubber
154_sf6|Component_154|Paper
155_sf6|Component_155|Cotton
156_sf6|Component_156|Copper
157_sf6|Component_157|Wool
158_sf6|Component_158|Bronze
159_sf6|Component_159|Marble
160_sf6|Component_160|Rubber
161_sf6|Component_161|Rubber
162_sf6|Component_162|Linen
163_sf6|Component_163|Paper
164_sf6|Component_164|Steel
165_sf6|Component_165|Titânio
166_sf6|Component_166|Paper
167_sf6|Component_167|Wool
168_sf6|Component_168|Leather
169_sf6|Component_169|Marble
170_sf6|Component_170|Wooden
171_sf6|Component_171|Silk
172_sf6|Component_172|Paper
173_sf6|Component_173|Bronze
174_sf6|Component_174|Copper
175_sf6|Component_175|Concrete
176_sf6|Component_176|Plastic
177_sf6|Component_177|Bronze
178_sf6|Component_178|Granite
179_sf6|Component_179|Steel
180_sf6|Component_180|Titânio
181_sf6|Component_181|Iron
182_sf6|Component_182|Steel
183_sf6|Component_183|Paper
184_sf6|Component_184|Paper
185_sf6|Component_185|Cotton
186_sf6|Component_186|Leather
187_sf6|Component_187|Paper
188_sf6|Component_188|Granite
189_sf6|Component_189|Aluminum
190_sf6|Component_190|Copper
191_sf6|Component_191|Rubber
192_sf6|Component_192|Cotton
193_sf6|Component_193|Leather
194_sf6|Component_194|Linen
195_sf6|Component_195|Titânio
196_sf6|Component_196|Steel
197_sf6|Component_197|Linen
198_sf6|Component_198|Iron
199_sf6|Component_199|Leather
200_sf6|Component_200|Leather
201_sf6|Component_201|Wooden
202_sf6|Component_202|Plastic
203_sf6|Component_203|Aluminum
204_sf6|Component_204|Linen
205_sf6|Component_205|Wool
206_sf6|Component_206|Wool
207_sf6|Component_207|Concrete
208_sf6|Component_208|Bronze
209_sf6|Component_209|Iron
210_sf6|Component_210|Titânio
211_sf6|Component_211|Wool
212_sf6|Component_212|Cotton
213_sf6|Component_213|Concrete
214_sf6|Component_214|Iron
215_sf6|Component_215|Iron
216_sf6|Component_216|Marble
217_sf6|Component_217|Steel
218_sf6|Component_218|Bronze
219_sf6|Component_219|Copper
220_sf6|Component_220|Linen
221_sf6|Component_221|Granite
222_sf6|Component_222|Cotton
223_sf6|Component_223|Rubber
224_sf6|Component_224|Marble
225_sf6|Component_225|Titânio
226_sf6|Component_226|Wool
227_sf6|Component_227|Iron
228_sf6|Component_228|Wool
229_sf6|Component_229|Cotton
230_sf6|Component_230|Silk
231_sf6|Component_231|Silk
232_sf6|Component_232|Cotton
233_sf6|Component_233|Wool
234_sf6|Component_234|Iron
235_sf6|Component_235|Aluminum
236_sf6|Component_236|Concrete
237_sf6|Component_237|Steel
238_sf6|Component_238|Steel
239_sf6|Component_239|Silk
240_sf6|Component_240|Titânio
241_sf6|Component_241|Rubber
242_sf6|Component_242|Iron
243_sf6|Component_243|Wool
244_sf6|Component_244|Wooden
245_sf6|Component_245|Plastic
246_sf6|Component_246|Wool
247_sf6|Component_247|Paper
248_sf6|Component_248|Iron
249_sf6|Component_249|Paper
250_sf6|Component_250|Plastic
251_sf6|Component_251|Wool
252_sf6|Component_252|Granite
253_sf6|Component_253|Leather
254_sf6|Component_254|Leather
255_sf6|Component_255|Titânio
256_sf6|Component_256|Copper
257_sf6|Component_257|Steel
258_sf6|Component_258|Plastic
259_sf6|Component_259|Steel
260_sf6|Component_260|Linen
261_sf6|Component_261|Silk
262_sf6|Component_262|Linen
263_sf6|Component_263|Paper
264_sf6|Component_264|Silk
265_sf6|Component_265|Rubber
266_sf6|Component_266|Iron
267_sf6|Component_267|Steel
268_sf6|Component_268|Iron
269_sf6|Component_269|Paper
270_sf6|Component_270|Titânio
271_sf6|Component_271|Marble
272_sf6|Component_272|Paper
273_sf6|Component_273|Concrete
274_sf6|Component_274|Silk
275_sf6|Component_275|Wooden
276_sf6|Component_276|Wool
277_sf6|Component_277|Wooden
278_sf6|Component_278|Bronze
279_sf6|Component_279|Iron
280_sf6|Component_280|Iron
281_sf6|Component_281|Bronze
282_sf6|Component_282|Bronze
283_sf6|Component_283|Paper
284_sf6|Component_284|Paper
285_sf6|Component_285|Titânio
286_sf6|Component_286|Leather
287_sf6|Component_287|Wooden
288_sf6|Component_288|Linen
289_sf6|Component_289|Wool
290_sf6|Component_290|Steel
291_sf6|Component_291|Cotton
292_sf6|Component_292|Granite
293_sf6|Component_293|Plastic
294_sf6|Component_294|Steel
295_sf6|Component_295|Bronze
296_sf6|Component_296|Steel
297_sf6|Component_297|Wool
298_sf6|Component_298|Rubber
299_sf6|Component_299|Wooden
300_sf6|Component_300|Titânio
301_sf6|Component_301|Wooden
302_sf6|Component_302|Granite
303_sf6|Component_303|Wooden
304_sf6|Component_304|Copper
305_sf6|Component_305|Silk
306_sf6|Component_306|Concrete
307_sf6|Component_307|Wooden
308_sf6|Component_308|Granite
309_sf6|Component_309|Leather
310_sf6|Component_310|Silk
311_sf6|Component_311|Steel
312_sf6|Component_312|Marble
313_sf6|Component_313|Iron
314_sf6|Component_314|Rubber
315_sf6|Component_315|Titânio
316_sf6|Component_316|Silk
317_sf6|Component_317|Linen
318_sf6|Component_318|Cotton
319_sf6|Component_319|Rubber
320_sf6|Component_320|Plastic
321_sf6|Component_321|Concrete
322_sf6|Component_322|Aluminum
323_sf6|Component_323|Paper
324_sf6|Component_324|Silk
325_sf6|Component_325|Wool
326_sf6|Component_326|Granite
327_sf6|Component_327|Linen
328_sf6|Component_328|Granite
329_sf6|Component_329|Plastic
330_sf6|Component_330|Titânio
331_sf6|Component_331|Bronze
332_sf6|Component_332|Aluminum
333_sf6|Component_333|Bronze
334_sf6|Component_334|Iron
335_sf6|Component_335|Iron
336_sf6|Component_336|Steel
337_sf6|Component_337|Copper
338_sf6|Component_338|Copper
339_sf6|Component_339|Concrete
340_sf6|Component_340|Granite
341_sf6|Component_341|Paper
342_sf6|Component_342|Granite
343_sf6|Component_343|Aluminum
344_sf6|Component_344|Wooden
345_sf6|Component_345|Titânio
346_sf6|Component_346|Cotton
347_sf6|Component_347|Aluminum
348_sf6|Component_348|Concrete
349_sf6|Component_349|Cotton
350_sf6|Component_350|Concrete
351_sf6|Component_351|Granite
352_sf6|Component_352|Paper
353_sf6|Component_353|Bronze
354_sf6|Component_354|Leather
355_sf6|Component_355|Plastic
356_sf6|Component_356|Granite
357_sf6|Component_357|Marble
358_sf6|Component_358|Aluminum
359_sf6|Component_359|Steel
360_sf6|Component_360|Titânio
361_sf6|Component_361|Iron
362_sf6|Component_362|Granite
363_sf6|Component_363|Iron
364_sf6|Component_364|Steel
365_sf6|Component_365|Cotton
366_sf6|Component_366|Cotton
367_sf6|Component_367|Rubber
368_sf6|Component_368|Silk
369_sf6|Component_369|Concrete
370_sf6|Component_370|Linen
371_sf6|Component_371|Granite
372_sf6|Component_372|Rubber
373_sf6|Component_373|Paper
374_sf6|Component_374|Steel
375_sf6|Component_375|Titânio
376_sf6|Component_376|Silk
377_sf6|Component_377|Rubber
378_sf6|Component_378|Wooden
379_sf6|Component_379|Granite
380_sf6|Component_380|Cotton
381_sf6|Component_381|Aluminum
382_sf6|Component_382|Silk
383_sf6|Component_383|Silk
384_sf6|Component_384|Aluminum
385_sf6|Component_385|Cotton
386_sf6|Component_386|Rubber
387_sf6|Component_387|Marble
388_sf6|Component_388|Granite
389_sf6|Component_389|Concrete
390_sf6|Component_390|Titânio
391_sf6|Component_391|Paper
392_sf6|Component_392|Rubber
393_sf6|Component_393|Granite
394_sf6|Component_394|Rubber
395_sf6|Component_395|Iron
396_sf6|Component_396|Steel
397_sf6|Component_397|Iron
398_sf6|Component_398|Aluminum
399_sf6|Component_399|Bronze
400_sf6|Component_400|Linen
401_sf6|Component_401|Bronze
402_sf6|Component_402|Granite
403_sf6|Component_403|Wooden
404_sf6|Component_404|Steel
405_sf6|Component_405|Titânio
406_sf6|Component_406|Cotton
407_sf6|Component_407|Cotton
408_sf6|Component_408|Plastic
409_sf6|Component_409|Rubber
410_sf6|Component_410|Granite
411_sf6|Component_411|Rubber
412_sf6|Component_412|Aluminum
413_sf6|Component_413|Silk
414_sf6|Component_414|Copper
415_sf6|Component_415|Granite
416_sf6|Component_416|Aluminum
417_sf6|Component_417|Linen
418_sf6|Component_418|Concrete
419_sf6|Component_419|Linen
420_sf6|Component_420|Titânio
421_sf6|Component_421|Concrete
422_sf6|Component_422|Cotton
423_sf6|Component_423|Wool
424_sf6|Component_424|Silk
425_sf6|Component_425|Paper
426_sf6|Component_426|Concrete
427_sf6|Component_427|Wool
428_sf6|Component_428|Aluminum
429_sf6|Component_429|Rubber
430_sf6|Component_430|Copper
431_sf6|Component_431|Wooden
432_sf6|Component_432|Aluminum
433_sf6|Component_433|Cotton
434_sf6|Component_434|Silk
435_sf6|Component_435|Titânio
436_sf6|Component_436|Plastic
437_sf6|Component_437|Granite
438_sf6|Component_438|Wooden
439_sf6|Component_439|Iron
440_sf6|Component_440|Plastic
441_sf6|Component_441|Plastic
442_sf6|Component_442|Marble
443_sf6|Component_443|Granite
444_sf6|Component_444|Wool
445_sf6|Component_445|Wooden
446_sf6|Component_446|Leather
447_sf6|Component_447|Copper
448_sf6|Component_448|Marble
449_sf6|Component_449|Marble
450_sf6|Component_450|Titânio
451_sf6|Component_451|Cotton
452_sf6|Component_452|Linen
453_sf6|Component_453|Copper
454_sf6|Component_454|Iron
455_sf6|Component_455|Granite
456_sf6|Component_456|Plastic
457_sf6|Component_457|Linen
458_sf6|Component_458|Wool
459_sf6|Component_459|Iron
460_sf6|Component_460|Rubber
461_sf6|Component_461|Wool
462_sf6|Component_462|Wooden
463_sf6|Component_463|Cotton
464_sf6|Component_464|Leather
465_sf6|Component_465|Titânio
466_sf6|Component_466|Iron
467_sf6|Component_467|Linen
468_sf6|Component_468|Copper
469_sf6|Component_469|Iron
470_sf6|Component_470|Copper
471_sf6|Component_471|Leather
472_sf6|Component_472|Linen
473_sf6|Component_473|Leather
474_sf6|Component_474|Wooden
475_sf6|Component_475|Aluminum
476_sf6|Component_476|Leather
477_sf6|Component_477|Marble
478_sf6|Component_478|Granite
479_sf6|Component_479|Paper
480_sf6|Component_480|Titânio
481_sf6|Component_481|Paper
482_sf6|Component_482|Marble
483_sf6|Component_483|Concrete
484_sf6|Component_484|Copper
485_sf6|Component_485|Wool
486_sf6|Component_486|Aluminum
487_sf6|Component_487|Leather
488_sf6|Component_488|Concrete
489_sf6|Component_489|Steel
490_sf6|Component_490|Leather
491_sf6|Component_491|Cotton
492_sf6|Component_492|Linen
493_sf6|Component_493|Copper
494_sf6|Component_494|Granite
495_sf6|Component_495|Titânio
496_sf6|Component_496|Rubber
497_sf6|Component_497|Rubber
498_sf6|Component_498|Aluminum
499_sf6|Component_499|Iron
500_sf6|Component_500|Wooden
501_sf6|Component_501|Steel
502_sf6|Component_502|Wooden
503_sf6|Component_503|Copper
504_sf6|Component_504|Iron
505_sf6|Component_505|Plastic
506_sf6|Component_506|Silk
507_sf6|Component_507|Granite
508_sf6|Component_508|Iron
509_sf6|Component_509|Wool
510_sf6|Component_510|Titânio
511_sf6|Component_511|Granite
512_sf6|Component_512|Plastic
513_sf6|Component_513|Aluminum
514_sf6|Component_514|Leather
515_sf6|Component_515|Steel
516_sf6|Component_516|Bronze
517_sf6|Component_517|Iron
518_sf6|Component_518|Linen
519_sf6|Component_519|Granite
520_sf6|Component_520|Steel
521_sf6|Component_521|Plastic
522_sf6|Component_522|Paper
523_sf6|Component_523|Concrete
524_sf6|Component_524|Iron
525_sf6|Component_525|Titânio
526_sf6|Component_526|Leather
527_sf6|Component_527|Aluminum
528_sf6|Component_528|Aluminum
529_sf6|Component_529|Copper
530_sf6|Component_530|Rubber
531_sf6|Component_531|Leather
532_sf6|Component_532|Concrete
533_sf6|Component_533|Aluminum
534_sf6|Component_534|Silk
535_sf6|Component_535|Copper
536_sf6|Component_536|Wooden
537_sf6|Component_537|Granite
538_sf6|Component_538|Linen
539_sf6|Component_539|Plastic
540_sf6|Component_540|Titânio
541_sf6|Component_541|Silk
542_sf6|Component_542|Silk
543_sf6|Component_543|Marble
544_sf6|Component_544|Marble
545_sf6|Component_545|Silk
546_sf6|Component_546|Marble
547_sf6|Component_547|Plastic
548_sf6|Component_548|Iron
549_sf6|Component_549|Iron
550_sf6|Component_550|Bronze
551_sf6|Component_551|Granite
552_sf6|Component_552|Steel
553_sf6|Component_553|Rubber
554_sf6|Component_554|Copper
555_sf6|Component_555|Titânio
556_sf6|Component_556|Concrete
557_sf6|Component_557|Concrete
558_sf6|Component_558|Aluminum
559_sf6|Component_559|Leather
560_sf6|Component_560|Wool
561_sf6|Component_561|Wool
562_sf6|Component_562|Paper
563_sf6|Component_563|Cotton
564_sf6|Component_564|Steel
565_sf6|Component_565|Wool
566_sf6|Component_566|Concrete
567_sf6|Component_567|Concrete
568_sf6|Component_568|Bronze
569_sf6|Component_569|Steel
570_sf6|Component_570|Titânio
571_sf6|Component_571|Copper
572_sf6|Component_572|Copper
573_sf6|Component_573|Bronze
574_sf6|Component_574|Silk
575_sf6|Component_575|Cotton
576_sf6|Component_576|Aluminum
577_sf6|Component_577|Aluminum
578_sf6|Component_578|Cotton
579_sf6|Component_579|Paper
580_sf6|Component_580|Wool
581_sf6|Component_581|Wooden
582_sf6|Component_582|Marble
583_sf6|Component_583|Paper
584_sf6|Component_584|Marble
585_sf6|Component_585|Titânio
586_sf6|Component_586|Granite
587_sf6|Component_587|Plastic
588_sf6|Component_588|Concrete
589_sf6|Component_589|Wooden
590_sf6|Component_590|Copper
591_sf6|Component_591|Steel
592_sf6|Component_592|Silk
593_sf6|Component_593|Cotton
594_sf6|Component_594|Wool
595_sf6|Component_595|Silk
596_sf6|Component_596|Aluminum
597_sf6|Component_597|Linen
598_sf6|Component_598|Concrete
599_sf6|Component_599|Bronze
600_sf6|Component_600|Titânio
601_sf6|Component_601|Rubber
602_sf6|Component_602|Linen
603_sf6|Component_603|Silk
604_sf6|Component_604|Linen
605_sf6|Component_605|Silk
606_sf6|Component_606|Paper
607_sf6|Component_607|Plastic
608_sf6|Component_608|Plastic
609_sf6|Component_609|Plastic
610_sf6|Component_610|Iron
611_sf6|Component_611|Silk
612_sf6|Component_612|Steel
613_sf6|Component_613|Marble
614_sf6|Component_614|Steel
615_sf6|Component_615|Titânio
616_sf6|Component_616|Concrete
617_sf6|Component_617|Concrete
618_sf6|Component_618|Silk
619_sf6|Component_619|Rubber
620_sf6|Component_620|Rubber
621_sf6|Component_621|Bronze
622_sf6|Component_622|Iron
623_sf6|Component_623|Cotton
624_sf6|Component_624|Iron
625_sf6|Component_625|Wool
626_sf6|Component_626|Plastic
627_sf6|Component_627|Leather
628_sf6|Component_628|Bronze
629_sf6|Component_629|Plastic
630_sf6|Component_630|Titânio
631_sf6|Component_631|Aluminum
632_sf6|Component_632|Rubber
633_sf6|Component_633|Paper
634_sf6|Component_634|Silk
635_sf6|Component_635|Cotton
636_sf6|Component_636|Rubber
637_sf6|Component_637|Concrete
638_sf6|Component_638|Marble
639_sf6|Component_639|Linen
640_sf6|Component_640|Iron
641_sf6|Component_641|Bronze
642_sf6|Component_642|Aluminum
643_sf6|Component_643|Marble
644_sf6|Component_644|Plastic
645_sf6|Component_645|Titânio
646_sf6|Component_646|Marble
647_sf6|Component_647|Iron
648_sf6|Component_648|Silk
649_sf6|Component_649|Plastic
650_sf6|Component_650|Granite
651_sf6|Component_651|Concrete
652_sf6|Component_652|Copper
653_sf6|Component_653|Steel
654_sf6|Component_654|Rubber
655_sf6|Component_655|Bronze
656_sf6|Component_656|Plastic
657_sf6|Component_657|Leather
658_sf6|Component_658|Aluminum
659_sf6|Component_659|Copper
660_sf6|Component_660|Titânio
661_sf6|Component_661|Bronze
662_sf6|Component_662|Silk
663_sf6|Component_663|Silk
664_sf6|Component_664|Wool
665_sf6|Component_665|Silk
666_sf6|Component_666|Cotton
667_sf6|Component_667|Marble
668_sf6|Component_668|Cotton
669_sf6|Component_669|Iron
670_sf6|Component_670|Iron
671_sf6|Component_671|Granite
672_sf6|Component_672|Steel
673_sf6|Component_673|Granite
674_sf6|Component_674|Iron
675_sf6|Component_675|Titânio
676_sf6|Component_676|Rubber
677_sf6|Component_677|Aluminum
678_sf6|Component_678|Cotton
679_sf6|Component_679|Wool
680_sf6|Component_680|Copper
681_sf6|Component_681|Marble
682_sf6|Component_682|Plastic
683_sf6|Component_683|Plastic
684_sf6|Component_684|Bronze
685_sf6|Component_685|Wooden
686_sf6|Component_686|Rubber
687_sf6|Component_687|Copper
688_sf6|Component_688|Steel
689_sf6|Component_689|Steel
690_sf6|Component_690|Titânio
691_sf6|Component_691|Silk
692_sf6|Component_692|Copper
693_sf6|Component_693|Plastic
694_sf6|Component_694|Copper
695_sf6|Component_695|Silk
696_sf6|Component_696|Aluminum
697_sf6|Component_697|Concrete
698_sf6|Component_698|Rubber
699_sf6|Component_699|Concrete
700_sf6|Component_700|Linen
701_sf6|Component_701|Granite
702_sf6|Component_702|Leather
703_sf6|Component_703|Silk
704_sf6|Component_704|Wooden
705_sf6|Component_705|Titânio
706_sf6|Component_706|Wooden
707_sf6|Component_707|Rubber
708_sf6|Component_708|Silk
709_sf6|Component_709|Iron
710_sf6|Component_710|Copper
711_sf6|Component_711|Marble
712_sf6|Component_712|Rubber
713_sf6|Component_713|Aluminum
714_sf6|Component_714|Bronze
715_sf6|Component_715|Plastic
716_sf6|Component_716|Aluminum
717_sf6|Component_717|Cotton
718_sf6|Component_718|Linen
719_sf6|Component_719|Concrete
720_sf6|Component_720|Titânio
721_sf6|Component_721|Granite
722_sf6|Component_722|Granite
723_sf6|Component_723|Wooden
724_sf6|Component_724|Wooden
725_sf6|Component_725|Linen
726_sf6|Component_726|Wool
727_sf6|Component_727|Aluminum
728_sf6|Component_728|Silk
729_sf6|Component_729|Iron
730_sf6|Component_730|Marble
731_sf6|Component_731|Rubber
732_sf6|Component_732|Leather
733_sf6|Component_733|Steel
734_sf6|Component_734|Paper
735_sf6|Component_735|Titânio
736_sf6|Component_736|Plastic
737_sf6|Component_737|Steel
738_sf6|Component_738|Granite
739_sf6|Component_739|Granite
740_sf6|Component_740|Iron
741_sf6|Component_741|Leather
742_sf6|Component_742|Cotton
743_sf6|Component_743|Bronze
744_sf6|Component_744|Bronze
745_sf6|Component_745|Granite
746_sf6|Component_746|Paper
747_sf6|Component_747|Marble
748_sf6|Component_748|Iron
749_sf6|Component_749|Iron
750_sf6|Component_750|Titânio
751_sf6|Component_751|Aluminum
752_sf6|Component_752|Wooden
753_sf6|Component_753|Wool
754_sf6|Component_754|Granite
755_sf6|Component_755|Bronze
756_sf6|Component_756|Silk
757_sf6|Component_757|Plastic
758_sf6|Component_758|Wooden
759_sf6|Component_759|Plastic
760_sf6|Component_760|Copper
761_sf6|Component_761|Linen
762_sf6|Component_762|Paper
763_sf6|Component_763|Marble
764_sf6|Component_764|Leather
765_sf6|Component_765|Titânio
766_sf6|Component_766|Cotton
767_sf6|Component_767|Paper
768_sf6|Component_768|Concrete
769_sf6|Component_769|Linen
770_sf6|Component_770|Iron
771_sf6|Component_771|Marble
772_sf6|Component_772|Marble
773_sf6|Component_773|Iron
774_sf6|Component_774|Rubber
775_sf6|Component_775|Leather
776_sf6|Component_776|Linen
777_sf6|Component_777|Copper
778_sf6|Component_778|Wool
779_sf6|Component_779|Aluminum
780_sf6|Component_780|Titânio
781_sf6|Component_781|Wooden
782_sf6|Component_782|Copper
783_sf6|Component_783|Marble
784_sf6|Component_784|Plastic
785_sf6|Component_785|Steel
786_sf6|Component_786|Wooden
787_sf6|Component_787|Concrete
788_sf6|Component_788|Plastic
789_sf6|Component_789|Concrete
790_sf6|Component_790|Wool
791_sf6|Component_791|Rubber
792_sf6|Component_792|Linen
793_sf6|Component_793|Linen
794_sf6|Component_794|Iron
795_sf6|Component_795|Titânio
796_sf6|Component_796|Cotton
797_sf6|Component_797|Aluminum
798_sf6|Component_798|Wooden
799_sf6|Component_799|Rubber
800_sf6|Component_800|Marble
801_sf6|Component_801|Cotton
802_sf6|Component_802|Wool
803_sf6|Component_803|Copper
804_sf6|Component_804|Silk
805_sf6|Component_805|Copper
806_sf6|Component_806|Steel
807_sf6|Component_807|Aluminum
808_sf6|Component_808|Silk
809_sf6|Component_809|Leather
810_sf6|Component_810|Titânio
811_sf6|Component_811|Granite
812_sf6|Component_812|Marble
813_sf6|Component_813|Wooden
814_sf6|Component_814|Marble
815_sf6|Component_815|Marble
816_sf6|Component_816|Silk
817_sf6|Component_817|Steel
818_sf6|Component_818|Wool
819_sf6|Component_819|Granite
820_sf6|Component_820|Wool
821_sf6|Component_821|Paper
822_sf6|Component_822|Bronze
823_sf6|Component_823|Concrete
824_sf6|Component_824|Copper
825_sf6|Component_825|Titânio
826_sf6|Component_826|Leather
827_sf6|Component_827|Copper
828_sf6|Component_828|Cotton
829_sf6|Component_829|Marble
830_sf6|Component_830|Plastic
831_sf6|Component_831|Granite
832_sf6|Component_832|Wool
833_sf6|Component_833|Cotton
834_sf6|Component_834|Linen
835_sf6|Component_835|Steel
836_sf6|Component_836|Cotton
837_sf6|Component_837|Concrete
838_sf6|Component_838|Paper
839_sf6|Component_839|Marble
840_sf6|Component_840|Titânio
841_sf6|Component_841|Cotton
842_sf6|Component_842|Rubber
843_sf6|Component_843|Wooden
844_sf6|Component_844|Wooden
845_sf6|Component_845|Iron
846_sf6|Component_846|Steel
847_sf6|Component_847|Rubber
848_sf6|Component_848|Cotton
849_sf6|Component_849|Wool
850_sf6|Component_850|Wooden
851_sf6|Component_851|Wool
852_sf6|Component_852|Plastic
853_sf6|Component_853|Marble
854_sf6|Component_854|Aluminum
855_sf6|Component_855|Titânio
856_sf6|Component_856|Concrete
857_sf6|Component_857|Cotton
858_sf6|Component_858|Copper
859_sf6|Component_859|Rubber
860_sf6|Component_860|Iron
861_sf6|Component_861|Bronze
862_sf6|Component_862|Granite
863_sf6|Component_863|Granite
864_sf6|Component_864|Wool
865_sf6|Component_865|Iron
866_sf6|Component_866|Granite
867_sf6|Component_867|Leather
868_sf6|Component_868|Bronze
869_sf6|Component_869|Plastic
870_sf6|Component_870|Titânio
871_sf6|Component_871|Wool
872_sf6|Component_872|Plastic
873_sf6|Component_873|Concrete
874_sf6|Component_874|Linen
875_sf6|Component_875|Leather
876_sf6|Component_876|Cotton
877_sf6|Component_877|Wooden
878_sf6|Component_878|Bronze
879_sf6|Component_879|Granite
880_sf6|Component_880|Concrete
881_sf6|Component_881|Leather
882_sf6|Component_882|Linen
883_sf6|Component_883|Aluminum
884_sf6|Component_884|Leather
885_sf6|Component_885|Titânio
886_sf6|Component_886|Aluminum
887_sf6|Component_887|Leather
888_sf6|Component_888|Cotton
889_sf6|Component_889|Granite
890_sf6|Component_890|Wool
891_sf6|Component_891|Wooden
892_sf6|Component_892|Rubber
893_sf6|Component_893|Iron
894_sf6|Component_894|Concrete
895_sf6|Component_895|Wooden
896_sf6|Component_896|Wooden
897_sf6|Component_897|Aluminum
898_sf6|Component_898|Bronze
899_sf6|Component_899|Cotton
900_sf6|Component_900|Titânio
901_sf6|Component_901|Rubber
902_sf6|Component_902|Linen
903_sf6|Component_903|Concrete
904_sf6|Component_904|Wool
905_sf6|Component_905|Rubber
906_sf6|Component_906|Bronze
907_sf6|Component_907|Aluminum
908_sf6|Component_908|Cotton
909_sf6|Component_909|Concrete
910_sf6|Component_910|Marble
911_sf6|Component_911|Iron
912_sf6|Component_912|Copper
913_sf6|Component_913|Marble
914_sf6|Component_914|Iron
915_sf6|Component_915|Titânio
916_sf6|Component_916|Wool
917_sf6|Component_917|Copper
918_sf6|Component_918|Marble
919_sf6|Component_919|Granite
920_sf6|Component_920|Bronze
921_sf6|Component_921|Wooden
922_sf6|Component_922|Cotton
923_sf6|Component_923|Linen
924_sf6|Component_924|Wool
925_sf6|Component_925|Iron
926_sf6|Component_926|Granite
927_sf6|Component_927|Plastic
928_sf6|Component_928|Rubber
929_sf6|Component_929|Concrete
930_sf6|Component_930|Titânio
931_sf6|Component_931|Wooden
932_sf6|Component_932|Bronze
933_sf6|Component_933|Steel
934_sf6|Component_934|Aluminum
935_sf6|Component_935|Aluminum
936_sf6|Component_936|Plastic
937_sf6|Component_937|Bronze
938_sf6|Component_938|Bronze
939_sf6|Component_939|Wool
940_sf6|Component_940|Marble
941_sf6|Component_941|Silk
942_sf6|Component_942|Aluminum
943_sf6|Component_943|Wool
944_sf6|Component_944|Bronze
945_sf6|Component_945|Titânio
946_sf6|Component_946|Bronze
947_sf6|Component_947|Aluminum
948_sf6|Component_948|Leather
949_sf6|Component_949|Copper
950_sf6|Component_950|Cotton
951_sf6|Component_951|Wool
952_sf6|Component_952|Steel
953_sf6|Component_953|Cotton
954_sf6|Component_954|Plastic
955_sf6|Component_955|Marble
956_sf6|Component_956|Plastic
957_sf6|Component_957|Iron
958_sf6|Component_958|Paper
959_sf6|Component_959|Copper
960_sf6|Component_960|Titânio
961_sf6|Component_961|Plastic
962_sf6|Component_962|Concrete
963_sf6|Component_963|Marble
964_sf6|Component_964|Leather
965_sf6|Component_965|Silk
966_sf6|Component_966|Bronze
967_sf6|Component_967|Iron
968_sf6|Component_968|Bronze
969_sf6|Component_969|Wooden
970_sf6|Component_970|Granite
971_sf6|Component_971|Marble
972_sf6|Component_972|Wool
973_sf6|Component_973|Silk
974_sf6|Component_974|Wooden
975_sf6|Component_975|Titânio
976_sf6|Component_976|Rubber
977_sf6|Component_977|Paper
978_sf6|Component_978|Concrete
979_sf6|Component_979|Rubber
980_sf6|Component_980|Silk
981_sf6|Component_981|Steel
982_sf6|Component_982|Cotton
983_sf6|Component_983|Silk
984_sf6|Component_984|Silk
985_sf6|Component_985|Silk
986_sf6|Component_986|Steel
987_sf6|Component_987|Marble
988_sf6|Component_988|Iron
989_sf6|Component_989|Wooden
990_sf6|Component_990|Titânio
991_sf6|Component_991|Cotton
992_sf6|Component_992|Aluminum
993_sf6|Component_993|Wool
994_sf6|Component_994|Cotton
995_sf6|Component_995|Linen
996_sf6|Component_996|Silk
997_sf6|Component_997|Marble
998_sf6|Component_998|Concrete
999_sf6|Component_999|Plastic
1000_sf6|Component_1000|Concrete
1001_sf6|Component_1001|Plastic
1002_sf6|Component_1002|Linen
1003_sf6|Component_1003|Iron
1004_sf6|Component_1004|Plastic
1005_sf6|Component_1005|Titânio
1006_sf6|Component_1006|Cotton
1007_sf6|Component_1007|Plastic
1008_sf6|Component_1008|Steel
1009_sf6|Component_1009|Copper
1010_sf6|Component_1010|Iron
1011_sf6|Component_1011|Bronze
1012_sf6|Component_1012|Wool
1013_sf6|Component_1013|Marble
1014_sf6|Component_1014|Concrete
1015_sf6|Component_1015|Iron
1016_sf6|Component_1016|Linen
1017_sf6|Component_1017|Cotton
1018_sf6|Component_1018|Copper
1019_sf6|Component_1019|Copper
1020_sf6|Component_1020|Titânio
1021_sf6|Component_1021|Steel
1022_sf6|Component_1022|Wool
1023_sf6|Component_1023|Granite
1024_sf6|Component_1024|Wooden
1025_sf6|Component_1025|Plastic
1026_sf6|Component_1026|Silk
1027_sf6|Component_1027|Iron
1028_sf6|Component_1028|Aluminum
1029_sf6|Component_1029|Rubber
1030_sf6|Component_1030|Leather
1031_sf6|Component_1031|Concrete
1032_sf6|Component_1032|Cotton
1033_sf6|Component_1033|Iron
1034_sf6|Component_1034|Wool
1035_sf6|Component_1035|Titânio
1036_sf6|Component_1036|Wool
1037_sf6|Component_1037|Wool
1038_sf6|Component_1038|Iron
1039_sf6|Component_1039|Marble
1040_sf6|Component_1040|Paper
1041_sf6|Component_1041|Leather
1042_sf6|Component_1042|Leather
1043_sf6|Component_1043|Leather
1044_sf6|Component_1044|Wooden
1045_sf6|Component_1045|Rubber
1046_sf6|Component_1046|Marble
1047_sf6|Component_1047|Granite
1048_sf6|Component_1048|Wooden
1049_sf6|Component_1049|Wool
1050_sf6|Component_1050|Titânio
1051_sf6|Component_1051|Paper
1052_sf6|Component_1052|Bronze
1053_sf6|Component_1053|Granite
1054_sf6|Component_1054|Steel
1055_sf6|Component_1055|Cotton
1056_sf6|Component_1056|Iron
1057_sf6|Component_1057|Steel
1058_sf6|Component_1058|Wool
1059_sf6|Component_1059|Bronze
1060_sf6|Component_1060|Wool
1061_sf6|Component_1061|Silk
1062_sf6|Component_1062|Bronze
1063_sf6|Component_1063|Copper
1064_sf6|Component_1064|Silk
1065_sf6|Component_1065|Titânio
1066_sf6|Component_1066|Plastic
1067_sf6|Component_1067|Bronze
1068_sf6|Component_1068|Granite
1069_sf6|Component_1069|Leather
1070_sf6|Component_1070|Steel
1071_sf6|Component_1071|Aluminum
1072_sf6|Component_1072|Steel
1073_sf6|Component_1073|Granite
1074_sf6|Component_1074|Iron
1075_sf6|Component_1075|Granite
1076_sf6|Component_1076|Concrete
1077_sf6|Component_1077|Rubber
1078_sf6|Component_1078|Leather
1079_sf6|Component_1079|Wooden
1080_sf6|Component_1080|Titânio
1081_sf6|Component_1081|Iron
1082_sf6|Component_1082|Steel
1083_sf6|Component_1083|Concrete
1084_sf6|Component_1084|Plastic
1085_sf6|Component_1085|Iron
1086_sf6|Component_1086|Linen
1087_sf6|Component_1087|Cotton
1088_sf6|Component_1088|Granite
1089_sf6|Component_1089|Copper
1090_sf6|Component_1090|Wooden
1091_sf6|Component_1091|Concrete
1092_sf6|Component_1092|Cotton
1093_sf6|Component_1093|Aluminum
1094_sf6|Component_1094|Cotton
1095_sf6|Component_1095|Titânio
1096_sf6|Component_1096|Linen
1097_sf6|Component_1097|Concrete
1098_sf6|Component_1098|Granite
1099_sf6|Component_1099|Aluminum
1100_sf6|Component_1100|Paper
1101_sf6|Component_1101|Aluminum
1102_sf6|Component_1102|Marble
1103_sf6|Component_1103|Wooden
1104_sf6|Component_1104|Concrete
1105_sf6|Component_1105|Wool
1106_sf6|Component_1106|Silk
1107_sf6|Component_1107|Aluminum
1108_sf6|Component_1108|Iron
1109_sf6|Component_1109|Paper
1110_sf6|Component_1110|Titânio
1111_sf6|Component_1111|Iron
1112_sf6|Component_1112|Paper
1113_sf6|Component_1113|Wool
1114_sf6|Component_1114|Wooden
1115_sf6|Component_1115|Cotton
1116_sf6|Component_1116|Linen
1117_sf6|Component_1117|Concrete
1118_sf6|Component_1118|Wool
1119_sf6|Component_1119|Wool
1120_sf6|Component_1120|Wool
1121_sf6|Component_1121|Copper
1122_sf6|Component_1122|Silk
1123_sf6|Component_1123|Paper
1124_sf6|Component_1124|Wooden
1125_sf6|Component_1125|Titânio
1126_sf6|Component_1126|Bronze
1127_sf6|Component_1127|Leather
1128_sf6|Component_1128|Wooden
1129_sf6|Component_1129|Bronze
1130_sf6|Component_1130|Granite
1131_sf6|Component_1131|Granite
1132_sf6|Component_1132|Leather
1133_sf6|Component_1133|Rubber
1134_sf6|Component_1134|Bronze
1135_sf6|Component_1135|Paper
1136_sf6|Component_1136|Granite
1137_sf6|Component_1137|Linen
1138_sf6|Component_1138|Concrete
1139_sf6|Component_1139|Wooden
1140_sf6|Component_1140|Titânio
1141_sf6|Component_1141|Bronze
1142_sf6|Component_1142|Wooden
1143_sf6|Component_1143|Silk
1144_sf6|Component_1144|Plastic
1145_sf6|Component_1145|Cotton
1146_sf6|Component_1146|Granite
1147_sf6|Component_1147|Aluminum
1148_sf6|Component_1148|Granite
1149_sf6|Component_1149|Aluminum
1150_sf6|Component_1150|Steel
1151_sf6|Component_1151|Plastic
1152_sf6|Component_1152|Aluminum
1153_sf6|Component_1153|Plastic
1154_sf6|Component_1154|Plastic
1155_sf6|Component_1155|Titânio
1156_sf6|Component_1156|Paper
1157_sf6|Component_1157|Silk
1158_sf6|Component_1158|Copper
1159_sf6|Component_1159|Bronze
1160_sf6|Component_1160|Linen
1161_sf6|Component_1161|Paper
1162_sf6|Component_1162|Iron
1163_sf6|Component_1163|Bronze
1164_sf6|Component_1164|Cotton
1165_sf6|Component_1165|Concrete
1166_sf6|Component_1166|Iron
1167_sf6|Component_1167|Aluminum
1168_sf6|Component_1168|Aluminum
1169_sf6|Component_1169|Marble
1170_sf6|Component_1170|Titânio
1171_sf6|Component_1171|Copper
1172_sf6|Component_1172|Paper
1173_sf6|Component_1173|Linen
1174_sf6|Component_1174|Plastic
1175_sf6|Component_1175|Silk
1176_sf6|Component_1176|Linen
1177_sf6|Component_1177|Rubber
1178_sf6|Component_1178|Iron
1179_sf6|Component_1179|Wooden
1180_sf6|Component_1180|Copper
1181_sf6|Component_1181|Rubber
1182_sf6|Component_1182|Marble
1183_sf6|Component_1183|Bronze
1184_sf6|Component_1184|Rubber
1185_sf6|Component_1185|Titânio
1186_sf6|Component_1186|Aluminum
1187_sf6|Component_1187|Copper
1188_sf6|Component_1188|Paper
1189_sf6|Component_1189|Bronze
1190_sf6|Component_1190|Marble
1191_sf6|Component_1191|Steel
1192_sf6|Component_1192|Bronze
1193_sf6|Component_1193|Steel
1194_sf6|Component_1194|Marble
1195_sf6|Component_1195|Aluminum
1196_sf6|Component_1196|Marble
1197_sf6|Component_1197|Wooden
1198_sf6|Component_1198|Copper
1199_sf6|Component_1199|Marble
1200_sf6|Component_1200|Titânio
1201_sf6|Component_1201|Marble
1202_sf6|Component_1202|Aluminum
1203_sf6|Component_1203|Silk
1204_sf6|Component_1204|Concrete
1205_sf6|Component_1205|Paper
1206_sf6|Component_1206|Concrete
1207_sf6|Component_1207|Paper
1208_sf6|Component_1208|Iron
1209_sf6|Component_1209|Rubber
1210_sf6|Component_1210|Wooden
1211_sf6|Component_1211|Wool
1212_sf6|Component_1212|Marble
1213_sf6|Component_1213|Concrete
1214_sf6|Component_1214|Iron
1215_sf6|Component_1215|Titânio
1216_sf6|Component_1216|Wooden
1217_sf6|Component_1217|Iron
1218_sf6|Component_1218|Aluminum
1219_sf6|Component_1219|Silk
1220_sf6|Component_1220|Wool
1221_sf6|Component_1221|Silk
1222_sf6|Component_1222|Bronze
1223_sf6|Component_1223|Granite
1224_sf6|Component_1224|Iron
1225_sf6|Component_1225|Wool
1226_sf6|Component_1226|Silk
1227_sf6|Component_1227|Aluminum
1228_sf6|Component_1228|Bronze
1229_sf6|Component_1229|Aluminum
1230_sf6|Component_1230|Titânio
1231_sf6|Component_1231|Plastic
1232_sf6|Component_1232|Linen
1233_sf6|Component_1233|Silk
1234_sf6|Component_1234|Leather
1235_sf6|Component_1235|Wooden
1236_sf6|Component_1236|Copper
1237_sf6|Component_1237|Copper
1238_sf6|Component_1238|Rubber
1239_sf6|Component_1239|Marble
1240_sf6|Component_1240|Wool
1241_sf6|Component_1241|Plastic
1242_sf6|Component_1242|Iron
1243_sf6|Component_1243|Silk
1244_sf6|Component_1244|Cotton
1245_sf6|Component_1245|Titânio
1246_sf6|Component_1246|Copper
1247_sf6|Component_1247|Bronze
1248_sf6|Component_1248|Plastic
1249_sf6|Component_1249|Plastic
1250_sf6|Component_1250|Cotton
1251_sf6|Component_1251|Iron
1252_sf6|Component_1252|Concrete
1253_sf6|Component_1253|Leather
1254_sf6|Component_1254|Paper
1255_sf6|Component_1255|Concrete
1256_sf6|Component_1256|Steel
1257_sf6|Component_1257|Wool
1258_sf6|Component_1258|Concrete
1259_sf6|Component_1259|Marble
1260_sf6|Component_1260|Titânio
1261_sf6|Component_1261|Cotton
1262_sf6|Component_1262|Silk
1263_sf6|Component_1263|Paper
1264_sf6|Component_1264|Silk
1265_sf6|Component_1265|Plastic
1266_sf6|Component_1266|Linen
1267_sf6|Component_1267|Granite
1268_sf6|Component_1268|Leather
1269_sf6|Component_1269|Silk
1270_sf6|Component_1270|Granite
1271_sf6|Component_1271|Copper
1272_sf6|Component_1272|Paper
1273_sf6|Component_1273|Iron
1274_sf6|Component_1274|Leather
1275_sf6|Component_1275|Titânio
1276_sf6|Component_1276|Iron
1277_sf6|Component_1277|Leather
1278_sf6|Component_1278|Wool
1279_sf6|Component_1279|Silk
1280_sf6|Component_1280|Rubber
1281_sf6|Component_1281|Concrete
1282_sf6|Component_1282|Rubber
1283_sf6|Component_1283|Wool
1284_sf6|Component_1284|Cotton
1285_sf6|Component_1285|Bronze
1286_sf6|Component_1286|Bronze
1287_sf6|Component_1287|Wool
1288_sf6|Component_1288|Bronze
1289_sf6|Component_1289|Copper
1290_sf6|Component_1290|Titânio
1291_sf6|Component_1291|Cotton
1292_sf6|Component_1292|Granite
1293_sf6|Component_1293|Plastic
1294_sf6|Component_1294|Wool
1295_sf6|Component_1295|Cotton
1296_sf6|Component_1296|Rubber
1297_sf6|Component_1297|Copper
1298_sf6|Component_1298|Iron
1299_sf6|Component_1299|Marble
1300_sf6|Component_1300|Rubber
1301_sf6|Component_1301|Cotton
1302_sf6|Component_1302|Paper
1303_sf6|Component_1303|Iron
1304_sf6|Component_1304|Leather
1305_sf6|Component_1305|Titânio
1306_sf6|Component_1306|Wool
1307_sf6|Component_1307|Paper
1308_sf6|Component_1308|Plastic
1309_sf6|Component_1309|Concrete
1310_sf6|Component_1310|Paper
1311_sf6|Component_1311|Wooden
1312_sf6|Component_1312|Steel
1313_sf6|Component_1313|Concrete
1314_sf6|Component_1314|Silk
1315_sf6|Component_1315|Bronze
1316_sf6|Component_1316|Granite
1317_sf6|Component_1317|Marble
1318_sf6|Component_1318|Aluminum
1319_sf6|Component_1319|Aluminum
1320_sf6|Component_1320|Titânio
1321_sf6|Component_1321|Aluminum
1322_sf6|Component_1322|Wooden
1323_sf6|Component_1323|Steel
1324_sf6|Component_1324|Silk
1325_sf6|Component_1325|Copper
1326_sf6|Component_1326|Wooden
1327_sf6|Component_1327|Rubber
1328_sf6|Component_1328|Silk
1329_sf6|Component_1329|Cotton
1330_sf6|Component_1330|Aluminum
1331_sf6|Component_1331|Wool
1332_sf6|Component_1332|Cotton
1333_sf6|Component_1333|Iron
1334_sf6|Component_1334|Wool
1335_sf6|Component_1335|Titânio
1336_sf6|Component_1336|Marble
1337_sf6|Component_1337|Silk
1338_sf6|Component_1338|Iron
1339_sf6|Component_1339|Linen
1340_sf6|Component_1340|Copper
1341_sf6|Component_1341|Silk
1342_sf6|Component_1342|Silk
1343_sf6|Component_1343|Steel
1344_sf6|Component_1344|Steel
1345_sf6|Component_1345|Plastic
1346_sf6|Component_1346|Leather
1347_sf6|Component_1347|Wooden
1348_sf6|Component_1348|Paper
1349_sf6|Component_1349|Bronze
1350_sf6|Component_1350|Titânio
1351_sf6|Component_1351|Bronze
1352_sf6|Component_1352|Plastic
1353_sf6|Component_1353|Granite
1354_sf6|Component_1354|Aluminum
1355_sf6|Component_1355|Leather
1356_sf6|Component_1356|Leather
1357_sf6|Component_1357|Rubber
1358_sf6|Component_1358|Linen
1359_sf6|Component_1359|Silk
1360_sf6|Component_1360|Concrete
1361_sf6|Component_1361|Plastic
1362_sf6|Component_1362|Steel
1363_sf6|Component_1363|Bronze
1364_sf6|Component_1364|Bronze
1365_sf6|Component_1365|Titânio
1366_sf6|Component_1366|Plastic
1367_sf6|Component_1367|Linen
1368_sf6|Component_1368|Concrete
1369_sf6|Component_1369|Plastic
1370_sf6|Component_1370|Bronze
1371_sf6|Component_1371|Silk
1372_sf6|Component_1372|Aluminum
1373_sf6|Component_1373|Cotton
1374_sf6|Component_1374|Iron
1375_sf6|Component_1375|Wooden
1376_sf6|Component_1376|Cotton
1377_sf6|Component_1377|Linen
1378_sf6|Component_1378|Aluminum
1379_sf6|Component_1379|Marble
1380_sf6|Component_1380|Titânio
1381_sf6|Component_1381|Concrete
1382_sf6|Component_1382|Bronze
1383_sf6|Component_1383|Copper
1384_sf6|Component_1384|Silk
1385_sf6|Component_1385|Cotton
1386_sf6|Component_1386|Aluminum
1387_sf6|Component_1387|Concrete
1388_sf6|Component_1388|Leather
1389_sf6|Component_1389|Aluminum
1390_sf6|Component_1390|Aluminum
1391_sf6|Component_1391|Leather
1392_sf6|Component_1392|Iron
1393_sf6|Component_1393|Silk
1394_sf6|Component_1394|Wool
1395_sf6|Component_1395|Titânio
1396_sf6|Component_1396|Leather
1397_sf6|Component_1397|Cotton
1398_sf6|Component_1398|Plastic
1399_sf6|Component_1399|Marble
1400_sf6|Component_1400|Concrete
1401_sf6|Component_1401|Aluminum
1402_sf6|Component_1402|Concrete
1403_sf6|Component_1403|Aluminum
1404_sf6|Component_1404|Wool
1405_sf6|Component_1405|Paper
1406_sf6|Component_1406|Wooden
1407_sf6|Component_1407|Granite
1408_sf6|Component_1408|Rubber
1409_sf6|Component_1409|Granite
1410_sf6|Component_1410|Titânio
1411_sf6|Component_1411|Steel
1412_sf6|Component_1412|Marble
1413_sf6|Component_1413|Granite
1414_sf6|Component_1414|Aluminum
1415_sf6|Component_1415|Plastic
1416_sf6|Component_1416|Aluminum
1417_sf6|Component_1417|Iron
1418_sf6|Component_1418|Wooden
1419_sf6|Component_1419|Rubber
1420_sf6|Component_1420|Leather
1421_sf6|Component_1421|Aluminum
1422_sf6|Component_1422|Concrete
1423_sf6|Component_1423|Rubber
1424_sf6|Component_1424|Wool
1425_sf6|Component_1425|Titânio
1426_sf6|Component_1426|Wooden
1427_sf6|Component_1427|Bronze
1428_sf6|Component_1428|Aluminum
1429_sf6|Component_1429|Aluminum
1430_sf6|Component_1430|Iron
1431_sf6|Component_1431|Aluminum
1432_sf6|Component_1432|Wooden
1433_sf6|Component_1433|Wool
1434_sf6|Component_1434|Rubber
1435_sf6|Component_1435|Aluminum
1436_sf6|Component_1436|Marble
1437_sf6|Component_1437|Concrete
1438_sf6|Component_1438|Granite
1439_sf6|Component_1439|Cotton
1440_sf6|Component_1440|Titânio
1441_sf6|Component_1441|Silk
1442_sf6|Component_1442|Wool
1443_sf6|Component_1443|Wool
1444_sf6|Component_1444|Iron
1445_sf6|Component_1445|Plastic
1446_sf6|Component_1446|Aluminum
1447_sf6|Component_1447|Rubber
1448_sf6|Component_1448|Wool
1449_sf6|Component_1449|Steel
1450_sf6|Component_1450|Wool
1451_sf6|Component_1451|Aluminum
1452_sf6|Component_1452|Wool
1453_sf6|Component_1453|Copper
1454_sf6|Component_1454|Wooden
1455_sf6|Component_1455|Titânio
1456_sf6|Component_1456|Plastic
1457_sf6|Component_1457|Rubber
1458_sf6|Component_1458|Steel
1459_sf6|Component_1459|Bronze
1460_sf6|Component_1460|Copper
1461_sf6|Component_1461|Granite
1462_sf6|Component_1462|Wool
1463_sf6|Component_1463|Wooden
1464_sf6|Component_1464|Rubber
1465_sf6|Component_1465|Paper
1466_sf6|Component_1466|Leather
1467_sf6|Component_1467|Rubber
1468_sf6|Component_1468|Wooden
1469_sf6|Component_1469|Steel
1470_sf6|Component_1470|Titânio
1471_sf6|Component_1471|Steel
1472_sf6|Component_1472|Wooden
1473_sf6|Component_1473|Silk
1474_sf6|Component_1474|Silk
1475_sf6|Component_1475|Rubber
1476_sf6|Component_1476|Plastic
1477_sf6|Component_1477|Wooden
1478_sf6|Component_1478|Concrete
1479_sf6|Component_1479|Silk
1480_sf6|Component_1480|Wooden
1481_sf6|Component_1481|Granite
1482_sf6|Component_1482|Linen
1483_sf6|Component_1483|Leather
1484_sf6|Component_1484|Copper
1485_sf6|Component_1485|Titânio
1486_sf6|Component_1486|Bronze
1487_sf6|Component_1487|Aluminum
1488_sf6|Component_1488|Bronze
1489_sf6|Component_1489|Concrete
1490_sf6|Component_1490|Bronze
1491_sf6|Component_1491|Wooden
1492_sf6|Component_1492|Iron
1493_sf6|Component_1493|Silk
1494_sf6|Component_1494|Iron
1495_sf6|Component_1495|Aluminum
1496_sf6|Component_1496|Silk
1497_sf6|Component_1497|Linen
1498_sf6|Component_1498|Cotton
1499_sf6|Component_1499|Aluminum
1500_sf6|Component_1500|Titânio
1501_sf6|Component_1501|Concrete
1502_sf6|Component_1502|Leather
1503_sf6|Component_1503|Rubber
1504_sf6|Component_1504|Cotton
1505_sf6|Component_1505|Leather
1506_sf6|Component_1506|Linen
1507_sf6|Component_1507|Cotton
1508_sf6|Component_1508|Linen
1509_sf6|Component_1509|Linen
1510_sf6|Component_1510|Leather
1511_sf6|Component_1511|Granite
1512_sf6|Component_1512|Marble
1513_sf6|Component_1513|Wooden
1514_sf6|Component_1514|Aluminum
1515_sf6|Component_1515|Titânio
1516_sf6|Component_1516|Wool
1517_sf6|Component_1517|Plastic
1518_sf6|Component_1518|Iron
1519_sf6|Component_1519|Marble
1520_sf6|Component_1520|Linen
1521_sf6|Component_1521|Bronze
1522_sf6|Component_1522|Wool
1523_sf6|Component_1523|Copper
1524_sf6|Component_1524|Silk
1525_sf6|Component_1525|Rubber
1526_sf6|Component_1526|Plastic
1527_sf6|Component_1527|Steel
1528_sf6|Component_1528|Bronze
1529_sf6|Component_1529|Rubber
1530_sf6|Component_1530|Titânio
1531_sf6|Component_1531|Linen
1532_sf6|Component_1532|Aluminum
1533_sf6|Component_1533|Linen
1534_sf6|Component_1534|Iron
1535_sf6|Component_1535|Wool
1536_sf6|Component_1536|Silk
1537_sf6|Component_1537|Granite
1538_sf6|Component_1538|Concrete
1539_sf6|Component_1539|Wool
1540_sf6|Component_1540|Concrete
1541_sf6|Component_1541|Granite
1542_sf6|Component_1542|Iron
1543_sf6|Component_1543|Marble
1544_sf6|Component_1544|Paper
1545_sf6|Component_1545|Titânio
1546_sf6|Component_1546|Plastic
1547_sf6|Component_1547|Wool
1548_sf6|Component_1548|Leather
1549_sf6|Component_1549|Leather
1550_sf6|Component_1550|Wool
1551_sf6|Component_1551|Paper
1552_sf6|Component_1552|Wooden
1553_sf6|Component_1553|Aluminum
1554_sf6|Component_1554|Wooden
1555_sf6|Component_1555|Cotton
1556_sf6|Component_1556|Copper
1557_sf6|Component_1557|Marble
1558_sf6|Component_1558|Iron
1559_sf6|Component_1559|Granite
1560_sf6|Component_1560|Titânio
1561_sf6|Component_1561|Wooden
1562_sf6|Component_1562|Concrete
1563_sf6|Component_1563|Plastic
1564_sf6|Component_1564|Cotton
1565_sf6|Component_1565|Wooden
1566_sf6|Component_1566|Plastic
1567_sf6|Component_1567|Iron
1568_sf6|Component_1568|Plastic
1569_sf6|Component_1569|Silk
1570_sf6|Component_1570|Bronze
1571_sf6|Component_1571|Granite
1572_sf6|Component_1572|Aluminum
1573_sf6|Component_1573|Rubber
1574_sf6|Component_1574|Copper
1575_sf6|Component_1575|Titânio
1576_sf6|Component_1576|Rubber
1577_sf6|Component_1577|Cotton
1578_sf6|Component_1578|Paper
1579_sf6|Component_1579|Copper
1580_sf6|Component_1580|Steel
1581_sf6|Component_1581|Plastic
1582_sf6|Component_1582|Linen
1583_sf6|Component_1583|Steel
1584_sf6|Component_1584|Silk
1585_sf6|Component_1585|Steel
1586_sf6|Component_1586|Leather
1587_sf6|Component_1587|Steel
1588_sf6|Component_1588|Silk
1589_sf6|Component_1589|Bronze
1590_sf6|Component_1590|Titânio
1591_sf6|Component_1591|Cotton
1592_sf6|Component_1592|Rubber
1593_sf6|Component_1593|Paper
1594_sf6|Component_1594|Steel
1595_sf6|Component_1595|Cotton
1596_sf6|Component_1596|Aluminum
1597_sf6|Component_1597|Concrete
1598_sf6|Component_1598|Wool
1599_sf6|Component_1599|Silk
1600_sf6|Component_1600|Wool
1601_sf6|Component_1601|Aluminum
1602_sf6|Component_1602|Aluminum
1603_sf6|Component_1603|Bronze
1604_sf6|Component_1604|Granite
1605_sf6|Component_1605|Titânio
1606_sf6|Component_1606|Cotton
1607_sf6|Component_1607|Linen
1608_sf6|Component_1608|Copper
1609_sf6|Component_1609|Wooden
1610_sf6|Component_1610|Marble
1611_sf6|Component_1611|Marble
1612_sf6|Component_1612|Concrete
1613_sf6|Component_1613|Marble
1614_sf6|Component_1614|Granite
1615_sf6|Component_1615|Granite
1616_sf6|Component_1616|Aluminum
1617_sf6|Component_1617|Silk
1618_sf6|Component_1618|Linen
1619_sf6|Component_1619|Marble
1620_sf6|Component_1620|Titânio
1621_sf6|Component_1621|Iron
1622_sf6|Component_1622|Cotton
1623_sf6|Component_1623|Silk
1624_sf6|Component_1624|Granite
1625_sf6|Component_1625|Cotton
1626_sf6|Component_1626|Rubber
1627_sf6|Component_1627|Plastic
1628_sf6|Component_1628|Aluminum
1629_sf6|Component_1629|Copper
1630_sf6|Component_1630|Leather
1631_sf6|Component_1631|Wooden
1632_sf6|Component_1632|Silk
1633_sf6|Component_1633|Cotton
1634_sf6|Component_1634|Wool
1635_sf6|Component_1635|Titânio
1636_sf6|Component_1636|Wooden
1637_sf6|Component_1637|Cotton
1638_sf6|Component_1638|Silk
1639_sf6|Component_1639|Marble
1640_sf6|Component_1640|Copper
1641_sf6|Component_1641|Leather
1642_sf6|Component_1642|Rubber
1643_sf6|Component_1643|Paper
1644_sf6|Component_1644|Granite
1645_sf6|Component_1645|Plastic
1646_sf6|Component_1646|Aluminum
1647_sf6|Component_1647|Concrete
1648_sf6|Component_1648|Paper
1649_sf6|Component_1649|Paper
1650_sf6|Component_1650|Titânio
1651_sf6|Component_1651|Cotton
1652_sf6|Component_1652|Paper
1653_sf6|Component_1653|Bronze
1654_sf6|Component_1654|Iron
1655_sf6|Component_1655|Plastic
1656_sf6|Component_1656|Aluminum
1657_sf6|Component_1657|Linen
1658_sf6|Component_1658|Paper
1659_sf6|Component_1659|Marble
1660_sf6|Component_1660|Linen
1661_sf6|Component_1661|Plastic
1662_sf6|Component_1662|Silk
1663_sf6|Component_1663|Copper
1664_sf6|Component_1664|Cotton
1665_sf6|Component_1665|Titânio
1666_sf6|Component_1666|Wooden
1667_sf6|Component_1667|Wooden
1668_sf6|Component_1668|Granite
1669_sf6|Component_1669|Wool
1670_sf6|Component_1670|Copper
1671_sf6|Component_1671|Aluminum
1672_sf6|Component_1672|Wool
1673_sf6|Component_1673|Copper
1674_sf6|Component_1674|Wool
1675_sf6|Component_1675|Marble
1676_sf6|Component_1676|Copper
1677_sf6|Component_1677|Iron
1678_sf6|Component_1678|Plastic
1679_sf6|Component_1679|Cotton
1680_sf6|Component_1680|Titânio
1681_sf6|Component_1681|Leather
1682_sf6|Component_1682|Steel
1683_sf6|Component_1683|Leather
1684_sf6|Component_1684|Iron
1685_sf6|Component_1685|Aluminum
1686_sf6|Component_1686|Silk
1687_sf6|Component_1687|Bronze
1688_sf6|Component_1688|Concrete
1689_sf6|Component_1689|Iron
1690_sf6|Component_1690|Aluminum
1691_sf6|Component_1691|Concrete
1692_sf6|Component_1692|Wooden
1693_sf6|Component_1693|Bronze
1694_sf6|Component_1694|Bronze
1695_sf6|Component_1695|Titânio
1696_sf6|Component_1696|Iron
1697_sf6|Component_1697|Silk
1698_sf6|Component_1698|Copper
1699_sf6|Component_1699|Bronze
1700_sf6|Component_1700|Paper
1701_sf6|Component_1701|Rubber
1702_sf6|Component_1702|Rubber
1703_sf6|Component_1703|Copper
1704_sf6|Component_1704|Plastic
1705_sf6|Component_1705|Paper
1706_sf6|Component_1706|Aluminum
1707_sf6|Component_1707|Marble
1708_sf6|Component_1708|Copper
1709_sf6|Component_1709|Leather
1710_sf6|Component_1710|Titânio
1711_sf6|Component_1711|Leather
1712_sf6|Component_1712|Cotton
1713_sf6|Component_1713|Linen
1714_sf6|Component_1714|Silk
1715_sf6|Component_1715|Linen
1716_sf6|Component_1716|Bronze
1717_sf6|Component_1717|Bronze
1718_sf6|Component_1718|Steel
1719_sf6|Component_1719|Aluminum
1720_sf6|Component_1720|Granite
1721_sf6|Component_1721|Wooden
1722_sf6|Component_1722|Concrete
1723_sf6|Component_1723|Marble
1724_sf6|Component_1724|Copper
1725_sf6|Component_1725|Titânio
1726_sf6|Component_1726|Copper
1727_sf6|Component_1727|Plastic
1728_sf6|Component_1728|Aluminum
1729_sf6|Component_1729|Wool
1730_sf6|Component_1730|Copper
1731_sf6|Component_1731|Bronze
1732_sf6|Component_1732|Copper
1733_sf6|Component_1733|Silk
1734_sf6|Component_1734|Granite
1735_sf6|Component_1735|Plastic
1736_sf6|Component_1736|Aluminum
1737_sf6|Component_1737|Silk
1738_sf6|Component_1738|Wool
1739_sf6|Component_1739|Steel
1740_sf6|Component_1740|Titânio
1741_sf6|Component_1741|Rubber
1742_sf6|Component_1742|Paper
1743_sf6|Component_1743|Paper
1744_sf6|Component_1744|Wooden
1745_sf6|Component_1745|Iron
1746_sf6|Component_1746|Leather
1747_sf6|Component_1747|Copper
1748_sf6|Component_1748|Cotton
1749_sf6|Component_1749|Plastic
1750_sf6|Component_1750|Aluminum
1751_sf6|Component_1751|Concrete
1752_sf6|Component_1752|Linen
1753_sf6|Component_1753|Aluminum
1754_sf6|Component_1754|Rubber
1755_sf6|Component_1755|Titânio
1756_sf6|Component_1756|Copper
1757_sf6|Component_1757|Bronze
1758_sf6|Component_1758|Wool
1759_sf6|Component_1759|Bronze
1760_sf6|Component_1760|Bronze
1761_sf6|Component_1761|Silk
1762_sf6|Component_1762|Linen
1763_sf6|Component_1763|Wool
1764_sf6|Component_1764|Cotton
1765_sf6|Component_1765|Cotton
1766_sf6|Component_1766|Steel
1767_sf6|Component_1767|Granite
1768_sf6|Component_1768|Linen
1769_sf6|Component_1769|Steel
1770_sf6|Component_1770|Titânio
1771_sf6|Component_1771|Steel
1772_sf6|Component_1772|Plastic
1773_sf6|Component_1773|Copper
1774_sf6|Component_1774|Plastic
1775_sf6|Component_1775|Steel
1776_sf6|Component_1776|Wool
1777_sf6|Component_1777|Aluminum
1778_sf6|Component_1778|Marble
1779_sf6|Component_1779|Leather
1780_sf6|Component_1780|Rubber
1781_sf6|Component_1781|Silk
1782_sf6|Component_1782|Rubber
1783_sf6|Component_1783|Silk
1784_sf6|Component_1784|Paper
1785_sf6|Component_1785|Titânio
1786_sf6|Component_1786|Iron
1787_sf6|Component_1787|Linen
1788_sf6|Component_1788|Aluminum
1789_sf6|Component_1789|Linen
1790_sf6|Component_1790|Steel
1791_sf6|Component_1791|Bronze
1792_sf6|Component_1792|Bronze
1793_sf6|Component_1793|Copper
1794_sf6|Component_1794|Cotton
1795_sf6|Component_1795|Plastic
1796_sf6|Component_1796|Iron
1797_sf6|Component_1797|Steel
1798_sf6|Component_1798|Granite
1799_sf6|Component_1799|Rubber
1800_sf6|Component_1800|Titânio
1801_sf6|Component_1801|Cotton
1802_sf6|Component_1802|Aluminum
1803_sf6|Component_1803|Leather
1804_sf6|Component_1804|Leather
1805_sf6|Component_1805|Copper
1806_sf6|Component_1806|Bronze
1807_sf6|Component_1807|Silk
1808_sf6|Component_1808|Bronze
1809_sf6|Component_1809|Rubber
1810_sf6|Component_1810|Paper
1811_sf6|Component_1811|Granite
1812_sf6|Component_1812|Marble
1813_sf6|Component_1813|Steel
1814_sf6|Component_1814|Concrete
1815_sf6|Component_1815|Titânio
1816_sf6|Component_1816|Leather
1817_sf6|Component_1817|Paper
1818_sf6|Component_1818|Cotton
1819_sf6|Component_1819|Linen
1820_sf6|Component_1820|Marble
1821_sf6|Component_1821|Rubber
1822_sf6|Component_1822|Paper
1823_sf6|Component_1823|Plastic
1824_sf6|Component_1824|Bronze
1825_sf6|Component_1825|Plastic
1826_sf6|Component_1826|Steel
1827_sf6|Component_1827|Steel
1828_sf6|Component_1828|Aluminum
1829_sf6|Component_1829|Wooden
1830_sf6|Component_1830|Titânio
1831_sf6|Component_1831|Aluminum
1832_sf6|Component_1832|Silk
1833_sf6|Component_1833|Aluminum
1834_sf6|Component_1834|Granite
1835_sf6|Component_1835|Copper
1836_sf6|Component_1836|Silk
1837_sf6|Component_1837|Granite
1838_sf6|Component_1838|Concrete
1839_sf6|Component_1839|Steel
1840_sf6|Component_1840|Granite
1841_sf6|Component_1841|Wool
1842_sf6|Component_1842|Wooden
1843_sf6|Component_1843|Granite
1844_sf6|Component_1844|Bronze
1845_sf6|Component_1845|Titânio
1846_sf6|Component_1846|Plastic
1847_sf6|Component_1847|Steel
1848_sf6|Component_1848|Paper
1849_sf6|Component_1849|Silk
1850_sf6|Component_1850|Copper
1851_sf6|Component_1851|Marble
1852_sf6|Component_1852|Leather
1853_sf6|Component_1853|Paper
1854_sf6|Component_1854|Granite
1855_sf6|Component_1855|Granite
1856_sf6|Component_1856|Concrete
1857_sf6|Component_1857|Cotton
1858_sf6|Component_1858|Wooden
1859_sf6|Component_1859|Wool
1860_sf6|Component_1860|Titânio
1861_sf6|Component_1861|Linen
1862_sf6|Component_1862|Copper
1863_sf6|Component_1863|Granite
1864_sf6|Component_1864|Granite
1865_sf6|Component_1865|Steel
1866_sf6|Component_1866|Wool
1867_sf6|Component_1867|Aluminum
1868_sf6|Component_1868|Concrete
1869_sf6|Component_1869|Plastic
1870_sf6|Component_1870|Iron
1871_sf6|Component_1871|Linen
1872_sf6|Component_1872|Steel
1873_sf6|Component_1873|Silk
1874_sf6|Component_1874|Leather
1875_sf6|Component_1875|Titânio
1876_sf6|Component_1876|Linen
1877_sf6|Component_1877|Wooden
1878_sf6|Component_1878|Marble
1879_sf6|Component_1879|Paper
1880_sf6|Component_1880|Iron
1881_sf6|Component_1881|Paper
1882_sf6|Component_1882|Concrete
1883_sf6|Component_1883|Linen
1884_sf6|Component_1884|Steel
1885_sf6|Component_1885|Marble
1886_sf6|Component_1886|Granite
1887_sf6|Component_1887|Linen
1888_sf6|Component_1888|Leather
1889_sf6|Component_1889|Copper
1890_sf6|Component_1890|Titânio
1891_sf6|Component_1891|Linen
1892_sf6|Component_1892|Steel
1893_sf6|Component_1893|Granite
1894_sf6|Component_1894|Wool
1895_sf6|Component_1895|Marble
1896_sf6|Component_1896|Steel
1897_sf6|Component_1897|Granite
1898_sf6|Component_1898|Linen
1899_sf6|Component_1899|Granite
1900_sf6|Component_1900|Leather
1901_sf6|Component_1901|Linen
1902_sf6|Component_1902|Cotton
1903_sf6|Component_1903|Steel
1904_sf6|Component_1904|Aluminum
1905_sf6|Component_1905|Titânio
1906_sf6|Component_1906|Linen
1907_sf6|Component_1907|Copper
1908_sf6|Component_1908|Wooden
1909_sf6|Component_1909|Linen
1910_sf6|Component_1910|Plastic
1911_sf6|Component_1911|Bronze
1912_sf6|Component_1912|Silk
1913_sf6|Component_1913|Plastic
1914_sf6|Component_1914|Linen
1915_sf6|Component_1915|Copper
1916_sf6|Component_1916|Wooden
1917_sf6|Component_1917|Marble
1918_sf6|Component_1918|Paper
1919_sf6|Component_1919|Aluminum
1920_sf6|Component_1920|Titânio
1921_sf6|Component_1921|Steel
1922_sf6|Component_1922|Wool
1923_sf6|Component_1923|Linen
1924_sf6|Component_1924|Aluminum
1925_sf6|Component_1925|Bronze
1926_sf6|Component_1926|Marble
1927_sf6|Component_1927|Steel
1928_sf6|Component_1928|Bronze
1929_sf6|Component_1929|Copper
1930_sf6|Component_1930|Wool
1931_sf6|Component_1931|Rubber
1932_sf6|Component_1932|Silk
1933_sf6|Component_1933|Aluminum
1934_sf6|Component_1934|Linen
1935_sf6|Component_1935|Titânio
1936_sf6|Component_1936|Granite
1937_sf6|Component_1937|Marble
1938_sf6|Component_1938|Wool
1939_sf6|Component_1939|Cotton
1940_sf6|Component_1940|Marble
1941_sf6|Component_1941|Granite
1942_sf6|Component_1942|Linen
1943_sf6|Component_1943|Iron
1944_sf6|Component_1944|Silk
1945_sf6|Component_1945|Iron
1946_sf6|Component_1946|Leather
1947_sf6|Component_1947|Plastic
1948_sf6|Component_1948|Paper
1949_sf6|Component_1949|Wool
1950_sf6|Component_1950|Titânio
1951_sf6|Component_1951|Leather
1952_sf6|Component_1952|Iron
1953_sf6|Component_1953|Cotton
1954_sf6|Component_1954|Wool
1955_sf6|Component_1955|Marble
1956_sf6|Component_1956|Steel
1957_sf6|Component_1957|Leather
1958_sf6|Component_1958|Silk
1959_sf6|Component_1959|Linen
1960_sf6|Component_1960|Cotton
1961_sf6|Component_1961|Cotton
1962_sf6|Component_1962|Cotton
1963_sf6|Component_1963|Concrete
1964_sf6|Component_1964|Paper
1965_sf6|Component_1965|Titânio
1966_sf6|Component_1966|Leather
1967_sf6|Component_1967|Rubber
1968_sf6|Component_1968|Cotton
1969_sf6|Component_1969|Cotton
1970_sf6|Component_1970|Leather
1971_sf6|Component_1971|Marble
1972_sf6|Component_1972|Leather
1973_sf6|Component_1973|Copper
1974_sf6|Component_1974|Granite
1975_sf6|Component_1975|Wooden
1976_sf6|Component_1976|Bronze
1977_sf6|Component_1977|Granite
1978_sf6|Component_1978|Leather
1979_sf6|Component_1979|Wool
1980_sf6|Component_1980|Titânio
1981_sf6|Component_1981|Steel
1982_sf6|Component_1982|Wool
1983_sf6|Component_1983|Bronze
1984_sf6|Component_1984|Linen
1985_sf6|Component_1985|Bronze
1986_sf6|Component_1986|Wooden
1987_sf6|Component_1987|Wooden
1988_sf6|Component_1988|Granite
1989_sf6|Component_1989|Granite
1990_sf6|Component_1990|Cotton
1991_sf6|Component_1991|Paper
1992_sf6|Component_1992|Cotton
1993_sf6|Component_1993|Granite
1994_sf6|Component_1994|Marble
1995_sf6|Component_1995|Titânio
1996_sf6|Component_1996|Leather
1997_sf6|Component_1997|Plastic
1998_sf6|Component_1998|Rubber
1999_sf6|Component_1999|Bronze
0_sf7|Component_0|Titânio
1_sf7|Component_1|Steel
2_sf7|Component_2|Plastic
3_sf7|Component_3|Steel
4_sf7|Component_4|Linen
5_sf7|Component_5|Wool
6_sf7|Component_6|Leather
7_sf7|Component_7|Steel
8_sf7|Component_8|Granite
9_sf7|Component_9|Rubber
10_sf7|Component_10|Marble
11_sf7|Component_11|Cotton
12_sf7|Component_12|Copper
13_sf7|Component_13|Copper
14_sf7|Component_14|Marble
15_sf7|Component_15|Titânio
16_sf7|Component_16|Silk
17_sf7|Component_17|Leather
18_sf7|Component_18|Bronze
19_sf7|Component_19|Silk
20_sf7|Component_20|Bronze
21_sf7|Component_21|Paper
22_sf7|Component_22|Cotton
23_sf7|Component_23|Concrete
24_sf7|Component_24|Linen
25_sf7|Component_25|Plastic
26_sf7|Component_26|Marble
27_sf7|Component_27|Granite
28_sf7|Component_28|Aluminum
29_sf7|Component_29|Wool
30_sf7|Component_30|Titânio
31_sf7|Component_31|Wooden
32_sf7|Component_32|Marble
33_sf7|Component_33|Plastic
34_sf7|Component_34|Concrete
35_sf7|Component_35|Leather
36_sf7|Component_36|Aluminum
37_sf7|Component_37|Paper
38_sf7|Component_38|Aluminum
39_sf7|Component_39|Steel
40_sf7|Component_40|Plastic
41_sf7|Component_41|Wool
42_sf7|Component_42|Aluminum
43_sf7|Component_43|Linen
44_sf7|Component_44|Rubber
45_sf7|Component_45|Titânio
46_sf7|Component_46|Paper
47_sf7|Component_47|Steel
48_sf7|Component_48|Wooden
49_sf7|Component_49|Paper
50_sf7|Component_50|Rubber
51_sf7|Component_51|Paper
52_sf7|Component_52|Bronze
53_sf7|Component_53|Linen
54_sf7|Component_54|Silk
55_sf7|Component_55|Linen
56_sf7|Component_56|Steel
57_sf7|Component_57|Plastic
58_sf7|Component_58|Linen
59_sf7|Component_59|Wool
60_sf7|Component_60|Titânio
61_sf7|Component_61|Concrete
62_sf7|Component_62|Iron
63_sf7|Component_63|Plastic
64_sf7|Component_64|Marble
65_sf7|Component_65|Iron
66_sf7|Component_66|Wooden
67_sf7|Component_67|Iron
68_sf7|Component_68|Aluminum
69_sf7|Component_69|Rubber
70_sf7|Component_70|Wooden
71_sf7|Component_71|Marble
72_sf7|Component_72|Copper
73_sf7|Component_73|Granite
74_sf7|Component_74|Cotton
75_sf7|Component_75|Titânio
76_sf7|Component_76|Plastic
77_sf7|Component_77|Rubber
78_sf7|Component_78|Concrete
79_sf7|Component_79|Linen
80_sf7|Component_80|Rubber
81_sf7|Component_81|Aluminum
82_sf7|Component_82|Aluminum
83_sf7|Component_83|Plastic
84_sf7|Component_84|Aluminum
85_sf7|Component_85|Marble
86_sf7|Component_86|Plastic
87_sf7|Component_87|Paper
88_sf7|Component_88|Wool
89_sf7|Component_89|Rubber
90_sf7|Component_90|Titânio
91_sf7|Component_91|Copper
92_sf7|Component_92|Silk
93_sf7|Component_93|Aluminum
94_sf7|Component_94|Leather
95_sf7|Component_95|Plastic
96_sf7|Component_96|Iron
97_sf7|Component_97|Plastic
98_sf7|Component_98|Plastic
99_sf7|Component_99|Copper
100_sf7|Component_100|Iron
101_sf7|Component_101|Granite
102_sf7|Component_102|Aluminum
103_sf7|Component_103|Linen
104_sf7|Component_104|Aluminum
105_sf7|Component_105|Titânio
106_sf7|Component_106|Rubber
107_sf7|Component_107|Wooden
108_sf7|Component_108|Rubber
109_sf7|Component_109|Marble
110_sf7|Component_110|Wool
111_sf7|Component_111|Silk
112_sf7|Component_112|Linen
113_sf7|Component_113|Leather
114_sf7|Component_114|Rubber
115_sf7|Component_115|Copper
116_sf7|Component_116|Linen
117_sf7|Component_117|Cotton
118_sf7|Component_118|Leather
119_sf7|Component_119|Concrete
120_sf7|Component_120|Titânio
121_sf7|Component_121|Silk
122_sf7|Component_122|Cotton
123_sf7|Component_123|Silk
124_sf7|Component_124|Wooden
125_sf7|Component_125|Iron
126_sf7|Component_126|Marble
127_sf7|Component_127|Rubber
128_sf7|Component_128|Iron
129_sf7|Component_129|Rubber
130_sf7|Component_130|Marble
131_sf7|Component_131|Copper
132_sf7|Component_132|Iron
133_sf7|Component_133|Concrete
134_sf7|Component_134|Iron
135_sf7|Component_135|Titânio
136_sf7|Component_136|Iron
137_sf7|Component_137|Bronze
138_sf7|Component_138|Marble
139_sf7|Component_139|Silk
140_sf7|Component_140|Leather
141_sf7|Component_141|Paper
142_sf7|Component_142|Marble
143_sf7|Component_143|Leather
144_sf7|Component_144|Cotton
145_sf7|Component_145|Rubber
146_sf7|Component_146|Granite
147_sf7|Component_147|Plastic
148_sf7|Component_148|Paper
149_sf7|Component_149|Marble
150_sf7|Component_150|Titânio
151_sf7|Component_151|Steel
152_sf7|Component_152|Marble
153_sf7|Component_153|Rubber
154_sf7|Component_154|Paper
155_sf7|Component_155|Cotton
156_sf7|Component_156|Copper
157_sf7|Component_157|Wool
158_sf7|Component_158|Bronze
159_sf7|Component_159|Marble
160_sf7|Component_160|Rubber
161_sf7|Component_161|Rubber
162_sf7|Component_162|Linen
163_sf7|Component_163|Paper
164_sf7|Component_164|Steel
165_sf7|Component_165|Titânio
166_sf7|Component_166|Paper
167_sf7|Component_167|Wool
168_sf7|Component_168|Leather
169_sf7|Component_169|Marble
170_sf7|Component_170|Wooden
171_sf7|Component_171|Silk
172_sf7|Component_172|Paper
173_sf7|Component_173|Bronze
174_sf7|Component_174|Copper
175_sf7|Component_175|Concrete
176_sf7|Component_176|Plastic
177_sf7|Component_177|Bronze
178_sf7|Component_178|Granite
179_sf7|Component_179|Steel
180_sf7|Component_180|Titânio
181_sf7|Component_181|Iron
182_sf7|Component_182|Steel
183_sf7|Component_183|Paper
184_sf7|Component_184|Paper
185_sf7|Component_185|Cotton
186_sf7|Component_186|Leather
187_sf7|Component_187|Paper
188_sf7|Component_188|Granite
189_sf7|Component_189|Aluminum
190_sf7|Component_190|Copper
191_sf7|Component_191|Rubber
192_sf7|Component_192|Cotton
193_sf7|Component_193|Leather
194_sf7|Component_194|Linen
195_sf7|Component_195|Titânio
196_sf7|Component_196|Steel
197_sf7|Component_197|Linen
198_sf7|Component_198|Iron
199_sf7|Component_199|Leather
200_sf7|Component_200|Leather
201_sf7|Component_201|Wooden
202_sf7|Component_202|Plastic
203_sf7|Component_203|Aluminum
204_sf7|Component_204|Linen
205_sf7|Component_205|Wool
206_sf7|Component_206|Wool
207_sf7|Component_207|Concrete
208_sf7|Component_208|Bronze
209_sf7|Component_209|Iron
210_sf7|Component_210|Titânio
211_sf7|Component_211|Wool
212_sf7|Component_212|Cotton
213_sf7|Component_213|Concrete
214_sf7|Component_214|Iron
215_sf7|Component_215|Iron
216_sf7|Component_216|Marble
217_sf7|Component_217|Steel
218_sf7|Component_218|Bronze
219_sf7|Component_219|Copper
220_sf7|Component_220|Linen
221_sf7|Component_221|Granite
222_sf7|Component_222|Cotton
223_sf7|Component_223|Rubber
224_sf7|Component_224|Marble
225_sf7|Component_225|Titânio
226_sf7|Component_226|Wool
227_sf7|Component_227|Iron
228_sf7|Component_228|Wool
229_sf7|Component_229|Cotton
230_sf7|Component_230|Silk
231_sf7|Component_231|Silk
232_sf7|Component_232|Cotton
233_sf7|Component_233|Wool
234_sf7|Component_234|Iron
235_sf7|Component_235|Aluminum
236_sf7|Component_236|Concrete
237_sf7|Component_237|Steel
238_sf7|Component_238|Steel
239_sf7|Component_239|Silk
240_sf7|Component_240|Titânio
241_sf7|Component_241|Rubber
242_sf7|Component_242|Iron
243_sf7|Component_243|Wool
244_sf7|Component_244|Wooden
245_sf7|Component_245|Plastic
246_sf7|Component_246|Wool
247_sf7|Component_247|Paper
248_sf7|Component_248|Iron
249_sf7|Component_249|Paper
250_sf7|Component_250|Plastic
251_sf7|Component_251|Wool
252_sf7|Component_252|Granite
253_sf7|Component_253|Leather
254_sf7|Component_254|Leather
255_sf7|Component_255|Titânio
256_sf7|Component_256|Copper
257_sf7|Component_257|Steel
258_sf7|Component_258|Plastic
259_sf7|Component_259|Steel
260_sf7|Component_260|Linen
261_sf7|Component_261|Silk
262_sf7|Component_262|Linen
263_sf7|Component_263|Paper
264_sf7|Component_264|Silk
265_sf7|Component_265|Rubber
266_sf7|Component_266|Iron
267_sf7|Component_267|Steel
268_sf7|Component_268|Iron
269_sf7|Component_269|Paper
270_sf7|Component_270|Titânio
271_sf7|Component_271|Marble
272_sf7|Component_272|Paper
273_sf7|Component_273|Concrete
274_sf7|Component_274|Silk
275_sf7|Component_275|Wooden
276_sf7|Component_276|Wool
277_sf7|Component_277|Wooden
278_sf7|Component_278|Bronze
279_sf7|Component_279|Iron
280_sf7|Component_280|Iron
281_sf7|Component_281|Bronze
282_sf7|Component_282|Bronze
283_sf7|Component_283|Paper
284_sf7|Component_284|Paper
285_sf7|Component_285|Titânio
286_sf7|Component_286|Leather
287_sf7|Component_287|Wooden
288_sf7|Component_288|Linen
289_sf7|Component_289|Wool
290_sf7|Component_290|Steel
291_sf7|Component_291|Cotton
292_sf7|Component_292|Granite
293_sf7|Component_293|Plastic
294_sf7|Component_294|Steel
295_sf7|Component_295|Bronze
296_sf7|Component_296|Steel
297_sf7|Component_297|Wool
298_sf7|Component_298|Rubber
299_sf7|Component_299|Wooden
300_sf7|Component_300|Titânio
301_sf7|Component_301|Wooden
302_sf7|Component_302|Granite
303_sf7|Component_303|Wooden
304_sf7|Component_304|Copper
305_sf7|Component_305|Silk
306_sf7|Component_306|Concrete
307_sf7|Component_307|Wooden
308_sf7|Component_308|Granite
309_sf7|Component_309|Leather
310_sf7|Component_310|Silk
311_sf7|Component_311|Steel
312_sf7|Component_312|Marble
313_sf7|Component_313|Iron
314_sf7|Component_314|Rubber
315_sf7|Component_315|Titânio
316_sf7|Component_316|Silk
317_sf7|Component_317|Linen
318_sf7|Component_318|Cotton
319_sf7|Component_319|Rubber
320_sf7|Component_320|Plastic
321_sf7|Component_321|Concrete
322_sf7|Component_322|Aluminum
323_sf7|Component_323|Paper
324_sf7|Component_324|Silk
325_sf7|Component_325|Wool
326_sf7|Component_326|Granite
327_sf7|Component_327|Linen
328_sf7|Component_328|Granite
329_sf7|Component_329|Plastic
330_sf7|Component_330|Titânio
331_sf7|Component_331|Bronze
332_sf7|Component_332|Aluminum
333_sf7|Component_333|Bronze
334_sf7|Component_334|Iron
335_sf7|Component_335|Iron
336_sf7|Component_336|Steel
337_sf7|Component_337|Copper
338_sf7|Component_338|Copper
339_sf7|Component_339|Concrete
340_sf7|Component_340|Granite
341_sf7|Component_341|Paper
342_sf7|Component_342|Granite
343_sf7|Component_343|Aluminum
344_sf7|Component_344|Wooden
345_sf7|Component_345|Titânio
346_sf7|Component_346|Cotton
347_sf7|Component_347|Aluminum
348_sf7|Component_348|Concrete
349_sf7|Component_349|Cotton
350_sf7|Component_350|Concrete
351_sf7|Component_351|Granite
352_sf7|Component_352|Paper
353_sf7|Component_353|Bronze
354_sf7|Component_354|Leather
355_sf7|Component_355|Plastic
356_sf7|Component_356|Granite
357_sf7|Component_357|Marble
358_sf7|Component_358|Aluminum
359_sf7|Component_359|Steel
360_sf7|Component_360|Titânio
361_sf7|Component_361|Iron
362_sf7|Component_362|Granite
363_sf7|Component_363|Iron
364_sf7|Component_364|Steel
365_sf7|Component_365|Cotton
366_sf7|Component_366|Cotton
367_sf7|Component_367|Rubber
368_sf7|Component_368|Silk
369_sf7|Component_369|Concrete
370_sf7|Component_370|Linen
371_sf7|Component_371|Granite
372_sf7|Component_372|Rubber
373_sf7|Component_373|Paper
374_sf7|Component_374|Steel
375_sf7|Component_375|Titânio
376_sf7|Component_376|Silk
377_sf7|Component_377|Rubber
378_sf7|Component_378|Wooden
379_sf7|Component_379|Granite
380_sf7|Component_380|Cotton
381_sf7|Component_381|Aluminum
382_sf7|Component_382|Silk
383_sf7|Component_383|Silk
384_sf7|Component_384|Aluminum
385_sf7|Component_385|Cotton
386_sf7|Component_386|Rubber
387_sf7|Component_387|Marble
388_sf7|Component_388|Granite
389_sf7|Component_389|Concrete
390_sf7|Component_390|Titânio
391_sf7|Component_391|Paper
392_sf7|Component_392|Rubber
393_sf7|Component_393|Granite
394_sf7|Component_394|Rubber
395_sf7|Component_395|Iron
396_sf7|Component_396|Steel
397_sf7|Component_397|Iron
398_sf7|Component_398|Aluminum
399_sf7|Component_399|Bronze
400_sf7|Component_400|Linen
401_sf7|Component_401|Bronze
402_sf7|Component_402|Granite
403_sf7|Component_403|Wooden
404_sf7|Component_404|Steel
405_sf7|Component_405|Titânio
406_sf7|Component_406|Cotton
407_sf7|Component_407|Cotton
408_sf7|Component_408|Plastic
409_sf7|Component_409|Rubber
410_sf7|Component_410|Granite
411_sf7|Component_411|Rubber
412_sf7|Component_412|Aluminum
413_sf7|Component_413|Silk
414_sf7|Component_414|Copper
415_sf7|Component_415|Granite
416_sf7|Component_416|Aluminum
417_sf7|Component_417|Linen
418_sf7|Component_418|Concrete
419_sf7|Component_419|Linen
420_sf7|Component_420|Titânio
421_sf7|Component_421|Concrete
422_sf7|Component_422|Cotton
423_sf7|Component_423|Wool
424_sf7|Component_424|Silk
425_sf7|Component_425|Paper
426_sf7|Component_426|Concrete
427_sf7|Component_427|Wool
428_sf7|Component_428|Aluminum
429_sf7|Component_429|Rubber
430_sf7|Component_430|Copper
431_sf7|Component_431|Wooden
432_sf7|Component_432|Aluminum
433_sf7|Component_433|Cotton
434_sf7|Component_434|Silk
435_sf7|Component_435|Titânio
436_sf7|Component_436|Plastic
437_sf7|Component_437|Granite
438_sf7|Component_438|Wooden
439_sf7|Component_439|Iron
440_sf7|Component_440|Plastic
441_sf7|Component_441|Plastic
442_sf7|Component_442|Marble
443_sf7|Component_443|Granite
444_sf7|Component_444|Wool
445_sf7|Component_445|Wooden
446_sf7|Component_446|Leather
447_sf7|Component_447|Copper
448_sf7|Component_448|Marble
449_sf7|Component_449|Marble
450_sf7|Component_450|Titânio
451_sf7|Component_451|Cotton
452_sf7|Component_452|Linen
453_sf7|Component_453|Copper
454_sf7|Component_454|Iron
455_sf7|Component_455|Granite
456_sf7|Component_456|Plastic
457_sf7|Component_457|Linen
458_sf7|Component_458|Wool
459_sf7|Component_459|Iron
460_sf7|Component_460|Rubber
461_sf7|Component_461|Wool
462_sf7|Component_462|Wooden
463_sf7|Component_463|Cotton
464_sf7|Component_464|Leather
465_sf7|Component_465|Titânio
466_sf7|Component_466|Iron
467_sf7|Component_467|Linen
468_sf7|Component_468|Copper
469_sf7|Component_469|Iron
470_sf7|Component_470|Copper
471_sf7|Component_471|Leather
472_sf7|Component_472|Linen
473_sf7|Component_473|Leather
474_sf7|Component_474|Wooden
475_sf7|Component_475|Aluminum
476_sf7|Component_476|Leather
477_sf7|Component_477|Marble
478_sf7|Component_478|Granite
479_sf7|Component_479|Paper
480_sf7|Component_480|Titânio
481_sf7|Component_481|Paper
482_sf7|Component_482|Marble
483_sf7|Component_483|Concrete
484_sf7|Component_484|Copper
485_sf7|Component_485|Wool
486_sf7|Component_486|Aluminum
487_sf7|Component_487|Leather
488_sf7|Component_488|Concrete
489_sf7|Component_489|Steel
490_sf7|Component_490|Leather
491_sf7|Component_491|Cotton
492_sf7|Component_492|Linen
493_sf7|Component_493|Copper
494_sf7|Component_494|Granite
495_sf7|Component_495|Titânio
496_sf7|Component_496|Rubber
497_sf7|Component_497|Rubber
498_sf7|Component_498|Aluminum
499_sf7|Component_499|Iron
500_sf7|Component_500|Wooden
501_sf7|Component_501|Steel
502_sf7|Component_502|Wooden
503_sf7|Component_503|Copper
504_sf7|Component_504|Iron
505_sf7|Component_505|Plastic
506_sf7|Component_506|Silk
507_sf7|Component_507|Granite
508_sf7|Component_508|Iron
509_sf7|Component_509|Wool
510_sf7|Component_510|Titânio
511_sf7|Component_511|Granite
512_sf7|Component_512|Plastic
513_sf7|Component_513|Aluminum
514_sf7|Component_514|Leather
515_sf7|Component_515|Steel
516_sf7|Component_516|Bronze
517_sf7|Component_517|Iron
518_sf7|Component_518|Linen
519_sf7|Component_519|Granite
520_sf7|Component_520|Steel
521_sf7|Component_521|Plastic
522_sf7|Component_522|Paper
523_sf7|Component_523|Concrete
524_sf7|Component_524|Iron
525_sf7|Component_525|Titânio
526_sf7|Component_526|Leather
527_sf7|Component_527|Aluminum
528_sf7|Component_528|Aluminum
529_sf7|Component_529|Copper
530_sf7|Component_530|Rubber
531_sf7|Component_531|Leather
532_sf7|Component_532|Concrete
533_sf7|Component_533|Aluminum
534_sf7|Component_534|Silk
535_sf7|Component_535|Copper
536_sf7|Component_536|Wooden
537_sf7|Component_537|Granite
538_sf7|Component_538|Linen
539_sf7|Component_539|Plastic
540_sf7|Component_540|Titânio
541_sf7|Component_541|Silk
542_sf7|Component_542|Silk
543_sf7|Component_543|Marble
544_sf7|Component_544|Marble
545_sf7|Component_545|Silk
546_sf7|Component_546|Marble
547_sf7|Component_547|Plastic
548_sf7|Component_548|Iron
549_sf7|Component_549|Iron
550_sf7|Component_550|Bronze
551_sf7|Component_551|Granite
552_sf7|Component_552|Steel
553_sf7|Component_553|Rubber
554_sf7|Component_554|Copper
555_sf7|Component_555|Titânio
556_sf7|Component_556|Concrete
557_sf7|Component_557|Concrete
558_sf7|Component_558|Aluminum
559_sf7|Component_559|Leather
560_sf7|Component_560|Wool
561_sf7|Component_561|Wool
562_sf7|Component_562|Paper
563_sf7|Component_563|Cotton
564_sf7|Component_564|Steel
565_sf7|Component_565|Wool
566_sf7|Component_566|Concrete
567_sf7|Component_567|Concrete
568_sf7|Component_568|Bronze
569_sf7|Component_569|Steel
570_sf7|Component_570|Titânio
571_sf7|Component_571|Copper
572_sf7|Component_572|Copper
573_sf7|Component_573|Bronze
574_sf7|Component_574|Silk
575_sf7|Component_575|Cotton
576_sf7|Component_576|Aluminum
577_sf7|Component_577|Aluminum
578_sf7|Component_578|Cotton
579_sf7|Component_579|Paper
580_sf7|Component_580|Wool
581_sf7|Component_581|Wooden
582_sf7|Component_582|Marble
583_sf7|Component_583|Paper
584_sf7|Component_584|Marble
585_sf7|Component_585|Titânio
586_sf7|Component_586|Granite
587_sf7|Component_587|Plastic
588_sf7|Component_588|Concrete
589_sf7|Component_589|Wooden
590_sf7|Component_590|Copper
591_sf7|Component_591|Steel
592_sf7|Component_592|Silk
593_sf7|Component_593|Cotton
594_sf7|Component_594|Wool
595_sf7|Component_595|Silk
596_sf7|Component_596|Aluminum
597_sf7|Component_597|Linen
598_sf7|Component_598|Concrete
599_sf7|Component_599|Bronze
600_sf7|Component_600|Titânio
601_sf7|Component_601|Rubber
602_sf7|Component_602|Linen
603_sf7|Component_603|Silk
604_sf7|Component_604|Linen
605_sf7|Component_605|Silk
606_sf7|Component_606|Paper
607_sf7|Component_607|Plastic
608_sf7|Component_608|Plastic
609_sf7|Component_609|Plastic
610_sf7|Component_610|Iron
611_sf7|Component_611|Silk
612_sf7|Component_612|Steel
613_sf7|Component_613|Marble
614_sf7|Component_614|Steel
615_sf7|Component_615|Titânio
616_sf7|Component_616|Concrete
617_sf7|Component_617|Concrete
618_sf7|Component_618|Silk
619_sf7|Component_619|Rubber
620_sf7|Component_620|Rubber
621_sf7|Component_621|Bronze
622_sf7|Component_622|Iron
623_sf7|Component_623|Cotton
624_sf7|Component_624|Iron
625_sf7|Component_625|Wool
626_sf7|Component_626|Plastic
627_sf7|Component_627|Leather
628_sf7|Component_628|Bronze
629_sf7|Component_629|Plastic
630_sf7|Component_630|Titânio
631_sf7|Component_631|Aluminum
632_sf7|Component_632|Rubber
633_sf7|Component_633|Paper
634_sf7|Component_634|Silk
635_sf7|Component_635|Cotton
636_sf7|Component_636|Rubber
637_sf7|Component_637|Concrete
638_sf7|Component_638|Marble
639_sf7|Component_639|Linen
640_sf7|Component_640|Iron
641_sf7|Component_641|Bronze
642_sf7|Component_642|Aluminum
643_sf7|Component_643|Marble
644_sf7|Component_644|Plastic
645_sf7|Component_645|Titânio
646_sf7|Component_646|Marble
647_sf7|Component_647|Iron
648_sf7|Component_648|Silk
649_sf7|Component_649|Plastic
650_sf7|Component_650|Granite
651_sf7|Component_651|Concrete
652_sf7|Component_652|Copper
653_sf7|Component_653|Steel
654_sf7|Component_654|Rubber
655_sf7|Component_655|Bronze
656_sf7|Component_656|Plastic
657_sf7|Component_657|Leather
658_sf7|Component_658|Aluminum
659_sf7|Component_659|Copper
660_sf7|Component_660|Titânio
661_sf7|Component_661|Bronze
662_sf7|Component_662|Silk
663_sf7|Component_663|Silk
664_sf7|Component_664|Wool
665_sf7|Component_665|Silk
666_sf7|Component_666|Cotton
667_sf7|Component_667|Marble
668_sf7|Component_668|Cotton
669_sf7|Component_669|Iron
670_sf7|Component_670|Iron
671_sf7|Component_671|Granite
672_sf7|Component_672|Steel
673_sf7|Component_673|Granite
674_sf7|Component_674|Iron
675_sf7|Component_675|Titânio
676_sf7|Component_676|Rubber
677_sf7|Component_677|Aluminum
678_sf7|Component_678|Cotton
679_sf7|Component_679|Wool
680_sf7|Component_680|Copper
681_sf7|Component_681|Marble
682_sf7|Component_682|Plastic
683_sf7|Component_683|Plastic
684_sf7|Component_684|Bronze
685_sf7|Component_685|Wooden
686_sf7|Component_686|Rubber
687_sf7|Component_687|Copper
688_sf7|Component_688|Steel
689_sf7|Component_689|Steel
690_sf7|Component_690|Titânio
691_sf7|Component_691|Silk
692_sf7|Component_692|Copper
693_sf7|Component_693|Plastic
694_sf7|Component_694|Copper
695_sf7|Component_695|Silk
696_sf7|Component_696|Aluminum
697_sf7|Component_697|Concrete
698_sf7|Component_698|Rubber
699_sf7|Component_699|Concrete
700_sf7|Component_700|Linen
701_sf7|Component_701|Granite
702_sf7|Component_702|Leather
703_sf7|Component_703|Silk
704_sf7|Component_704|Wooden
705_sf7|Component_705|Titânio
706_sf7|Component_706|Wooden
707_sf7|Component_707|Rubber
708_sf7|Component_708|Silk
709_sf7|Component_709|Iron
710_sf7|Component_710|Copper
711_sf7|Component_711|Marble
712_sf7|Component_712|Rubber
713_sf7|Component_713|Aluminum
714_sf7|Component_714|Bronze
715_sf7|Component_715|Plastic
716_sf7|Component_716|Aluminum
717_sf7|Component_717|Cotton
718_sf7|Component_718|Linen
719_sf7|Component_719|Concrete
720_sf7|Component_720|Titânio
721_sf7|Component_721|Granite
722_sf7|Component_722|Granite
723_sf7|Component_723|Wooden
724_sf7|Component_724|Wooden
725_sf7|Component_725|Linen
726_sf7|Component_726|Wool
727_sf7|Component_727|Aluminum
728_sf7|Component_728|Silk
729_sf7|Component_729|Iron
730_sf7|Component_730|Marble
731_sf7|Component_731|Rubber
732_sf7|Component_732|Leather
733_sf7|Component_733|Steel
734_sf7|Component_734|Paper
735_sf7|Component_735|Titânio
736_sf7|Component_736|Plastic
737_sf7|Component_737|Steel
738_sf7|Component_738|Granite
739_sf7|Component_739|Granite
740_sf7|Component_740|Iron
741_sf7|Component_741|Leather
742_sf7|Component_742|Cotton
743_sf7|Component_743|Bronze
744_sf7|Component_744|Bronze
745_sf7|Component_745|Granite
746_sf7|Component_746|Paper
747_sf7|Component_747|Marble
748_sf7|Component_748|Iron
749_sf7|Component_749|Iron
750_sf7|Component_750|Titânio
751_sf7|Component_751|Aluminum
752_sf7|Component_752|Wooden
753_sf7|Component_753|Wool
754_sf7|Component_754|Granite
755_sf7|Component_755|Bronze
756_sf7|Component_756|Silk
757_sf7|Component_757|Plastic
758_sf7|Component_758|Wooden
759_sf7|Component_759|Plastic
760_sf7|Component_760|Copper
761_sf7|Component_761|Linen
762_sf7|Component_762|Paper
763_sf7|Component_763|Marble
764_sf7|Component_764|Leather
765_sf7|Component_765|Titânio
766_sf7|Component_766|Cotton
767_sf7|Component_767|Paper
768_sf7|Component_768|Concrete
769_sf7|Component_769|Linen
770_sf7|Component_770|Iron
771_sf7|Component_771|Marble
772_sf7|Component_772|Marble
773_sf7|Component_773|Iron
774_sf7|Component_774|Rubber
775_sf7|Component_775|Leather
776_sf7|Component_776|Linen
777_sf7|Component_777|Copper
778_sf7|Component_778|Wool
779_sf7|Component_779|Aluminum
780_sf7|Component_780|Titânio
781_sf7|Component_781|Wooden
782_sf7|Component_782|Copper
783_sf7|Component_783|Marble
784_sf7|Component_784|Plastic
785_sf7|Component_785|Steel
786_sf7|Component_786|Wooden
787_sf7|Component_787|Concrete
788_sf7|Component_788|Plastic
789_sf7|Component_789|Concrete
790_sf7|Component_790|Wool
791_sf7|Component_791|Rubber
792_sf7|Component_792|Linen
793_sf7|Component_793|Linen
794_sf7|Component_794|Iron
795_sf7|Component_795|Titânio
796_sf7|Component_796|Cotton
797_sf7|Component_797|Aluminum
798_sf7|Component_798|Wooden
799_sf7|Component_799|Rubber
800_sf7|Component_800|Marble
801_sf7|Component_801|Cotton
802_sf7|Component_802|Wool
803_sf7|Component_803|Copper
804_sf7|Component_804|Silk
805_sf7|Component_805|Copper
806_sf7|Component_806|Steel
807_sf7|Component_807|Aluminum
808_sf7|Component_808|Silk
809_sf7|Component_809|Leather
810_sf7|Component_810|Titânio
811_sf7|Component_811|Granite
812_sf7|Component_812|Marble
813_sf7|Component_813|Wooden
814_sf7|Component_814|Marble
815_sf7|Component_815|Marble
816_sf7|Component_816|Silk
817_sf7|Component_817|Steel
818_sf7|Component_818|Wool
819_sf7|Component_819|Granite
820_sf7|Component_820|Wool
821_sf7|Component_821|Paper
822_sf7|Component_822|Bronze
823_sf7|Component_823|Concrete
824_sf7|Component_824|Copper
825_sf7|Component_825|Titânio
826_sf7|Component_826|Leather
827_sf7|Component_827|Copper
828_sf7|Component_828|Cotton
829_sf7|Component_829|Marble
830_sf7|Component_830|Plastic
831_sf7|Component_831|Granite
832_sf7|Component_832|Wool
833_sf7|Component_833|Cotton
834_sf7|Component_834|Linen
835_sf7|Component_835|Steel
836_sf7|Component_836|Cotton
837_sf7|Component_837|Concrete
838_sf7|Component_838|Paper
839_sf7|Component_839|Marble
840_sf7|Component_840|Titânio
841_sf7|Component_841|Cotton
842_sf7|Component_842|Rubber
843_sf7|Component_843|Wooden
844_sf7|Component_844|Wooden
845_sf7|Component_845|Iron
846_sf7|Component_846|Steel
847_sf7|Component_847|Rubber
848_sf7|Component_848|Cotton
849_sf7|Component_849|Wool
850_sf7|Component_850|Wooden
851_sf7|Component_851|Wool
852_sf7|Component_852|Plastic
853_sf7|Component_853|Marble
854_sf7|Component_854|Aluminum
855_sf7|Component_855|Titânio
856_sf7|Component_856|Concrete
857_sf7|Component_857|Cotton
858_sf7|Component_858|Copper
859_sf7|Component_859|Rubber
860_sf7|Component_860|Iron
861_sf7|Component_861|Bronze
862_sf7|Component_862|Granite
863_sf7|Component_863|Granite
864_sf7|Component_864|Wool
865_sf7|Component_865|Iron
866_sf7|Component_866|Granite
867_sf7|Component_867|Leather
868_sf7|Component_868|Bronze
869_sf7|Component_869|Plastic
870_sf7|Component_870|Titânio
871_sf7|Component_871|Wool
872_sf7|Component_872|Plastic
873_sf7|Component_873|Concrete
874_sf7|Component_874|Linen
875_sf7|Component_875|Leather
876_sf7|Component_876|Cotton
877_sf7|Component_877|Wooden
878_sf7|Component_878|Bronze
879_sf7|Component_879|Granite
880_sf7|Component_880|Concrete
881_sf7|Component_881|Leather
882_sf7|Component_882|Linen
883_sf7|Component_883|Aluminum
884_sf7|Component_884|Leather
885_sf7|Component_885|Titânio
886_sf7|Component_886|Aluminum
887_sf7|Component_887|Leather
888_sf7|Component_888|Cotton
889_sf7|Component_889|Granite
890_sf7|Component_890|Wool
891_sf7|Component_891|Wooden
892_sf7|Component_892|Rubber
893_sf7|Component_893|Iron
894_sf7|Component_894|Concrete
895_sf7|Component_895|Wooden
896_sf7|Component_896|Wooden
897_sf7|Component_897|Aluminum
898_sf7|Component_898|Bronze
899_sf7|Component_899|Cotton
900_sf7|Component_900|Titânio
901_sf7|Component_901|Rubber
902_sf7|Component_902|Linen
903_sf7|Component_903|Concrete
904_sf7|Component_904|Wool
905_sf7|Component_905|Rubber
906_sf7|Component_906|Bronze
907_sf7|Component_907|Aluminum
908_sf7|Component_908|Cotton
909_sf7|Component_909|Concrete
910_sf7|Component_910|Marble
911_sf7|Component_911|Iron
912_sf7|Component_912|Copper
913_sf7|Component_913|Marble
914_sf7|Component_914|Iron
915_sf7|Component_915|Titânio
916_sf7|Component_916|Wool
917_sf7|Component_917|Copper
918_sf7|Component_918|Marble
919_sf7|Component_919|Granite
920_sf7|Component_920|Bronze
921_sf7|Component_921|Wooden
922_sf7|Component_922|Cotton
923_sf7|Component_923|Linen
924_sf7|Component_924|Wool
925_sf7|Component_925|Iron
926_sf7|Component_926|Granite
927_sf7|Component_927|Plastic
928_sf7|Component_928|Rubber
929_sf7|Component_929|Concrete
930_sf7|Component_930|Titânio
931_sf7|Component_931|Wooden
932_sf7|Component_932|Bronze
933_sf7|Component_933|Steel
934_sf7|Component_934|Aluminum
935_sf7|Component_935|Aluminum
936_sf7|Component_936|Plastic
937_sf7|Component_937|Bronze
938_sf7|Component_938|Bronze
939_sf7|Component_939|Wool
940_sf7|Component_940|Marble
941_sf7|Component_941|Silk
942_sf7|Component_942|Aluminum
943_sf7|Component_943|Wool
944_sf7|Component_944|Bronze
945_sf7|Component_945|Titânio
946_sf7|Component_946|Bronze
947_sf7|Component_947|Aluminum
948_sf7|Component_948|Leather
949_sf7|Component_949|Copper
950_sf7|Component_950|Cotton
951_sf7|Component_951|Wool
952_sf7|Component_952|Steel
953_sf7|Component_953|Cotton
954_sf7|Component_954|Plastic
955_sf7|Component_955|Marble
956_sf7|Component_956|Plastic
957_sf7|Component_957|Iron
958_sf7|Component_958|Paper
959_sf7|Component_959|Copper
960_sf7|Component_960|Titânio
961_sf7|Component_961|Plastic
962_sf7|Component_962|Concrete
963_sf7|Component_963|Marble
964_sf7|Component_964|Leather
965_sf7|Component_965|Silk
966_sf7|Component_966|Bronze
967_sf7|Component_967|Iron
968_sf7|Component_968|Bronze
969_sf7|Component_969|Wooden
970_sf7|Component_970|Granite
971_sf7|Component_971|Marble
972_sf7|Component_972|Wool
973_sf7|Component_973|Silk
974_sf7|Component_974|Wooden
975_sf7|Component_975|Titânio
976_sf7|Component_976|Rubber
977_sf7|Component_977|Paper
978_sf7|Component_978|Concrete
979_sf7|Component_979|Rubber
980_sf7|Component_980|Silk
981_sf7|Component_981|Steel
982_sf7|Component_982|Cotton
983_sf7|Component_983|Silk
984_sf7|Component_984|Silk
985_sf7|Component_985|Silk
986_sf7|Component_986|Steel
987_sf7|Component_987|Marble
988_sf7|Component_988|Iron
989_sf7|Component_989|Wooden
990_sf7|Component_990|Titânio
991_sf7|Component_991|Cotton
992_sf7|Component_992|Aluminum
993_sf7|Component_993|Wool
994_sf7|Component_994|Cotton
995_sf7|Component_995|Linen
996_sf7|Component_996|Silk
997_sf7|Component_997|Marble
998_sf7|Component_998|Concrete
999_sf7|Component_999|Plastic
1000_sf7|Component_1000|Concrete
1001_sf7|Component_1001|Plastic
1002_sf7|Component_1002|Linen
1003_sf7|Component_1003|Iron
1004_sf7|Component_1004|Plastic
1005_sf7|Component_1005|Titânio
1006_sf7|Component_1006|Cotton
1007_sf7|Component_1007|Plastic
1008_sf7|Component_1008|Steel
1009_sf7|Component_1009|Copper
1010_sf7|Component_1010|Iron
1011_sf7|Component_1011|Bronze
1012_sf7|Component_1012|Wool
1013_sf7|Component_1013|Marble
1014_sf7|Component_1014|Concrete
1015_sf7|Component_1015|Iron
1016_sf7|Component_1016|Linen
1017_sf7|Component_1017|Cotton
1018_sf7|Component_1018|Copper
1019_sf7|Component_1019|Copper
1020_sf7|Component_1020|Titânio
1021_sf7|Component_1021|Steel
1022_sf7|Component_1022|Wool
1023_sf7|Component_1023|Granite
1024_sf7|Component_1024|Wooden
1025_sf7|Component_1025|Plastic
1026_sf7|Component_1026|Silk
1027_sf7|Component_1027|Iron
1028_sf7|Component_1028|Aluminum
1029_sf7|Component_1029|Rubber
1030_sf7|Component_1030|Leather
1031_sf7|Component_1031|Concrete
1032_sf7|Component_1032|Cotton
1033_sf7|Component_1033|Iron
1034_sf7|Component_1034|Wool
1035_sf7|Component_1035|Titânio
1036_sf7|Component_1036|Wool
1037_sf7|Component_1037|Wool
1038_sf7|Component_1038|Iron
1039_sf7|Component_1039|Marble
1040_sf7|Component_1040|Paper
1041_sf7|Component_1041|Leather
1042_sf7|Component_1042|Leather
1043_sf7|Component_1043|Leather
1044_sf7|Component_1044|Wooden
1045_sf7|Component_1045|Rubber
1046_sf7|Component_1046|Marble
1047_sf7|Component_1047|Granite
1048_sf7|Component_1048|Wooden
1049_sf7|Component_1049|Wool
1050_sf7|Component_1050|Titânio
1051_sf7|Component_1051|Paper
1052_sf7|Component_1052|Bronze
1053_sf7|Component_1053|Granite
1054_sf7|Component_1054|Steel
1055_sf7|Component_1055|Cotton
1056_sf7|Component_1056|Iron
1057_sf7|Component_1057|Steel
1058_sf7|Component_1058|Wool
1059_sf7|Component_1059|Bronze
1060_sf7|Component_1060|Wool
1061_sf7|Component_1061|Silk
1062_sf7|Component_1062|Bronze
1063_sf7|Component_1063|Copper
1064_sf7|Component_1064|Silk
1065_sf7|Component_1065|Titânio
1066_sf7|Component_1066|Plastic
1067_sf7|Component_1067|Bronze
1068_sf7|Component_1068|Granite
1069_sf7|Component_1069|Leather
1070_sf7|Component_1070|Steel
1071_sf7|Component_1071|Aluminum
1072_sf7|Component_1072|Steel
1073_sf7|Component_1073|Granite
1074_sf7|Component_1074|Iron
1075_sf7|Component_1075|Granite
1076_sf7|Component_1076|Concrete
1077_sf7|Component_1077|Rubber
1078_sf7|Component_1078|Leather
1079_sf7|Component_1079|Wooden
1080_sf7|Component_1080|Titânio
1081_sf7|Component_1081|Iron
1082_sf7|Component_1082|Steel
1083_sf7|Component_1083|Concrete
1084_sf7|Component_1084|Plastic
1085_sf7|Component_1085|Iron
1086_sf7|Component_1086|Linen
1087_sf7|Component_1087|Cotton
1088_sf7|Component_1088|Granite
1089_sf7|Component_1089|Copper
1090_sf7|Component_1090|Wooden
1091_sf7|Component_1091|Concrete
1092_sf7|Component_1092|Cotton
1093_sf7|Component_1093|Aluminum
1094_sf7|Component_1094|Cotton
1095_sf7|Component_1095|Titânio
1096_sf7|Component_1096|Linen
1097_sf7|Component_1097|Concrete
1098_sf7|Component_1098|Granite
1099_sf7|Component_1099|Aluminum
1100_sf7|Component_1100|Paper
1101_sf7|Component_1101|Aluminum
1102_sf7|Component_1102|Marble
1103_sf7|Component_1103|Wooden
1104_sf7|Component_1104|Concrete
1105_sf7|Component_1105|Wool
1106_sf7|Component_1106|Silk
1107_sf7|Component_1107|Aluminum
1108_sf7|Component_1108|Iron
1109_sf7|Component_1109|Paper
1110_sf7|Component_1110|Titânio
1111_sf7|Component_1111|Iron
1112_sf7|Component_1112|Paper
1113_sf7|Component_1113|Wool
1114_sf7|Component_1114|Wooden
1115_sf7|Component_1115|Cotton
1116_sf7|Component_1116|Linen
1117_sf7|Component_1117|Concrete
1118_sf7|Component_1118|Wool
1119_sf7|Component_1119|Wool
1120_sf7|Component_1120|Wool
1121_sf7|Component_1121|Copper
1122_sf7|Component_1122|Silk
1123_sf7|Component_1123|Paper
1124_sf7|Component_1124|Wooden
1125_sf7|Component_1125|Titânio
1126_sf7|Component_1126|Bronze
1127_sf7|Component_1127|Leather
1128_sf7|Component_1128|Wooden
1129_sf7|Component_1129|Bronze
1130_sf7|Component_1130|Granite
1131_sf7|Component_1131|Granite
1132_sf7|Component_1132|Leather
1133_sf7|Component_1133|Rubber
1134_sf7|Component_1134|Bronze
1135_sf7|Component_1135|Paper
1136_sf7|Component_1136|Granite
1137_sf7|Component_1137|Linen
1138_sf7|Component_1138|Concrete
1139_sf7|Component_1139|Wooden
1140_sf7|Component_1140|Titânio
1141_sf7|Component_1141|Bronze
1142_sf7|Component_1142|Wooden
1143_sf7|Component_1143|Silk
1144_sf7|Component_1144|Plastic
1145_sf7|Component_1145|Cotton
1146_sf7|Component_1146|Granite
1147_sf7|Component_1147|Aluminum
1148_sf7|Component_1148|Granite
1149_sf7|Component_1149|Aluminum
1150_sf7|Component_1150|Steel
1151_sf7|Component_1151|Plastic
1152_sf7|Component_1152|Aluminum
1153_sf7|Component_1153|Plastic
1154_sf7|Component_1154|Plastic
1155_sf7|Component_1155|Titânio
1156_sf7|Component_1156|Paper
1157_sf7|Component_1157|Silk
1158_sf7|Component_1158|Copper
1159_sf7|Component_1159|Bronze
1160_sf7|Component_1160|Linen
1161_sf7|Component_1161|Paper
1162_sf7|Component_1162|Iron
1163_sf7|Component_1163|Bronze
1164_sf7|Component_1164|Cotton
1165_sf7|Component_1165|Concrete
1166_sf7|Component_1166|Iron
1167_sf7|Component_1167|Aluminum
1168_sf7|Component_1168|Aluminum
1169_sf7|Component_1169|Marble
1170_sf7|Component_1170|Titânio
1171_sf7|Component_1171|Copper
1172_sf7|Component_1172|Paper
1173_sf7|Component_1173|Linen
1174_sf7|Component_1174|Plastic
1175_sf7|Component_1175|Silk
1176_sf7|Component_1176|Linen
1177_sf7|Component_1177|Rubber
1178_sf7|Component_1178|Iron
1179_sf7|Component_1179|Wooden
1180_sf7|Component_1180|Copper
1181_sf7|Component_1181|Rubber
1182_sf7|Component_1182|Marble
1183_sf7|Component_1183|Bronze
1184_sf7|Component_1184|Rubber
1185_sf7|Component_1185|Titânio
1186_sf7|Component_1186|Aluminum
1187_sf7|Component_1187|Copper
1188_sf7|Component_1188|Paper
1189_sf7|Component_1189|Bronze
1190_sf7|Component_1190|Marble
1191_sf7|Component_1191|Steel
1192_sf7|Component_1192|Bronze
1193_sf7|Component_1193|Steel
1194_sf7|Component_1194|Marble
1195_sf7|Component_1195|Aluminum
1196_sf7|Component_1196|Marble
1197_sf7|Component_1197|Wooden
1198_sf7|Component_1198|Copper
1199_sf7|Component_1199|Marble
1200_sf7|Component_1200|Titânio
1201_sf7|Component_1201|Marble
1202_sf7|Component_1202|Aluminum
1203_sf7|Component_1203|Silk
1204_sf7|Component_1204|Concrete
1205_sf7|Component_1205|Paper
1206_sf7|Component_1206|Concrete
1207_sf7|Component_1207|Paper
1208_sf7|Component_1208|Iron
1209_sf7|Component_1209|Rubber
1210_sf7|Component_1210|Wooden
1211_sf7|Component_1211|Wool
1212_sf7|Component_1212|Marble
1213_sf7|Component_1213|Concrete
1214_sf7|Component_1214|Iron
1215_sf7|Component_1215|Titânio
1216_sf7|Component_1216|Wooden
1217_sf7|Component_1217|Iron
1218_sf7|Component_1218|Aluminum
1219_sf7|Component_1219|Silk
1220_sf7|Component_1220|Wool
1221_sf7|Component_1221|Silk
1222_sf7|Component_1222|Bronze
1223_sf7|Component_1223|Granite
1224_sf7|Component_1224|Iron
1225_sf7|Component_1225|Wool
1226_sf7|Component_1226|Silk
1227_sf7|Component_1227|Aluminum
1228_sf7|Component_1228|Bronze
1229_sf7|Component_1229|Aluminum
1230_sf7|Component_1230|Titânio
1231_sf7|Component_1231|Plastic
1232_sf7|Component_1232|Linen
1233_sf7|Component_1233|Silk
1234_sf7|Component_1234|Leather
1235_sf7|Component_1235|Wooden
1236_sf7|Component_1236|Copper
1237_sf7|Component_1237|Copper
1238_sf7|Component_1238|Rubber
1239_sf7|Component_1239|Marble
1240_sf7|Component_1240|Wool
1241_sf7|Component_1241|Plastic
1242_sf7|Component_1242|Iron
1243_sf7|Component_1243|Silk
1244_sf7|Component_1244|Cotton
1245_sf7|Component_1245|Titânio
1246_sf7|Component_1246|Copper
1247_sf7|Component_1247|Bronze
1248_sf7|Component_1248|Plastic
1249_sf7|Component_1249|Plastic
1250_sf7|Component_1250|Cotton
1251_sf7|Component_1251|Iron
1252_sf7|Component_1252|Concrete
1253_sf7|Component_1253|Leather
1254_sf7|Component_1254|Paper
1255_sf7|Component_1255|Concrete
1256_sf7|Component_1256|Steel
1257_sf7|Component_1257|Wool
1258_sf7|Component_1258|Concrete
1259_sf7|Component_1259|Marble
1260_sf7|Component_1260|Titânio
1261_sf7|Component_1261|Cotton
1262_sf7|Component_1262|Silk
1263_sf7|Component_1263|Paper
1264_sf7|Component_1264|Silk
1265_sf7|Component_1265|Plastic
1266_sf7|Component_1266|Linen
1267_sf7|Component_1267|Granite
1268_sf7|Component_1268|Leather
1269_sf7|Component_1269|Silk
1270_sf7|Component_1270|Granite
1271_sf7|Component_1271|Copper
1272_sf7|Component_1272|Paper
1273_sf7|Component_1273|Iron
1274_sf7|Component_1274|Leather
1275_sf7|Component_1275|Titânio
1276_sf7|Component_1276|Iron
1277_sf7|Component_1277|Leather
1278_sf7|Component_1278|Wool
1279_sf7|Component_1279|Silk
1280_sf7|Component_1280|Rubber
1281_sf7|Component_1281|Concrete
1282_sf7|Component_1282|Rubber
1283_sf7|Component_1283|Wool
1284_sf7|Component_1284|Cotton
1285_sf7|Component_1285|Bronze
1286_sf7|Component_1286|Bronze
1287_sf7|Component_1287|Wool
1288_sf7|Component_1288|Bronze
1289_sf7|Component_1289|Copper
1290_sf7|Component_1290|Titânio
1291_sf7|Component_1291|Cotton
1292_sf7|Component_1292|Granite
1293_sf7|Component_1293|Plastic
1294_sf7|Component_1294|Wool
1295_sf7|Component_1295|Cotton
1296_sf7|Component_1296|Rubber
1297_sf7|Component_1297|Copper
1298_sf7|Component_1298|Iron
1299_sf7|Component_1299|Marble
1300_sf7|Component_1300|Rubber
1301_sf7|Component_1301|Cotton
1302_sf7|Component_1302|Paper
1303_sf7|Component_1303|Iron
1304_sf7|Component_1304|Leather
1305_sf7|Component_1305|Titânio
1306_sf7|Component_1306|Wool
1307_sf7|Component_1307|Paper
1308_sf7|Component_1308|Plastic
1309_sf7|Component_1309|Concrete
1310_sf7|Component_1310|Paper
1311_sf7|Component_1311|Wooden
1312_sf7|Component_1312|Steel
1313_sf7|Component_1313|Concrete
1314_sf7|Component_1314|Silk
1315_sf7|Component_1315|Bronze
1316_sf7|Component_1316|Granite
1317_sf7|Component_1317|Marble
1318_sf7|Component_1318|Aluminum
1319_sf7|Component_1319|Aluminum
1320_sf7|Component_1320|Titânio
1321_sf7|Component_1321|Aluminum
1322_sf7|Component_1322|Wooden
1323_sf7|Component_1323|Steel
1324_sf7|Component_1324|Silk
1325_sf7|Component_1325|Copper
1326_sf7|Component_1326|Wooden
1327_sf7|Component_1327|Rubber
1328_sf7|Component_1328|Silk
1329_sf7|Component_1329|Cotton
1330_sf7|Component_1330|Aluminum
1331_sf7|Component_1331|Wool
1332_sf7|Component_1332|Cotton
1333_sf7|Component_1333|Iron
1334_sf7|Component_1334|Wool
1335_sf7|Component_1335|Titânio
1336_sf7|Component_1336|Marble
1337_sf7|Component_1337|Silk
1338_sf7|Component_1338|Iron
1339_sf7|Component_1339|Linen
1340_sf7|Component_1340|Copper
1341_sf7|Component_1341|Silk
1342_sf7|Component_1342|Silk
1343_sf7|Component_1343|Steel
1344_sf7|Component_1344|Steel
1345_sf7|Component_1345|Plastic
1346_sf7|Component_1346|Leather
1347_sf7|Component_1347|Wooden
1348_sf7|Component_1348|Paper
1349_sf7|Component_1349|Bronze
1350_sf7|Component_1350|Titânio
1351_sf7|Component_1351|Bronze
1352_sf7|Component_1352|Plastic
1353_sf7|Component_1353|Granite
1354_sf7|Component_1354|Aluminum
1355_sf7|Component_1355|Leather
1356_sf7|Component_1356|Leather
1357_sf7|Component_1357|Rubber
1358_sf7|Component_1358|Linen
1359_sf7|Component_1359|Silk
1360_sf7|Component_1360|Concrete
1361_sf7|Component_1361|Plastic
1362_sf7|Component_1362|Steel
1363_sf7|Component_1363|Bronze
1364_sf7|Component_1364|Bronze
1365_sf7|Component_1365|Titânio
1366_sf7|Component_1366|Plastic
1367_sf7|Component_1367|Linen
1368_sf7|Component_1368|Concrete
1369_sf7|Component_1369|Plastic
1370_sf7|Component_1370|Bronze
1371_sf7|Component_1371|Silk
1372_sf7|Component_1372|Aluminum
1373_sf7|Component_1373|Cotton
1374_sf7|Component_1374|Iron
1375_sf7|Component_1375|Wooden
1376_sf7|Component_1376|Cotton
1377_sf7|Component_1377|Linen
1378_sf7|Component_1378|Aluminum
1379_sf7|Component_1379|Marble
1380_sf7|Component_1380|Titânio
1381_sf7|Component_1381|Concrete
1382_sf7|Component_1382|Bronze
1383_sf7|Component_1383|Copper
1384_sf7|Component_1384|Silk
1385_sf7|Component_1385|Cotton
1386_sf7|Component_1386|Aluminum
1387_sf7|Component_1387|Concrete
1388_sf7|Component_1388|Leather
1389_sf7|Component_1389|Aluminum
1390_sf7|Component_1390|Aluminum
1391_sf7|Component_1391|Leather
1392_sf7|Component_1392|Iron
1393_sf7|Component_1393|Silk
1394_sf7|Component_1394|Wool
1395_sf7|Component_1395|Titânio
1396_sf7|Component_1396|Leather
1397_sf7|Component_1397|Cotton
1398_sf7|Component_1398|Plastic
1399_sf7|Component_1399|Marble
1400_sf7|Component_1400|Concrete
1401_sf7|Component_1401|Aluminum
1402_sf7|Component_1402|Concrete
1403_sf7|Component_1403|Aluminum
1404_sf7|Component_1404|Wool
1405_sf7|Component_1405|Paper
1406_sf7|Component_1406|Wooden
1407_sf7|Component_1407|Granite
1408_sf7|Component_1408|Rubber
1409_sf7|Component_1409|Granite
1410_sf7|Component_1410|Titânio
1411_sf7|Component_1411|Steel
1412_sf7|Component_1412|Marble
1413_sf7|Component_1413|Granite
1414_sf7|Component_1414|Aluminum
1415_sf7|Component_1415|Plastic
1416_sf7|Component_1416|Aluminum
1417_sf7|Component_1417|Iron
1418_sf7|Component_1418|Wooden
1419_sf7|Component_1419|Rubber
1420_sf7|Component_1420|Leather
1421_sf7|Component_1421|Aluminum
1422_sf7|Component_1422|Concrete
1423_sf7|Component_1423|Rubber
1424_sf7|Component_1424|Wool
1425_sf7|Component_1425|Titânio
1426_sf7|Component_1426|Wooden
1427_sf7|Component_1427|Bronze
1428_sf7|Component_1428|Aluminum
1429_sf7|Component_1429|Aluminum
1430_sf7|Component_1430|Iron
1431_sf7|Component_1431|Aluminum
1432_sf7|Component_1432|Wooden
1433_sf7|Component_1433|Wool
1434_sf7|Component_1434|Rubber
1435_sf7|Component_1435|Aluminum
1436_sf7|Component_1436|Marble
1437_sf7|Component_1437|Concrete
1438_sf7|Component_1438|Granite
1439_sf7|Component_1439|Cotton
1440_sf7|Component_1440|Titânio
1441_sf7|Component_1441|Silk
1442_sf7|Component_1442|Wool
1443_sf7|Component_1443|Wool
1444_sf7|Component_1444|Iron
1445_sf7|Component_1445|Plastic
1446_sf7|Component_1446|Aluminum
1447_sf7|Component_1447|Rubber
1448_sf7|Component_1448|Wool
1449_sf7|Component_1449|Steel
1450_sf7|Component_1450|Wool
1451_sf7|Component_1451|Aluminum
1452_sf7|Component_1452|Wool
1453_sf7|Component_1453|Copper
1454_sf7|Component_1454|Wooden
1455_sf7|Component_1455|Titânio
1456_sf7|Component_1456|Plastic
1457_sf7|Component_1457|Rubber
1458_sf7|Component_1458|Steel
1459_sf7|Component_1459|Bronze
1460_sf7|Component_1460|Copper
1461_sf7|Component_1461|Granite
1462_sf7|Component_1462|Wool
1463_sf7|Component_1463|Wooden
1464_sf7|Component_1464|Rubber
1465_sf7|Component_1465|Paper
1466_sf7|Component_1466|Leather
1467_sf7|Component_1467|Rubber
1468_sf7|Component_1468|Wooden
1469_sf7|Component_1469|Steel
1470_sf7|Component_1470|Titânio
1471_sf7|Component_1471|Steel
1472_sf7|Component_1472|Wooden
1473_sf7|Component_1473|Silk
1474_sf7|Component_1474|Silk
1475_sf7|Component_1475|Rubber
1476_sf7|Component_1476|Plastic
1477_sf7|Component_1477|Wooden
1478_sf7|Component_1478|Concrete
1479_sf7|Component_1479|Silk
1480_sf7|Component_1480|Wooden
1481_sf7|Component_1481|Granite
1482_sf7|Component_1482|Linen
1483_sf7|Component_1483|Leather
1484_sf7|Component_1484|Copper
1485_sf7|Component_1485|Titânio
1486_sf7|Component_1486|Bronze
1487_sf7|Component_1487|Aluminum
1488_sf7|Component_1488|Bronze
1489_sf7|Component_1489|Concrete
1490_sf7|Component_1490|Bronze
1491_sf7|Component_1491|Wooden
1492_sf7|Component_1492|Iron
1493_sf7|Component_1493|Silk
1494_sf7|Component_1494|Iron
1495_sf7|Component_1495|Aluminum
1496_sf7|Component_1496|Silk
1497_sf7|Component_1497|Linen
1498_sf7|Component_1498|Cotton
1499_sf7|Component_1499|Aluminum
1500_sf7|Component_1500|Titânio
1501_sf7|Component_1501|Concrete
1502_sf7|Component_1502|Leather
1503_sf7|Component_1503|Rubber
1504_sf7|Component_1504|Cotton
1505_sf7|Component_1505|Leather
1506_sf7|Component_1506|Linen
1507_sf7|Component_1507|Cotton
1508_sf7|Component_1508|Linen
1509_sf7|Component_1509|Linen
1510_sf7|Component_1510|Leather
1511_sf7|Component_1511|Granite
1512_sf7|Component_1512|Marble
1513_sf7|Component_1513|Wooden
1514_sf7|Component_1514|Aluminum
1515_sf7|Component_1515|Titânio
1516_sf7|Component_1516|Wool
1517_sf7|Component_1517|Plastic
1518_sf7|Component_1518|Iron
1519_sf7|Component_1519|Marble
1520_sf7|Component_1520|Linen
1521_sf7|Component_1521|Bronze
1522_sf7|Component_1522|Wool
1523_sf7|Component_1523|Copper
1524_sf7|Component_1524|Silk
1525_sf7|Component_1525|Rubber
1526_sf7|Component_1526|Plastic
1527_sf7|Component_1527|Steel
1528_sf7|Component_1528|Bronze
1529_sf7|Component_1529|Rubber
1530_sf7|Component_1530|Titânio
1531_sf7|Component_1531|Linen
1532_sf7|Component_1532|Aluminum
1533_sf7|Component_1533|Linen
1534_sf7|Component_1534|Iron
1535_sf7|Component_1535|Wool
1536_sf7|Component_1536|Silk
1537_sf7|Component_1537|Granite
1538_sf7|Component_1538|Concrete
1539_sf7|Component_1539|Wool
1540_sf7|Component_1540|Concrete
1541_sf7|Component_1541|Granite
1542_sf7|Component_1542|Iron
1543_sf7|Component_1543|Marble
1544_sf7|Component_1544|Paper
1545_sf7|Component_1545|Titânio
1546_sf7|Component_1546|Plastic
1547_sf7|Component_1547|Wool
1548_sf7|Component_1548|Leather
1549_sf7|Component_1549|Leather
1550_sf7|Component_1550|Wool
1551_sf7|Component_1551|Paper
1552_sf7|Component_1552|Wooden
1553_sf7|Component_1553|Aluminum
1554_sf7|Component_1554|Wooden
1555_sf7|Component_1555|Cotton
1556_sf7|Component_1556|Copper
1557_sf7|Component_1557|Marble
1558_sf7|Component_1558|Iron
1559_sf7|Component_1559|Granite
1560_sf7|Component_1560|Titânio
1561_sf7|Component_1561|Wooden
1562_sf7|Component_1562|Concrete
1563_sf7|Component_1563|Plastic
1564_sf7|Component_1564|Cotton
1565_sf7|Component_1565|Wooden
1566_sf7|Component_1566|Plastic
1567_sf7|Component_1567|Iron
1568_sf7|Component_1568|Plastic
1569_sf7|Component_1569|Silk
1570_sf7|Component_1570|Bronze
1571_sf7|Component_1571|Granite
1572_sf7|Component_1572|Aluminum
1573_sf7|Component_1573|Rubber
1574_sf7|Component_1574|Copper
1575_sf7|Component_1575|Titânio
1576_sf7|Component_1576|Rubber
1577_sf7|Component_1577|Cotton
1578_sf7|Component_1578|Paper
1579_sf7|Component_1579|Copper
1580_sf7|Component_1580|Steel
1581_sf7|Component_1581|Plastic
1582_sf7|Component_1582|Linen
1583_sf7|Component_1583|Steel
1584_sf7|Component_1584|Silk
1585_sf7|Component_1585|Steel
1586_sf7|Component_1586|Leather
1587_sf7|Component_1587|Steel
1588_sf7|Component_1588|Silk
1589_sf7|Component_1589|Bronze
1590_sf7|Component_1590|Titânio
1591_sf7|Component_1591|Cotton
1592_sf7|Component_1592|Rubber
1593_sf7|Component_1593|Paper
1594_sf7|Component_1594|Steel
1595_sf7|Component_1595|Cotton
1596_sf7|Component_1596|Aluminum
1597_sf7|Component_1597|Concrete
1598_sf7|Component_1598|Wool
1599_sf7|Component_1599|Silk
1600_sf7|Component_1600|Wool
1601_sf7|Component_1601|Aluminum
1602_sf7|Component_1602|Aluminum
1603_sf7|Component_1603|Bronze
1604_sf7|Component_1604|Granite
1605_sf7|Component_1605|Titânio
1606_sf7|Component_1606|Cotton
1607_sf7|Component_1607|Linen
1608_sf7|Component_1608|Copper
1609_sf7|Component_1609|Wooden
1610_sf7|Component_1610|Marble
1611_sf7|Component_1611|Marble
1612_sf7|Component_1612|Concrete
1613_sf7|Component_1613|Marble
1614_sf7|Component_1614|Granite
1615_sf7|Component_1615|Granite
1616_sf7|Component_1616|Aluminum
1617_sf7|Component_1617|Silk
1618_sf7|Component_1618|Linen
1619_sf7|Component_1619|Marble
1620_sf7|Component_1620|Titânio
1621_sf7|Component_1621|Iron
1622_sf7|Component_1622|Cotton
1623_sf7|Component_1623|Silk
1624_sf7|Component_1624|Granite
1625_sf7|Component_1625|Cotton
1626_sf7|Component_1626|Rubber
1627_sf7|Component_1627|Plastic
1628_sf7|Component_1628|Aluminum
1629_sf7|Component_1629|Copper
1630_sf7|Component_1630|Leather
1631_sf7|Component_1631|Wooden
1632_sf7|Component_1632|Silk
1633_sf7|Component_1633|Cotton
1634_sf7|Component_1634|Wool
1635_sf7|Component_1635|Titânio
1636_sf7|Component_1636|Wooden
1637_sf7|Component_1637|Cotton
1638_sf7|Component_1638|Silk
1639_sf7|Component_1639|Marble
1640_sf7|Component_1640|Copper
1641_sf7|Component_1641|Leather
1642_sf7|Component_1642|Rubber
1643_sf7|Component_1643|Paper
1644_sf7|Component_1644|Granite
1645_sf7|Component_1645|Plastic
1646_sf7|Component_1646|Aluminum
1647_sf7|Component_1647|Concrete
1648_sf7|Component_1648|Paper
1649_sf7|Component_1649|Paper
1650_sf7|Component_1650|Titânio
1651_sf7|Component_1651|Cotton
1652_sf7|Component_1652|Paper
1653_sf7|Component_1653|Bronze
1654_sf7|Component_1654|Iron
1655_sf7|Component_1655|Plastic
1656_sf7|Component_1656|Aluminum
1657_sf7|Component_1657|Linen
1658_sf7|Component_1658|Paper
1659_sf7|Component_1659|Marble
1660_sf7|Component_1660|Linen
1661_sf7|Component_1661|Plastic
1662_sf7|Component_1662|Silk
1663_sf7|Component_1663|Copper
1664_sf7|Component_1664|Cotton
1665_sf7|Component_1665|Titânio
1666_sf7|Component_1666|Wooden
1667_sf7|Component_1667|Wooden
1668_sf7|Component_1668|Granite
1669_sf7|Component_1669|Wool
1670_sf7|Component_1670|Copper
1671_sf7|Component_1671|Aluminum
1672_sf7|Component_1672|Wool
1673_sf7|Component_1673|Copper
1674_sf7|Component_1674|Wool
1675_sf7|Component_1675|Marble
1676_sf7|Component_1676|Copper
1677_sf7|Component_1677|Iron
1678_sf7|Component_1678|Plastic
1679_sf7|Component_1679|Cotton
1680_sf7|Component_1680|Titânio
1681_sf7|Component_1681|Leather
1682_sf7|Component_1682|Steel
1683_sf7|Component_1683|Leather
1684_sf7|Component_1684|Iron
1685_sf7|Component_1685|Aluminum
1686_sf7|Component_1686|Silk
1687_sf7|Component_1687|Bronze
1688_sf7|Component_1688|Concrete
1689_sf7|Component_1689|Iron
1690_sf7|Component_1690|Aluminum
1691_sf7|Component_1691|Concrete
1692_sf7|Component_1692|Wooden
1693_sf7|Component_1693|Bronze
1694_sf7|Component_1694|Bronze
1695_sf7|Component_1695|Titânio
1696_sf7|Component_1696|Iron
1697_sf7|Component_1697|Silk
1698_sf7|Component_1698|Copper
1699_sf7|Component_1699|Bronze
1700_sf7|Component_1700|Paper
1701_sf7|Component_1701|Rubber
1702_sf7|Component_1702|Rubber
1703_sf7|Component_1703|Copper
1704_sf7|Component_1704|Plastic
1705_sf7|Component_1705|Paper
1706_sf7|Component_1706|Aluminum
1707_sf7|Component_1707|Marble
1708_sf7|Component_1708|Copper
1709_sf7|Component_1709|Leather
1710_sf7|Component_1710|Titânio
1711_sf7|Component_1711|Leather
1712_sf7|Component_1712|Cotton
1713_sf7|Component_1713|Linen
1714_sf7|Component_1714|Silk
1715_sf7|Component_1715|Linen
1716_sf7|Component_1716|Bronze
1717_sf7|Component_1717|Bronze
1718_sf7|Component_1718|Steel
1719_sf7|Component_1719|Aluminum
1720_sf7|Component_1720|Granite
1721_sf7|Component_1721|Wooden
1722_sf7|Component_1722|Concrete
1723_sf7|Component_1723|Marble
1724_sf7|Component_1724|Copper
1725_sf7|Component_1725|Titânio
1726_sf7|Component_1726|Copper
1727_sf7|Component_1727|Plastic
1728_sf7|Component_1728|Aluminum
1729_sf7|Component_1729|Wool
1730_sf7|Component_1730|Copper
1731_sf7|Component_1731|Bronze
1732_sf7|Component_1732|Copper
1733_sf7|Component_1733|Silk
1734_sf7|Component_1734|Granite
1735_sf7|Component_1735|Plastic
1736_sf7|Component_1736|Aluminum
1737_sf7|Component_1737|Silk
1738_sf7|Component_1738|Wool
1739_sf7|Component_1739|Steel
1740_sf7|Component_1740|Titânio
1741_sf7|Component_1741|Rubber
1742_sf7|Component_1742|Paper
1743_sf7|Component_1743|Paper
1744_sf7|Component_1744|Wooden
1745_sf7|Component_1745|Iron
1746_sf7|Component_1746|Leather
1747_sf7|Component_1747|Copper
1748_sf7|Component_1748|Cotton
1749_sf7|Component_1749|Plastic
1750_sf7|Component_1750|Aluminum
1751_sf7|Component_1751|Concrete
1752_sf7|Component_1752|Linen
1753_sf7|Component_1753|Aluminum
1754_sf7|Component_1754|Rubber
1755_sf7|Component_1755|Titânio
1756_sf7|Component_1756|Copper
1757_sf7|Component_1757|Bronze
1758_sf7|Component_1758|Wool
1759_sf7|Component_1759|Bronze
1760_sf7|Component_1760|Bronze
1761_sf7|Component_1761|Silk
1762_sf7|Component_1762|Linen
1763_sf7|Component_1763|Wool
1764_sf7|Component_1764|Cotton
1765_sf7|Component_1765|Cotton
1766_sf7|Component_1766|Steel
1767_sf7|Component_1767|Granite
1768_sf7|Component_1768|Linen
1769_sf7|Component_1769|Steel
1770_sf7|Component_1770|Titânio
1771_sf7|Component_1771|Steel
1772_sf7|Component_1772|Plastic
1773_sf7|Component_1773|Copper
1774_sf7|Component_1774|Plastic
1775_sf7|Component_1775|Steel
1776_sf7|Component_1776|Wool
1777_sf7|Component_1777|Aluminum
1778_sf7|Component_1778|Marble
1779_sf7|Component_1779|Leather
1780_sf7|Component_1780|Rubber
1781_sf7|Component_1781|Silk
1782_sf7|Component_1782|Rubber
1783_sf7|Component_1783|Silk
1784_sf7|Component_1784|Paper
1785_sf7|Component_1785|Titânio
1786_sf7|Component_1786|Iron
1787_sf7|Component_1787|Linen
1788_sf7|Component_1788|Aluminum
1789_sf7|Component_1789|Linen
1790_sf7|Component_1790|Steel
1791_sf7|Component_1791|Bronze
1792_sf7|Component_1792|Bronze
1793_sf7|Component_1793|Copper
1794_sf7|Component_1794|Cotton
1795_sf7|Component_1795|Plastic
1796_sf7|Component_1796|Iron
1797_sf7|Component_1797|Steel
1798_sf7|Component_1798|Granite
1799_sf7|Component_1799|Rubber
1800_sf7|Component_1800|Titânio
1801_sf7|Component_1801|Cotton
1802_sf7|Component_1802|Aluminum
1803_sf7|Component_1803|Leather
1804_sf7|Component_1804|Leather
1805_sf7|Component_1805|Copper
1806_sf7|Component_1806|Bronze
1807_sf7|Component_1807|Silk
1808_sf7|Component_1808|Bronze
1809_sf7|Component_1809|Rubber
1810_sf7|Component_1810|Paper
1811_sf7|Component_1811|Granite
1812_sf7|Component_1812|Marble
1813_sf7|Component_1813|Steel
1814_sf7|Component_1814|Concrete
1815_sf7|Component_1815|Titânio
1816_sf7|Component_1816|Leather
1817_sf7|Component_1817|Paper
1818_sf7|Component_1818|Cotton
1819_sf7|Component_1819|Linen
1820_sf7|Component_1820|Marble
1821_sf7|Component_1821|Rubber
1822_sf7|Component_1822|Paper
1823_sf7|Component_1823|Plastic
1824_sf7|Component_1824|Bronze
1825_sf7|Component_1825|Plastic
1826_sf7|Component_1826|Steel
1827_sf7|Component_1827|Steel
1828_sf7|Component_1828|Aluminum
1829_sf7|Component_1829|Wooden
1830_sf7|Component_1830|Titânio
1831_sf7|Component_1831|Aluminum
1832_sf7|Component_1832|Silk
1833_sf7|Component_1833|Aluminum
1834_sf7|Component_1834|Granite
1835_sf7|Component_1835|Copper
1836_sf7|Component_1836|Silk
1837_sf7|Component_1837|Granite
1838_sf7|Component_1838|Concrete
1839_sf7|Component_1839|Steel
1840_sf7|Component_1840|Granite
1841_sf7|Component_1841|Wool
1842_sf7|Component_1842|Wooden
1843_sf7|Component_1843|Granite
1844_sf7|Component_1844|Bronze
1845_sf7|Component_1845|Titânio
1846_sf7|Component_1846|Plastic
1847_sf7|Component_1847|Steel
1848_sf7|Component_1848|Paper
1849_sf7|Component_1849|Silk
1850_sf7|Component_1850|Copper
1851_sf7|Component_1851|Marble
1852_sf7|Component_1852|Leather
1853_sf7|Component_1853|Paper
1854_sf7|Component_1854|Granite
1855_sf7|Component_1855|Granite
1856_sf7|Component_1856|Concrete
1857_sf7|Component_1857|Cotton
1858_sf7|Component_1858|Wooden
1859_sf7|Component_1859|Wool
1860_sf7|Component_1860|Titânio
1861_sf7|Component_1861|Linen
1862_sf7|Component_1862|Copper
1863_sf7|Component_1863|Granite
1864_sf7|Component_1864|Granite
1865_sf7|Component_1865|Steel
1866_sf7|Component_1866|Wool
1867_sf7|Component_1867|Aluminum
1868_sf7|Component_1868|Concrete
1869_sf7|Component_1869|Plastic
1870_sf7|Component_1870|Iron
1871_sf7|Component_1871|Linen
1872_sf7|Component_1872|Steel
1873_sf7|Component_1873|Silk
1874_sf7|Component_1874|Leather
1875_sf7|Component_1875|Titânio
1876_sf7|Component_1876|Linen
1877_sf7|Component_1877|Wooden
1878_sf7|Component_1878|Marble
1879_sf7|Component_1879|Paper
1880_sf7|Component_1880|Iron
1881_sf7|Component_1881|Paper
1882_sf7|Component_1882|Concrete
1883_sf7|Component_1883|Linen
1884_sf7|Component_1884|Steel
1885_sf7|Component_1885|Marble
1886_sf7|Component_1886|Granite
1887_sf7|Component_1887|Linen
1888_sf7|Component_1888|Leather
1889_sf7|Component_1889|Copper
1890_sf7|Component_1890|Titânio
1891_sf7|Component_1891|Linen
1892_sf7|Component_1892|Steel
1893_sf7|Component_1893|Granite
1894_sf7|Component_1894|Wool
1895_sf7|Component_1895|Marble
1896_sf7|Component_1896|Steel
1897_sf7|Component_1897|Granite
1898_sf7|Component_1898|Linen
1899_sf7|Component_1899|Granite
1900_sf7|Component_1900|Leather
1901_sf7|Component_1901|Linen
1902_sf7|Component_1902|Cotton
1903_sf7|Component_1903|Steel
1904_sf7|Component_1904|Aluminum
1905_sf7|Component_1905|Titânio
1906_sf7|Component_1906|Linen
1907_sf7|Component_1907|Copper
1908_sf7|Component_1908|Wooden
1909_sf7|Component_1909|Linen
1910_sf7|Component_1910|Plastic
1911_sf7|Component_1911|Bronze
1912_sf7|Component_1912|Silk
1913_sf7|Component_1913|Plastic
1914_sf7|Component_1914|Linen
1915_sf7|Component_1915|Copper
1916_sf7|Component_1916|Wooden
1917_sf7|Component_1917|Marble
1918_sf7|Component_1918|Paper
1919_sf7|Component_1919|Aluminum
1920_sf7|Component_1920|Titânio
1921_sf7|Component_1921|Steel
1922_sf7|Component_1922|Wool
1923_sf7|Component_1923|Linen
1924_sf7|Component_1924|Aluminum
1925_sf7|Component_1925|Bronze
1926_sf7|Component_1926|Marble
1927_sf7|Component_1927|Steel
1928_sf7|Component_1928|Bronze
1929_sf7|Component_1929|Copper
1930_sf7|Component_1930|Wool
1931_sf7|Component_1931|Rubber
1932_sf7|Component_1932|Silk
1933_sf7|Component_1933|Aluminum
1934_sf7|Component_1934|Linen
1935_sf7|Component_1935|Titânio
1936_sf7|Component_1936|Granite
1937_sf7|Component_1937|Marble
1938_sf7|Component_1938|Wool
1939_sf7|Component_1939|Cotton
1940_sf7|Component_1940|Marble
1941_sf7|Component_1941|Granite
1942_sf7|Component_1942|Linen
1943_sf7|Component_1943|Iron
1944_sf7|Component_1944|Silk
1945_sf7|Component_1945|Iron
1946_sf7|Component_1946|Leather
1947_sf7|Component_1947|Plastic
1948_sf7|Component_1948|Paper
1949_sf7|Component_1949|Wool
1950_sf7|Component_1950|Titânio
1951_sf7|Component_1951|Leather
1952_sf7|Component_1952|Iron
1953_sf7|Component_1953|Cotton
1954_sf7|Component_1954|Wool
1955_sf7|Component_1955|Marble
1956_sf7|Component_1956|Steel
1957_sf7|Component_1957|Leather
1958_sf7|Component_1958|Silk
1959_sf7|Component_1959|Linen
1960_sf7|Component_1960|Cotton
1961_sf7|Component_1961|Cotton
1962_sf7|Component_1962|Cotton
1963_sf7|Component_1963|Concrete
1964_sf7|Component_1964|Paper
1965_sf7|Component_1965|Titânio
1966_sf7|Component_1966|Leather
1967_sf7|Component_1967|Rubber
1968_sf7|Component_1968|Cotton
1969_sf7|Component_1969|Cotton
1970_sf7|Component_1970|Leather
1971_sf7|Component_1971|Marble
1972_sf7|Component_1972|Leather
1973_sf7|Component_1973|Copper
1974_sf7|Component_1974|Granite
1975_sf7|Component_1975|Wooden
1976_sf7|Component_1976|Bronze
1977_sf7|Component_1977|Granite
1978_sf7|Component_1978|Leather
1979_sf7|Component_1979|Wool
1980_sf7|Component_1980|Titânio
1981_sf7|Component_1981|Steel
1982_sf7|Component_1982|Wool
1983_sf7|Component_1983|Bronze
1984_sf7|Component_1984|Linen
1985_sf7|Component_1985|Bronze
1986_sf7|Component_1986|Wooden
1987_sf7|Component_1987|Wooden
1988_sf7|Component_1988|Granite
1989_sf7|Component_1989|Granite
1990_sf7|Component_1990|Cotton
1991_sf7|Component_1991|Paper
1992_sf7|Component_1992|Cotton
1993_sf7|Component_1993|Granite
1994_sf7|Component_1994|Marble
1995_sf7|Component_1995|Titânio
1996_sf7|Component_1996|Leather
1997_sf7|Component_1997|Plastic
1998_sf7|Component_1998|Rubber
1999_sf7|Component_1999|Bronze
0_sf8|Component_0|Titânio
1_sf8|Component_1|Steel
2_sf8|Component_2|Plastic
3_sf8|Component_3|Steel
4_sf8|Component_4|Linen
5_sf8|Component_5|Wool
6_sf8|Component_6|Leather
7_sf8|Component_7|Steel
8_sf8|Component_8|Granite
9_sf8|Component_9|Rubber
10_sf8|Component_10|Marble
11_sf8|Component_11|Cotton
12_sf8|Component_12|Copper
13_sf8|Component_13|Copper
14_sf8|Component_14|Marble
15_sf8|Component_15|Titânio
16_sf8|Component_16|Silk
17_sf8|Component_17|Leather
18_sf8|Component_18|Bronze
19_sf8|Component_19|Silk
20_sf8|Component_20|Bronze
21_sf8|Component_21|Paper
22_sf8|Component_22|Cotton
23_sf8|Component_23|Concrete
24_sf8|Component_24|Linen
25_sf8|Component_25|Plastic
26_sf8|Component_26|Marble
27_sf8|Component_27|Granite
28_sf8|Component_28|Aluminum
29_sf8|Component_29|Wool
30_sf8|Component_30|Titânio
31_sf8|Component_31|Wooden
32_sf8|Component_32|Marble
33_sf8|Component_33|Plastic
34_sf8|Component_34|Concrete
35_sf8|Component_35|Leather
36_sf8|Component_36|Aluminum
37_sf8|Component_37|Paper
38_sf8|Component_38|Aluminum
39_sf8|Component_39|Steel
40_sf8|Component_40|Plastic
41_sf8|Component_41|Wool
42_sf8|Component_42|Aluminum
43_sf8|Component_43|Linen
44_sf8|Component_44|Rubber
45_sf8|Component_45|Titânio
46_sf8|Component_46|Paper
47_sf8|Component_47|Steel
48_sf8|Component_48|Wooden
49_sf8|Component_49|Paper
50_sf8|Component_50|Rubber
51_sf8|Component_51|Paper
52_sf8|Component_52|Bronze
53_sf8|Component_53|Linen
54_sf8|Component_54|Silk
55_sf8|Component_55|Linen
56_sf8|Component_56|Steel
57_sf8|Component_57|Plastic
58_sf8|Component_58|Linen
59_sf8|Component_59|Wool
60_sf8|Component_60|Titânio
61_sf8|Component_61|Concrete
62_sf8|Component_62|Iron
63_sf8|Component_63|Plastic
64_sf8|Component_64|Marble
65_sf8|Component_65|Iron
66_sf8|Component_66|Wooden
67_sf8|Component_67|Iron
68_sf8|Component_68|Aluminum
69_sf8|Component_69|Rubber
70_sf8|Component_70|Wooden
71_sf8|Component_71|Marble
72_sf8|Component_72|Copper
73_sf8|Component_73|Granite
74_sf8|Component_74|Cotton
75_sf8|Component_75|Titânio
76_sf8|Component_76|Plastic
77_sf8|Component_77|Rubber
78_sf8|Component_78|Concrete
79_sf8|Component_79|Linen
80_sf8|Component_80|Rubber
81_sf8|Component_81|Aluminum
82_sf8|Component_82|Aluminum
83_sf8|Component_83|Plastic
84_sf8|Component_84|Aluminum
85_sf8|Component_85|Marble
86_sf8|Component_86|Plastic
87_sf8|Component_87|Paper
88_sf8|Component_88|Wool
89_sf8|Component_89|Rubber
90_sf8|Component_90|Titânio
91_sf8|Component_91|Copper
92_sf8|Component_92|Silk
93_sf8|Component_93|Aluminum
94_sf8|Component_94|Leather
95_sf8|Component_95|Plastic
96_sf8|Component_96|Iron
97_sf8|Component_97|Plastic
98_sf8|Component_98|Plastic
99_sf8|Component_99|Copper
100_sf8|Component_100|Iron
101_sf8|Component_101|Granite
102_sf8|Component_102|Aluminum
103_sf8|Component_103|Linen
104_sf8|Component_104|Aluminum
105_sf8|Component_105|Titânio
106_sf8|Component_106|Rubber
107_sf8|Component_107|Wooden
108_sf8|Component_108|Rubber
109_sf8|Component_109|Marble
110_sf8|Component_110|Wool
111_sf8|Component_111|Silk
112_sf8|Component_112|Linen
113_sf8|Component_113|Leather
114_sf8|Component_114|Rubber
115_sf8|Component_115|Copper
116_sf8|Component_116|Linen
117_sf8|Component_117|Cotton
118_sf8|Component_118|Leather
119_sf8|Component_119|Concrete
120_sf8|Component_120|Titânio
121_sf8|Component_121|Silk
122_sf8|Component_122|Cotton
123_sf8|Component_123|Silk
124_sf8|Component_124|Wooden
125_sf8|Component_125|Iron
126_sf8|Component_126|Marble
127_sf8|Component_127|Rubber
128_sf8|Component_128|Iron
129_sf8|Component_129|Rubber
130_sf8|Component_130|Marble
131_sf8|Component_131|Copper
132_sf8|Component_132|Iron
133_sf8|Component_133|Concrete
134_sf8|Component_134|Iron
135_sf8|Component_135|Titânio
136_sf8|Component_136|Iron
137_sf8|Component_137|Bronze
138_sf8|Component_138|Marble
139_sf8|Component_139|Silk
140_sf8|Component_140|Leather
141_sf8|Component_141|Paper
142_sf8|Component_142|Marble
143_sf8|Component_143|Leather
144_sf8|Component_144|Cotton
145_sf8|Component_145|Rubber
146_sf8|Component_146|Granite
147_sf8|Component_147|Plastic
148_sf8|Component_148|Paper
149_sf8|Component_149|Marble
150_sf8|Component_150|Titânio
151_sf8|Component_151|Steel
152_sf8|Component_152|Marble
153_sf8|Component_153|Rubber
154_sf8|Component_154|Paper
155_sf8|Component_155|Cotton
156_sf8|Component_156|Copper
157_sf8|Component_157|Wool
158_sf8|Component_158|Bronze
159_sf8|Component_159|Marble
160_sf8|Component_160|Rubber
161_sf8|Component_161|Rubber
162_sf8|Component_162|Linen
163_sf8|Component_163|Paper
164_sf8|Component_164|Steel
165_sf8|Component_165|Titânio
166_sf8|Component_166|Paper
167_sf8|Component_167|Wool
168_sf8|Component_168|Leather
169_sf8|Component_169|Marble
170_sf8|Component_170|Wooden
171_sf8|Component_171|Silk
172_sf8|Component_172|Paper
173_sf8|Component_173|Bronze
174_sf8|Component_174|Copper
175_sf8|Component_175|Concrete
176_sf8|Component_176|Plastic
177_sf8|Component_177|Bronze
178_sf8|Component_178|Granite
179_sf8|Component_179|Steel
180_sf8|Component_180|Titânio
181_sf8|Component_181|Iron
182_sf8|Component_182|Steel
183_sf8|Component_183|Paper
184_sf8|Component_184|Paper
185_sf8|Component_185|Cotton
186_sf8|Component_186|Leather
187_sf8|Component_187|Paper
188_sf8|Component_188|Granite
189_sf8|Component_189|Aluminum
190_sf8|Component_190|Copper
191_sf8|Component_191|Rubber
192_sf8|Component_192|Cotton
193_sf8|Component_193|Leather
194_sf8|Component_194|Linen
195_sf8|Component_195|Titânio
196_sf8|Component_196|Steel
197_sf8|Component_197|Linen
198_sf8|Component_198|Iron
199_sf8|Component_199|Leather
200_sf8|Component_200|Leather
201_sf8|Component_201|Wooden
202_sf8|Component_202|Plastic
203_sf8|Component_203|Aluminum
204_sf8|Component_204|Linen
205_sf8|Component_205|Wool
206_sf8|Component_206|Wool
207_sf8|Component_207|Concrete
208_sf8|Component_208|Bronze
209_sf8|Component_209|Iron
210_sf8|Component_210|Titânio
211_sf8|Component_211|Wool
212_sf8|Component_212|Cotton
213_sf8|Component_213|Concrete
214_sf8|Component_214|Iron
215_sf8|Component_215|Iron
216_sf8|Component_216|Marble
217_sf8|Component_217|Steel
218_sf8|Component_218|Bronze
219_sf8|Component_219|Copper
220_sf8|Component_220|Linen
221_sf8|Component_221|Granite
222_sf8|Component_222|Cotton
223_sf8|Component_223|Rubber
224_sf8|Component_224|Marble
225_sf8|Component_225|Titânio
226_sf8|Component_226|Wool
227_sf8|Component_227|Iron
228_sf8|Component_228|Wool
229_sf8|Component_229|Cotton
230_sf8|Component_230|Silk
231_sf8|Component_231|Silk
232_sf8|Component_232|Cotton
233_sf8|Component_233|Wool
234_sf8|Component_234|Iron
235_sf8|Component_235|Aluminum
236_sf8|Component_236|Concrete
237_sf8|Component_237|Steel
238_sf8|Component_238|Steel
239_sf8|Component_239|Silk
240_sf8|Component_240|Titânio
241_sf8|Component_241|Rubber
242_sf8|Component_242|Iron
243_sf8|Component_243|Wool
244_sf8|Component_244|Wooden
245_sf8|Component_245|Plastic
246_sf8|Component_246|Wool
247_sf8|Component_247|Paper
248_sf8|Component_248|Iron
249_sf8|Component_249|Paper
250_sf8|Component_250|Plastic
251_sf8|Component_251|Wool
252_sf8|Component_252|Granite
253_sf8|Component_253|Leather
254_sf8|Component_254|Leather
255_sf8|Component_255|Titânio
256_sf8|Component_256|Copper
257_sf8|Component_257|Steel
258_sf8|Component_258|Plastic
259_sf8|Component_259|Steel
260_sf8|Component_260|Linen
261_sf8|Component_261|Silk
262_sf8|Component_262|Linen
263_sf8|Component_263|Paper
264_sf8|Component_264|Silk
265_sf8|Component_265|Rubber
266_sf8|Component_266|Iron
267_sf8|Component_267|Steel
268_sf8|Component_268|Iron
269_sf8|Component_269|Paper
270_sf8|Component_270|Titânio
271_sf8|Component_271|Marble
272_sf8|Component_272|Paper
273_sf8|Component_273|Concrete
274_sf8|Component_274|Silk
275_sf8|Component_275|Wooden
276_sf8|Component_276|Wool
277_sf8|Component_277|Wooden
278_sf8|Component_278|Bronze
279_sf8|Component_279|Iron
280_sf8|Component_280|Iron
281_sf8|Component_281|Bronze
282_sf8|Component_282|Bronze
283_sf8|Component_283|Paper
284_sf8|Component_284|Paper
285_sf8|Component_285|Titânio
286_sf8|Component_286|Leather
287_sf8|Component_287|Wooden
288_sf8|Component_288|Linen
289_sf8|Component_289|Wool
290_sf8|Component_290|Steel
291_sf8|Component_291|Cotton
292_sf8|Component_292|Granite
293_sf8|Component_293|Plastic
294_sf8|Component_294|Steel
295_sf8|Component_295|Bronze
296_sf8|Component_296|Steel
297_sf8|Component_297|Wool
298_sf8|Component_298|Rubber
299_sf8|Component_299|Wooden
300_sf8|Component_300|Titânio
301_sf8|Component_301|Wooden
302_sf8|Component_302|Granite
303_sf8|Component_303|Wooden
304_sf8|Component_304|Copper
305_sf8|Component_305|Silk
306_sf8|Component_306|Concrete
307_sf8|Component_307|Wooden
308_sf8|Component_308|Granite
309_sf8|Component_309|Leather
310_sf8|Component_310|Silk
311_sf8|Component_311|Steel
312_sf8|Component_312|Marble
313_sf8|Component_313|Iron
314_sf8|Component_314|Rubber
315_sf8|Component_315|Titânio
316_sf8|Component_316|Silk
317_sf8|Component_317|Linen
318_sf8|Component_318|Cotton
319_sf8|Component_319|Rubber
320_sf8|Component_320|Plastic
321_sf8|Component_321|Concrete
322_sf8|Component_322|Aluminum
323_sf8|Component_323|Paper
324_sf8|Component_324|Silk
325_sf8|Component_325|Wool
326_sf8|Component_326|Granite
327_sf8|Component_327|Linen
328_sf8|Component_328|Granite
329_sf8|Component_329|Plastic
330_sf8|Component_330|Titânio
331_sf8|Component_331|Bronze
332_sf8|Component_332|Aluminum
333_sf8|Component_333|Bronze
334_sf8|Component_334|Iron
335_sf8|Component_335|Iron
336_sf8|Component_336|Steel
337_sf8|Component_337|Copper
338_sf8|Component_338|Copper
339_sf8|Component_339|Concrete
340_sf8|Component_340|Granite
341_sf8|Component_341|Paper
342_sf8|Component_342|Granite
343_sf8|Component_343|Aluminum
344_sf8|Component_344|Wooden
345_sf8|Component_345|Titânio
346_sf8|Component_346|Cotton
347_sf8|Component_347|Aluminum
348_sf8|Component_348|Concrete
349_sf8|Component_349|Cotton
350_sf8|Component_350|Concrete
351_sf8|Component_351|Granite
352_sf8|Component_352|Paper
353_sf8|Component_353|Bronze
354_sf8|Component_354|Leather
355_sf8|Component_355|Plastic
356_sf8|Component_356|Granite
357_sf8|Component_357|Marble
358_sf8|Component_358|Aluminum
359_sf8|Component_359|Steel
360_sf8|Component_360|Titânio
361_sf8|Component_361|Iron
362_sf8|Component_362|Granite
363_sf8|Component_363|Iron
364_sf8|Component_364|Steel
365_sf8|Component_365|Cotton
366_sf8|Component_366|Cotton
367_sf8|Component_367|Rubber
368_sf8|Component_368|Silk
369_sf8|Component_369|Concrete
370_sf8|Component_370|Linen
371_sf8|Component_371|Granite
372_sf8|Component_372|Rubber
373_sf8|Component_373|Paper
374_sf8|Component_374|Steel
375_sf8|Component_375|Titânio
376_sf8|Component_376|Silk
377_sf8|Component_377|Rubber
378_sf8|Component_378|Wooden
379_sf8|Component_379|Granite
380_sf8|Component_380|Cotton
381_sf8|Component_381|Aluminum
382_sf8|Component_382|Silk
383_sf8|Component_383|Silk
384_sf8|Component_384|Aluminum
385_sf8|Component_385|Cotton
386_sf8|Component_386|Rubber
387_sf8|Component_387|Marble
388_sf8|Component_388|Granite
389_sf8|Component_389|Concrete
390_sf8|Component_390|Titânio
391_sf8|Component_391|Paper
392_sf8|Component_392|Rubber
393_sf8|Component_393|Granite
394_sf8|Component_394|Rubber
395_sf8|Component_395|Iron
396_sf8|Component_396|Steel
397_sf8|Component_397|Iron
398_sf8|Component_398|Aluminum
399_sf8|Component_399|Bronze
400_sf8|Component_400|Linen
401_sf8|Component_401|Bronze
402_sf8|Component_402|Granite
403_sf8|Component_403|Wooden
404_sf8|Component_404|Steel
405_sf8|Component_405|Titânio
406_sf8|Component_406|Cotton
407_sf8|Component_407|Cotton
408_sf8|Component_408|Plastic
409_sf8|Component_409|Rubber
410_sf8|Component_410|Granite
411_sf8|Component_411|Rubber
412_sf8|Component_412|Aluminum
413_sf8|Component_413|Silk
414_sf8|Component_414|Copper
415_sf8|Component_415|Granite
416_sf8|Component_416|Aluminum
417_sf8|Component_417|Linen
418_sf8|Component_418|Concrete
419_sf8|Component_419|Linen
420_sf8|Component_420|Titânio
421_sf8|Component_421|Concrete
422_sf8|Component_422|Cotton
423_sf8|Component_423|Wool
424_sf8|Component_424|Silk
425_sf8|Component_425|Paper
426_sf8|Component_426|Concrete
427_sf8|Component_427|Wool
428_sf8|Component_428|Aluminum
429_sf8|Component_429|Rubber
430_sf8|Component_430|Copper
431_sf8|Component_431|Wooden
432_sf8|Component_432|Aluminum
433_sf8|Component_433|Cotton
434_sf8|Component_434|Silk
435_sf8|Component_435|Titânio
436_sf8|Component_436|Plastic
437_sf8|Component_437|Granite
438_sf8|Component_438|Wooden
439_sf8|Component_439|Iron
440_sf8|Component_440|Plastic
441_sf8|Component_441|Plastic
442_sf8|Component_442|Marble
443_sf8|Component_443|Granite
444_sf8|Component_444|Wool
445_sf8|Component_445|Wooden
446_sf8|Component_446|Leather
447_sf8|Component_447|Copper
448_sf8|Component_448|Marble
449_sf8|Component_449|Marble
450_sf8|Component_450|Titânio
451_sf8|Component_451|Cotton
452_sf8|Component_452|Linen
453_sf8|Component_453|Copper
454_sf8|Component_454|Iron
455_sf8|Component_455|Granite
456_sf8|Component_456|Plastic
457_sf8|Component_457|Linen
458_sf8|Component_458|Wool
459_sf8|Component_459|Iron
460_sf8|Component_460|Rubber
461_sf8|Component_461|Wool
462_sf8|Component_462|Wooden
463_sf8|Component_463|Cotton
464_sf8|Component_464|Leather
465_sf8|Component_465|Titânio
466_sf8|Component_466|Iron
467_sf8|Component_467|Linen
468_sf8|Component_468|Copper
469_sf8|Component_469|Iron
470_sf8|Component_470|Copper
471_sf8|Component_471|Leather
472_sf8|Component_472|Linen
473_sf8|Component_473|Leather
474_sf8|Component_474|Wooden
475_sf8|Component_475|Aluminum
476_sf8|Component_476|Leather
477_sf8|Component_477|Marble
478_sf8|Component_478|Granite
479_sf8|Component_479|Paper
480_sf8|Component_480|Titânio
481_sf8|Component_481|Paper
482_sf8|Component_482|Marble
483_sf8|Component_483|Concrete
484_sf8|Component_484|Copper
485_sf8|Component_485|Wool
486_sf8|Component_486|Aluminum
487_sf8|Component_487|Leather
488_sf8|Component_488|Concrete
489_sf8|Component_489|Steel
490_sf8|Component_490|Leather
491_sf8|Component_491|Cotton
492_sf8|Component_492|Linen
493_sf8|Component_493|Copper
494_sf8|Component_494|Granite
495_sf8|Component_495|Titânio
496_sf8|Component_496|Rubber
497_sf8|Component_497|Rubber
498_sf8|Component_498|Aluminum
499_sf8|Component_499|Iron
500_sf8|Component_500|Wooden
501_sf8|Component_501|Steel
502_sf8|Component_502|Wooden
503_sf8|Component_503|Copper
504_sf8|Component_504|Iron
505_sf8|Component_505|Plastic
506_sf8|Component_506|Silk
507_sf8|Component_507|Granite
508_sf8|Component_508|Iron
509_sf8|Component_509|Wool
510_sf8|Component_510|Titânio
511_sf8|Component_511|Granite
512_sf8|Component_512|Plastic
513_sf8|Component_513|Aluminum
514_sf8|Component_514|Leather
515_sf8|Component_515|Steel
516_sf8|Component_516|Bronze
517_sf8|Component_517|Iron
518_sf8|Component_518|Linen
519_sf8|Component_519|Granite
520_sf8|Component_520|Steel
521_sf8|Component_521|Plastic
522_sf8|Component_522|Paper
523_sf8|Component_523|Concrete
524_sf8|Component_524|Iron
525_sf8|Component_525|Titânio
526_sf8|Component_526|Leather
527_sf8|Component_527|Aluminum
528_sf8|Component_528|Aluminum
529_sf8|Component_529|Copper
530_sf8|Component_530|Rubber
531_sf8|Component_531|Leather
532_sf8|Component_532|Concrete
533_sf8|Component_533|Aluminum
534_sf8|Component_534|Silk
535_sf8|Component_535|Copper
536_sf8|Component_536|Wooden
537_sf8|Component_537|Granite
538_sf8|Component_538|Linen
539_sf8|Component_539|Plastic
540_sf8|Component_540|Titânio
541_sf8|Component_541|Silk
542_sf8|Component_542|Silk
543_sf8|Component_543|Marble
544_sf8|Component_544|Marble
545_sf8|Component_545|Silk
546_sf8|Component_546|Marble
547_sf8|Component_547|Plastic
548_sf8|Component_548|Iron
549_sf8|Component_549|Iron
550_sf8|Component_550|Bronze
551_sf8|Component_551|Granite
552_sf8|Component_552|Steel
553_sf8|Component_553|Rubber
554_sf8|Component_554|Copper
555_sf8|Component_555|Titânio
556_sf8|Component_556|Concrete
557_sf8|Component_557|Concrete
558_sf8|Component_558|Aluminum
559_sf8|Component_559|Leather
560_sf8|Component_560|Wool
561_sf8|Component_561|Wool
562_sf8|Component_562|Paper
563_sf8|Component_563|Cotton
564_sf8|Component_564|Steel
565_sf8|Component_565|Wool
566_sf8|Component_566|Concrete
567_sf8|Component_567|Concrete
568_sf8|Component_568|Bronze
569_sf8|Component_569|Steel
570_sf8|Component_570|Titânio
571_sf8|Component_571|Copper
572_sf8|Component_572|Copper
573_sf8|Component_573|Bronze
574_sf8|Component_574|Silk
575_sf8|Component_575|Cotton
576_sf8|Component_576|Aluminum
577_sf8|Component_577|Aluminum
578_sf8|Component_578|Cotton
579_sf8|Component_579|Paper
580_sf8|Component_580|Wool
581_sf8|Component_581|Wooden
582_sf8|Component_582|Marble
583_sf8|Component_583|Paper
584_sf8|Component_584|Marble
585_sf8|Component_585|Titânio
586_sf8|Component_586|Granite
587_sf8|Component_587|Plastic
588_sf8|Component_588|Concrete
589_sf8|Component_589|Wooden
590_sf8|Component_590|Copper
591_sf8|Component_591|Steel
592_sf8|Component_592|Silk
593_sf8|Component_593|Cotton
594_sf8|Component_594|Wool
595_sf8|Component_595|Silk
596_sf8|Component_596|Aluminum
597_sf8|Component_597|Linen
598_sf8|Component_598|Concrete
599_sf8|Component_599|Bronze
600_sf8|Component_600|Titânio
601_sf8|Component_601|Rubber
602_sf8|Component_602|Linen
603_sf8|Component_603|Silk
604_sf8|Component_604|Linen
605_sf8|Component_605|Silk
606_sf8|Component_606|Paper
607_sf8|Component_607|Plastic
608_sf8|Component_608|Plastic
609_sf8|Component_609|Plastic
610_sf8|Component_610|Iron
611_sf8|Component_611|Silk
612_sf8|Component_612|Steel
613_sf8|Component_613|Marble
614_sf8|Component_614|Steel
615_sf8|Component_615|Titânio
616_sf8|Component_616|Concrete
617_sf8|Component_617|Concrete
618_sf8|Component_618|Silk
619_sf8|Component_619|Rubber
620_sf8|Component_620|Rubber
621_sf8|Component_621|Bronze
622_sf8|Component_622|Iron
623_sf8|Component_623|Cotton
624_sf8|Component_624|Iron
625_sf8|Component_625|Wool
626_sf8|Component_626|Plastic
627_sf8|Component_627|Leather
628_sf8|Component_628|Bronze
629_sf8|Component_629|Plastic
630_sf8|Component_630|Titânio
631_sf8|Component_631|Aluminum
632_sf8|Component_632|Rubber
633_sf8|Component_633|Paper
634_sf8|Component_634|Silk
635_sf8|Component_635|Cotton
636_sf8|Component_636|Rubber
637_sf8|Component_637|Concrete
638_sf8|Component_638|Marble
639_sf8|Component_639|Linen
640_sf8|Component_640|Iron
641_sf8|Component_641|Bronze
642_sf8|Component_642|Aluminum
643_sf8|Component_643|Marble
644_sf8|Component_644|Plastic
645_sf8|Component_645|Titânio
646_sf8|Component_646|Marble
647_sf8|Component_647|Iron
648_sf8|Component_648|Silk
649_sf8|Component_649|Plastic
650_sf8|Component_650|Granite
651_sf8|Component_651|Concrete
652_sf8|Component_652|Copper
653_sf8|Component_653|Steel
654_sf8|Component_654|Rubber
655_sf8|Component_655|Bronze
656_sf8|Component_656|Plastic
657_sf8|Component_657|Leather
658_sf8|Component_658|Aluminum
659_sf8|Component_659|Copper
660_sf8|Component_660|Titânio
661_sf8|Component_661|Bronze
662_sf8|Component_662|Silk
663_sf8|Component_663|Silk
664_sf8|Component_664|Wool
665_sf8|Component_665|Silk
666_sf8|Component_666|Cotton
667_sf8|Component_667|Marble
668_sf8|Component_668|Cotton
669_sf8|Component_669|Iron
670_sf8|Component_670|Iron
671_sf8|Component_671|Granite
672_sf8|Component_672|Steel
673_sf8|Component_673|Granite
674_sf8|Component_674|Iron
675_sf8|Component_675|Titânio
676_sf8|Component_676|Rubber
677_sf8|Component_677|Aluminum
678_sf8|Component_678|Cotton
679_sf8|Component_679|Wool
680_sf8|Component_680|Copper
681_sf8|Component_681|Marble
682_sf8|Component_682|Plastic
683_sf8|Component_683|Plastic
684_sf8|Component_684|Bronze
685_sf8|Component_685|Wooden
686_sf8|Component_686|Rubber
687_sf8|Component_687|Copper
688_sf8|Component_688|Steel
689_sf8|Component_689|Steel
690_sf8|Component_690|Titânio
691_sf8|Component_691|Silk
692_sf8|Component_692|Copper
693_sf8|Component_693|Plastic
694_sf8|Component_694|Copper
695_sf8|Component_695|Silk
696_sf8|Component_696|Aluminum
697_sf8|Component_697|Concrete
698_sf8|Component_698|Rubber
699_sf8|Component_699|Concrete
700_sf8|Component_700|Linen
701_sf8|Component_701|Granite
702_sf8|Component_702|Leather
703_sf8|Component_703|Silk
704_sf8|Component_704|Wooden
705_sf8|Component_705|Titânio
706_sf8|Component_706|Wooden
707_sf8|Component_707|Rubber
708_sf8|Component_708|Silk
709_sf8|Component_709|Iron
710_sf8|Component_710|Copper
711_sf8|Component_711|Marble
712_sf8|Component_712|Rubber
713_sf8|Component_713|Aluminum
714_sf8|Component_714|Bronze
715_sf8|Component_715|Plastic
716_sf8|Component_716|Aluminum
717_sf8|Component_717|Cotton
718_sf8|Component_718|Linen
719_sf8|Component_719|Concrete
720_sf8|Component_720|Titânio
721_sf8|Component_721|Granite
722_sf8|Component_722|Granite
723_sf8|Component_723|Wooden
724_sf8|Component_724|Wooden
725_sf8|Component_725|Linen
726_sf8|Component_726|Wool
727_sf8|Component_727|Aluminum
728_sf8|Component_728|Silk
729_sf8|Component_729|Iron
730_sf8|Component_730|Marble
731_sf8|Component_731|Rubber
732_sf8|Component_732|Leather
733_sf8|Component_733|Steel
734_sf8|Component_734|Paper
735_sf8|Component_735|Titânio
736_sf8|Component_736|Plastic
737_sf8|Component_737|Steel
738_sf8|Component_738|Granite
739_sf8|Component_739|Granite
740_sf8|Component_740|Iron
741_sf8|Component_741|Leather
742_sf8|Component_742|Cotton
743_sf8|Component_743|Bronze
744_sf8|Component_744|Bronze
745_sf8|Component_745|Granite
746_sf8|Component_746|Paper
747_sf8|Component_747|Marble
748_sf8|Component_748|Iron
749_sf8|Component_749|Iron
750_sf8|Component_750|Titânio
751_sf8|Component_751|Aluminum
752_sf8|Component_752|Wooden
753_sf8|Component_753|Wool
754_sf8|Component_754|Granite
755_sf8|Component_755|Bronze
756_sf8|Component_756|Silk
757_sf8|Component_757|Plastic
758_sf8|Component_758|Wooden
759_sf8|Component_759|Plastic
760_sf8|Component_760|Copper
761_sf8|Component_761|Linen
762_sf8|Component_762|Paper
763_sf8|Component_763|Marble
764_sf8|Component_764|Leather
765_sf8|Component_765|Titânio
766_sf8|Component_766|Cotton
767_sf8|Component_767|Paper
768_sf8|Component_768|Concrete
769_sf8|Component_769|Linen
770_sf8|Component_770|Iron
771_sf8|Component_771|Marble
772_sf8|Component_772|Marble
773_sf8|Component_773|Iron
774_sf8|Component_774|Rubber
775_sf8|Component_775|Leather
776_sf8|Component_776|Linen
777_sf8|Component_777|Copper
778_sf8|Component_778|Wool
779_sf8|Component_779|Aluminum
780_sf8|Component_780|Titânio
781_sf8|Component_781|Wooden
782_sf8|Component_782|Copper
783_sf8|Component_783|Marble
784_sf8|Component_784|Plastic
785_sf8|Component_785|Steel
786_sf8|Component_786|Wooden
787_sf8|Component_787|Concrete
788_sf8|Component_788|Plastic
789_sf8|Component_789|Concrete
790_sf8|Component_790|Wool
791_sf8|Component_791|Rubber
792_sf8|Component_792|Linen
793_sf8|Component_793|Linen
794_sf8|Component_794|Iron
795_sf8|Component_795|Titânio
796_sf8|Component_796|Cotton
797_sf8|Component_797|Aluminum
798_sf8|Component_798|Wooden
799_sf8|Component_799|Rubber
800_sf8|Component_800|Marble
801_sf8|Component_801|Cotton
802_sf8|Component_802|Wool
803_sf8|Component_803|Copper
804_sf8|Component_804|Silk
805_sf8|Component_805|Copper
806_sf8|Component_806|Steel
807_sf8|Component_807|Aluminum
808_sf8|Component_808|Silk
809_sf8|Component_809|Leather
810_sf8|Component_810|Titânio
811_sf8|Component_811|Granite
812_sf8|Component_812|Marble
813_sf8|Component_813|Wooden
814_sf8|Component_814|Marble
815_sf8|Component_815|Marble
816_sf8|Component_816|Silk
817_sf8|Component_817|Steel
818_sf8|Component_818|Wool
819_sf8|Component_819|Granite
820_sf8|Component_820|Wool
821_sf8|Component_821|Paper
822_sf8|Component_822|Bronze
823_sf8|Component_823|Concrete
824_sf8|Component_824|Copper
825_sf8|Component_825|Titânio
826_sf8|Component_826|Leather
827_sf8|Component_827|Copper
828_sf8|Component_828|Cotton
829_sf8|Component_829|Marble
830_sf8|Component_830|Plastic
831_sf8|Component_831|Granite
832_sf8|Component_832|Wool
833_sf8|Component_833|Cotton
834_sf8|Component_834|Linen
835_sf8|Component_835|Steel
836_sf8|Component_836|Cotton
837_sf8|Component_837|Concrete
838_sf8|Component_838|Paper
839_sf8|Component_839|Marble
840_sf8|Component_840|Titânio
841_sf8|Component_841|Cotton
842_sf8|Component_842|Rubber
843_sf8|Component_843|Wooden
844_sf8|Component_844|Wooden
845_sf8|Component_845|Iron
846_sf8|Component_846|Steel
847_sf8|Component_847|Rubber
848_sf8|Component_848|Cotton
849_sf8|Component_849|Wool
850_sf8|Component_850|Wooden
851_sf8|Component_851|Wool
852_sf8|Component_852|Plastic
853_sf8|Component_853|Marble
854_sf8|Component_854|Aluminum
855_sf8|Component_855|Titânio
856_sf8|Component_856|Concrete
857_sf8|Component_857|Cotton
858_sf8|Component_858|Copper
859_sf8|Component_859|Rubber
860_sf8|Component_860|Iron
861_sf8|Component_861|Bronze
862_sf8|Component_862|Granite
863_sf8|Component_863|Granite
864_sf8|Component_864|Wool
865_sf8|Component_865|Iron
866_sf8|Component_866|Granite
867_sf8|Component_867|Leather
868_sf8|Component_868|Bronze
869_sf8|Component_869|Plastic
870_sf8|Component_870|Titânio
871_sf8|Component_871|Wool
872_sf8|Component_872|Plastic
873_sf8|Component_873|Concrete
874_sf8|Component_874|Linen
875_sf8|Component_875|Leather
876_sf8|Component_876|Cotton
877_sf8|Component_877|Wooden
878_sf8|Component_878|Bronze
879_sf8|Component_879|Granite
880_sf8|Component_880|Concrete
881_sf8|Component_881|Leather
882_sf8|Component_882|Linen
883_sf8|Component_883|Aluminum
884_sf8|Component_884|Leather
885_sf8|Component_885|Titânio
886_sf8|Component_886|Aluminum
887_sf8|Component_887|Leather
888_sf8|Component_888|Cotton
889_sf8|Component_889|Granite
890_sf8|Component_890|Wool
891_sf8|Component_891|Wooden
892_sf8|Component_892|Rubber
893_sf8|Component_893|Iron
894_sf8|Component_894|Concrete
895_sf8|Component_895|Wooden
896_sf8|Component_896|Wooden
897_sf8|Component_897|Aluminum
898_sf8|Component_898|Bronze
899_sf8|Component_899|Cotton
900_sf8|Component_900|Titânio
901_sf8|Component_901|Rubber
902_sf8|Component_902|Linen
903_sf8|Component_903|Concrete
904_sf8|Component_904|Wool
905_sf8|Component_905|Rubber
906_sf8|Component_906|Bronze
907_sf8|Component_907|Aluminum
908_sf8|Component_908|Cotton
909_sf8|Component_909|Concrete
910_sf8|Component_910|Marble
911_sf8|Component_911|Iron
912_sf8|Component_912|Copper
913_sf8|Component_913|Marble
914_sf8|Component_914|Iron
915_sf8|Component_915|Titânio
916_sf8|Component_916|Wool
917_sf8|Component_917|Copper
918_sf8|Component_918|Marble
919_sf8|Component_919|Granite
920_sf8|Component_920|Bronze
921_sf8|Component_921|Wooden
922_sf8|Component_922|Cotton
923_sf8|Component_923|Linen
924_sf8|Component_924|Wool
925_sf8|Component_925|Iron
926_sf8|Component_926|Granite
927_sf8|Component_927|Plastic
928_sf8|Component_928|Rubber
929_sf8|Component_929|Concrete
930_sf8|Component_930|Titânio
931_sf8|Component_931|Wooden
932_sf8|Component_932|Bronze
933_sf8|Component_933|Steel
934_sf8|Component_934|Aluminum
935_sf8|Component_935|Aluminum
936_sf8|Component_936|Plastic
937_sf8|Component_937|Bronze
938_sf8|Component_938|Bronze
939_sf8|Component_939|Wool
940_sf8|Component_940|Marble
941_sf8|Component_941|Silk
942_sf8|Component_942|Aluminum
943_sf8|Component_943|Wool
944_sf8|Component_944|Bronze
945_sf8|Component_945|Titânio
946_sf8|Component_946|Bronze
947_sf8|Component_947|Aluminum
948_sf8|Component_948|Leather
949_sf8|Component_949|Copper
950_sf8|Component_950|Cotton
951_sf8|Component_951|Wool
952_sf8|Component_952|Steel
953_sf8|Component_953|Cotton
954_sf8|Component_954|Plastic
955_sf8|Component_955|Marble
956_sf8|Component_956|Plastic
957_sf8|Component_957|Iron
958_sf8|Component_958|Paper
959_sf8|Component_959|Copper
960_sf8|Component_960|Titânio
961_sf8|Component_961|Plastic
962_sf8|Component_962|Concrete
963_sf8|Component_963|Marble
964_sf8|Component_964|Leather
965_sf8|Component_965|Silk
966_sf8|Component_966|Bronze
967_sf8|Component_967|Iron
968_sf8|Component_968|Bronze
969_sf8|Component_969|Wooden
970_sf8|Component_970|Granite
971_sf8|Component_971|Marble
972_sf8|Component_972|Wool
973_sf8|Component_973|Silk
974_sf8|Component_974|Wooden
975_sf8|Component_975|Titânio
976_sf8|Component_976|Rubber
977_sf8|Component_977|Paper
978_sf8|Component_978|Concrete
979_sf8|Component_979|Rubber
980_sf8|Component_980|Silk
981_sf8|Component_981|Steel
982_sf8|Component_982|Cotton
983_sf8|Component_983|Silk
984_sf8|Component_984|Silk
985_sf8|Component_985|Silk
986_sf8|Component_986|Steel
987_sf8|Component_987|Marble
988_sf8|Component_988|Iron
989_sf8|Component_989|Wooden
990_sf8|Component_990|Titânio
991_sf8|Component_991|Cotton
992_sf8|Component_992|Aluminum
993_sf8|Component_993|Wool
994_sf8|Component_994|Cotton
995_sf8|Component_995|Linen
996_sf8|Component_996|Silk
997_sf8|Component_997|Marble
998_sf8|Component_998|Concrete
999_sf8|Component_999|Plastic
1000_sf8|Component_1000|Concrete
1001_sf8|Component_1001|Plastic
1002_sf8|Component_1002|Linen
1003_sf8|Component_1003|Iron
1004_sf8|Component_1004|Plastic
1005_sf8|Component_1005|Titânio
1006_sf8|Component_1006|Cotton
1007_sf8|Component_1007|Plastic
1008_sf8|Component_1008|Steel
1009_sf8|Component_1009|Copper
1010_sf8|Component_1010|Iron
1011_sf8|Component_1011|Bronze
1012_sf8|Component_1012|Wool
1013_sf8|Component_1013|Marble
1014_sf8|Component_1014|Concrete
1015_sf8|Component_1015|Iron
1016_sf8|Component_1016|Linen
1017_sf8|Component_1017|Cotton
1018_sf8|Component_1018|Copper
1019_sf8|Component_1019|Copper
1020_sf8|Component_1020|Titânio
1021_sf8|Component_1021|Steel
1022_sf8|Component_1022|Wool
1023_sf8|Component_1023|Granite
1024_sf8|Component_1024|Wooden
1025_sf8|Component_1025|Plastic
1026_sf8|Component_1026|Silk
1027_sf8|Component_1027|Iron
1028_sf8|Component_1028|Aluminum
1029_sf8|Component_1029|Rubber
1030_sf8|Component_1030|Leather
1031_sf8|Component_1031|Concrete
1032_sf8|Component_1032|Cotton
1033_sf8|Component_1033|Iron
1034_sf8|Component_1034|Wool
1035_sf8|Component_1035|Titânio
1036_sf8|Component_1036|Wool
1037_sf8|Component_1037|Wool
1038_sf8|Component_1038|Iron
1039_sf8|Component_1039|Marble
1040_sf8|Component_1040|Paper
1041_sf8|Component_1041|Leather
1042_sf8|Component_1042|Leather
1043_sf8|Component_1043|Leather
1044_sf8|Component_1044|Wooden
1045_sf8|Component_1045|Rubber
1046_sf8|Component_1046|Marble
1047_sf8|Component_1047|Granite
1048_sf8|Component_1048|Wooden
1049_sf8|Component_1049|Wool
1050_sf8|Component_1050|Titânio
1051_sf8|Component_1051|Paper
1052_sf8|Component_1052|Bronze
1053_sf8|Component_1053|Granite
1054_sf8|Component_1054|Steel
1055_sf8|Component_1055|Cotton
1056_sf8|Component_1056|Iron
1057_sf8|Component_1057|Steel
1058_sf8|Component_1058|Wool
1059_sf8|Component_1059|Bronze
1060_sf8|Component_1060|Wool
1061_sf8|Component_1061|Silk
1062_sf8|Component_1062|Bronze
1063_sf8|Component_1063|Copper
1064_sf8|Component_1064|Silk
1065_sf8|Component_1065|Titânio
1066_sf8|Component_1066|Plastic
1067_sf8|Component_1067|Bronze
1068_sf8|Component_1068|Granite
1069_sf8|Component_1069|Leather
1070_sf8|Component_1070|Steel
1071_sf8|Component_1071|Aluminum
1072_sf8|Component_1072|Steel
1073_sf8|Component_1073|Granite
1074_sf8|Component_1074|Iron
1075_sf8|Component_1075|Granite
1076_sf8|Component_1076|Concrete
1077_sf8|Component_1077|Rubber
1078_sf8|Component_1078|Leather
1079_sf8|Component_1079|Wooden
1080_sf8|Component_1080|Titânio
1081_sf8|Component_1081|Iron
1082_sf8|Component_1082|Steel
1083_sf8|Component_1083|Concrete
1084_sf8|Component_1084|Plastic
1085_sf8|Component_1085|Iron
1086_sf8|Component_1086|Linen
1087_sf8|Component_1087|Cotton
1088_sf8|Component_1088|Granite
1089_sf8|Component_1089|Copper
1090_sf8|Component_1090|Wooden
1091_sf8|Component_1091|Concrete
1092_sf8|Component_1092|Cotton
1093_sf8|Component_1093|Aluminum
1094_sf8|Component_1094|Cotton
1095_sf8|Component_1095|Titânio
1096_sf8|Component_1096|Linen
1097_sf8|Component_1097|Concrete
1098_sf8|Component_1098|Granite
1099_sf8|Component_1099|Aluminum
1100_sf8|Component_1100|Paper
1101_sf8|Component_1101|Aluminum
1102_sf8|Component_1102|Marble
1103_sf8|Component_1103|Wooden
1104_sf8|Component_1104|Concrete
1105_sf8|Component_1105|Wool
1106_sf8|Component_1106|Silk
1107_sf8|Component_1107|Aluminum
1108_sf8|Component_1108|Iron
1109_sf8|Component_1109|Paper
1110_sf8|Component_1110|Titânio
1111_sf8|Component_1111|Iron
1112_sf8|Component_1112|Paper
1113_sf8|Component_1113|Wool
1114_sf8|Component_1114|Wooden
1115_sf8|Component_1115|Cotton
1116_sf8|Component_1116|Linen
1117_sf8|Component_1117|Concrete
1118_sf8|Component_1118|Wool
1119_sf8|Component_1119|Wool
1120_sf8|Component_1120|Wool
1121_sf8|Component_1121|Copper
1122_sf8|Component_1122|Silk
1123_sf8|Component_1123|Paper
1124_sf8|Component_1124|Wooden
1125_sf8|Component_1125|Titânio
1126_sf8|Component_1126|Bronze
1127_sf8|Component_1127|Leather
1128_sf8|Component_1128|Wooden
1129_sf8|Component_1129|Bronze
1130_sf8|Component_1130|Granite
1131_sf8|Component_1131|Granite
1132_sf8|Component_1132|Leather
1133_sf8|Component_1133|Rubber
1134_sf8|Component_1134|Bronze
1135_sf8|Component_1135|Paper
1136_sf8|Component_1136|Granite
1137_sf8|Component_1137|Linen
1138_sf8|Component_1138|Concrete
1139_sf8|Component_1139|Wooden
1140_sf8|Component_1140|Titânio
1141_sf8|Component_1141|Bronze
1142_sf8|Component_1142|Wooden
1143_sf8|Component_1143|Silk
1144_sf8|Component_1144|Plastic
1145_sf8|Component_1145|Cotton
1146_sf8|Component_1146|Granite
1147_sf8|Component_1147|Aluminum
1148_sf8|Component_1148|Granite
1149_sf8|Component_1149|Aluminum
1150_sf8|Component_1150|Steel
1151_sf8|Component_1151|Plastic
1152_sf8|Component_1152|Aluminum
1153_sf8|Component_1153|Plastic
1154_sf8|Component_1154|Plastic
1155_sf8|Component_1155|Titânio
1156_sf8|Component_1156|Paper
1157_sf8|Component_1157|Silk
1158_sf8|Component_1158|Copper
1159_sf8|Component_1159|Bronze
1160_sf8|Component_1160|Linen
1161_sf8|Component_1161|Paper
1162_sf8|Component_1162|Iron
1163_sf8|Component_1163|Bronze
1164_sf8|Component_1164|Cotton
1165_sf8|Component_1165|Concrete
1166_sf8|Component_1166|Iron
1167_sf8|Component_1167|Aluminum
1168_sf8|Component_1168|Aluminum
1169_sf8|Component_1169|Marble
1170_sf8|Component_1170|Titânio
1171_sf8|Component_1171|Copper
1172_sf8|Component_1172|Paper
1173_sf8|Component_1173|Linen
1174_sf8|Component_1174|Plastic
1175_sf8|Component_1175|Silk
1176_sf8|Component_1176|Linen
1177_sf8|Component_1177|Rubber
1178_sf8|Component_1178|Iron
1179_sf8|Component_1179|Wooden
1180_sf8|Component_1180|Copper
1181_sf8|Component_1181|Rubber
1182_sf8|Component_1182|Marble
1183_sf8|Component_1183|Bronze
1184_sf8|Component_1184|Rubber
1185_sf8|Component_1185|Titânio
1186_sf8|Component_1186|Aluminum
1187_sf8|Component_1187|Copper
1188_sf8|Component_1188|Paper
1189_sf8|Component_1189|Bronze
1190_sf8|Component_1190|Marble
1191_sf8|Component_1191|Steel
1192_sf8|Component_1192|Bronze
1193_sf8|Component_1193|Steel
1194_sf8|Component_1194|Marble
1195_sf8|Component_1195|Aluminum
1196_sf8|Component_1196|Marble
1197_sf8|Component_1197|Wooden
1198_sf8|Component_1198|Copper
1199_sf8|Component_1199|Marble
1200_sf8|Component_1200|Titânio
1201_sf8|Component_1201|Marble
1202_sf8|Component_1202|Aluminum
1203_sf8|Component_1203|Silk
1204_sf8|Component_1204|Concrete
1205_sf8|Component_1205|Paper
1206_sf8|Component_1206|Concrete
1207_sf8|Component_1207|Paper
1208_sf8|Component_1208|Iron
1209_sf8|Component_1209|Rubber
1210_sf8|Component_1210|Wooden
1211_sf8|Component_1211|Wool
1212_sf8|Component_1212|Marble
1213_sf8|Component_1213|Concrete
1214_sf8|Component_1214|Iron
1215_sf8|Component_1215|Titânio
1216_sf8|Component_1216|Wooden
1217_sf8|Component_1217|Iron
1218_sf8|Component_1218|Aluminum
1219_sf8|Component_1219|Silk
1220_sf8|Component_1220|Wool
1221_sf8|Component_1221|Silk
1222_sf8|Component_1222|Bronze
1223_sf8|Component_1223|Granite
1224_sf8|Component_1224|Iron
1225_sf8|Component_1225|Wool
1226_sf8|Component_1226|Silk
1227_sf8|Component_1227|Aluminum
1228_sf8|Component_1228|Bronze
1229_sf8|Component_1229|Aluminum
1230_sf8|Component_1230|Titânio
1231_sf8|Component_1231|Plastic
1232_sf8|Component_1232|Linen
1233_sf8|Component_1233|Silk
1234_sf8|Component_1234|Leather
1235_sf8|Component_1235|Wooden
1236_sf8|Component_1236|Copper
1237_sf8|Component_1237|Copper
1238_sf8|Component_1238|Rubber
1239_sf8|Component_1239|Marble
1240_sf8|Component_1240|Wool
1241_sf8|Component_1241|Plastic
1242_sf8|Component_1242|Iron
1243_sf8|Component_1243|Silk
1244_sf8|Component_1244|Cotton
1245_sf8|Component_1245|Titânio
1246_sf8|Component_1246|Copper
1247_sf8|Component_1247|Bronze
1248_sf8|Component_1248|Plastic
1249_sf8|Component_1249|Plastic
1250_sf8|Component_1250|Cotton
1251_sf8|Component_1251|Iron
1252_sf8|Component_1252|Concrete
1253_sf8|Component_1253|Leather
1254_sf8|Component_1254|Paper
1255_sf8|Component_1255|Concrete
1256_sf8|Component_1256|Steel
1257_sf8|Component_1257|Wool
1258_sf8|Component_1258|Concrete
1259_sf8|Component_1259|Marble
1260_sf8|Component_1260|Titânio
1261_sf8|Component_1261|Cotton
1262_sf8|Component_1262|Silk
1263_sf8|Component_1263|Paper
1264_sf8|Component_1264|Silk
1265_sf8|Component_1265|Plastic
1266_sf8|Component_1266|Linen
1267_sf8|Component_1267|Granite
1268_sf8|Component_1268|Leather
1269_sf8|Component_1269|Silk
1270_sf8|Component_1270|Granite
1271_sf8|Component_1271|Copper
1272_sf8|Component_1272|Paper
1273_sf8|Component_1273|Iron
1274_sf8|Component_1274|Leather
1275_sf8|Component_1275|Titânio
1276_sf8|Component_1276|Iron
1277_sf8|Component_1277|Leather
1278_sf8|Component_1278|Wool
1279_sf8|Component_1279|Silk
1280_sf8|Component_1280|Rubber
1281_sf8|Component_1281|Concrete
1282_sf8|Component_1282|Rubber
1283_sf8|Component_1283|Wool
1284_sf8|Component_1284|Cotton
1285_sf8|Component_1285|Bronze
1286_sf8|Component_1286|Bronze
1287_sf8|Component_1287|Wool
1288_sf8|Component_1288|Bronze
1289_sf8|Component_1289|Copper
1290_sf8|Component_1290|Titânio
1291_sf8|Component_1291|Cotton
1292_sf8|Component_1292|Granite
1293_sf8|Component_1293|Plastic
1294_sf8|Component_1294|Wool
1295_sf8|Component_1295|Cotton
1296_sf8|Component_1296|Rubber
1297_sf8|Component_1297|Copper
1298_sf8|Component_1298|Iron
1299_sf8|Component_1299|Marble
1300_sf8|Component_1300|Rubber
1301_sf8|Component_1301|Cotton
1302_sf8|Component_1302|Paper
1303_sf8|Component_1303|Iron
1304_sf8|Component_1304|Leather
1305_sf8|Component_1305|Titânio
1306_sf8|Component_1306|Wool
1307_sf8|Component_1307|Paper
1308_sf8|Component_1308|Plastic
1309_sf8|Component_1309|Concrete
1310_sf8|Component_1310|Paper
1311_sf8|Component_1311|Wooden
1312_sf8|Component_1312|Steel
1313_sf8|Component_1313|Concrete
1314_sf8|Component_1314|Silk
1315_sf8|Component_1315|Bronze
1316_sf8|Component_1316|Granite
1317_sf8|Component_1317|Marble
1318_sf8|Component_1318|Aluminum
1319_sf8|Component_1319|Aluminum
1320_sf8|Component_1320|Titânio
1321_sf8|Component_1321|Aluminum
1322_sf8|Component_1322|Wooden
1323_sf8|Component_1323|Steel
1324_sf8|Component_1324|Silk
1325_sf8|Component_1325|Copper
1326_sf8|Component_1326|Wooden
1327_sf8|Component_1327|Rubber
1328_sf8|Component_1328|Silk
1329_sf8|Component_1329|Cotton
1330_sf8|Component_1330|Aluminum
1331_sf8|Component_1331|Wool
1332_sf8|Component_1332|Cotton
1333_sf8|Component_1333|Iron
1334_sf8|Component_1334|Wool
1335_sf8|Component_1335|Titânio
1336_sf8|Component_1336|Marble
1337_sf8|Component_1337|Silk
1338_sf8|Component_1338|Iron
1339_sf8|Component_1339|Linen
1340_sf8|Component_1340|Copper
1341_sf8|Component_1341|Silk
1342_sf8|Component_1342|Silk
1343_sf8|Component_1343|Steel
1344_sf8|Component_1344|Steel
1345_sf8|Component_1345|Plastic
1346_sf8|Component_1346|Leather
1347_sf8|Component_1347|Wooden
1348_sf8|Component_1348|Paper
1349_sf8|Component_1349|Bronze
1350_sf8|Component_1350|Titânio
1351_sf8|Component_1351|Bronze
1352_sf8|Component_1352|Plastic
1353_sf8|Component_1353|Granite
1354_sf8|Component_1354|Aluminum
1355_sf8|Component_1355|Leather
1356_sf8|Component_1356|Leather
1357_sf8|Component_1357|Rubber
1358_sf8|Component_1358|Linen
1359_sf8|Component_1359|Silk
1360_sf8|Component_1360|Concrete
1361_sf8|Component_1361|Plastic
1362_sf8|Component_1362|Steel
1363_sf8|Component_1363|Bronze
1364_sf8|Component_1364|Bronze
1365_sf8|Component_1365|Titânio
1366_sf8|Component_1366|Plastic
1367_sf8|Component_1367|Linen
1368_sf8|Component_1368|Concrete
1369_sf8|Component_1369|Plastic
1370_sf8|Component_1370|Bronze
1371_sf8|Component_1371|Silk
1372_sf8|Component_1372|Aluminum
1373_sf8|Component_1373|Cotton
1374_sf8|Component_1374|Iron
1375_sf8|Component_1375|Wooden
1376_sf8|Component_1376|Cotton
1377_sf8|Component_1377|Linen
1378_sf8|Component_1378|Aluminum
1379_sf8|Component_1379|Marble
1380_sf8|Component_1380|Titânio
1381_sf8|Component_1381|Concrete
1382_sf8|Component_1382|Bronze
1383_sf8|Component_1383|Copper
1384_sf8|Component_1384|Silk
1385_sf8|Component_1385|Cotton
1386_sf8|Component_1386|Aluminum
1387_sf8|Component_1387|Concrete
1388_sf8|Component_1388|Leather
1389_sf8|Component_1389|Aluminum
1390_sf8|Component_1390|Aluminum
1391_sf8|Component_1391|Leather
1392_sf8|Component_1392|Iron
1393_sf8|Component_1393|Silk
1394_sf8|Component_1394|Wool
1395_sf8|Component_1395|Titânio
1396_sf8|Component_1396|Leather
1397_sf8|Component_1397|Cotton
1398_sf8|Component_1398|Plastic
1399_sf8|Component_1399|Marble
1400_sf8|Component_1400|Concrete
1401_sf8|Component_1401|Aluminum
1402_sf8|Component_1402|Concrete
1403_sf8|Component_1403|Aluminum
1404_sf8|Component_1404|Wool
1405_sf8|Component_1405|Paper
1406_sf8|Component_1406|Wooden
1407_sf8|Component_1407|Granite
1408_sf8|Component_1408|Rubber
1409_sf8|Component_1409|Granite
1410_sf8|Component_1410|Titânio
1411_sf8|Component_1411|Steel
1412_sf8|Component_1412|Marble
1413_sf8|Component_1413|Granite
1414_sf8|Component_1414|Aluminum
1415_sf8|Component_1415|Plastic
1416_sf8|Component_1416|Aluminum
1417_sf8|Component_1417|Iron
1418_sf8|Component_1418|Wooden
1419_sf8|Component_1419|Rubber
1420_sf8|Component_1420|Leather
1421_sf8|Component_1421|Aluminum
1422_sf8|Component_1422|Concrete
1423_sf8|Component_1423|Rubber
1424_sf8|Component_1424|Wool
1425_sf8|Component_1425|Titânio
1426_sf8|Component_1426|Wooden
1427_sf8|Component_1427|Bronze
1428_sf8|Component_1428|Aluminum
1429_sf8|Component_1429|Aluminum
1430_sf8|Component_1430|Iron
1431_sf8|Component_1431|Aluminum
1432_sf8|Component_1432|Wooden
1433_sf8|Component_1433|Wool
1434_sf8|Component_1434|Rubber
1435_sf8|Component_1435|Aluminum
1436_sf8|Component_1436|Marble
1437_sf8|Component_1437|Concrete
1438_sf8|Component_1438|Granite
1439_sf8|Component_1439|Cotton
1440_sf8|Component_1440|Titânio
1441_sf8|Component_1441|Silk
1442_sf8|Component_1442|Wool
1443_sf8|Component_1443|Wool
1444_sf8|Component_1444|Iron
1445_sf8|Component_1445|Plastic
1446_sf8|Component_1446|Aluminum
1447_sf8|Component_1447|Rubber
1448_sf8|Component_1448|Wool
1449_sf8|Component_1449|Steel
1450_sf8|Component_1450|Wool
1451_sf8|Component_1451|Aluminum
1452_sf8|Component_1452|Wool
1453_sf8|Component_1453|Copper
1454_sf8|Component_1454|Wooden
1455_sf8|Component_1455|Titânio
1456_sf8|Component_1456|Plastic
1457_sf8|Component_1457|Rubber
1458_sf8|Component_1458|Steel
1459_sf8|Component_1459|Bronze
1460_sf8|Component_1460|Copper
1461_sf8|Component_1461|Granite
1462_sf8|Component_1462|Wool
1463_sf8|Component_1463|Wooden
1464_sf8|Component_1464|Rubber
1465_sf8|Component_1465|Paper
1466_sf8|Component_1466|Leather
1467_sf8|Component_1467|Rubber
1468_sf8|Component_1468|Wooden
1469_sf8|Component_1469|Steel
1470_sf8|Component_1470|Titânio
1471_sf8|Component_1471|Steel
1472_sf8|Component_1472|Wooden
1473_sf8|Component_1473|Silk
1474_sf8|Component_1474|Silk
1475_sf8|Component_1475|Rubber
1476_sf8|Component_1476|Plastic
1477_sf8|Component_1477|Wooden
1478_sf8|Component_1478|Concrete
1479_sf8|Component_1479|Silk
1480_sf8|Component_1480|Wooden
1481_sf8|Component_1481|Granite
1482_sf8|Component_1482|Linen
1483_sf8|Component_1483|Leather
1484_sf8|Component_1484|Copper
1485_sf8|Component_1485|Titânio
1486_sf8|Component_1486|Bronze
1487_sf8|Component_1487|Aluminum
1488_sf8|Component_1488|Bronze
1489_sf8|Component_1489|Concrete
1490_sf8|Component_1490|Bronze
1491_sf8|Component_1491|Wooden
1492_sf8|Component_1492|Iron
1493_sf8|Component_1493|Silk
1494_sf8|Component_1494|Iron
1495_sf8|Component_1495|Aluminum
1496_sf8|Component_1496|Silk
1497_sf8|Component_1497|Linen
1498_sf8|Component_1498|Cotton
1499_sf8|Component_1499|Aluminum
1500_sf8|Component_1500|Titânio
1501_sf8|Component_1501|Concrete
1502_sf8|Component_1502|Leather
1503_sf8|Component_1503|Rubber
1504_sf8|Component_1504|Cotton
1505_sf8|Component_1505|Leather
1506_sf8|Component_1506|Linen
1507_sf8|Component_1507|Cotton
1508_sf8|Component_1508|Linen
1509_sf8|Component_1509|Linen
1510_sf8|Component_1510|Leather
1511_sf8|Component_1511|Granite
1512_sf8|Component_1512|Marble
1513_sf8|Component_1513|Wooden
1514_sf8|Component_1514|Aluminum
1515_sf8|Component_1515|Titânio
1516_sf8|Component_1516|Wool
1517_sf8|Component_1517|Plastic
1518_sf8|Component_1518|Iron
1519_sf8|Component_1519|Marble
1520_sf8|Component_1520|Linen
1521_sf8|Component_1521|Bronze
1522_sf8|Component_1522|Wool
1523_sf8|Component_1523|Copper
1524_sf8|Component_1524|Silk
1525_sf8|Component_1525|Rubber
1526_sf8|Component_1526|Plastic
1527_sf8|Component_1527|Steel
1528_sf8|Component_1528|Bronze
1529_sf8|Component_1529|Rubber
1530_sf8|Component_1530|Titânio
1531_sf8|Component_1531|Linen
1532_sf8|Component_1532|Aluminum
1533_sf8|Component_1533|Linen
1534_sf8|Component_1534|Iron
1535_sf8|Component_1535|Wool
1536_sf8|Component_1536|Silk
1537_sf8|Component_1537|Granite
1538_sf8|Component_1538|Concrete
1539_sf8|Component_1539|Wool
1540_sf8|Component_1540|Concrete
1541_sf8|Component_1541|Granite
1542_sf8|Component_1542|Iron
1543_sf8|Component_1543|Marble
1544_sf8|Component_1544|Paper
1545_sf8|Component_1545|Titânio
1546_sf8|Component_1546|Plastic
1547_sf8|Component_1547|Wool
1548_sf8|Component_1548|Leather
1549_sf8|Component_1549|Leather
1550_sf8|Component_1550|Wool
1551_sf8|Component_1551|Paper
1552_sf8|Component_1552|Wooden
1553_sf8|Component_1553|Aluminum
1554_sf8|Component_1554|Wooden
1555_sf8|Component_1555|Cotton
1556_sf8|Component_1556|Copper
1557_sf8|Component_1557|Marble
1558_sf8|Component_1558|Iron
1559_sf8|Component_1559|Granite
1560_sf8|Component_1560|Titânio
1561_sf8|Component_1561|Wooden
1562_sf8|Component_1562|Concrete
1563_sf8|Component_1563|Plastic
1564_sf8|Component_1564|Cotton
1565_sf8|Component_1565|Wooden
1566_sf8|Component_1566|Plastic
1567_sf8|Component_1567|Iron
1568_sf8|Component_1568|Plastic
1569_sf8|Component_1569|Silk
1570_sf8|Component_1570|Bronze
1571_sf8|Component_1571|Granite
1572_sf8|Component_1572|Aluminum
1573_sf8|Component_1573|Rubber
1574_sf8|Component_1574|Copper
1575_sf8|Component_1575|Titânio
1576_sf8|Component_1576|Rubber
1577_sf8|Component_1577|Cotton
1578_sf8|Component_1578|Paper
1579_sf8|Component_1579|Copper
1580_sf8|Component_1580|Steel
1581_sf8|Component_1581|Plastic
1582_sf8|Component_1582|Linen
1583_sf8|Component_1583|Steel
1584_sf8|Component_1584|Silk
1585_sf8|Component_1585|Steel
1586_sf8|Component_1586|Leather
1587_sf8|Component_1587|Steel
1588_sf8|Component_1588|Silk
1589_sf8|Component_1589|Bronze
1590_sf8|Component_1590|Titânio
1591_sf8|Component_1591|Cotton
1592_sf8|Component_1592|Rubber
1593_sf8|Component_1593|Paper
1594_sf8|Component_1594|Steel
1595_sf8|Component_1595|Cotton
1596_sf8|Component_1596|Aluminum
1597_sf8|Component_1597|Concrete
1598_sf8|Component_1598|Wool
1599_sf8|Component_1599|Silk
1600_sf8|Component_1600|Wool
1601_sf8|Component_1601|Aluminum
1602_sf8|Component_1602|Aluminum
1603_sf8|Component_1603|Bronze
1604_sf8|Component_1604|Granite
1605_sf8|Component_1605|Titânio
1606_sf8|Component_1606|Cotton
1607_sf8|Component_1607|Linen
1608_sf8|Component_1608|Copper
1609_sf8|Component_1609|Wooden
1610_sf8|Component_1610|Marble
1611_sf8|Component_1611|Marble
1612_sf8|Component_1612|Concrete
1613_sf8|Component_1613|Marble
1614_sf8|Component_1614|Granite
1615_sf8|Component_1615|Granite
1616_sf8|Component_1616|Aluminum
1617_sf8|Component_1617|Silk
1618_sf8|Component_1618|Linen
1619_sf8|Component_1619|Marble
1620_sf8|Component_1620|Titânio
1621_sf8|Component_1621|Iron
1622_sf8|Component_1622|Cotton
1623_sf8|Component_1623|Silk
1624_sf8|Component_1624|Granite
1625_sf8|Component_1625|Cotton
1626_sf8|Component_1626|Rubber
1627_sf8|Component_1627|Plastic
1628_sf8|Component_1628|Aluminum
1629_sf8|Component_1629|Copper
1630_sf8|Component_1630|Leather
1631_sf8|Component_1631|Wooden
1632_sf8|Component_1632|Silk
1633_sf8|Component_1633|Cotton
1634_sf8|Component_1634|Wool
1635_sf8|Component_1635|Titânio
1636_sf8|Component_1636|Wooden
1637_sf8|Component_1637|Cotton
1638_sf8|Component_1638|Silk
1639_sf8|Component_1639|Marble
1640_sf8|Component_1640|Copper
1641_sf8|Component_1641|Leather
1642_sf8|Component_1642|Rubber
1643_sf8|Component_1643|Paper
1644_sf8|Component_1644|Granite
1645_sf8|Component_1645|Plastic
1646_sf8|Component_1646|Aluminum
1647_sf8|Component_1647|Concrete
1648_sf8|Component_1648|Paper
1649_sf8|Component_1649|Paper
1650_sf8|Component_1650|Titânio
1651_sf8|Component_1651|Cotton
1652_sf8|Component_1652|Paper
1653_sf8|Component_1653|Bronze
1654_sf8|Component_1654|Iron
1655_sf8|Component_1655|Plastic
1656_sf8|Component_1656|Aluminum
1657_sf8|Component_1657|Linen
1658_sf8|Component_1658|Paper
1659_sf8|Component_1659|Marble
1660_sf8|Component_1660|Linen
1661_sf8|Component_1661|Plastic
1662_sf8|Component_1662|Silk
1663_sf8|Component_1663|Copper
1664_sf8|Component_1664|Cotton
1665_sf8|Component_1665|Titânio
1666_sf8|Component_1666|Wooden
1667_sf8|Component_1667|Wooden
1668_sf8|Component_1668|Granite
1669_sf8|Component_1669|Wool
1670_sf8|Component_1670|Copper
1671_sf8|Component_1671|Aluminum
1672_sf8|Component_1672|Wool
1673_sf8|Component_1673|Copper
1674_sf8|Component_1674|Wool
1675_sf8|Component_1675|Marble
1676_sf8|Component_1676|Copper
1677_sf8|Component_1677|Iron
1678_sf8|Component_1678|Plastic
1679_sf8|Component_1679|Cotton
1680_sf8|Component_1680|Titânio
1681_sf8|Component_1681|Leather
1682_sf8|Component_1682|Steel
1683_sf8|Component_1683|Leather
1684_sf8|Component_1684|Iron
1685_sf8|Component_1685|Aluminum
1686_sf8|Component_1686|Silk
1687_sf8|Component_1687|Bronze
1688_sf8|Component_1688|Concrete
1689_sf8|Component_1689|Iron
1690_sf8|Component_1690|Aluminum
1691_sf8|Component_1691|Concrete
1692_sf8|Component_1692|Wooden
1693_sf8|Component_1693|Bronze
1694_sf8|Component_1694|Bronze
1695_sf8|Component_1695|Titânio
1696_sf8|Component_1696|Iron
1697_sf8|Component_1697|Silk
1698_sf8|Component_1698|Copper
1699_sf8|Component_1699|Bronze
1700_sf8|Component_1700|Paper
1701_sf8|Component_1701|Rubber
1702_sf8|Component_1702|Rubber
1703_sf8|Component_1703|Copper
1704_sf8|Component_1704|Plastic
1705_sf8|Component_1705|Paper
1706_sf8|Component_1706|Aluminum
1707_sf8|Component_1707|Marble
1708_sf8|Component_1708|Copper
1709_sf8|Component_1709|Leather
1710_sf8|Component_1710|Titânio
1711_sf8|Component_1711|Leather
1712_sf8|Component_1712|Cotton
1713_sf8|Component_1713|Linen
1714_sf8|Component_1714|Silk
1715_sf8|Component_1715|Linen
1716_sf8|Component_1716|Bronze
1717_sf8|Component_1717|Bronze
1718_sf8|Component_1718|Steel
1719_sf8|Component_1719|Aluminum
1720_sf8|Component_1720|Granite
1721_sf8|Component_1721|Wooden
1722_sf8|Component_1722|Concrete
1723_sf8|Component_1723|Marble
1724_sf8|Component_1724|Copper
1725_sf8|Component_1725|Titânio
1726_sf8|Component_1726|Copper
1727_sf8|Component_1727|Plastic
1728_sf8|Component_1728|Aluminum
1729_sf8|Component_1729|Wool
1730_sf8|Component_1730|Copper
1731_sf8|Component_1731|Bronze
1732_sf8|Component_1732|Copper
1733_sf8|Component_1733|Silk
1734_sf8|Component_1734|Granite
1735_sf8|Component_1735|Plastic
1736_sf8|Component_1736|Aluminum
1737_sf8|Component_1737|Silk
1738_sf8|Component_1738|Wool
1739_sf8|Component_1739|Steel
1740_sf8|Component_1740|Titânio
1741_sf8|Component_1741|Rubber
1742_sf8|Component_1742|Paper
1743_sf8|Component_1743|Paper
1744_sf8|Component_1744|Wooden
1745_sf8|Component_1745|Iron
1746_sf8|Component_1746|Leather
1747_sf8|Component_1747|Copper
1748_sf8|Component_1748|Cotton
1749_sf8|Component_1749|Plastic
1750_sf8|Component_1750|Aluminum
1751_sf8|Component_1751|Concrete
1752_sf8|Component_1752|Linen
1753_sf8|Component_1753|Aluminum
1754_sf8|Component_1754|Rubber
1755_sf8|Component_1755|Titânio
1756_sf8|Component_1756|Copper
1757_sf8|Component_1757|Bronze
1758_sf8|Component_1758|Wool
1759_sf8|Component_1759|Bronze
1760_sf8|Component_1760|Bronze
1761_sf8|Component_1761|Silk
1762_sf8|Component_1762|Linen
1763_sf8|Component_1763|Wool
1764_sf8|Component_1764|Cotton
1765_sf8|Component_1765|Cotton
1766_sf8|Component_1766|Steel
1767_sf8|Component_1767|Granite
1768_sf8|Component_1768|Linen
1769_sf8|Component_1769|Steel
1770_sf8|Component_1770|Titânio
1771_sf8|Component_1771|Steel
1772_sf8|Component_1772|Plastic
1773_sf8|Component_1773|Copper
1774_sf8|Component_1774|Plastic
1775_sf8|Component_1775|Steel
1776_sf8|Component_1776|Wool
1777_sf8|Component_1777|Aluminum
1778_sf8|Component_1778|Marble
1779_sf8|Component_1779|Leather
1780_sf8|Component_1780|Rubber
1781_sf8|Component_1781|Silk
1782_sf8|Component_1782|Rubber
1783_sf8|Component_1783|Silk
1784_sf8|Component_1784|Paper
1785_sf8|Component_1785|Titânio
1786_sf8|Component_1786|Iron
1787_sf8|Component_1787|Linen
1788_sf8|Component_1788|Aluminum
1789_sf8|Component_1789|Linen
1790_sf8|Component_1790|Steel
1791_sf8|Component_1791|Bronze
1792_sf8|Component_1792|Bronze
1793_sf8|Component_1793|Copper
1794_sf8|Component_1794|Cotton
1795_sf8|Component_1795|Plastic
1796_sf8|Component_1796|Iron
1797_sf8|Component_1797|Steel
1798_sf8|Component_1798|Granite
1799_sf8|Component_1799|Rubber
1800_sf8|Component_1800|Titânio
1801_sf8|Component_1801|Cotton
1802_sf8|Component_1802|Aluminum
1803_sf8|Component_1803|Leather
1804_sf8|Component_1804|Leather
1805_sf8|Component_1805|Copper
1806_sf8|Component_1806|Bronze
1807_sf8|Component_1807|Silk
1808_sf8|Component_1808|Bronze
1809_sf8|Component_1809|Rubber
1810_sf8|Component_1810|Paper
1811_sf8|Component_1811|Granite
1812_sf8|Component_1812|Marble
1813_sf8|Component_1813|Steel
1814_sf8|Component_1814|Concrete
1815_sf8|Component_1815|Titânio
1816_sf8|Component_1816|Leather
1817_sf8|Component_1817|Paper
1818_sf8|Component_1818|Cotton
1819_sf8|Component_1819|Linen
1820_sf8|Component_1820|Marble
1821_sf8|Component_1821|Rubber
1822_sf8|Component_1822|Paper
1823_sf8|Component_1823|Plastic
1824_sf8|Component_1824|Bronze
1825_sf8|Component_1825|Plastic
1826_sf8|Component_1826|Steel
1827_sf8|Component_1827|Steel
1828_sf8|Component_1828|Aluminum
1829_sf8|Component_1829|Wooden
1830_sf8|Component_1830|Titânio
1831_sf8|Component_1831|Aluminum
1832_sf8|Component_1832|Silk
1833_sf8|Component_1833|Aluminum
1834_sf8|Component_1834|Granite
1835_sf8|Component_1835|Copper
1836_sf8|Component_1836|Silk
1837_sf8|Component_1837|Granite
1838_sf8|Component_1838|Concrete
1839_sf8|Component_1839|Steel
1840_sf8|Component_1840|Granite
1841_sf8|Component_1841|Wool
1842_sf8|Component_1842|Wooden
1843_sf8|Component_1843|Granite
1844_sf8|Component_1844|Bronze
1845_sf8|Component_1845|Titânio
1846_sf8|Component_1846|Plastic
1847_sf8|Component_1847|Steel
1848_sf8|Component_1848|Paper
1849_sf8|Component_1849|Silk
1850_sf8|Component_1850|Copper
1851_sf8|Component_1851|Marble
1852_sf8|Component_1852|Leather
1853_sf8|Component_1853|Paper
1854_sf8|Component_1854|Granite
1855_sf8|Component_1855|Granite
1856_sf8|Component_1856|Concrete
1857_sf8|Component_1857|Cotton
1858_sf8|Component_1858|Wooden
1859_sf8|Component_1859|Wool
1860_sf8|Component_1860|Titânio
1861_sf8|Component_1861|Linen
1862_sf8|Component_1862|Copper
1863_sf8|Component_1863|Granite
1864_sf8|Component_1864|Granite
1865_sf8|Component_1865|Steel
1866_sf8|Component_1866|Wool
1867_sf8|Component_1867|Aluminum
1868_sf8|Component_1868|Concrete
1869_sf8|Component_1869|Plastic
1870_sf8|Component_1870|Iron
1871_sf8|Component_1871|Linen
1872_sf8|Component_1872|Steel
1873_sf8|Component_1873|Silk
1874_sf8|Component_1874|Leather
1875_sf8|Component_1875|Titânio
1876_sf8|Component_1876|Linen
1877_sf8|Component_1877|Wooden
1878_sf8|Component_1878|Marble
1879_sf8|Component_1879|Paper
1880_sf8|Component_1880|Iron
1881_sf8|Component_1881|Paper
1882_sf8|Component_1882|Concrete
1883_sf8|Component_1883|Linen
1884_sf8|Component_1884|Steel
1885_sf8|Component_1885|Marble
1886_sf8|Component_1886|Granite
1887_sf8|Component_1887|Linen
1888_sf8|Component_1888|Leather
1889_sf8|Component_1889|Copper
1890_sf8|Component_1890|Titânio
1891_sf8|Component_1891|Linen
1892_sf8|Component_1892|Steel
1893_sf8|Component_1893|Granite
1894_sf8|Component_1894|Wool
1895_sf8|Component_1895|Marble
1896_sf8|Component_1896|Steel
1897_sf8|Component_1897|Granite
1898_sf8|Component_1898|Linen
1899_sf8|Component_1899|Granite
1900_sf8|Component_1900|Leather
1901_sf8|Component_1901|Linen
1902_sf8|Component_1902|Cotton
1903_sf8|Component_1903|Steel
1904_sf8|Component_1904|Aluminum
1905_sf8|Component_1905|Titânio
1906_sf8|Component_1906|Linen
1907_sf8|Component_1907|Copper
1908_sf8|Component_1908|Wooden
1909_sf8|Component_1909|Linen
1910_sf8|Component_1910|Plastic
1911_sf8|Component_1911|Bronze
1912_sf8|Component_1912|Silk
1913_sf8|Component_1913|Plastic
1914_sf8|Component_1914|Linen
1915_sf8|Component_1915|Copper
1916_sf8|Component_1916|Wooden
1917_sf8|Component_1917|Marble
1918_sf8|Component_1918|Paper
1919_sf8|Component_1919|Aluminum
1920_sf8|Component_1920|Titânio
1921_sf8|Component_1921|Steel
1922_sf8|Component_1922|Wool
1923_sf8|Component_1923|Linen
1924_sf8|Component_1924|Aluminum
1925_sf8|Component_1925|Bronze
1926_sf8|Component_1926|Marble
1927_sf8|Component_1927|Steel
1928_sf8|Component_1928|Bronze
1929_sf8|Component_1929|Copper
1930_sf8|Component_1930|Wool
1931_sf8|Component_1931|Rubber
1932_sf8|Component_1932|Silk
1933_sf8|Component_1933|Aluminum
1934_sf8|Component_1934|Linen
1935_sf8|Component_1935|Titânio
1936_sf8|Component_1936|Granite
1937_sf8|Component_1937|Marble
1938_sf8|Component_1938|Wool
1939_sf8|Component_1939|Cotton
1940_sf8|Component_1940|Marble
1941_sf8|Component_1941|Granite
1942_sf8|Component_1942|Linen
1943_sf8|Component_1943|Iron
1944_sf8|Component_1944|Silk
1945_sf8|Component_1945|Iron
1946_sf8|Component_1946|Leather
1947_sf8|Component_1947|Plastic
1948_sf8|Component_1948|Paper
1949_sf8|Component_1949|Wool
1950_sf8|Component_1950|Titânio
1951_sf8|Component_1951|Leather
1952_sf8|Component_1952|Iron
1953_sf8|Component_1953|Cotton
1954_sf8|Component_1954|Wool
1955_sf8|Component_1955|Marble
1956_sf8|Component_1956|Steel
1957_sf8|Component_1957|Leather
1958_sf8|Component_1958|Silk
1959_sf8|Component_1959|Linen
1960_sf8|Component_1960|Cotton
1961_sf8|Component_1961|Cotton
1962_sf8|Component_1962|Cotton
1963_sf8|Component_1963|Concrete
1964_sf8|Component_1964|Paper
1965_sf8|Component_1965|Titânio
1966_sf8|Component_1966|Leather
1967_sf8|Component_1967|Rubber
1968_sf8|Component_1968|Cotton
1969_sf8|Component_1969|Cotton
1970_sf8|Component_1970|Leather
1971_sf8|Component_1971|Marble
1972_sf8|Component_1972|Leather
1973_sf8|Component_1973|Copper
1974_sf8|Component_1974|Granite
1975_sf8|Component_1975|Wooden
1976_sf8|Component_1976|Bronze
1977_sf8|Component_1977|Granite
1978_sf8|Component_1978|Leather
1979_sf8|Component_1979|Wool
1980_sf8|Component_1980|Titânio
1981_sf8|Component_1981|Steel
1982_sf8|Component_1982|Wool
1983_sf8|Component_1983|Bronze
1984_sf8|Component_1984|Linen
1985_sf8|Component_1985|Bronze
1986_sf8|Component_1986|Wooden
1987_sf8|Component_1987|Wooden
1988_sf8|Component_1988|Granite
1989_sf8|Component_1989|Granite
1990_sf8|Component_1990|Cotton
1991_sf8|Component_1991|Paper
1992_sf8|Component_1992|Cotton
1993_sf8|Component_1993|Granite
1994_sf8|Component_1994|Marble
1995_sf8|Component_1995|Titânio
1996_sf8|Component_1996|Leather
1997_sf8|Component_1997|Plastic
1998_sf8|Component_1998|Rubber
1999_sf8|Component_1999|Bronze
0_sf9|Component_0|Titânio
1_sf9|Component_1|Steel
2_sf9|Component_2|Plastic
3_sf9|Component_3|Steel
4_sf9|Component_4|Linen
5_sf9|Component_5|Wool
6_sf9|Component_6|Leather
7_sf9|Component_7|Steel
8_sf9|Component_8|Granite
9_sf9|Component_9|Rubber
10_sf9|Component_10|Marble
11_sf9|Component_11|Cotton
12_sf9|Component_12|Copper
13_sf9|Component_13|Copper
14_sf9|Component_14|Marble
15_sf9|Component_15|Titânio
16_sf9|Component_16|Silk
17_sf9|Component_17|Leather
18_sf9|Component_18|Bronze
19_sf9|Component_19|Silk
20_sf9|Component_20|Bronze
21_sf9|Component_21|Paper
22_sf9|Component_22|Cotton
23_sf9|Component_23|Concrete
24_sf9|Component_24|Linen
25_sf9|Component_25|Plastic
26_sf9|Component_26|Marble
27_sf9|Component_27|Granite
28_sf9|Component_28|Aluminum
29_sf9|Component_29|Wool
30_sf9|Component_30|Titânio
31_sf9|Component_31|Wooden
32_sf9|Component_32|Marble
33_sf9|Component_33|Plastic
34_sf9|Component_34|Concrete
35_sf9|Component_35|Leather
36_sf9|Component_36|Aluminum
37_sf9|Component_37|Paper
38_sf9|Component_38|Aluminum
39_sf9|Component_39|Steel
40_sf9|Component_40|Plastic
41_sf9|Component_41|Wool
42_sf9|Component_42|Aluminum
43_sf9|Component_43|Linen
44_sf9|Component_44|Rubber
45_sf9|Component_45|Titânio
46_sf9|Component_46|Paper
47_sf9|Component_47|Steel
48_sf9|Component_48|Wooden
49_sf9|Component_49|Paper
50_sf9|Component_50|Rubber
51_sf9|Component_51|Paper
52_sf9|Component_52|Bronze
53_sf9|Component_53|Linen
54_sf9|Component_54|Silk
55_sf9|Component_55|Linen
56_sf9|Component_56|Steel
57_sf9|Component_57|Plastic
58_sf9|Component_58|Linen
59_sf9|Component_59|Wool
60_sf9|Component_60|Titânio
61_sf9|Component_61|Concrete
62_sf9|Component_62|Iron
63_sf9|Component_63|Plastic
64_sf9|Component_64|Marble
65_sf9|Component_65|Iron
66_sf9|Component_66|Wooden
67_sf9|Component_67|Iron
68_sf9|Component_68|Aluminum
69_sf9|Component_69|Rubber
70_sf9|Component_70|Wooden
71_sf9|Component_71|Marble
72_sf9|Component_72|Copper
73_sf9|Component_73|Granite
74_sf9|Component_74|Cotton
75_sf9|Component_75|Titânio
76_sf9|Component_76|Plastic
77_sf9|Component_77|Rubber
78_sf9|Component_78|Concrete
79_sf9|Component_79|Linen
80_sf9|Component_80|Rubber
81_sf9|Component_81|Aluminum
82_sf9|Component_82|Aluminum
83_sf9|Component_83|Plastic
84_sf9|Component_84|Aluminum
85_sf9|Component_85|Marble
86_sf9|Component_86|Plastic
87_sf9|Component_87|Paper
88_sf9|Component_88|Wool
89_sf9|Component_89|Rubber
90_sf9|Component_90|Titânio
91_sf9|Component_91|Copper
92_sf9|Component_92|Silk
93_sf9|Component_93|Aluminum
94_sf9|Component_94|Leather
95_sf9|Component_95|Plastic
96_sf9|Component_96|Iron
97_sf9|Component_97|Plastic
98_sf9|Component_98|Plastic
99_sf9|Component_99|Copper
100_sf9|Component_100|Iron
101_sf9|Component_101|Granite
102_sf9|Component_102|Aluminum
103_sf9|Component_103|Linen
104_sf9|Component_104|Aluminum
105_sf9|Component_105|Titânio
106_sf9|Component_106|Rubber
107_sf9|Component_107|Wooden
108_sf9|Component_108|Rubber
109_sf9|Component_109|Marble
110_sf9|Component_110|Wool
111_sf9|Component_111|Silk
112_sf9|Component_112|Linen
113_sf9|Component_113|Leather
114_sf9|Component_114|Rubber
115_sf9|Component_115|Copper
116_sf9|Component_116|Linen
117_sf9|Component_117|Cotton
118_sf9|Component_118|Leather
119_sf9|Component_119|Concrete
120_sf9|Component_120|Titânio
121_sf9|Component_121|Silk
122_sf9|Component_122|Cotton
123_sf9|Component_123|Silk
124_sf9|Component_124|Wooden
125_sf9|Component_125|Iron
126_sf9|Component_126|Marble
127_sf9|Component_127|Rubber
128_sf9|Component_128|Iron
129_sf9|Component_129|Rubber
130_sf9|Component_130|Marble
131_sf9|Component_131|Copper
132_sf9|Component_132|Iron
133_sf9|Component_133|Concrete
134_sf9|Component_134|Iron
135_sf9|Component_135|Titânio
136_sf9|Component_136|Iron
137_sf9|Component_137|Bronze
138_sf9|Component_138|Marble
139_sf9|Component_139|Silk
140_sf9|Component_140|Leather
141_sf9|Component_141|Paper
142_sf9|Component_142|Marble
143_sf9|Component_143|Leather
144_sf9|Component_144|Cotton
145_sf9|Component_145|Rubber
146_sf9|Component_146|Granite
147_sf9|Component_147|Plastic
148_sf9|Component_148|Paper
149_sf9|Component_149|Marble
150_sf9|Component_150|Titânio
151_sf9|Component_151|Steel
152_sf9|Component_152|Marble
153_sf9|Component_153|Rubber
154_sf9|Component_154|Paper
155_sf9|Component_155|Cotton
156_sf9|Component_156|Copper
157_sf9|Component_157|Wool
158_sf9|Component_158|Bronze
159_sf9|Component_159|Marble
160_sf9|Component_160|Rubber
161_sf9|Component_161|Rubber
162_sf9|Component_162|Linen
163_sf9|Component_163|Paper
164_sf9|Component_164|Steel
165_sf9|Component_165|Titânio
166_sf9|Component_166|Paper
167_sf9|Component_167|Wool
168_sf9|Component_168|Leather
169_sf9|Component_169|Marble
170_sf9|Component_170|Wooden
171_sf9|Component_171|Silk
172_sf9|Component_172|Paper
173_sf9|Component_173|Bronze
174_sf9|Component_174|Copper
175_sf9|Component_175|Concrete
176_sf9|Component_176|Plastic
177_sf9|Component_177|Bronze
178_sf9|Component_178|Granite
179_sf9|Component_179|Steel
180_sf9|Component_180|Titânio
181_sf9|Component_181|Iron
182_sf9|Component_182|Steel
183_sf9|Component_183|Paper
184_sf9|Component_184|Paper
185_sf9|Component_185|Cotton
186_sf9|Component_186|Leather
187_sf9|Component_187|Paper
188_sf9|Component_188|Granite
189_sf9|Component_189|Aluminum
190_sf9|Component_190|Copper
191_sf9|Component_191|Rubber
192_sf9|Component_192|Cotton
193_sf9|Component_193|Leather
194_sf9|Component_194|Linen
195_sf9|Component_195|Titânio
196_sf9|Component_196|Steel
197_sf9|Component_197|Linen
198_sf9|Component_198|Iron
199_sf9|Component_199|Leather
200_sf9|Component_200|Leather
201_sf9|Component_201|Wooden
202_sf9|Component_202|Plastic
203_sf9|Component_203|Aluminum
204_sf9|Component_204|Linen
205_sf9|Component_205|Wool
206_sf9|Component_206|Wool
207_sf9|Component_207|Concrete
208_sf9|Component_208|Bronze
209_sf9|Component_209|Iron
210_sf9|Component_210|Titânio
211_sf9|Component_211|Wool
212_sf9|Component_212|Cotton
213_sf9|Component_213|Concrete
214_sf9|Component_214|Iron
215_sf9|Component_215|Iron
216_sf9|Component_216|Marble
217_sf9|Component_217|Steel
218_sf9|Component_218|Bronze
219_sf9|Component_219|Copper
220_sf9|Component_220|Linen
221_sf9|Component_221|Granite
222_sf9|Component_222|Cotton
223_sf9|Component_223|Rubber
224_sf9|Component_224|Marble
225_sf9|Component_225|Titânio
226_sf9|Component_226|Wool
227_sf9|Component_227|Iron
228_sf9|Component_228|Wool
229_sf9|Component_229|Cotton
230_sf9|Component_230|Silk
231_sf9|Component_231|Silk
232_sf9|Component_232|Cotton
233_sf9|Component_233|Wool
234_sf9|Component_234|Iron
235_sf9|Component_235|Aluminum
236_sf9|Component_236|Concrete
237_sf9|Component_237|Steel
238_sf9|Component_238|Steel
239_sf9|Component_239|Silk
240_sf9|Component_240|Titânio
241_sf9|Component_241|Rubber
242_sf9|Component_242|Iron
243_sf9|Component_243|Wool
244_sf9|Component_244|Wooden
245_sf9|Component_245|Plastic
246_sf9|Component_246|Wool
247_sf9|Component_247|Paper
248_sf9|Component_248|Iron
249_sf9|Component_249|Paper
250_sf9|Component_250|Plastic
251_sf9|Component_251|Wool
252_sf9|Component_252|Granite
253_sf9|Component_253|Leather
254_sf9|Component_254|Leather
255_sf9|Component_255|Titânio
256_sf9|Component_256|Copper
257_sf9|Component_257|Steel
258_sf9|Component_258|Plastic
259_sf9|Component_259|Steel
260_sf9|Component_260|Linen
261_sf9|Component_261|Silk
262_sf9|Component_262|Linen
263_sf9|Component_263|Paper
264_sf9|Component_264|Silk
265_sf9|Component_265|Rubber
266_sf9|Component_266|Iron
267_sf9|Component_267|Steel
268_sf9|Component_268|Iron
269_sf9|Component_269|Paper
270_sf9|Component_270|Titânio
271_sf9|Component_271|Marble
272_sf9|Component_272|Paper
273_sf9|Component_273|Concrete
274_sf9|Component_274|Silk
275_sf9|Component_275|Wooden
276_sf9|Component_276|Wool
277_sf9|Component_277|Wooden
278_sf9|Component_278|Bronze
279_sf9|Component_279|Iron
280_sf9|Component_280|Iron
281_sf9|Component_281|Bronze
282_sf9|Component_282|Bronze
283_sf9|Component_283|Paper
284_sf9|Component_284|Paper
285_sf9|Component_285|Titânio
286_sf9|Component_286|Leather
287_sf9|Component_287|Wooden
288_sf9|Component_288|Linen
289_sf9|Component_289|Wool
290_sf9|Component_290|Steel
291_sf9|Component_291|Cotton
292_sf9|Component_292|Granite
293_sf9|Component_293|Plastic
294_sf9|Component_294|Steel
295_sf9|Component_295|Bronze
296_sf9|Component_296|Steel
297_sf9|Component_297|Wool
298_sf9|Component_298|Rubber
299_sf9|Component_299|Wooden
300_sf9|Component_300|Titânio
301_sf9|Component_301|Wooden
302_sf9|Component_302|Granite
303_sf9|Component_303|Wooden
304_sf9|Component_304|Copper
305_sf9|Component_305|Silk
306_sf9|Component_306|Concrete
307_sf9|Component_307|Wooden
308_sf9|Component_308|Granite
309_sf9|Component_309|Leather
310_sf9|Component_310|Silk
311_sf9|Component_311|Steel
312_sf9|Component_312|Marble
313_sf9|Component_313|Iron
314_sf9|Component_314|Rubber
315_sf9|Component_315|Titânio
316_sf9|Component_316|Silk
317_sf9|Component_317|Linen
318_sf9|Component_318|Cotton
319_sf9|Component_319|Rubber
320_sf9|Component_320|Plastic
321_sf9|Component_321|Concrete
322_sf9|Component_322|Aluminum
323_sf9|Component_323|Paper
324_sf9|Component_324|Silk
325_sf9|Component_325|Wool
326_sf9|Component_326|Granite
327_sf9|Component_327|Linen
328_sf9|Component_328|Granite
329_sf9|Component_329|Plastic
330_sf9|Component_330|Titânio
331_sf9|Component_331|Bronze
332_sf9|Component_332|Aluminum
333_sf9|Component_333|Bronze
334_sf9|Component_334|Iron
335_sf9|Component_335|Iron
336_sf9|Component_336|Steel
337_sf9|Component_337|Copper
338_sf9|Component_338|Copper
339_sf9|Component_339|Concrete
340_sf9|Component_340|Granite
341_sf9|Component_341|Paper
342_sf9|Component_342|Granite
343_sf9|Component_343|Aluminum
344_sf9|Component_344|Wooden
345_sf9|Component_345|Titânio
346_sf9|Component_346|Cotton
347_sf9|Component_347|Aluminum
348_sf9|Component_348|Concrete
349_sf9|Component_349|Cotton
350_sf9|Component_350|Concrete
351_sf9|Component_351|Granite
352_sf9|Component_352|Paper
353_sf9|Component_353|Bronze
354_sf9|Component_354|Leather
355_sf9|Component_355|Plastic
356_sf9|Component_356|Granite
357_sf9|Component_357|Marble
358_sf9|Component_358|Aluminum
359_sf9|Component_359|Steel
360_sf9|Component_360|Titânio
361_sf9|Component_361|Iron
362_sf9|Component_362|Granite
363_sf9|Component_363|Iron
364_sf9|Component_364|Steel
365_sf9|Component_365|Cotton
366_sf9|Component_366|Cotton
367_sf9|Component_367|Rubber
368_sf9|Component_368|Silk
369_sf9|Component_369|Concrete
370_sf9|Component_370|Linen
371_sf9|Component_371|Granite
372_sf9|Component_372|Rubber
373_sf9|Component_373|Paper
374_sf9|Component_374|Steel
375_sf9|Component_375|Titânio
376_sf9|Component_376|Silk
377_sf9|Component_377|Rubber
378_sf9|Component_378|Wooden
379_sf9|Component_379|Granite
380_sf9|Component_380|Cotton
381_sf9|Component_381|Aluminum
382_sf9|Component_382|Silk
383_sf9|Component_383|Silk
384_sf9|Component_384|Aluminum
385_sf9|Component_385|Cotton
386_sf9|Component_386|Rubber
387_sf9|Component_387|Marble
388_sf9|Component_388|Granite
389_sf9|Component_389|Concrete
390_sf9|Component_390|Titânio
391_sf9|Component_391|Paper
392_sf9|Component_392|Rubber
393_sf9|Component_393|Granite
394_sf9|Component_394|Rubber
395_sf9|Component_395|Iron
396_sf9|Component_396|Steel
397_sf9|Component_397|Iron
398_sf9|Component_398|Aluminum
399_sf9|Component_399|Bronze
400_sf9|Component_400|Linen
401_sf9|Component_401|Bronze
402_sf9|Component_402|Granite
403_sf9|Component_403|Wooden
404_sf9|Component_404|Steel
405_sf9|Component_405|Titânio
406_sf9|Component_406|Cotton
407_sf9|Component_407|Cotton
408_sf9|Component_408|Plastic
409_sf9|Component_409|Rubber
410_sf9|Component_410|Granite
411_sf9|Component_411|Rubber
412_sf9|Component_412|Aluminum
413_sf9|Component_413|Silk
414_sf9|Component_414|Copper
415_sf9|Component_415|Granite
416_sf9|Component_416|Aluminum
417_sf9|Component_417|Linen
418_sf9|Component_418|Concrete
419_sf9|Component_419|Linen
420_sf9|Component_420|Titânio
421_sf9|Component_421|Concrete
422_sf9|Component_422|Cotton
423_sf9|Component_423|Wool
424_sf9|Component_424|Silk
425_sf9|Component_425|Paper
426_sf9|Component_426|Concrete
427_sf9|Component_427|Wool
428_sf9|Component_428|Aluminum
429_sf9|Component_429|Rubber
430_sf9|Component_430|Copper
431_sf9|Component_431|Wooden
432_sf9|Component_432|Aluminum
433_sf9|Component_433|Cotton
434_sf9|Component_434|Silk
435_sf9|Component_435|Titânio
436_sf9|Component_436|Plastic
437_sf9|Component_437|Granite
438_sf9|Component_438|Wooden
439_sf9|Component_439|Iron
440_sf9|Component_440|Plastic
441_sf9|Component_441|Plastic
442_sf9|Component_442|Marble
443_sf9|Component_443|Granite
444_sf9|Component_444|Wool
445_sf9|Component_445|Wooden
446_sf9|Component_446|Leather
447_sf9|Component_447|Copper
448_sf9|Component_448|Marble
449_sf9|Component_449|Marble
450_sf9|Component_450|Titânio
451_sf9|Component_451|Cotton
452_sf9|Component_452|Linen
453_sf9|Component_453|Copper
454_sf9|Component_454|Iron
455_sf9|Component_455|Granite
456_sf9|Component_456|Plastic
457_sf9|Component_457|Linen
458_sf9|Component_458|Wool
459_sf9|Component_459|Iron
460_sf9|Component_460|Rubber
461_sf9|Component_461|Wool
462_sf9|Component_462|Wooden
463_sf9|Component_463|Cotton
464_sf9|Component_464|Leather
465_sf9|Component_465|Titânio
466_sf9|Component_466|Iron
467_sf9|Component_467|Linen
468_sf9|Component_468|Copper
469_sf9|Component_469|Iron
470_sf9|Component_470|Copper
471_sf9|Component_471|Leather
472_sf9|Component_472|Linen
473_sf9|Component_473|Leather
474_sf9|Component_474|Wooden
475_sf9|Component_475|Aluminum
476_sf9|Component_476|Leather
477_sf9|Component_477|Marble
478_sf9|Component_478|Granite
479_sf9|Component_479|Paper
480_sf9|Component_480|Titânio
481_sf9|Component_481|Paper
482_sf9|Component_482|Marble
483_sf9|Component_483|Concrete
484_sf9|Component_484|Copper
485_sf9|Component_485|Wool
486_sf9|Component_486|Aluminum
487_sf9|Component_487|Leather
488_sf9|Component_488|Concrete
489_sf9|Component_489|Steel
490_sf9|Component_490|Leather
491_sf9|Component_491|Cotton
492_sf9|Component_492|Linen
493_sf9|Component_493|Copper
494_sf9|Component_494|Granite
495_sf9|Component_495|Titânio
496_sf9|Component_496|Rubber
497_sf9|Component_497|Rubber
498_sf9|Component_498|Aluminum
499_sf9|Component_499|Iron
500_sf9|Component_500|Wooden
501_sf9|Component_501|Steel
502_sf9|Component_502|Wooden
503_sf9|Component_503|Copper
504_sf9|Component_504|Iron
505_sf9|Component_505|Plastic
506_sf9|Component_506|Silk
507_sf9|Component_507|Granite
508_sf9|Component_508|Iron
509_sf9|Component_509|Wool
510_sf9|Component_510|Titânio
511_sf9|Component_511|Granite
512_sf9|Component_512|Plastic
513_sf9|Component_513|Aluminum
514_sf9|Component_514|Leather
515_sf9|Component_515|Steel
516_sf9|Component_516|Bronze
517_sf9|Component_517|Iron
518_sf9|Component_518|Linen
519_sf9|Component_519|Granite
520_sf9|Component_520|Steel
521_sf9|Component_521|Plastic
522_sf9|Component_522|Paper
523_sf9|Component_523|Concrete
524_sf9|Component_524|Iron
525_sf9|Component_525|Titânio
526_sf9|Component_526|Leather
527_sf9|Component_527|Aluminum
528_sf9|Component_528|Aluminum
529_sf9|Component_529|Copper
530_sf9|Component_530|Rubber
531_sf9|Component_531|Leather
532_sf9|Component_532|Concrete
533_sf9|Component_533|Aluminum
534_sf9|Component_534|Silk
535_sf9|Component_535|Copper
536_sf9|Component_536|Wooden
537_sf9|Component_537|Granite
538_sf9|Component_538|Linen
539_sf9|Component_539|Plastic
540_sf9|Component_540|Titânio
541_sf9|Component_541|Silk
542_sf9|Component_542|Silk
543_sf9|Component_543|Marble
544_sf9|Component_544|Marble
545_sf9|Component_545|Silk
546_sf9|Component_546|Marble
547_sf9|Component_547|Plastic
548_sf9|Component_548|Iron
549_sf9|Component_549|Iron
550_sf9|Component_550|Bronze
551_sf9|Component_551|Granite
552_sf9|Component_552|Steel
553_sf9|Component_553|Rubber
554_sf9|Component_554|Copper
555_sf9|Component_555|Titânio
556_sf9|Component_556|Concrete
557_sf9|Component_557|Concrete
558_sf9|Component_558|Aluminum
559_sf9|Component_559|Leather
560_sf9|Component_560|Wool
561_sf9|Component_561|Wool
562_sf9|Component_562|Paper
563_sf9|Component_563|Cotton
564_sf9|Component_564|Steel
565_sf9|Component_565|Wool
566_sf9|Component_566|Concrete
567_sf9|Component_567|Concrete
568_sf9|Component_568|Bronze
569_sf9|Component_569|Steel
570_sf9|Component_570|Titânio
571_sf9|Component_571|Copper
572_sf9|Component_572|Copper
573_sf9|Component_573|Bronze
574_sf9|Component_574|Silk
575_sf9|Component_575|Cotton
576_sf9|Component_576|Aluminum
577_sf9|Component_577|Aluminum
578_sf9|Component_578|Cotton
579_sf9|Component_579|Paper
580_sf9|Component_580|Wool
581_sf9|Component_581|Wooden
582_sf9|Component_582|Marble
583_sf9|Component_583|Paper
584_sf9|Component_584|Marble
585_sf9|Component_585|Titânio
586_sf9|Component_586|Granite
587_sf9|Component_587|Plastic
588_sf9|Component_588|Concrete
589_sf9|Component_589|Wooden
590_sf9|Component_590|Copper
591_sf9|Component_591|Steel
592_sf9|Component_592|Silk
593_sf9|Component_593|Cotton
594_sf9|Component_594|Wool
595_sf9|Component_595|Silk
596_sf9|Component_596|Aluminum
597_sf9|Component_597|Linen
598_sf9|Component_598|Concrete
599_sf9|Component_599|Bronze
600_sf9|Component_600|Titânio
601_sf9|Component_601|Rubber
602_sf9|Component_602|Linen
603_sf9|Component_603|Silk
604_sf9|Component_604|Linen
605_sf9|Component_605|Silk
606_sf9|Component_606|Paper
607_sf9|Component_607|Plastic
608_sf9|Component_608|Plastic
609_sf9|Component_609|Plastic
610_sf9|Component_610|Iron
611_sf9|Component_611|Silk
612_sf9|Component_612|Steel
613_sf9|Component_613|Marble
614_sf9|Component_614|Steel
615_sf9|Component_615|Titânio
616_sf9|Component_616|Concrete
617_sf9|Component_617|Concrete
618_sf9|Component_618|Silk
619_sf9|Component_619|Rubber
620_sf9|Component_620|Rubber
621_sf9|Component_621|Bronze
622_sf9|Component_622|Iron
623_sf9|Component_623|Cotton
624_sf9|Component_624|Iron
625_sf9|Component_625|Wool
626_sf9|Component_626|Plastic
627_sf9|Component_627|Leather
628_sf9|Component_628|Bronze
629_sf9|Component_629|Plastic
630_sf9|Component_630|Titânio
631_sf9|Component_631|Aluminum
632_sf9|Component_632|Rubber
633_sf9|Component_633|Paper
634_sf9|Component_634|Silk
635_sf9|Component_635|Cotton
636_sf9|Component_636|Rubber
637_sf9|Component_637|Concrete
638_sf9|Component_638|Marble
639_sf9|Component_639|Linen
640_sf9|Component_640|Iron
641_sf9|Component_641|Bronze
642_sf9|Component_642|Aluminum
643_sf9|Component_643|Marble
644_sf9|Component_644|Plastic
645_sf9|Component_645|Titânio
646_sf9|Component_646|Marble
647_sf9|Component_647|Iron
648_sf9|Component_648|Silk
649_sf9|Component_649|Plastic
650_sf9|Component_650|Granite
651_sf9|Component_651|Concrete
652_sf9|Component_652|Copper
653_sf9|Component_653|Steel
654_sf9|Component_654|Rubber
655_sf9|Component_655|Bronze
656_sf9|Component_656|Plastic
657_sf9|Component_657|Leather
658_sf9|Component_658|Aluminum
659_sf9|Component_659|Copper
660_sf9|Component_660|Titânio
661_sf9|Component_661|Bronze
662_sf9|Component_662|Silk
663_sf9|Component_663|Silk
664_sf9|Component_664|Wool
665_sf9|Component_665|Silk
666_sf9|Component_666|Cotton
667_sf9|Component_667|Marble
668_sf9|Component_668|Cotton
669_sf9|Component_669|Iron
670_sf9|Component_670|Iron
671_sf9|Component_671|Granite
672_sf9|Component_672|Steel
673_sf9|Component_673|Granite
674_sf9|Component_674|Iron
675_sf9|Component_675|Titânio
676_sf9|Component_676|Rubber
677_sf9|Component_677|Aluminum
678_sf9|Component_678|Cotton
679_sf9|Component_679|Wool
680_sf9|Component_680|Copper
681_sf9|Component_681|Marble
682_sf9|Component_682|Plastic
683_sf9|Component_683|Plastic
684_sf9|Component_684|Bronze
685_sf9|Component_685|Wooden
686_sf9|Component_686|Rubber
687_sf9|Component_687|Copper
688_sf9|Component_688|Steel
689_sf9|Component_689|Steel
690_sf9|Component_690|Titânio
691_sf9|Component_691|Silk
692_sf9|Component_692|Copper
693_sf9|Component_693|Plastic
694_sf9|Component_694|Copper
695_sf9|Component_695|Silk
696_sf9|Component_696|Aluminum
697_sf9|Component_697|Concrete
698_sf9|Component_698|Rubber
699_sf9|Component_699|Concrete
700_sf9|Component_700|Linen
701_sf9|Component_701|Granite
702_sf9|Component_702|Leather
703_sf9|Component_703|Silk
704_sf9|Component_704|Wooden
705_sf9|Component_705|Titânio
706_sf9|Component_706|Wooden
707_sf9|Component_707|Rubber
708_sf9|Component_708|Silk
709_sf9|Component_709|Iron
710_sf9|Component_710|Copper
711_sf9|Component_711|Marble
712_sf9|Component_712|Rubber
713_sf9|Component_713|Aluminum
714_sf9|Component_714|Bronze
715_sf9|Component_715|Plastic
716_sf9|Component_716|Aluminum
717_sf9|Component_717|Cotton
718_sf9|Component_718|Linen
719_sf9|Component_719|Concrete
720_sf9|Component_720|Titânio
721_sf9|Component_721|Granite
722_sf9|Component_722|Granite
723_sf9|Component_723|Wooden
724_sf9|Component_724|Wooden
725_sf9|Component_725|Linen
726_sf9|Component_726|Wool
727_sf9|Component_727|Aluminum
728_sf9|Component_728|Silk
729_sf9|Component_729|Iron
730_sf9|Component_730|Marble
731_sf9|Component_731|Rubber
732_sf9|Component_732|Leather
733_sf9|Component_733|Steel
734_sf9|Component_734|Paper
735_sf9|Component_735|Titânio
736_sf9|Component_736|Plastic
737_sf9|Component_737|Steel
738_sf9|Component_738|Granite
739_sf9|Component_739|Granite
740_sf9|Component_740|Iron
741_sf9|Component_741|Leather
742_sf9|Component_742|Cotton
743_sf9|Component_743|Bronze
744_sf9|Component_744|Bronze
745_sf9|Component_745|Granite
746_sf9|Component_746|Paper
747_sf9|Component_747|Marble
748_sf9|Component_748|Iron
749_sf9|Component_749|Iron
750_sf9|Component_750|Titânio
751_sf9|Component_751|Aluminum
752_sf9|Component_752|Wooden
753_sf9|Component_753|Wool
754_sf9|Component_754|Granite
755_sf9|Component_755|Bronze
756_sf9|Component_756|Silk
757_sf9|Component_757|Plastic
758_sf9|Component_758|Wooden
759_sf9|Component_759|Plastic
760_sf9|Component_760|Copper
761_sf9|Component_761|Linen
762_sf9|Component_762|Paper
763_sf9|Component_763|Marble
764_sf9|Component_764|Leather
765_sf9|Component_765|Titânio
766_sf9|Component_766|Cotton
767_sf9|Component_767|Paper
768_sf9|Component_768|Concrete
769_sf9|Component_769|Linen
770_sf9|Component_770|Iron
771_sf9|Component_771|Marble
772_sf9|Component_772|Marble
773_sf9|Component_773|Iron
774_sf9|Component_774|Rubber
775_sf9|Component_775|Leather
776_sf9|Component_776|Linen
777_sf9|Component_777|Copper
778_sf9|Component_778|Wool
779_sf9|Component_779|Aluminum
780_sf9|Component_780|Titânio
781_sf9|Component_781|Wooden
782_sf9|Component_782|Copper
783_sf9|Component_783|Marble
784_sf9|Component_784|Plastic
785_sf9|Component_785|Steel
786_sf9|Component_786|Wooden
787_sf9|Component_787|Concrete
788_sf9|Component_788|Plastic
789_sf9|Component_789|Concrete
790_sf9|Component_790|Wool
791_sf9|Component_791|Rubber
792_sf9|Component_792|Linen
793_sf9|Component_793|Linen
794_sf9|Component_794|Iron
795_sf9|Component_795|Titânio
796_sf9|Component_796|Cotton
797_sf9|Component_797|Aluminum
798_sf9|Component_798|Wooden
799_sf9|Component_799|Rubber
800_sf9|Component_800|Marble
801_sf9|Component_801|Cotton
802_sf9|Component_802|Wool
803_sf9|Component_803|Copper
804_sf9|Component_804|Silk
805_sf9|Component_805|Copper
806_sf9|Component_806|Steel
807_sf9|Component_807|Aluminum
808_sf9|Component_808|Silk
809_sf9|Component_809|Leather
810_sf9|Component_810|Titânio
811_sf9|Component_811|Granite
812_sf9|Component_812|Marble
813_sf9|Component_813|Wooden
814_sf9|Component_814|Marble
815_sf9|Component_815|Marble
816_sf9|Component_816|Silk
817_sf9|Component_817|Steel
818_sf9|Component_818|Wool
819_sf9|Component_819|Granite
820_sf9|Component_820|Wool
821_sf9|Component_821|Paper
822_sf9|Component_822|Bronze
823_sf9|Component_823|Concrete
824_sf9|Component_824|Copper
825_sf9|Component_825|Titânio
826_sf9|Component_826|Leather
827_sf9|Component_827|Copper
828_sf9|Component_828|Cotton
829_sf9|Component_829|Marble
830_sf9|Component_830|Plastic
831_sf9|Component_831|Granite
832_sf9|Component_832|Wool
833_sf9|Component_833|Cotton
834_sf9|Component_834|Linen
835_sf9|Component_835|Steel
836_sf9|Component_836|Cotton
837_sf9|Component_837|Concrete
838_sf9|Component_838|Paper
839_sf9|Component_839|Marble
840_sf9|Component_840|Titânio
841_sf9|Component_841|Cotton
842_sf9|Component_842|Rubber
843_sf9|Component_843|Wooden
844_sf9|Component_844|Wooden
845_sf9|Component_845|Iron
846_sf9|Component_846|Steel
847_sf9|Component_847|Rubber
848_sf9|Component_848|Cotton
849_sf9|Component_849|Wool
850_sf9|Component_850|Wooden
851_sf9|Component_851|Wool
852_sf9|Component_852|Plastic
853_sf9|Component_853|Marble
854_sf9|Component_854|Aluminum
855_sf9|Component_855|Titânio
856_sf9|Component_856|Concrete
857_sf9|Component_857|Cotton
858_sf9|Component_858|Copper
859_sf9|Component_859|Rubber
860_sf9|Component_860|Iron
861_sf9|Component_861|Bronze
862_sf9|Component_862|Granite
863_sf9|Component_863|Granite
864_sf9|Component_864|Wool
865_sf9|Component_865|Iron
866_sf9|Component_866|Granite
867_sf9|Component_867|Leather
868_sf9|Component_868|Bronze
869_sf9|Component_869|Plastic
870_sf9|Component_870|Titânio
871_sf9|Component_871|Wool
872_sf9|Component_872|Plastic
873_sf9|Component_873|Concrete
874_sf9|Component_874|Linen
875_sf9|Component_875|Leather
876_sf9|Component_876|Cotton
877_sf9|Component_877|Wooden
878_sf9|Component_878|Bronze
879_sf9|Component_879|Granite
880_sf9|Component_880|Concrete
881_sf9|Component_881|Leather
882_sf9|Component_882|Linen
883_sf9|Component_883|Aluminum
884_sf9|Component_884|Leather
885_sf9|Component_885|Titânio
886_sf9|Component_886|Aluminum
887_sf9|Component_887|Leather
888_sf9|Component_888|Cotton
889_sf9|Component_889|Granite
890_sf9|Component_890|Wool
891_sf9|Component_891|Wooden
892_sf9|Component_892|Rubber
893_sf9|Component_893|Iron
894_sf9|Component_894|Concrete
895_sf9|Component_895|Wooden
896_sf9|Component_896|Wooden
897_sf9|Component_897|Aluminum
898_sf9|Component_898|Bronze
899_sf9|Component_899|Cotton
900_sf9|Component_900|Titânio
901_sf9|Component_901|Rubber
902_sf9|Component_902|Linen
903_sf9|Component_903|Concrete
904_sf9|Component_904|Wool
905_sf9|Component_905|Rubber
906_sf9|Component_906|Bronze
907_sf9|Component_907|Aluminum
908_sf9|Component_908|Cotton
909_sf9|Component_909|Concrete
910_sf9|Component_910|Marble
911_sf9|Component_911|Iron
912_sf9|Component_912|Copper
913_sf9|Component_913|Marble
914_sf9|Component_914|Iron
915_sf9|Component_915|Titânio
916_sf9|Component_916|Wool
917_sf9|Component_917|Copper
918_sf9|Component_918|Marble
919_sf9|Component_919|Granite
920_sf9|Component_920|Bronze
921_sf9|Component_921|Wooden
922_sf9|Component_922|Cotton
923_sf9|Component_923|Linen
924_sf9|Component_924|Wool
925_sf9|Component_925|Iron
926_sf9|Component_926|Granite
927_sf9|Component_927|Plastic
928_sf9|Component_928|Rubber
929_sf9|Component_929|Concrete
930_sf9|Component_930|Titânio
931_sf9|Component_931|Wooden
932_sf9|Component_932|Bronze
933_sf9|Component_933|Steel
934_sf9|Component_934|Aluminum
935_sf9|Component_935|Aluminum
936_sf9|Component_936|Plastic
937_sf9|Component_937|Bronze
938_sf9|Component_938|Bronze
939_sf9|Component_939|Wool
940_sf9|Component_940|Marble
941_sf9|Component_941|Silk
942_sf9|Component_942|Aluminum
943_sf9|Component_943|Wool
944_sf9|Component_944|Bronze
945_sf9|Component_945|Titânio
946_sf9|Component_946|Bronze
947_sf9|Component_947|Aluminum
948_sf9|Component_948|Leather
949_sf9|Component_949|Copper
950_sf9|Component_950|Cotton
951_sf9|Component_951|Wool
952_sf9|Component_952|Steel
953_sf9|Component_953|Cotton
954_sf9|Component_954|Plastic
955_sf9|Component_955|Marble
956_sf9|Component_956|Plastic
957_sf9|Component_957|Iron
958_sf9|Component_958|Paper
959_sf9|Component_959|Copper
960_sf9|Component_960|Titânio
961_sf9|Component_961|Plastic
962_sf9|Component_962|Concrete
963_sf9|Component_963|Marble
964_sf9|Component_964|Leather
965_sf9|Component_965|Silk
966_sf9|Component_966|Bronze
967_sf9|Component_967|Iron
968_sf9|Component_968|Bronze
969_sf9|Component_969|Wooden
970_sf9|Component_970|Granite
971_sf9|Component_971|Marble
972_sf9|Component_972|Wool
973_sf9|Component_973|Silk
974_sf9|Component_974|Wooden
975_sf9|Component_975|Titânio
976_sf9|Component_976|Rubber
977_sf9|Component_977|Paper
978_sf9|Component_978|Concrete
979_sf9|Component_979|Rubber
980_sf9|Component_980|Silk
981_sf9|Component_981|Steel
982_sf9|Component_982|Cotton
983_sf9|Component_983|Silk
984_sf9|Component_984|Silk
985_sf9|Component_985|Silk
986_sf9|Component_986|Steel
987_sf9|Component_987|Marble
988_sf9|Component_988|Iron
989_sf9|Component_989|Wooden
990_sf9|Component_990|Titânio
991_sf9|Component_991|Cotton
992_sf9|Component_992|Aluminum
993_sf9|Component_993|Wool
994_sf9|Component_994|Cotton
995_sf9|Component_995|Linen
996_sf9|Component_996|Silk
997_sf9|Component_997|Marble
998_sf9|Component_998|Concrete
999_sf9|Component_999|Plastic
1000_sf9|Component_1000|Concrete
1001_sf9|Component_1001|Plastic
1002_sf9|Component_1002|Linen
1003_sf9|Component_1003|Iron
1004_sf9|Component_1004|Plastic
1005_sf9|Component_1005|Titânio
1006_sf9|Component_1006|Cotton
1007_sf9|Component_1007|Plastic
1008_sf9|Component_1008|Steel
1009_sf9|Component_1009|Copper
1010_sf9|Component_1010|Iron
1011_sf9|Component_1011|Bronze
1012_sf9|Component_1012|Wool
1013_sf9|Component_1013|Marble
1014_sf9|Component_1014|Concrete
1015_sf9|Component_1015|Iron
1016_sf9|Component_1016|Linen
1017_sf9|Component_1017|Cotton
1018_sf9|Component_1018|Copper
1019_sf9|Component_1019|Copper
1020_sf9|Component_1020|Titânio
1021_sf9|Component_1021|Steel
1022_sf9|Component_1022|Wool
1023_sf9|Component_1023|Granite
1024_sf9|Component_1024|Wooden
1025_sf9|Component_1025|Plastic
1026_sf9|Component_1026|Silk
1027_sf9|Component_1027|Iron
1028_sf9|Component_1028|Aluminum
1029_sf9|Component_1029|Rubber
1030_sf9|Component_1030|Leather
1031_sf9|Component_1031|Concrete
1032_sf9|Component_1032|Cotton
1033_sf9|Component_1033|Iron
1034_sf9|Component_1034|Wool
1035_sf9|Component_1035|Titânio
1036_sf9|Component_1036|Wool
1037_sf9|Component_1037|Wool
1038_sf9|Component_1038|Iron
1039_sf9|Component_1039|Marble
1040_sf9|Component_1040|Paper
1041_sf9|Component_1041|Leather
1042_sf9|Component_1042|Leather
1043_sf9|Component_1043|Leather
1044_sf9|Component_1044|Wooden
1045_sf9|Component_1045|Rubber
1046_sf9|Component_1046|Marble
1047_sf9|Component_1047|Granite
1048_sf9|Component_1048|Wooden
1049_sf9|Component_1049|Wool
1050_sf9|Component_1050|Titânio
1051_sf9|Component_1051|Paper
1052_sf9|Component_1052|Bronze
1053_sf9|Component_1053|Granite
1054_sf9|Component_1054|Steel
1055_sf9|Component_1055|Cotton
1056_sf9|Component_1056|Iron
1057_sf9|Component_1057|Steel
1058_sf9|Component_1058|Wool
1059_sf9|Component_1059|Bronze
1060_sf9|Component_1060|Wool
1061_sf9|Component_1061|Silk
1062_sf9|Component_1062|Bronze
1063_sf9|Component_1063|Copper
1064_sf9|Component_1064|Silk
1065_sf9|Component_1065|Titânio
1066_sf9|Component_1066|Plastic
1067_sf9|Component_1067|Bronze
1068_sf9|Component_1068|Granite
1069_sf9|Component_1069|Leather
1070_sf9|Component_1070|Steel
1071_sf9|Component_1071|Aluminum
1072_sf9|Component_1072|Steel
1073_sf9|Component_1073|Granite
1074_sf9|Component_1074|Iron
1075_sf9|Component_1075|Granite
1076_sf9|Component_1076|Concrete
1077_sf9|Component_1077|Rubber
1078_sf9|Component_1078|Leather
1079_sf9|Component_1079|Wooden
1080_sf9|Component_1080|Titânio
1081_sf9|Component_1081|Iron
1082_sf9|Component_1082|Steel
1083_sf9|Component_1083|Concrete
1084_sf9|Component_1084|Plastic
1085_sf9|Component_1085|Iron
1086_sf9|Component_1086|Linen
1087_sf9|Component_1087|Cotton
1088_sf9|Component_1088|Granite
1089_sf9|Component_1089|Copper
1090_sf9|Component_1090|Wooden
1091_sf9|Component_1091|Concrete
1092_sf9|Component_1092|Cotton
1093_sf9|Component_1093|Aluminum
1094_sf9|Component_1094|Cotton
1095_sf9|Component_1095|Titânio
1096_sf9|Component_1096|Linen
1097_sf9|Component_1097|Concrete
1098_sf9|Component_1098|Granite
1099_sf9|Component_1099|Aluminum
1100_sf9|Component_1100|Paper
1101_sf9|Component_1101|Aluminum
1102_sf9|Component_1102|Marble
1103_sf9|Component_1103|Wooden
1104_sf9|Component_1104|Concrete
1105_sf9|Component_1105|Wool
1106_sf9|Component_1106|Silk
1107_sf9|Component_1107|Aluminum
1108_sf9|Component_1108|Iron
1109_sf9|Component_1109|Paper
1110_sf9|Component_1110|Titânio
1111_sf9|Component_1111|Iron
1112_sf9|Component_1112|Paper
1113_sf9|Component_1113|Wool
1114_sf9|Component_1114|Wooden
1115_sf9|Component_1115|Cotton
1116_sf9|Component_1116|Linen
1117_sf9|Component_1117|Concrete
1118_sf9|Component_1118|Wool
1119_sf9|Component_1119|Wool
1120_sf9|Component_1120|Wool
1121_sf9|Component_1121|Copper
1122_sf9|Component_1122|Silk
1123_sf9|Component_1123|Paper
1124_sf9|Component_1124|Wooden
1125_sf9|Component_1125|Titânio
1126_sf9|Component_1126|Bronze
1127_sf9|Component_1127|Leather
1128_sf9|Component_1128|Wooden
1129_sf9|Component_1129|Bronze
1130_sf9|Component_1130|Granite
1131_sf9|Component_1131|Granite
1132_sf9|Component_1132|Leather
1133_sf9|Component_1133|Rubber
1134_sf9|Component_1134|Bronze
1135_sf9|Component_1135|Paper
1136_sf9|Component_1136|Granite
1137_sf9|Component_1137|Linen
1138_sf9|Component_1138|Concrete
1139_sf9|Component_1139|Wooden
1140_sf9|Component_1140|Titânio
1141_sf9|Component_1141|Bronze
1142_sf9|Component_1142|Wooden
1143_sf9|Component_1143|Silk
1144_sf9|Component_1144|Plastic
1145_sf9|Component_1145|Cotton
1146_sf9|Component_1146|Granite
1147_sf9|Component_1147|Aluminum
1148_sf9|Component_1148|Granite
1149_sf9|Component_1149|Aluminum
1150_sf9|Component_1150|Steel
1151_sf9|Component_1151|Plastic
1152_sf9|Component_1152|Aluminum
1153_sf9|Component_1153|Plastic
1154_sf9|Component_1154|Plastic
1155_sf9|Component_1155|Titânio
1156_sf9|Component_1156|Paper
1157_sf9|Component_1157|Silk
1158_sf9|Component_1158|Copper
1159_sf9|Component_1159|Bronze
1160_sf9|Component_1160|Linen
1161_sf9|Component_1161|Paper
1162_sf9|Component_1162|Iron
1163_sf9|Component_1163|Bronze
1164_sf9|Component_1164|Cotton
1165_sf9|Component_1165|Concrete
1166_sf9|Component_1166|Iron
1167_sf9|Component_1167|Aluminum
1168_sf9|Component_1168|Aluminum
1169_sf9|Component_1169|Marble
1170_sf9|Component_1170|Titânio
1171_sf9|Component_1171|Copper
1172_sf9|Component_1172|Paper
1173_sf9|Component_1173|Linen
1174_sf9|Component_1174|Plastic
1175_sf9|Component_1175|Silk
1176_sf9|Component_1176|Linen
1177_sf9|Component_1177|Rubber
1178_sf9|Component_1178|Iron
1179_sf9|Component_1179|Wooden
1180_sf9|Component_1180|Copper
1181_sf9|Component_1181|Rubber
1182_sf9|Component_1182|Marble
1183_sf9|Component_1183|Bronze
1184_sf9|Component_1184|Rubber
1185_sf9|Component_1185|Titânio
1186_sf9|Component_1186|Aluminum
1187_sf9|Component_1187|Copper
1188_sf9|Component_1188|Paper
1189_sf9|Component_1189|Bronze
1190_sf9|Component_1190|Marble
1191_sf9|Component_1191|Steel
1192_sf9|Component_1192|Bronze
1193_sf9|Component_1193|Steel
1194_sf9|Component_1194|Marble
1195_sf9|Component_1195|Aluminum
1196_sf9|Component_1196|Marble
1197_sf9|Component_1197|Wooden
1198_sf9|Component_1198|Copper
1199_sf9|Component_1199|Marble
1200_sf9|Component_1200|Titânio
1201_sf9|Component_1201|Marble
1202_sf9|Component_1202|Aluminum
1203_sf9|Component_1203|Silk
1204_sf9|Component_1204|Concrete
1205_sf9|Component_1205|Paper
1206_sf9|Component_1206|Concrete
1207_sf9|Component_1207|Paper
1208_sf9|Component_1208|Iron
1209_sf9|Component_1209|Rubber
1210_sf9|Component_1210|Wooden
1211_sf9|Component_1211|Wool
1212_sf9|Component_1212|Marble
1213_sf9|Component_1213|Concrete
1214_sf9|Component_1214|Iron
1215_sf9|Component_1215|Titânio
1216_sf9|Component_1216|Wooden
1217_sf9|Component_1217|Iron
1218_sf9|Component_1218|Aluminum
1219_sf9|Component_1219|Silk
1220_sf9|Component_1220|Wool
1221_sf9|Component_1221|Silk
1222_sf9|Component_1222|Bronze
1223_sf9|Component_1223|Granite
1224_sf9|Component_1224|Iron
1225_sf9|Component_1225|Wool
1226_sf9|Component_1226|Silk
1227_sf9|Component_1227|Aluminum
1228_sf9|Component_1228|Bronze
1229_sf9|Component_1229|Aluminum
1230_sf9|Component_1230|Titânio
1231_sf9|Component_1231|Plastic
1232_sf9|Component_1232|Linen
1233_sf9|Component_1233|Silk
1234_sf9|Component_1234|Leather
1235_sf9|Component_1235|Wooden
1236_sf9|Component_1236|Copper
1237_sf9|Component_1237|Copper
1238_sf9|Component_1238|Rubber
1239_sf9|Component_1239|Marble
1240_sf9|Component_1240|Wool
1241_sf9|Component_1241|Plastic
1242_sf9|Component_1242|Iron
1243_sf9|Component_1243|Silk
1244_sf9|Component_1244|Cotton
1245_sf9|Component_1245|Titânio
1246_sf9|Component_1246|Copper
1247_sf9|Component_1247|Bronze
1248_sf9|Component_1248|Plastic
1249_sf9|Component_1249|Plastic
1250_sf9|Component_1250|Cotton
1251_sf9|Component_1251|Iron
1252_sf9|Component_1252|Concrete
1253_sf9|Component_1253|Leather
1254_sf9|Component_1254|Paper
1255_sf9|Component_1255|Concrete
1256_sf9|Component_1256|Steel
1257_sf9|Component_1257|Wool
1258_sf9|Component_1258|Concrete
1259_sf9|Component_1259|Marble
1260_sf9|Component_1260|Titânio
1261_sf9|Component_1261|Cotton
1262_sf9|Component_1262|Silk
1263_sf9|Component_1263|Paper
1264_sf9|Component_1264|Silk
1265_sf9|Component_1265|Plastic
1266_sf9|Component_1266|Linen
1267_sf9|Component_1267|Granite
1268_sf9|Component_1268|Leather
1269_sf9|Component_1269|Silk
1270_sf9|Component_1270|Granite
1271_sf9|Component_1271|Copper
1272_sf9|Component_1272|Paper
1273_sf9|Component_1273|Iron
1274_sf9|Component_1274|Leather
1275_sf9|Component_1275|Titânio
1276_sf9|Component_1276|Iron
1277_sf9|Component_1277|Leather
1278_sf9|Component_1278|Wool
1279_sf9|Component_1279|Silk
1280_sf9|Component_1280|Rubber
1281_sf9|Component_1281|Concrete
1282_sf9|Component_1282|Rubber
1283_sf9|Component_1283|Wool
1284_sf9|Component_1284|Cotton
1285_sf9|Component_1285|Bronze
1286_sf9|Component_1286|Bronze
1287_sf9|Component_1287|Wool
1288_sf9|Component_1288|Bronze
1289_sf9|Component_1289|Copper
1290_sf9|Component_1290|Titânio
1291_sf9|Component_1291|Cotton
1292_sf9|Component_1292|Granite
1293_sf9|Component_1293|Plastic
1294_sf9|Component_1294|Wool
1295_sf9|Component_1295|Cotton
1296_sf9|Component_1296|Rubber
1297_sf9|Component_1297|Copper
1298_sf9|Component_1298|Iron
1299_sf9|Component_1299|Marble
1300_sf9|Component_1300|Rubber
1301_sf9|Component_1301|Cotton
1302_sf9|Component_1302|Paper
1303_sf9|Component_1303|Iron
1304_sf9|Component_1304|Leather
1305_sf9|Component_1305|Titânio
1306_sf9|Component_1306|Wool
1307_sf9|Component_1307|Paper
1308_sf9|Component_1308|Plastic
1309_sf9|Component_1309|Concrete
1310_sf9|Component_1310|Paper
1311_sf9|Component_1311|Wooden
1312_sf9|Component_1312|Steel
1313_sf9|Component_1313|Concrete
1314_sf9|Component_1314|Silk
1315_sf9|Component_1315|Bronze
1316_sf9|Component_1316|Granite
1317_sf9|Component_1317|Marble
1318_sf9|Component_1318|Aluminum
1319_sf9|Component_1319|Aluminum
1320_sf9|Component_1320|Titânio
1321_sf9|Component_1321|Aluminum
1322_sf9|Component_1322|Wooden
1323_sf9|Component_1323|Steel
1324_sf9|Component_1324|Silk
1325_sf9|Component_1325|Copper
1326_sf9|Component_1326|Wooden
1327_sf9|Component_1327|Rubber
1328_sf9|Component_1328|Silk
1329_sf9|Component_1329|Cotton
1330_sf9|Component_1330|Aluminum
1331_sf9|Component_1331|Wool
1332_sf9|Component_1332|Cotton
1333_sf9|Component_1333|Iron
1334_sf9|Component_1334|Wool
1335_sf9|Component_1335|Titânio
1336_sf9|Component_1336|Marble
1337_sf9|Component_1337|Silk
1338_sf9|Component_1338|Iron
1339_sf9|Component_1339|Linen
1340_sf9|Component_1340|Copper
1341_sf9|Component_1341|Silk
1342_sf9|Component_1342|Silk
1343_sf9|Component_1343|Steel
1344_sf9|Component_1344|Steel
1345_sf9|Component_1345|Plastic
1346_sf9|Component_1346|Leather
1347_sf9|Component_1347|Wooden
1348_sf9|Component_1348|Paper
1349_sf9|Component_1349|Bronze
1350_sf9|Component_1350|Titânio
1351_sf9|Component_1351|Bronze
1352_sf9|Component_1352|Plastic
1353_sf9|Component_1353|Granite
1354_sf9|Component_1354|Aluminum
1355_sf9|Component_1355|Leather
1356_sf9|Component_1356|Leather
1357_sf9|Component_1357|Rubber
1358_sf9|Component_1358|Linen
1359_sf9|Component_1359|Silk
1360_sf9|Component_1360|Concrete
1361_sf9|Component_1361|Plastic
1362_sf9|Component_1362|Steel
1363_sf9|Component_1363|Bronze
1364_sf9|Component_1364|Bronze
1365_sf9|Component_1365|Titânio
1366_sf9|Component_1366|Plastic
1367_sf9|Component_1367|Linen
1368_sf9|Component_1368|Concrete
1369_sf9|Component_1369|Plastic
1370_sf9|Component_1370|Bronze
1371_sf9|Component_1371|Silk
1372_sf9|Component_1372|Aluminum
1373_sf9|Component_1373|Cotton
1374_sf9|Component_1374|Iron
1375_sf9|Component_1375|Wooden
1376_sf9|Component_1376|Cotton
1377_sf9|Component_1377|Linen
1378_sf9|Component_1378|Aluminum
1379_sf9|Component_1379|Marble
1380_sf9|Component_1380|Titânio
1381_sf9|Component_1381|Concrete
1382_sf9|Component_1382|Bronze
1383_sf9|Component_1383|Copper
1384_sf9|Component_1384|Silk
1385_sf9|Component_1385|Cotton
1386_sf9|Component_1386|Aluminum
1387_sf9|Component_1387|Concrete
1388_sf9|Component_1388|Leather
1389_sf9|Component_1389|Aluminum
1390_sf9|Component_1390|Aluminum
1391_sf9|Component_1391|Leather
1392_sf9|Component_1392|Iron
1393_sf9|Component_1393|Silk
1394_sf9|Component_1394|Wool
1395_sf9|Component_1395|Titânio
1396_sf9|Component_1396|Leather
1397_sf9|Component_1397|Cotton
1398_sf9|Component_1398|Plastic
1399_sf9|Component_1399|Marble
1400_sf9|Component_1400|Concrete
1401_sf9|Component_1401|Aluminum
1402_sf9|Component_1402|Concrete
1403_sf9|Component_1403|Aluminum
1404_sf9|Component_1404|Wool
1405_sf9|Component_1405|Paper
1406_sf9|Component_1406|Wooden
1407_sf9|Component_1407|Granite
1408_sf9|Component_1408|Rubber
1409_sf9|Component_1409|Granite
1410_sf9|Component_1410|Titânio
1411_sf9|Component_1411|Steel
1412_sf9|Component_1412|Marble
1413_sf9|Component_1413|Granite
1414_sf9|Component_1414|Aluminum
1415_sf9|Component_1415|Plastic
1416_sf9|Component_1416|Aluminum
1417_sf9|Component_1417|Iron
1418_sf9|Component_1418|Wooden
1419_sf9|Component_1419|Rubber
1420_sf9|Component_1420|Leather
1421_sf9|Component_1421|Aluminum
1422_sf9|Component_1422|Concrete
1423_sf9|Component_1423|Rubber
1424_sf9|Component_1424|Wool
1425_sf9|Component_1425|Titânio
1426_sf9|Component_1426|Wooden
1427_sf9|Component_1427|Bronze
1428_sf9|Component_1428|Aluminum
1429_sf9|Component_1429|Aluminum
1430_sf9|Component_1430|Iron
1431_sf9|Component_1431|Aluminum
1432_sf9|Component_1432|Wooden
1433_sf9|Component_1433|Wool
1434_sf9|Component_1434|Rubber
1435_sf9|Component_1435|Aluminum
1436_sf9|Component_1436|Marble
1437_sf9|Component_1437|Concrete
1438_sf9|Component_1438|Granite
1439_sf9|Component_1439|Cotton
1440_sf9|Component_1440|Titânio
1441_sf9|Component_1441|Silk
1442_sf9|Component_1442|Wool
1443_sf9|Component_1443|Wool
1444_sf9|Component_1444|Iron
1445_sf9|Component_1445|Plastic
1446_sf9|Component_1446|Aluminum
1447_sf9|Component_1447|Rubber
1448_sf9|Component_1448|Wool
1449_sf9|Component_1449|Steel
1450_sf9|Component_1450|Wool
1451_sf9|Component_1451|Aluminum
1452_sf9|Component_1452|Wool
1453_sf9|Component_1453|Copper
1454_sf9|Component_1454|Wooden
1455_sf9|Component_1455|Titânio
1456_sf9|Component_1456|Plastic
1457_sf9|Component_1457|Rubber
1458_sf9|Component_1458|Steel
1459_sf9|Component_1459|Bronze
1460_sf9|Component_1460|Copper
1461_sf9|Component_1461|Granite
1462_sf9|Component_1462|Wool
1463_sf9|Component_1463|Wooden
1464_sf9|Component_1464|Rubber
1465_sf9|Component_1465|Paper
1466_sf9|Component_1466|Leather
1467_sf9|Component_1467|Rubber
1468_sf9|Component_1468|Wooden
1469_sf9|Component_1469|Steel
1470_sf9|Component_1470|Titânio
1471_sf9|Component_1471|Steel
1472_sf9|Component_1472|Wooden
1473_sf9|Component_1473|Silk
1474_sf9|Component_1474|Silk
1475_sf9|Component_1475|Rubber
1476_sf9|Component_1476|Plastic
1477_sf9|Component_1477|Wooden
1478_sf9|Component_1478|Concrete
1479_sf9|Component_1479|Silk
1480_sf9|Component_1480|Wooden
1481_sf9|Component_1481|Granite
1482_sf9|Component_1482|Linen
1483_sf9|Component_1483|Leather
1484_sf9|Component_1484|Copper
1485_sf9|Component_1485|Titânio
1486_sf9|Component_1486|Bronze
1487_sf9|Component_1487|Aluminum
1488_sf9|Component_1488|Bronze
1489_sf9|Component_1489|Concrete
1490_sf9|Component_1490|Bronze
1491_sf9|Component_1491|Wooden
1492_sf9|Component_1492|Iron
1493_sf9|Component_1493|Silk
1494_sf9|Component_1494|Iron
1495_sf9|Component_1495|Aluminum
1496_sf9|Component_1496|Silk
1497_sf9|Component_1497|Linen
1498_sf9|Component_1498|Cotton
1499_sf9|Component_1499|Aluminum
1500_sf9|Component_1500|Titânio
1501_sf9|Component_1501|Concrete
1502_sf9|Component_1502|Leather
1503_sf9|Component_1503|Rubber
1504_sf9|Component_1504|Cotton
1505_sf9|Component_1505|Leather
1506_sf9|Component_1506|Linen
1507_sf9|Component_1507|Cotton
1508_sf9|Component_1508|Linen
1509_sf9|Component_1509|Linen
1510_sf9|Component_1510|Leather
1511_sf9|Component_1511|Granite
1512_sf9|Component_1512|Marble
1513_sf9|Component_1513|Wooden
1514_sf9|Component_1514|Aluminum
1515_sf9|Component_1515|Titânio
1516_sf9|Component_1516|Wool
1517_sf9|Component_1517|Plastic
1518_sf9|Component_1518|Iron
1519_sf9|Component_1519|Marble
1520_sf9|Component_1520|Linen
1521_sf9|Component_1521|Bronze
1522_sf9|Component_1522|Wool
1523_sf9|Component_1523|Copper
1524_sf9|Component_1524|Silk
1525_sf9|Component_1525|Rubber
1526_sf9|Component_1526|Plastic
1527_sf9|Component_1527|Steel
1528_sf9|Component_1528|Bronze
1529_sf9|Component_1529|Rubber
1530_sf9|Component_1530|Titânio
1531_sf9|Component_1531|Linen
1532_sf9|Component_1532|Aluminum
1533_sf9|Component_1533|Linen
1534_sf9|Component_1534|Iron
1535_sf9|Component_1535|Wool
1536_sf9|Component_1536|Silk
1537_sf9|Component_1537|Granite
1538_sf9|Component_1538|Concrete
1539_sf9|Component_1539|Wool
1540_sf9|Component_1540|Concrete
1541_sf9|Component_1541|Granite
1542_sf9|Component_1542|Iron
1543_sf9|Component_1543|Marble
1544_sf9|Component_1544|Paper
1545_sf9|Component_1545|Titânio
1546_sf9|Component_1546|Plastic
1547_sf9|Component_1547|Wool
1548_sf9|Component_1548|Leather
1549_sf9|Component_1549|Leather
1550_sf9|Component_1550|Wool
1551_sf9|Component_1551|Paper
1552_sf9|Component_1552|Wooden
1553_sf9|Component_1553|Aluminum
1554_sf9|Component_1554|Wooden
1555_sf9|Component_1555|Cotton
1556_sf9|Component_1556|Copper
1557_sf9|Component_1557|Marble
1558_sf9|Component_1558|Iron
1559_sf9|Component_1559|Granite
1560_sf9|Component_1560|Titânio
1561_sf9|Component_1561|Wooden
1562_sf9|Component_1562|Concrete
1563_sf9|Component_1563|Plastic
1564_sf9|Component_1564|Cotton
1565_sf9|Component_1565|Wooden
1566_sf9|Component_1566|Plastic
1567_sf9|Component_1567|Iron
1568_sf9|Component_1568|Plastic
1569_sf9|Component_1569|Silk
1570_sf9|Component_1570|Bronze
1571_sf9|Component_1571|Granite
1572_sf9|Component_1572|Aluminum
1573_sf9|Component_1573|Rubber
1574_sf9|Component_1574|Copper
1575_sf9|Component_1575|Titânio
1576_sf9|Component_1576|Rubber
1577_sf9|Component_1577|Cotton
1578_sf9|Component_1578|Paper
1579_sf9|Component_1579|Copper
1580_sf9|Component_1580|Steel
1581_sf9|Component_1581|Plastic
1582_sf9|Component_1582|Linen
1583_sf9|Component_1583|Steel
1584_sf9|Component_1584|Silk
1585_sf9|Component_1585|Steel
1586_sf9|Component_1586|Leather
1587_sf9|Component_1587|Steel
1588_sf9|Component_1588|Silk
1589_sf9|Component_1589|Bronze
1590_sf9|Component_1590|Titânio
1591_sf9|Component_1591|Cotton
1592_sf9|Component_1592|Rubber
1593_sf9|Component_1593|Paper
1594_sf9|Component_1594|Steel
1595_sf9|Component_1595|Cotton
1596_sf9|Component_1596|Aluminum
1597_sf9|Component_1597|Concrete
1598_sf9|Component_1598|Wool
1599_sf9|Component_1599|Silk
1600_sf9|Component_1600|Wool
1601_sf9|Component_1601|Aluminum
1602_sf9|Component_1602|Aluminum
1603_sf9|Component_1603|Bronze
1604_sf9|Component_1604|Granite
1605_sf9|Component_1605|Titânio
1606_sf9|Component_1606|Cotton
1607_sf9|Component_1607|Linen
1608_sf9|Component_1608|Copper
1609_sf9|Component_1609|Wooden
1610_sf9|Component_1610|Marble
1611_sf9|Component_1611|Marble
1612_sf9|Component_1612|Concrete
1613_sf9|Component_1613|Marble
1614_sf9|Component_1614|Granite
1615_sf9|Component_1615|Granite
1616_sf9|Component_1616|Aluminum
1617_sf9|Component_1617|Silk
1618_sf9|Component_1618|Linen
1619_sf9|Component_1619|Marble
1620_sf9|Component_1620|Titânio
1621_sf9|Component_1621|Iron
1622_sf9|Component_1622|Cotton
1623_sf9|Component_1623|Silk
1624_sf9|Component_1624|Granite
1625_sf9|Component_1625|Cotton
1626_sf9|Component_1626|Rubber
1627_sf9|Component_1627|Plastic
1628_sf9|Component_1628|Aluminum
1629_sf9|Component_1629|Copper
1630_sf9|Component_1630|Leather
1631_sf9|Component_1631|Wooden
1632_sf9|Component_1632|Silk
1633_sf9|Component_1633|Cotton
1634_sf9|Component_1634|Wool
1635_sf9|Component_1635|Titânio
1636_sf9|Component_1636|Wooden
1637_sf9|Component_1637|Cotton
1638_sf9|Component_1638|Silk
1639_sf9|Component_1639|Marble
1640_sf9|Component_1640|Copper
1641_sf9|Component_1641|Leather
1642_sf9|Component_1642|Rubber
1643_sf9|Component_1643|Paper
1644_sf9|Component_1644|Granite
1645_sf9|Component_1645|Plastic
1646_sf9|Component_1646|Aluminum
1647_sf9|Component_1647|Concrete
1648_sf9|Component_1648|Paper
1649_sf9|Component_1649|Paper
1650_sf9|Component_1650|Titânio
1651_sf9|Component_1651|Cotton
1652_sf9|Component_1652|Paper
1653_sf9|Component_1653|Bronze
1654_sf9|Component_1654|Iron
1655_sf9|Component_1655|Plastic
1656_sf9|Component_1656|Aluminum
1657_sf9|Component_1657|Linen
1658_sf9|Component_1658|Paper
1659_sf9|Component_1659|Marble
1660_sf9|Component_1660|Linen
1661_sf9|Component_1661|Plastic
1662_sf9|Component_1662|Silk
1663_sf9|Component_1663|Copper
1664_sf9|Component_1664|Cotton
1665_sf9|Component_1665|Titânio
1666_sf9|Component_1666|Wooden
1667_sf9|Component_1667|Wooden
1668_sf9|Component_1668|Granite
1669_sf9|Component_1669|Wool
1670_sf9|Component_1670|Copper
1671_sf9|Component_1671|Aluminum
1672_sf9|Component_1672|Wool
1673_sf9|Component_1673|Copper
1674_sf9|Component_1674|Wool
1675_sf9|Component_1675|Marble
1676_sf9|Component_1676|Copper
1677_sf9|Component_1677|Iron
1678_sf9|Component_1678|Plastic
1679_sf9|Component_1679|Cotton
1680_sf9|Component_1680|Titânio
1681_sf9|Component_1681|Leather
1682_sf9|Component_1682|Steel
1683_sf9|Component_1683|Leather
1684_sf9|Component_1684|Iron
1685_sf9|Component_1685|Aluminum
1686_sf9|Component_1686|Silk
1687_sf9|Component_1687|Bronze
1688_sf9|Component_1688|Concrete
1689_sf9|Component_1689|Iron
1690_sf9|Component_1690|Aluminum
1691_sf9|Component_1691|Concrete
1692_sf9|Component_1692|Wooden
1693_sf9|Component_1693|Bronze
1694_sf9|Component_1694|Bronze
1695_sf9|Component_1695|Titânio
1696_sf9|Component_1696|Iron
1697_sf9|Component_1697|Silk
1698_sf9|Component_1698|Copper
1699_sf9|Component_1699|Bronze
1700_sf9|Component_1700|Paper
1701_sf9|Component_1701|Rubber
1702_sf9|Component_1702|Rubber
1703_sf9|Component_1703|Copper
1704_sf9|Component_1704|Plastic
1705_sf9|Component_1705|Paper
1706_sf9|Component_1706|Aluminum
1707_sf9|Component_1707|Marble
1708_sf9|Component_1708|Copper
1709_sf9|Component_1709|Leather
1710_sf9|Component_1710|Titânio
1711_sf9|Component_1711|Leather
1712_sf9|Component_1712|Cotton
1713_sf9|Component_1713|Linen
1714_sf9|Component_1714|Silk
1715_sf9|Component_1715|Linen
1716_sf9|Component_1716|Bronze
1717_sf9|Component_1717|Bronze
1718_sf9|Component_1718|Steel
1719_sf9|Component_1719|Aluminum
1720_sf9|Component_1720|Granite
1721_sf9|Component_1721|Wooden
1722_sf9|Component_1722|Concrete
1723_sf9|Component_1723|Marble
1724_sf9|Component_1724|Copper
1725_sf9|Component_1725|Titânio
1726_sf9|Component_1726|Copper
1727_sf9|Component_1727|Plastic
1728_sf9|Component_1728|Aluminum
1729_sf9|Component_1729|Wool
1730_sf9|Component_1730|Copper
1731_sf9|Component_1731|Bronze
1732_sf9|Component_1732|Copper
1733_sf9|Component_1733|Silk
1734_sf9|Component_1734|Granite
1735_sf9|Component_1735|Plastic
1736_sf9|Component_1736|Aluminum
1737_sf9|Component_1737|Silk
1738_sf9|Component_1738|Wool
1739_sf9|Component_1739|Steel
1740_sf9|Component_1740|Titânio
1741_sf9|Component_1741|Rubber
1742_sf9|Component_1742|Paper
1743_sf9|Component_1743|Paper
1744_sf9|Component_1744|Wooden
1745_sf9|Component_1745|Iron
1746_sf9|Component_1746|Leather
1747_sf9|Component_1747|Copper
1748_sf9|Component_1748|Cotton
1749_sf9|Component_1749|Plastic
1750_sf9|Component_1750|Aluminum
1751_sf9|Component_1751|Concrete
1752_sf9|Component_1752|Linen
1753_sf9|Component_1753|Aluminum
1754_sf9|Component_1754|Rubber
1755_sf9|Component_1755|Titânio
1756_sf9|Component_1756|Copper
1757_sf9|Component_1757|Bronze
1758_sf9|Component_1758|Wool
1759_sf9|Component_1759|Bronze
1760_sf9|Component_1760|Bronze
1761_sf9|Component_1761|Silk
1762_sf9|Component_1762|Linen
1763_sf9|Component_1763|Wool
1764_sf9|Component_1764|Cotton
1765_sf9|Component_1765|Cotton
1766_sf9|Component_1766|Steel
1767_sf9|Component_1767|Granite
1768_sf9|Component_1768|Linen
1769_sf9|Component_1769|Steel
1770_sf9|Component_1770|Titânio
1771_sf9|Component_1771|Steel
1772_sf9|Component_1772|Plastic
1773_sf9|Component_1773|Copper
1774_sf9|Component_1774|Plastic
1775_sf9|Component_1775|Steel
1776_sf9|Component_1776|Wool
1777_sf9|Component_1777|Aluminum
1778_sf9|Component_1778|Marble
1779_sf9|Component_1779|Leather
1780_sf9|Component_1780|Rubber
1781_sf9|Component_1781|Silk
1782_sf9|Component_1782|Rubber
1783_sf9|Component_1783|Silk
1784_sf9|Component_1784|Paper
1785_sf9|Component_1785|Titânio
1786_sf9|Component_1786|Iron
1787_sf9|Component_1787|Linen
1788_sf9|Component_1788|Aluminum
1789_sf9|Component_1789|Linen
1790_sf9|Component_1790|Steel
1791_sf9|Component_1791|Bronze
1792_sf9|Component_1792|Bronze
1793_sf9|Component_1793|Copper
1794_sf9|Component_1794|Cotton
1795_sf9|Component_1795|Plastic
1796_sf9|Component_1796|Iron
1797_sf9|Component_1797|Steel
1798_sf9|Component_1798|Granite
1799_sf9|Component_1799|Rubber
1800_sf9|Component_1800|Titânio
1801_sf9|Component_1801|Cotton
1802_sf9|Component_1802|Aluminum
1803_sf9|Component_1803|Leather
1804_sf9|Component_1804|Leather
1805_sf9|Component_1805|Copper
1806_sf9|Component_1806|Bronze
1807_sf9|Component_1807|Silk
1808_sf9|Component_1808|Bronze
1809_sf9|Component_1809|Rubber
1810_sf9|Component_1810|Paper
1811_sf9|Component_1811|Granite
1812_sf9|Component_1812|Marble
1813_sf9|Component_1813|Steel
1814_sf9|Component_1814|Concrete
1815_sf9|Component_1815|Titânio
1816_sf9|Component_1816|Leather
1817_sf9|Component_1817|Paper
1818_sf9|Component_1818|Cotton
1819_sf9|Component_1819|Linen
1820_sf9|Component_1820|Marble
1821_sf9|Component_1821|Rubber
1822_sf9|Component_1822|Paper
1823_sf9|Component_1823|Plastic
1824_sf9|Component_1824|Bronze
1825_sf9|Component_1825|Plastic
1826_sf9|Component_1826|Steel
1827_sf9|Component_1827|Steel
1828_sf9|Component_1828|Aluminum
1829_sf9|Component_1829|Wooden
1830_sf9|Component_1830|Titânio
1831_sf9|Component_1831|Aluminum
1832_sf9|Component_1832|Silk
1833_sf9|Component_1833|Aluminum
1834_sf9|Component_1834|Granite
1835_sf9|Component_1835|Copper
1836_sf9|Component_1836|Silk
1837_sf9|Component_1837|Granite
1838_sf9|Component_1838|Concrete
1839_sf9|Component_1839|Steel
1840_sf9|Component_1840|Granite
1841_sf9|Component_1841|Wool
1842_sf9|Component_1842|Wooden
1843_sf9|Component_1843|Granite
1844_sf9|Component_1844|Bronze
1845_sf9|Component_1845|Titânio
1846_sf9|Component_1846|Plastic
1847_sf9|Component_1847|Steel
1848_sf9|Component_1848|Paper
1849_sf9|Component_1849|Silk
1850_sf9|Component_1850|Copper
1851_sf9|Component_1851|Marble
1852_sf9|Component_1852|Leather
1853_sf9|Component_1853|Paper
1854_sf9|Component_1854|Granite
1855_sf9|Component_1855|Granite
1856_sf9|Component_1856|Concrete
1857_sf9|Component_1857|Cotton
1858_sf9|Component_1858|Wooden
1859_sf9|Component_1859|Wool
1860_sf9|Component_1860|Titânio
1861_sf9|Component_1861|Linen
1862_sf9|Component_1862|Copper
1863_sf9|Component_1863|Granite
1864_sf9|Component_1864|Granite
1865_sf9|Component_1865|Steel
1866_sf9|Component_1866|Wool
1867_sf9|Component_1867|Aluminum
1868_sf9|Component_1868|Concrete
1869_sf9|Component_1869|Plastic
1870_sf9|Component_1870|Iron
1871_sf9|Component_1871|Linen
1872_sf9|Component_1872|Steel
1873_sf9|Component_1873|Silk
1874_sf9|Component_1874|Leather
1875_sf9|Component_1875|Titânio
1876_sf9|Component_1876|Linen
1877_sf9|Component_1877|Wooden
1878_sf9|Component_1878|Marble
1879_sf9|Component_1879|Paper
1880_sf9|Component_1880|Iron
1881_sf9|Component_1881|Paper
1882_sf9|Component_1882|Concrete
1883_sf9|Component_1883|Linen
1884_sf9|Component_1884|Steel
1885_sf9|Component_1885|Marble
1886_sf9|Component_1886|Granite
1887_sf9|Component_1887|Linen
1888_sf9|Component_1888|Leather
1889_sf9|Component_1889|Copper
1890_sf9|Component_1890|Titânio
1891_sf9|Component_1891|Linen
1892_sf9|Component_1892|Steel
1893_sf9|Component_1893|Granite
1894_sf9|Component_1894|Wool
1895_sf9|Component_1895|Marble
1896_sf9|Component_1896|Steel
1897_sf9|Component_1897|Granite
1898_sf9|Component_1898|Linen
1899_sf9|Component_1899|Granite
1900_sf9|Component_1900|Leather
1901_sf9|Component_1901|Linen
1902_sf9|Component_1902|Cotton
1903_sf9|Component_1903|Steel
1904_sf9|Component_1904|Aluminum
1905_sf9|Component_1905|Titânio
1906_sf9|Component_1906|Linen
1907_sf9|Component_1907|Copper
1908_sf9|Component_1908|Wooden
1909_sf9|Component_1909|Linen
1910_sf9|Component_1910|Plastic
1911_sf9|Component_1911|Bronze
1912_sf9|Component_1912|Silk
1913_sf9|Component_1913|Plastic
1914_sf9|Component_1914|Linen
1915_sf9|Component_1915|Copper
1916_sf9|Component_1916|Wooden
1917_sf9|Component_1917|Marble
1918_sf9|Component_1918|Paper
1919_sf9|Component_1919|Aluminum
1920_sf9|Component_1920|Titânio
1921_sf9|Component_1921|Steel
1922_sf9|Component_1922|Wool
1923_sf9|Component_1923|Linen
1924_sf9|Component_1924|Aluminum
1925_sf9|Component_1925|Bronze
1926_sf9|Component_1926|Marble
1927_sf9|Component_1927|Steel
1928_sf9|Component_1928|Bronze
1929_sf9|Component_1929|Copper
1930_sf9|Component_1930|Wool
1931_sf9|Component_1931|Rubber
1932_sf9|Component_1932|Silk
1933_sf9|Component_1933|Aluminum
1934_sf9|Component_1934|Linen
1935_sf9|Component_1935|Titânio
1936_sf9|Component_1936|Granite
1937_sf9|Component_1937|Marble
1938_sf9|Component_1938|Wool
1939_sf9|Component_1939|Cotton
1940_sf9|Component_1940|Marble
1941_sf9|Component_1941|Granite
1942_sf9|Component_1942|Linen
1943_sf9|Component_1943|Iron
1944_sf9|Component_1944|Silk
1945_sf9|Component_1945|Iron
1946_sf9|Component_1946|Leather
1947_sf9|Component_1947|Plastic
1948_sf9|Component_1948|Paper
1949_sf9|Component_1949|Wool
1950_sf9|Component_1950|Titânio
1951_sf9|Component_1951|Leather
1952_sf9|Component_1952|Iron
1953_sf9|Component_1953|Cotton
1954_sf9|Component_1954|Wool
1955_sf9|Component_1955|Marble
1956_sf9|Component_1956|Steel
1957_sf9|Component_1957|Leather
1958_sf9|Component_1958|Silk
1959_sf9|Component_1959|Linen
1960_sf9|Component_1960|Cotton
1961_sf9|Component_1961|Cotton
1962_sf9|Component_1962|Cotton
1963_sf9|Component_1963|Concrete
1964_sf9|Component_1964|Paper
1965_sf9|Component_1965|Titânio
1966_sf9|Component_1966|Leather
1967_sf9|Component_1967|Rubber
1968_sf9|Component_1968|Cotton
1969_sf9|Component_1969|Cotton
1970_sf9|Component_1970|Leather
1971_sf9|Component_1971|Marble
1972_sf9|Component_1972|Leather
1973_sf9|Component_1973|Copper
1974_sf9|Component_1974|Granite
1975_sf9|Component_1975|Wooden
1976_sf9|Component_1976|Bronze
1977_sf9|Component_1977|Granite
1978_sf9|Component_1978|Leather
1979_sf9|Component_1979|Wool
1980_sf9|Component_1980|Titânio
1981_sf9|Component_1981|Steel
1982_sf9|Component_1982|Wool
1983_sf9|Component_1983|Bronze
1984_sf9|Component_1984|Linen
1985_sf9|Component_1985|Bronze
1986_sf9|Component_1986|Wooden
1987_sf9|Component_1987|Wooden
1988_sf9|Component_1988|Granite
1989_sf9|Component_1989|Granite
1990_sf9|Component_1990|Cotton
1991_sf9|Component_1991|Paper
1992_sf9|Component_1992|Cotton
1993_sf9|Component_1993|Granite
1994_sf9|Component_1994|Marble
1995_sf9|Component_1995|Titânio
1996_sf9|Component_1996|Leather
1997_sf9|Component_1997|Plastic
1998_sf9|Component_1998|Rubber
1999_sf9|Component_1999|Bronze
0_sf10|Component_0|Titânio
1_sf10|Component_1|Steel
2_sf10|Component_2|Plastic
3_sf10|Component_3|Steel
4_sf10|Component_4|Linen
5_sf10|Component_5|Wool
6_sf10|Component_6|Leather
7_sf10|Component_7|Steel
8_sf10|Component_8|Granite
9_sf10|Component_9|Rubber
10_sf10|Component_10|Marble
11_sf10|Component_11|Cotton
12_sf10|Component_12|Copper
13_sf10|Component_13|Copper
14_sf10|Component_14|Marble
15_sf10|Component_15|Titânio
16_sf10|Component_16|Silk
17_sf10|Component_17|Leather
18_sf10|Component_18|Bronze
19_sf10|Component_19|Silk
20_sf10|Component_20|Bronze
21_sf10|Component_21|Paper
22_sf10|Component_22|Cotton
23_sf10|Component_23|Concrete
24_sf10|Component_24|Linen
25_sf10|Component_25|Plastic
26_sf10|Component_26|Marble
27_sf10|Component_27|Granite
28_sf10|Component_28|Aluminum
29_sf10|Component_29|Wool
30_sf10|Component_30|Titânio
31_sf10|Component_31|Wooden
32_sf10|Component_32|Marble
33_sf10|Component_33|Plastic
34_sf10|Component_34|Concrete
35_sf10|Component_35|Leather
36_sf10|Component_36|Aluminum
37_sf10|Component_37|Paper
38_sf10|Component_38|Aluminum
39_sf10|Component_39|Steel
40_sf10|Component_40|Plastic
41_sf10|Component_41|Wool
42_sf10|Component_42|Aluminum
43_sf10|Component_43|Linen
44_sf10|Component_44|Rubber
45_sf10|Component_45|Titânio
46_sf10|Component_46|Paper
47_sf10|Component_47|Steel
48_sf10|Component_48|Wooden
49_sf10|Component_49|Paper
50_sf10|Component_50|Rubber
51_sf10|Component_51|Paper
52_sf10|Component_52|Bronze
53_sf10|Component_53|Linen
54_sf10|Component_54|Silk
55_sf10|Component_55|Linen
56_sf10|Component_56|Steel
57_sf10|Component_57|Plastic
58_sf10|Component_58|Linen
59_sf10|Component_59|Wool
60_sf10|Component_60|Titânio
61_sf10|Component_61|Concrete
62_sf10|Component_62|Iron
63_sf10|Component_63|Plastic
64_sf10|Component_64|Marble
65_sf10|Component_65|Iron
66_sf10|Component_66|Wooden
67_sf10|Component_67|Iron
68_sf10|Component_68|Aluminum
69_sf10|Component_69|Rubber
70_sf10|Component_70|Wooden
71_sf10|Component_71|Marble
72_sf10|Component_72|Copper
73_sf10|Component_73|Granite
74_sf10|Component_74|Cotton
75_sf10|Component_75|Titânio
76_sf10|Component_76|Plastic
77_sf10|Component_77|Rubber
78_sf10|Component_78|Concrete
79_sf10|Component_79|Linen
80_sf10|Component_80|Rubber
81_sf10|Component_81|Aluminum
82_sf10|Component_82|Aluminum
83_sf10|Component_83|Plastic
84_sf10|Component_84|Aluminum
85_sf10|Component_85|Marble
86_sf10|Component_86|Plastic
87_sf10|Component_87|Paper
88_sf10|Component_88|Wool
89_sf10|Component_89|Rubber
90_sf10|Component_90|Titânio
91_sf10|Component_91|Copper
92_sf10|Component_92|Silk
93_sf10|Component_93|Aluminum
94_sf10|Component_94|Leather
95_sf10|Component_95|Plastic
96_sf10|Component_96|Iron
97_sf10|Component_97|Plastic
98_sf10|Component_98|Plastic
99_sf10|Component_99|Copper
100_sf10|Component_100|Iron
101_sf10|Component_101|Granite
102_sf10|Component_102|Aluminum
103_sf10|Component_103|Linen
104_sf10|Component_104|Aluminum
105_sf10|Component_105|Titânio
106_sf10|Component_106|Rubber
107_sf10|Component_107|Wooden
108_sf10|Component_108|Rubber
109_sf10|Component_109|Marble
110_sf10|Component_110|Wool
111_sf10|Component_111|Silk
112_sf10|Component_112|Linen
113_sf10|Component_113|Leather
114_sf10|Component_114|Rubber
115_sf10|Component_115|Copper
116_sf10|Component_116|Linen
117_sf10|Component_117|Cotton
118_sf10|Component_118|Leather
119_sf10|Component_119|Concrete
120_sf10|Component_120|Titânio
121_sf10|Component_121|Silk
122_sf10|Component_122|Cotton
123_sf10|Component_123|Silk
124_sf10|Component_124|Wooden
125_sf10|Component_125|Iron
126_sf10|Component_126|Marble
127_sf10|Component_127|Rubber
128_sf10|Component_128|Iron
129_sf10|Component_129|Rubber
130_sf10|Component_130|Marble
131_sf10|Component_131|Copper
132_sf10|Component_132|Iron
133_sf10|Component_133|Concrete
134_sf10|Component_134|Iron
135_sf10|Component_135|Titânio
136_sf10|Component_136|Iron
137_sf10|Component_137|Bronze
138_sf10|Component_138|Marble
139_sf10|Component_139|Silk
140_sf10|Component_140|Leather
141_sf10|Component_141|Paper
142_sf10|Component_142|Marble
143_sf10|Component_143|Leather
144_sf10|Component_144|Cotton
145_sf10|Component_145|Rubber
146_sf10|Component_146|Granite
147_sf10|Component_147|Plastic
148_sf10|Component_148|Paper
149_sf10|Component_149|Marble
150_sf10|Component_150|Titânio
151_sf10|Component_151|Steel
152_sf10|Component_152|Marble
153_sf10|Component_153|Rubber
154_sf10|Component_154|Paper
155_sf10|Component_155|Cotton
156_sf10|Component_156|Copper
157_sf10|Component_157|Wool
158_sf10|Component_158|Bronze
159_sf10|Component_159|Marble
160_sf10|Component_160|Rubber
161_sf10|Component_161|Rubber
162_sf10|Component_162|Linen
163_sf10|Component_163|Paper
164_sf10|Component_164|Steel
165_sf10|Component_165|Titânio
166_sf10|Component_166|Paper
167_sf10|Component_167|Wool
168_sf10|Component_168|Leather
169_sf10|Component_169|Marble
170_sf10|Component_170|Wooden
171_sf10|Component_171|Silk
172_sf10|Component_172|Paper
173_sf10|Component_173|Bronze
174_sf10|Component_174|Copper
175_sf10|Component_175|Concrete
176_sf10|Component_176|Plastic
177_sf10|Component_177|Bronze
178_sf10|Component_178|Granite
179_sf10|Component_179|Steel
180_sf10|Component_180|Titânio
181_sf10|Component_181|Iron
182_sf10|Component_182|Steel
183_sf10|Component_183|Paper
184_sf10|Component_184|Paper
185_sf10|Component_185|Cotton
186_sf10|Component_186|Leather
187_sf10|Component_187|Paper
188_sf10|Component_188|Granite
189_sf10|Component_189|Aluminum
190_sf10|Component_190|Copper
191_sf10|Component_191|Rubber
192_sf10|Component_192|Cotton
193_sf10|Component_193|Leather
194_sf10|Component_194|Linen
195_sf10|Component_195|Titânio
196_sf10|Component_196|Steel
197_sf10|Component_197|Linen
198_sf10|Component_198|Iron
199_sf10|Component_199|Leather
200_sf10|Component_200|Leather
201_sf10|Component_201|Wooden
202_sf10|Component_202|Plastic
203_sf10|Component_203|Aluminum
204_sf10|Component_204|Linen
205_sf10|Component_205|Wool
206_sf10|Component_206|Wool
207_sf10|Component_207|Concrete
208_sf10|Component_208|Bronze
209_sf10|Component_209|Iron
210_sf10|Component_210|Titânio
211_sf10|Component_211|Wool
212_sf10|Component_212|Cotton
213_sf10|Component_213|Concrete
214_sf10|Component_214|Iron
215_sf10|Component_215|Iron
216_sf10|Component_216|Marble
217_sf10|Component_217|Steel
218_sf10|Component_218|Bronze
219_sf10|Component_219|Copper
220_sf10|Component_220|Linen
221_sf10|Component_221|Granite
222_sf10|Component_222|Cotton
223_sf10|Component_223|Rubber
224_sf10|Component_224|Marble
225_sf10|Component_225|Titânio
226_sf10|Component_226|Wool
227_sf10|Component_227|Iron
228_sf10|Component_228|Wool
229_sf10|Component_229|Cotton
230_sf10|Component_230|Silk
231_sf10|Component_231|Silk
232_sf10|Component_232|Cotton
233_sf10|Component_233|Wool
234_sf10|Component_234|Iron
235_sf10|Component_235|Aluminum
236_sf10|Component_236|Concrete
237_sf10|Component_237|Steel
238_sf10|Component_238|Steel
239_sf10|Component_239|Silk
240_sf10|Component_240|Titânio
241_sf10|Component_241|Rubber
242_sf10|Component_242|Iron
243_sf10|Component_243|Wool
244_sf10|Component_244|Wooden
245_sf10|Component_245|Plastic
246_sf10|Component_246|Wool
247_sf10|Component_247|Paper
248_sf10|Component_248|Iron
249_sf10|Component_249|Paper
250_sf10|Component_250|Plastic
251_sf10|Component_251|Wool
252_sf10|Component_252|Granite
253_sf10|Component_253|Leather
254_sf10|Component_254|Leather
255_sf10|Component_255|Titânio
256_sf10|Component_256|Copper
257_sf10|Component_257|Steel
258_sf10|Component_258|Plastic
259_sf10|Component_259|Steel
260_sf10|Component_260|Linen
261_sf10|Component_261|Silk
262_sf10|Component_262|Linen
263_sf10|Component_263|Paper
264_sf10|Component_264|Silk
265_sf10|Component_265|Rubber
266_sf10|Component_266|Iron
267_sf10|Component_267|Steel
268_sf10|Component_268|Iron
269_sf10|Component_269|Paper
270_sf10|Component_270|Titânio
271_sf10|Component_271|Marble
272_sf10|Component_272|Paper
273_sf10|Component_273|Concrete
274_sf10|Component_274|Silk
275_sf10|Component_275|Wooden
276_sf10|Component_276|Wool
277_sf10|Component_277|Wooden
278_sf10|Component_278|Bronze
279_sf10|Component_279|Iron
280_sf10|Component_280|Iron
281_sf10|Component_281|Bronze
282_sf10|Component_282|Bronze
283_sf10|Component_283|Paper
284_sf10|Component_284|Paper
285_sf10|Component_285|Titânio
286_sf10|Component_286|Leather
287_sf10|Component_287|Wooden
288_sf10|Component_288|Linen
289_sf10|Component_289|Wool
290_sf10|Component_290|Steel
291_sf10|Component_291|Cotton
292_sf10|Component_292|Granite
293_sf10|Component_293|Plastic
294_sf10|Component_294|Steel
295_sf10|Component_295|Bronze
296_sf10|Component_296|Steel
297_sf10|Component_297|Wool
298_sf10|Component_298|Rubber
299_sf10|Component_299|Wooden
300_sf10|Component_300|Titânio
301_sf10|Component_301|Wooden
302_sf10|Component_302|Granite
303_sf10|Component_303|Wooden
304_sf10|Component_304|Copper
305_sf10|Component_305|Silk
306_sf10|Component_306|Concrete
307_sf10|Component_307|Wooden
308_sf10|Component_308|Granite
309_sf10|Component_309|Leather
310_sf10|Component_310|Silk
311_sf10|Component_311|Steel
312_sf10|Component_312|Marble
313_sf10|Component_313|Iron
314_sf10|Component_314|Rubber
315_sf10|Component_315|Titânio
316_sf10|Component_316|Silk
317_sf10|Component_317|Linen
318_sf10|Component_318|Cotton
319_sf10|Component_319|Rubber
320_sf10|Component_320|Plastic
321_sf10|Component_321|Concrete
322_sf10|Component_322|Aluminum
323_sf10|Component_323|Paper
324_sf10|Component_324|Silk
325_sf10|Component_325|Wool
326_sf10|Component_326|Granite
327_sf10|Component_327|Linen
328_sf10|Component_328|Granite
329_sf10|Component_329|Plastic
330_sf10|Component_330|Titânio
331_sf10|Component_331|Bronze
332_sf10|Component_332|Aluminum
333_sf10|Component_333|Bronze
334_sf10|Component_334|Iron
335_sf10|Component_335|Iron
336_sf10|Component_336|Steel
337_sf10|Component_337|Copper
338_sf10|Component_338|Copper
339_sf10|Component_339|Concrete
340_sf10|Component_340|Granite
341_sf10|Component_341|Paper
342_sf10|Component_342|Granite
343_sf10|Component_343|Aluminum
344_sf10|Component_344|Wooden
345_sf10|Component_345|Titânio
346_sf10|Component_346|Cotton
347_sf10|Component_347|Aluminum
348_sf10|Component_348|Concrete
349_sf10|Component_349|Cotton
350_sf10|Component_350|Concrete
351_sf10|Component_351|Granite
352_sf10|Component_352|Paper
353_sf10|Component_353|Bronze
354_sf10|Component_354|Leather
355_sf10|Component_355|Plastic
356_sf10|Component_356|Granite
357_sf10|Component_357|Marble
358_sf10|Component_358|Aluminum
359_sf10|Component_359|Steel
360_sf10|Component_360|Titânio
361_sf10|Component_361|Iron
362_sf10|Component_362|Granite
363_sf10|Component_363|Iron
364_sf10|Component_364|Steel
365_sf10|Component_365|Cotton
366_sf10|Component_366|Cotton
367_sf10|Component_367|Rubber
368_sf10|Component_368|Silk
369_sf10|Component_369|Concrete
370_sf10|Component_370|Linen
371_sf10|Component_371|Granite
372_sf10|Component_372|Rubber
373_sf10|Component_373|Paper
374_sf10|Component_374|Steel
375_sf10|Component_375|Titânio
376_sf10|Component_376|Silk
377_sf10|Component_377|Rubber
378_sf10|Component_378|Wooden
379_sf10|Component_379|Granite
380_sf10|Component_380|Cotton
381_sf10|Component_381|Aluminum
382_sf10|Component_382|Silk
383_sf10|Component_383|Silk
384_sf10|Component_384|Aluminum
385_sf10|Component_385|Cotton
386_sf10|Component_386|Rubber
387_sf10|Component_387|Marble
388_sf10|Component_388|Granite
389_sf10|Component_389|Concrete
390_sf10|Component_390|Titânio
391_sf10|Component_391|Paper
392_sf10|Component_392|Rubber
393_sf10|Component_393|Granite
394_sf10|Component_394|Rubber
395_sf10|Component_395|Iron
396_sf10|Component_396|Steel
397_sf10|Component_397|Iron
398_sf10|Component_398|Aluminum
399_sf10|Component_399|Bronze
400_sf10|Component_400|Linen
401_sf10|Component_401|Bronze
402_sf10|Component_402|Granite
403_sf10|Component_403|Wooden
404_sf10|Component_404|Steel
405_sf10|Component_405|Titânio
406_sf10|Component_406|Cotton
407_sf10|Component_407|Cotton
408_sf10|Component_408|Plastic
409_sf10|Component_409|Rubber
410_sf10|Component_410|Granite
411_sf10|Component_411|Rubber
412_sf10|Component_412|Aluminum
413_sf10|Component_413|Silk
414_sf10|Component_414|Copper
415_sf10|Component_415|Granite
416_sf10|Component_416|Aluminum
417_sf10|Component_417|Linen
418_sf10|Component_418|Concrete
419_sf10|Component_419|Linen
420_sf10|Component_420|Titânio
421_sf10|Component_421|Concrete
422_sf10|Component_422|Cotton
423_sf10|Component_423|Wool
424_sf10|Component_424|Silk
425_sf10|Component_425|Paper
426_sf10|Component_426|Concrete
427_sf10|Component_427|Wool
428_sf10|Component_428|Aluminum
429_sf10|Component_429|Rubber
430_sf10|Component_430|Copper
431_sf10|Component_431|Wooden
432_sf10|Component_432|Aluminum
433_sf10|Component_433|Cotton
434_sf10|Component_434|Silk
435_sf10|Component_435|Titânio
436_sf10|Component_436|Plastic
437_sf10|Component_437|Granite
438_sf10|Component_438|Wooden
439_sf10|Component_439|Iron
440_sf10|Component_440|Plastic
441_sf10|Component_441|Plastic
442_sf10|Component_442|Marble
443_sf10|Component_443|Granite
444_sf10|Component_444|Wool
445_sf10|Component_445|Wooden
446_sf10|Component_446|Leather
447_sf10|Component_447|Copper
448_sf10|Component_448|Marble
449_sf10|Component_449|Marble
450_sf10|Component_450|Titânio
451_sf10|Component_451|Cotton
452_sf10|Component_452|Linen
453_sf10|Component_453|Copper
454_sf10|Component_454|Iron
455_sf10|Component_455|Granite
456_sf10|Component_456|Plastic
457_sf10|Component_457|Linen
458_sf10|Component_458|Wool
459_sf10|Component_459|Iron
460_sf10|Component_460|Rubber
461_sf10|Component_461|Wool
462_sf10|Component_462|Wooden
463_sf10|Component_463|Cotton
464_sf10|Component_464|Leather
465_sf10|Component_465|Titânio
466_sf10|Component_466|Iron
467_sf10|Component_467|Linen
468_sf10|Component_468|Copper
469_sf10|Component_469|Iron
470_sf10|Component_470|Copper
471_sf10|Component_471|Leather
472_sf10|Component_472|Linen
473_sf10|Component_473|Leather
474_sf10|Component_474|Wooden
475_sf10|Component_475|Aluminum
476_sf10|Component_476|Leather
477_sf10|Component_477|Marble
478_sf10|Component_478|Granite
479_sf10|Component_479|Paper
480_sf10|Component_480|Titânio
481_sf10|Component_481|Paper
482_sf10|Component_482|Marble
483_sf10|Component_483|Concrete
484_sf10|Component_484|Copper
485_sf10|Component_485|Wool
486_sf10|Component_486|Aluminum
487_sf10|Component_487|Leather
488_sf10|Component_488|Concrete
489_sf10|Component_489|Steel
490_sf10|Component_490|Leather
491_sf10|Component_491|Cotton
492_sf10|Component_492|Linen
493_sf10|Component_493|Copper
494_sf10|Component_494|Granite
495_sf10|Component_495|Titânio
496_sf10|Component_496|Rubber
497_sf10|Component_497|Rubber
498_sf10|Component_498|Aluminum
499_sf10|Component_499|Iron
500_sf10|Component_500|Wooden
501_sf10|Component_501|Steel
502_sf10|Component_502|Wooden
503_sf10|Component_503|Copper
504_sf10|Component_504|Iron
505_sf10|Component_505|Plastic
506_sf10|Component_506|Silk
507_sf10|Component_507|Granite
508_sf10|Component_508|Iron
509_sf10|Component_509|Wool
510_sf10|Component_510|Titânio
511_sf10|Component_511|Granite
512_sf10|Component_512|Plastic
513_sf10|Component_513|Aluminum
514_sf10|Component_514|Leather
515_sf10|Component_515|Steel
516_sf10|Component_516|Bronze
517_sf10|Component_517|Iron
518_sf10|Component_518|Linen
519_sf10|Component_519|Granite
520_sf10|Component_520|Steel
521_sf10|Component_521|Plastic
522_sf10|Component_522|Paper
523_sf10|Component_523|Concrete
524_sf10|Component_524|Iron
525_sf10|Component_525|Titânio
526_sf10|Component_526|Leather
527_sf10|Component_527|Aluminum
528_sf10|Component_528|Aluminum
529_sf10|Component_529|Copper
530_sf10|Component_530|Rubber
531_sf10|Component_531|Leather
532_sf10|Component_532|Concrete
533_sf10|Component_533|Aluminum
534_sf10|Component_534|Silk
535_sf10|Component_535|Copper
536_sf10|Component_536|Wooden
537_sf10|Component_537|Granite
538_sf10|Component_538|Linen
539_sf10|Component_539|Plastic
540_sf10|Component_540|Titânio
541_sf10|Component_541|Silk
542_sf10|Component_542|Silk
543_sf10|Component_543|Marble
544_sf10|Component_544|Marble
545_sf10|Component_545|Silk
546_sf10|Component_546|Marble
547_sf10|Component_547|Plastic
548_sf10|Component_548|Iron
549_sf10|Component_549|Iron
550_sf10|Component_550|Bronze
551_sf10|Component_551|Granite
552_sf10|Component_552|Steel
553_sf10|Component_553|Rubber
554_sf10|Component_554|Copper
555_sf10|Component_555|Titânio
556_sf10|Component_556|Concrete
557_sf10|Component_557|Concrete
558_sf10|Component_558|Aluminum
559_sf10|Component_559|Leather
560_sf10|Component_560|Wool
561_sf10|Component_561|Wool
562_sf10|Component_562|Paper
563_sf10|Component_563|Cotton
564_sf10|Component_564|Steel
565_sf10|Component_565|Wool
566_sf10|Component_566|Concrete
567_sf10|Component_567|Concrete
568_sf10|Component_568|Bronze
569_sf10|Component_569|Steel
570_sf10|Component_570|Titânio
571_sf10|Component_571|Copper
572_sf10|Component_572|Copper
573_sf10|Component_573|Bronze
574_sf10|Component_574|Silk
575_sf10|Component_575|Cotton
576_sf10|Component_576|Aluminum
577_sf10|Component_577|Aluminum
578_sf10|Component_578|Cotton
579_sf10|Component_579|Paper
580_sf10|Component_580|Wool
581_sf10|Component_581|Wooden
582_sf10|Component_582|Marble
583_sf10|Component_583|Paper
584_sf10|Component_584|Marble
585_sf10|Component_585|Titânio
586_sf10|Component_586|Granite
587_sf10|Component_587|Plastic
588_sf10|Component_588|Concrete
589_sf10|Component_589|Wooden
590_sf10|Component_590|Copper
591_sf10|Component_591|Steel
592_sf10|Component_592|Silk
593_sf10|Component_593|Cotton
594_sf10|Component_594|Wool
595_sf10|Component_595|Silk
596_sf10|Component_596|Aluminum
597_sf10|Component_597|Linen
598_sf10|Component_598|Concrete
599_sf10|Component_599|Bronze
600_sf10|Component_600|Titânio
601_sf10|Component_601|Rubber
602_sf10|Component_602|Linen
603_sf10|Component_603|Silk
604_sf10|Component_604|Linen
605_sf10|Component_605|Silk
606_sf10|Component_606|Paper
607_sf10|Component_607|Plastic
608_sf10|Component_608|Plastic
609_sf10|Component_609|Plastic
610_sf10|Component_610|Iron
611_sf10|Component_611|Silk
612_sf10|Component_612|Steel
613_sf10|Component_613|Marble
614_sf10|Component_614|Steel
615_sf10|Component_615|Titânio
616_sf10|Component_616|Concrete
617_sf10|Component_617|Concrete
618_sf10|Component_618|Silk
619_sf10|Component_619|Rubber
620_sf10|Component_620|Rubber
621_sf10|Component_621|Bronze
622_sf10|Component_622|Iron
623_sf10|Component_623|Cotton
624_sf10|Component_624|Iron
625_sf10|Component_625|Wool
626_sf10|Component_626|Plastic
627_sf10|Component_627|Leather
628_sf10|Component_628|Bronze
629_sf10|Component_629|Plastic
630_sf10|Component_630|Titânio
631_sf10|Component_631|Aluminum
632_sf10|Component_632|Rubber
633_sf10|Component_633|Paper
634_sf10|Component_634|Silk
635_sf10|Component_635|Cotton
636_sf10|Component_636|Rubber
637_sf10|Component_637|Concrete
638_sf10|Component_638|Marble
639_sf10|Component_639|Linen
640_sf10|Component_640|Iron
641_sf10|Component_641|Bronze
642_sf10|Component_642|Aluminum
643_sf10|Component_643|Marble
644_sf10|Component_644|Plastic
645_sf10|Component_645|Titânio
646_sf10|Component_646|Marble
647_sf10|Component_647|Iron
648_sf10|Component_648|Silk
649_sf10|Component_649|Plastic
650_sf10|Component_650|Granite
651_sf10|Component_651|Concrete
652_sf10|Component_652|Copper
653_sf10|Component_653|Steel
654_sf10|Component_654|Rubber
655_sf10|Component_655|Bronze
656_sf10|Component_656|Plastic
657_sf10|Component_657|Leather
658_sf10|Component_658|Aluminum
659_sf10|Component_659|Copper
660_sf10|Component_660|Titânio
661_sf10|Component_661|Bronze
662_sf10|Component_662|Silk
663_sf10|Component_663|Silk
664_sf10|Component_664|Wool
665_sf10|Component_665|Silk
666_sf10|Component_666|Cotton
667_sf10|Component_667|Marble
668_sf10|Component_668|Cotton
669_sf10|Component_669|Iron
670_sf10|Component_670|Iron
671_sf10|Component_671|Granite
672_sf10|Component_672|Steel
673_sf10|Component_673|Granite
674_sf10|Component_674|Iron
675_sf10|Component_675|Titânio
676_sf10|Component_676|Rubber
677_sf10|Component_677|Aluminum
678_sf10|Component_678|Cotton
679_sf10|Component_679|Wool
680_sf10|Component_680|Copper
681_sf10|Component_681|Marble
682_sf10|Component_682|Plastic
683_sf10|Component_683|Plastic
684_sf10|Component_684|Bronze
685_sf10|Component_685|Wooden
686_sf10|Component_686|Rubber
687_sf10|Component_687|Copper
688_sf10|Component_688|Steel
689_sf10|Component_689|Steel
690_sf10|Component_690|Titânio
691_sf10|Component_691|Silk
692_sf10|Component_692|Copper
693_sf10|Component_693|Plastic
694_sf10|Component_694|Copper
695_sf10|Component_695|Silk
696_sf10|Component_696|Aluminum
697_sf10|Component_697|Concrete
698_sf10|Component_698|Rubber
699_sf10|Component_699|Concrete
700_sf10|Component_700|Linen
701_sf10|Component_701|Granite
702_sf10|Component_702|Leather
703_sf10|Component_703|Silk
704_sf10|Component_704|Wooden
705_sf10|Component_705|Titânio
706_sf10|Component_706|Wooden
707_sf10|Component_707|Rubber
708_sf10|Component_708|Silk
709_sf10|Component_709|Iron
710_sf10|Component_710|Copper
711_sf10|Component_711|Marble
712_sf10|Component_712|Rubber
713_sf10|Component_713|Aluminum
714_sf10|Component_714|Bronze
715_sf10|Component_715|Plastic
716_sf10|Component_716|Aluminum
717_sf10|Component_717|Cotton
718_sf10|Component_718|Linen
719_sf10|Component_719|Concrete
720_sf10|Component_720|Titânio
721_sf10|Component_721|Granite
722_sf10|Component_722|Granite
723_sf10|Component_723|Wooden
724_sf10|Component_724|Wooden
725_sf10|Component_725|Linen
726_sf10|Component_726|Wool
727_sf10|Component_727|Aluminum
728_sf10|Component_728|Silk
729_sf10|Component_729|Iron
730_sf10|Component_730|Marble
731_sf10|Component_731|Rubber
732_sf10|Component_732|Leather
733_sf10|Component_733|Steel
734_sf10|Component_734|Paper
735_sf10|Component_735|Titânio
736_sf10|Component_736|Plastic
737_sf10|Component_737|Steel
738_sf10|Component_738|Granite
739_sf10|Component_739|Granite
740_sf10|Component_740|Iron
741_sf10|Component_741|Leather
742_sf10|Component_742|Cotton
743_sf10|Component_743|Bronze
744_sf10|Component_744|Bronze
745_sf10|Component_745|Granite
746_sf10|Component_746|Paper
747_sf10|Component_747|Marble
748_sf10|Component_748|Iron
749_sf10|Component_749|Iron
750_sf10|Component_750|Titânio
751_sf10|Component_751|Aluminum
752_sf10|Component_752|Wooden
753_sf10|Component_753|Wool
754_sf10|Component_754|Granite
755_sf10|Component_755|Bronze
756_sf10|Component_756|Silk
757_sf10|Component_757|Plastic
758_sf10|Component_758|Wooden
759_sf10|Component_759|Plastic
760_sf10|Component_760|Copper
761_sf10|Component_761|Linen
762_sf10|Component_762|Paper
763_sf10|Component_763|Marble
764_sf10|Component_764|Leather
765_sf10|Component_765|Titânio
766_sf10|Component_766|Cotton
767_sf10|Component_767|Paper
768_sf10|Component_768|Concrete
769_sf10|Component_769|Linen
770_sf10|Component_770|Iron
771_sf10|Component_771|Marble
772_sf10|Component_772|Marble
773_sf10|Component_773|Iron
774_sf10|Component_774|Rubber
775_sf10|Component_775|Leather
776_sf10|Component_776|Linen
777_sf10|Component_777|Copper
778_sf10|Component_778|Wool
779_sf10|Component_779|Aluminum
780_sf10|Component_780|Titânio
781_sf10|Component_781|Wooden
782_sf10|Component_782|Copper
783_sf10|Component_783|Marble
784_sf10|Component_784|Plastic
785_sf10|Component_785|Steel
786_sf10|Component_786|Wooden
787_sf10|Component_787|Concrete
788_sf10|Component_788|Plastic
789_sf10|Component_789|Concrete
790_sf10|Component_790|Wool
791_sf10|Component_791|Rubber
792_sf10|Component_792|Linen
793_sf10|Component_793|Linen
794_sf10|Component_794|Iron
795_sf10|Component_795|Titânio
796_sf10|Component_796|Cotton
797_sf10|Component_797|Aluminum
798_sf10|Component_798|Wooden
799_sf10|Component_799|Rubber
800_sf10|Component_800|Marble
801_sf10|Component_801|Cotton
802_sf10|Component_802|Wool
803_sf10|Component_803|Copper
804_sf10|Component_804|Silk
805_sf10|Component_805|Copper
806_sf10|Component_806|Steel
807_sf10|Component_807|Aluminum
808_sf10|Component_808|Silk
809_sf10|Component_809|Leather
810_sf10|Component_810|Titânio
811_sf10|Component_811|Granite
812_sf10|Component_812|Marble
813_sf10|Component_813|Wooden
814_sf10|Component_814|Marble
815_sf10|Component_815|Marble
816_sf10|Component_816|Silk
817_sf10|Component_817|Steel
818_sf10|Component_818|Wool
819_sf10|Component_819|Granite
820_sf10|Component_820|Wool
821_sf10|Component_821|Paper
822_sf10|Component_822|Bronze
823_sf10|Component_823|Concrete
824_sf10|Component_824|Copper
825_sf10|Component_825|Titânio
826_sf10|Component_826|Leather
827_sf10|Component_827|Copper
828_sf10|Component_828|Cotton
829_sf10|Component_829|Marble
830_sf10|Component_830|Plastic
831_sf10|Component_831|Granite
832_sf10|Component_832|Wool
833_sf10|Component_833|Cotton
834_sf10|Component_834|Linen
835_sf10|Component_835|Steel
836_sf10|Component_836|Cotton
837_sf10|Component_837|Concrete
838_sf10|Component_838|Paper
839_sf10|Component_839|Marble
840_sf10|Component_840|Titânio
841_sf10|Component_841|Cotton
842_sf10|Component_842|Rubber
843_sf10|Component_843|Wooden
844_sf10|Component_844|Wooden
845_sf10|Component_845|Iron
846_sf10|Component_846|Steel
847_sf10|Component_847|Rubber
848_sf10|Component_848|Cotton
849_sf10|Component_849|Wool
850_sf10|Component_850|Wooden
851_sf10|Component_851|Wool
852_sf10|Component_852|Plastic
853_sf10|Component_853|Marble
854_sf10|Component_854|Aluminum
855_sf10|Component_855|Titânio
856_sf10|Component_856|Concrete
857_sf10|Component_857|Cotton
858_sf10|Component_858|Copper
859_sf10|Component_859|Rubber
860_sf10|Component_860|Iron
861_sf10|Component_861|Bronze
862_sf10|Component_862|Granite
863_sf10|Component_863|Granite
864_sf10|Component_864|Wool
865_sf10|Component_865|Iron
866_sf10|Component_866|Granite
867_sf10|Component_867|Leather
868_sf10|Component_868|Bronze
869_sf10|Component_869|Plastic
870_sf10|Component_870|Titânio
871_sf10|Component_871|Wool
872_sf10|Component_872|Plastic
873_sf10|Component_873|Concrete
874_sf10|Component_874|Linen
875_sf10|Component_875|Leather
876_sf10|Component_876|Cotton
877_sf10|Component_877|Wooden
878_sf10|Component_878|Bronze
879_sf10|Component_879|Granite
880_sf10|Component_880|Concrete
881_sf10|Component_881|Leather
882_sf10|Component_882|Linen
883_sf10|Component_883|Aluminum
884_sf10|Component_884|Leather
885_sf10|Component_885|Titânio
886_sf10|Component_886|Aluminum
887_sf10|Component_887|Leather
888_sf10|Component_888|Cotton
889_sf10|Component_889|Granite
890_sf10|Component_890|Wool
891_sf10|Component_891|Wooden
892_sf10|Component_892|Rubber
893_sf10|Component_893|Iron
894_sf10|Component_894|Concrete
895_sf10|Component_895|Wooden
896_sf10|Component_896|Wooden
897_sf10|Component_897|Aluminum
898_sf10|Component_898|Bronze
899_sf10|Component_899|Cotton
900_sf10|Component_900|Titânio
901_sf10|Component_901|Rubber
902_sf10|Component_902|Linen
903_sf10|Component_903|Concrete
904_sf10|Component_904|Wool
905_sf10|Component_905|Rubber
906_sf10|Component_906|Bronze
907_sf10|Component_907|Aluminum
908_sf10|Component_908|Cotton
909_sf10|Component_909|Concrete
910_sf10|Component_910|Marble
911_sf10|Component_911|Iron
912_sf10|Component_912|Copper
913_sf10|Component_913|Marble
914_sf10|Component_914|Iron
915_sf10|Component_915|Titânio
916_sf10|Component_916|Wool
917_sf10|Component_917|Copper
918_sf10|Component_918|Marble
919_sf10|Component_919|Granite
920_sf10|Component_920|Bronze
921_sf10|Component_921|Wooden
922_sf10|Component_922|Cotton
923_sf10|Component_923|Linen
924_sf10|Component_924|Wool
925_sf10|Component_925|Iron
926_sf10|Component_926|Granite
927_sf10|Component_927|Plastic
928_sf10|Component_928|Rubber
929_sf10|Component_929|Concrete
930_sf10|Component_930|Titânio
931_sf10|Component_931|Wooden
932_sf10|Component_932|Bronze
933_sf10|Component_933|Steel
934_sf10|Component_934|Aluminum
935_sf10|Component_935|Aluminum
936_sf10|Component_936|Plastic
937_sf10|Component_937|Bronze
938_sf10|Component_938|Bronze
939_sf10|Component_939|Wool
940_sf10|Component_940|Marble
941_sf10|Component_941|Silk
942_sf10|Component_942|Aluminum
943_sf10|Component_943|Wool
944_sf10|Component_944|Bronze
945_sf10|Component_945|Titânio
946_sf10|Component_946|Bronze
947_sf10|Component_947|Aluminum
948_sf10|Component_948|Leather
949_sf10|Component_949|Copper
950_sf10|Component_950|Cotton
951_sf10|Component_951|Wool
952_sf10|Component_952|Steel
953_sf10|Component_953|Cotton
954_sf10|Component_954|Plastic
955_sf10|Component_955|Marble
956_sf10|Component_956|Plastic
957_sf10|Component_957|Iron
958_sf10|Component_958|Paper
959_sf10|Component_959|Copper
960_sf10|Component_960|Titânio
961_sf10|Component_961|Plastic
962_sf10|Component_962|Concrete
963_sf10|Component_963|Marble
964_sf10|Component_964|Leather
965_sf10|Component_965|Silk
966_sf10|Component_966|Bronze
967_sf10|Component_967|Iron
968_sf10|Component_968|Bronze
969_sf10|Component_969|Wooden
970_sf10|Component_970|Granite
971_sf10|Component_971|Marble
972_sf10|Component_972|Wool
973_sf10|Component_973|Silk
974_sf10|Component_974|Wooden
975_sf10|Component_975|Titânio
976_sf10|Component_976|Rubber
977_sf10|Component_977|Paper
978_sf10|Component_978|Concrete
979_sf10|Component_979|Rubber
980_sf10|Component_980|Silk
981_sf10|Component_981|Steel
982_sf10|Component_982|Cotton
983_sf10|Component_983|Silk
984_sf10|Component_984|Silk
985_sf10|Component_985|Silk
986_sf10|Component_986|Steel
987_sf10|Component_987|Marble
988_sf10|Component_988|Iron
989_sf10|Component_989|Wooden
990_sf10|Component_990|Titânio
991_sf10|Component_991|Cotton
992_sf10|Component_992|Aluminum
993_sf10|Component_993|Wool
994_sf10|Component_994|Cotton
995_sf10|Component_995|Linen
996_sf10|Component_996|Silk
997_sf10|Component_997|Marble
998_sf10|Component_998|Concrete
999_sf10|Component_999|Plastic
1000_sf10|Component_1000|Concrete
1001_sf10|Component_1001|Plastic
1002_sf10|Component_1002|Linen
1003_sf10|Component_1003|Iron
1004_sf10|Component_1004|Plastic
1005_sf10|Component_1005|Titânio
1006_sf10|Component_1006|Cotton
1007_sf10|Component_1007|Plastic
1008_sf10|Component_1008|Steel
1009_sf10|Component_1009|Copper
1010_sf10|Component_1010|Iron
1011_sf10|Component_1011|Bronze
1012_sf10|Component_1012|Wool
1013_sf10|Component_1013|Marble
1014_sf10|Component_1014|Concrete
1015_sf10|Component_1015|Iron
1016_sf10|Component_1016|Linen
1017_sf10|Component_1017|Cotton
1018_sf10|Component_1018|Copper
1019_sf10|Component_1019|Copper
1020_sf10|Component_1020|Titânio
1021_sf10|Component_1021|Steel
1022_sf10|Component_1022|Wool
1023_sf10|Component_1023|Granite
1024_sf10|Component_1024|Wooden
1025_sf10|Component_1025|Plastic
1026_sf10|Component_1026|Silk
1027_sf10|Component_1027|Iron
1028_sf10|Component_1028|Aluminum
1029_sf10|Component_1029|Rubber
1030_sf10|Component_1030|Leather
1031_sf10|Component_1031|Concrete
1032_sf10|Component_1032|Cotton
1033_sf10|Component_1033|Iron
1034_sf10|Component_1034|Wool
1035_sf10|Component_1035|Titânio
1036_sf10|Component_1036|Wool
1037_sf10|Component_1037|Wool
1038_sf10|Component_1038|Iron
1039_sf10|Component_1039|Marble
1040_sf10|Component_1040|Paper
1041_sf10|Component_1041|Leather
1042_sf10|Component_1042|Leather
1043_sf10|Component_1043|Leather
1044_sf10|Component_1044|Wooden
1045_sf10|Component_1045|Rubber
1046_sf10|Component_1046|Marble
1047_sf10|Component_1047|Granite
1048_sf10|Component_1048|Wooden
1049_sf10|Component_1049|Wool
1050_sf10|Component_1050|Titânio
1051_sf10|Component_1051|Paper
1052_sf10|Component_1052|Bronze
1053_sf10|Component_1053|Granite
1054_sf10|Component_1054|Steel
1055_sf10|Component_1055|Cotton
1056_sf10|Component_1056|Iron
1057_sf10|Component_1057|Steel
1058_sf10|Component_1058|Wool
1059_sf10|Component_1059|Bronze
1060_sf10|Component_1060|Wool
1061_sf10|Component_1061|Silk
1062_sf10|Component_1062|Bronze
1063_sf10|Component_1063|Copper
1064_sf10|Component_1064|Silk
1065_sf10|Component_1065|Titânio
1066_sf10|Component_1066|Plastic
1067_sf10|Component_1067|Bronze
1068_sf10|Component_1068|Granite
1069_sf10|Component_1069|Leather
1070_sf10|Component_1070|Steel
1071_sf10|Component_1071|Aluminum
1072_sf10|Component_1072|Steel
1073_sf10|Component_1073|Granite
1074_sf10|Component_1074|Iron
1075_sf10|Component_1075|Granite
1076_sf10|Component_1076|Concrete
1077_sf10|Component_1077|Rubber
1078_sf10|Component_1078|Leather
1079_sf10|Component_1079|Wooden
1080_sf10|Component_1080|Titânio
1081_sf10|Component_1081|Iron
1082_sf10|Component_1082|Steel
1083_sf10|Component_1083|Concrete
1084_sf10|Component_1084|Plastic
1085_sf10|Component_1085|Iron
1086_sf10|Component_1086|Linen
1087_sf10|Component_1087|Cotton
1088_sf10|Component_1088|Granite
1089_sf10|Component_1089|Copper
1090_sf10|Component_1090|Wooden
1091_sf10|Component_1091|Concrete
1092_sf10|Component_1092|Cotton
1093_sf10|Component_1093|Aluminum
1094_sf10|Component_1094|Cotton
1095_sf10|Component_1095|Titânio
1096_sf10|Component_1096|Linen
1097_sf10|Component_1097|Concrete
1098_sf10|Component_1098|Granite
1099_sf10|Component_1099|Aluminum
1100_sf10|Component_1100|Paper
1101_sf10|Component_1101|Aluminum
1102_sf10|Component_1102|Marble
1103_sf10|Component_1103|Wooden
1104_sf10|Component_1104|Concrete
1105_sf10|Component_1105|Wool
1106_sf10|Component_1106|Silk
1107_sf10|Component_1107|Aluminum
1108_sf10|Component_1108|Iron
1109_sf10|Component_1109|Paper
1110_sf10|Component_1110|Titânio
1111_sf10|Component_1111|Iron
1112_sf10|Component_1112|Paper
1113_sf10|Component_1113|Wool
1114_sf10|Component_1114|Wooden
1115_sf10|Component_1115|Cotton
1116_sf10|Component_1116|Linen
1117_sf10|Component_1117|Concrete
1118_sf10|Component_1118|Wool
1119_sf10|Component_1119|Wool
1120_sf10|Component_1120|Wool
1121_sf10|Component_1121|Copper
1122_sf10|Component_1122|Silk
1123_sf10|Component_1123|Paper
1124_sf10|Component_1124|Wooden
1125_sf10|Component_1125|Titânio
1126_sf10|Component_1126|Bronze
1127_sf10|Component_1127|Leather
1128_sf10|Component_1128|Wooden
1129_sf10|Component_1129|Bronze
1130_sf10|Component_1130|Granite
1131_sf10|Component_1131|Granite
1132_sf10|Component_1132|Leather
1133_sf10|Component_1133|Rubber
1134_sf10|Component_1134|Bronze
1135_sf10|Component_1135|Paper
1136_sf10|Component_1136|Granite
1137_sf10|Component_1137|Linen
1138_sf10|Component_1138|Concrete
1139_sf10|Component_1139|Wooden
1140_sf10|Component_1140|Titânio
1141_sf10|Component_1141|Bronze
1142_sf10|Component_1142|Wooden
1143_sf10|Component_1143|Silk
1144_sf10|Component_1144|Plastic
1145_sf10|Component_1145|Cotton
1146_sf10|Component_1146|Granite
1147_sf10|Component_1147|Aluminum
1148_sf10|Component_1148|Granite
1149_sf10|Component_1149|Aluminum
1150_sf10|Component_1150|Steel
1151_sf10|Component_1151|Plastic
1152_sf10|Component_1152|Aluminum
1153_sf10|Component_1153|Plastic
1154_sf10|Component_1154|Plastic
1155_sf10|Component_1155|Titânio
1156_sf10|Component_1156|Paper
1157_sf10|Component_1157|Silk
1158_sf10|Component_1158|Copper
1159_sf10|Component_1159|Bronze
1160_sf10|Component_1160|Linen
1161_sf10|Component_1161|Paper
1162_sf10|Component_1162|Iron
1163_sf10|Component_1163|Bronze
1164_sf10|Component_1164|Cotton
1165_sf10|Component_1165|Concrete
1166_sf10|Component_1166|Iron
1167_sf10|Component_1167|Aluminum
1168_sf10|Component_1168|Aluminum
1169_sf10|Component_1169|Marble
1170_sf10|Component_1170|Titânio
1171_sf10|Component_1171|Copper
1172_sf10|Component_1172|Paper
1173_sf10|Component_1173|Linen
1174_sf10|Component_1174|Plastic
1175_sf10|Component_1175|Silk
1176_sf10|Component_1176|Linen
1177_sf10|Component_1177|Rubber
1178_sf10|Component_1178|Iron
1179_sf10|Component_1179|Wooden
1180_sf10|Component_1180|Copper
1181_sf10|Component_1181|Rubber
1182_sf10|Component_1182|Marble
1183_sf10|Component_1183|Bronze
1184_sf10|Component_1184|Rubber
1185_sf10|Component_1185|Titânio
1186_sf10|Component_1186|Aluminum
1187_sf10|Component_1187|Copper
1188_sf10|Component_1188|Paper
1189_sf10|Component_1189|Bronze
1190_sf10|Component_1190|Marble
1191_sf10|Component_1191|Steel
1192_sf10|Component_1192|Bronze
1193_sf10|Component_1193|Steel
1194_sf10|Component_1194|Marble
1195_sf10|Component_1195|Aluminum
1196_sf10|Component_1196|Marble
1197_sf10|Component_1197|Wooden
1198_sf10|Component_1198|Copper
1199_sf10|Component_1199|Marble
1200_sf10|Component_1200|Titânio
1201_sf10|Component_1201|Marble
1202_sf10|Component_1202|Aluminum
1203_sf10|Component_1203|Silk
1204_sf10|Component_1204|Concrete
1205_sf10|Component_1205|Paper
1206_sf10|Component_1206|Concrete
1207_sf10|Component_1207|Paper
1208_sf10|Component_1208|Iron
1209_sf10|Component_1209|Rubber
1210_sf10|Component_1210|Wooden
1211_sf10|Component_1211|Wool
1212_sf10|Component_1212|Marble
1213_sf10|Component_1213|Concrete
1214_sf10|Component_1214|Iron
1215_sf10|Component_1215|Titânio
1216_sf10|Component_1216|Wooden
1217_sf10|Component_1217|Iron
1218_sf10|Component_1218|Aluminum
1219_sf10|Component_1219|Silk
1220_sf10|Component_1220|Wool
1221_sf10|Component_1221|Silk
1222_sf10|Component_1222|Bronze
1223_sf10|Component_1223|Granite
1224_sf10|Component_1224|Iron
1225_sf10|Component_1225|Wool
1226_sf10|Component_1226|Silk
1227_sf10|Component_1227|Aluminum
1228_sf10|Component_1228|Bronze
1229_sf10|Component_1229|Aluminum
1230_sf10|Component_1230|Titânio
1231_sf10|Component_1231|Plastic
1232_sf10|Component_1232|Linen
1233_sf10|Component_1233|Silk
1234_sf10|Component_1234|Leather
1235_sf10|Component_1235|Wooden
1236_sf10|Component_1236|Copper
1237_sf10|Component_1237|Copper
1238_sf10|Component_1238|Rubber
1239_sf10|Component_1239|Marble
1240_sf10|Component_1240|Wool
1241_sf10|Component_1241|Plastic
1242_sf10|Component_1242|Iron
1243_sf10|Component_1243|Silk
1244_sf10|Component_1244|Cotton
1245_sf10|Component_1245|Titânio
1246_sf10|Component_1246|Copper
1247_sf10|Component_1247|Bronze
1248_sf10|Component_1248|Plastic
1249_sf10|Component_1249|Plastic
1250_sf10|Component_1250|Cotton
1251_sf10|Component_1251|Iron
1252_sf10|Component_1252|Concrete
1253_sf10|Component_1253|Leather
1254_sf10|Component_1254|Paper
1255_sf10|Component_1255|Concrete
1256_sf10|Component_1256|Steel
1257_sf10|Component_1257|Wool
1258_sf10|Component_1258|Concrete
1259_sf10|Component_1259|Marble
1260_sf10|Component_1260|Titânio
1261_sf10|Component_1261|Cotton
1262_sf10|Component_1262|Silk
1263_sf10|Component_1263|Paper
1264_sf10|Component_1264|Silk
1265_sf10|Component_1265|Plastic
1266_sf10|Component_1266|Linen
1267_sf10|Component_1267|Granite
1268_sf10|Component_1268|Leather
1269_sf10|Component_1269|Silk
1270_sf10|Component_1270|Granite
1271_sf10|Component_1271|Copper
1272_sf10|Component_1272|Paper
1273_sf10|Component_1273|Iron
1274_sf10|Component_1274|Leather
1275_sf10|Component_1275|Titânio
1276_sf10|Component_1276|Iron
1277_sf10|Component_1277|Leather
1278_sf10|Component_1278|Wool
1279_sf10|Component_1279|Silk
1280_sf10|Component_1280|Rubber
1281_sf10|Component_1281|Concrete
1282_sf10|Component_1282|Rubber
1283_sf10|Component_1283|Wool
1284_sf10|Component_1284|Cotton
1285_sf10|Component_1285|Bronze
1286_sf10|Component_1286|Bronze
1287_sf10|Component_1287|Wool
1288_sf10|Component_1288|Bronze
1289_sf10|Component_1289|Copper
1290_sf10|Component_1290|Titânio
1291_sf10|Component_1291|Cotton
1292_sf10|Component_1292|Granite
1293_sf10|Component_1293|Plastic
1294_sf10|Component_1294|Wool
1295_sf10|Component_1295|Cotton
1296_sf10|Component_1296|Rubber
1297_sf10|Component_1297|Copper
1298_sf10|Component_1298|Iron
1299_sf10|Component_1299|Marble
1300_sf10|Component_1300|Rubber
1301_sf10|Component_1301|Cotton
1302_sf10|Component_1302|Paper
1303_sf10|Component_1303|Iron
1304_sf10|Component_1304|Leather
1305_sf10|Component_1305|Titânio
1306_sf10|Component_1306|Wool
1307_sf10|Component_1307|Paper
1308_sf10|Component_1308|Plastic
1309_sf10|Component_1309|Concrete
1310_sf10|Component_1310|Paper
1311_sf10|Component_1311|Wooden
1312_sf10|Component_1312|Steel
1313_sf10|Component_1313|Concrete
1314_sf10|Component_1314|Silk
1315_sf10|Component_1315|Bronze
1316_sf10|Component_1316|Granite
1317_sf10|Component_1317|Marble
1318_sf10|Component_1318|Aluminum
1319_sf10|Component_1319|Aluminum
1320_sf10|Component_1320|Titânio
1321_sf10|Component_1321|Aluminum
1322_sf10|Component_1322|Wooden
1323_sf10|Component_1323|Steel
1324_sf10|Component_1324|Silk
1325_sf10|Component_1325|Copper
1326_sf10|Component_1326|Wooden
1327_sf10|Component_1327|Rubber
1328_sf10|Component_1328|Silk
1329_sf10|Component_1329|Cotton
1330_sf10|Component_1330|Aluminum
1331_sf10|Component_1331|Wool
1332_sf10|Component_1332|Cotton
1333_sf10|Component_1333|Iron
1334_sf10|Component_1334|Wool
1335_sf10|Component_1335|Titânio
1336_sf10|Component_1336|Marble
1337_sf10|Component_1337|Silk
1338_sf10|Component_1338|Iron
1339_sf10|Component_1339|Linen
1340_sf10|Component_1340|Copper
1341_sf10|Component_1341|Silk
1342_sf10|Component_1342|Silk
1343_sf10|Component_1343|Steel
1344_sf10|Component_1344|Steel
1345_sf10|Component_1345|Plastic
1346_sf10|Component_1346|Leather
1347_sf10|Component_1347|Wooden
1348_sf10|Component_1348|Paper
1349_sf10|Component_1349|Bronze
1350_sf10|Component_1350|Titânio
1351_sf10|Component_1351|Bronze
1352_sf10|Component_1352|Plastic
1353_sf10|Component_1353|Granite
1354_sf10|Component_1354|Aluminum
1355_sf10|Component_1355|Leather
1356_sf10|Component_1356|Leather
1357_sf10|Component_1357|Rubber
1358_sf10|Component_1358|Linen
1359_sf10|Component_1359|Silk
1360_sf10|Component_1360|Concrete
1361_sf10|Component_1361|Plastic
1362_sf10|Component_1362|Steel
1363_sf10|Component_1363|Bronze
1364_sf10|Component_1364|Bronze
1365_sf10|Component_1365|Titânio
1366_sf10|Component_1366|Plastic
1367_sf10|Component_1367|Linen
1368_sf10|Component_1368|Concrete
1369_sf10|Component_1369|Plastic
1370_sf10|Component_1370|Bronze
1371_sf10|Component_1371|Silk
1372_sf10|Component_1372|Aluminum
1373_sf10|Component_1373|Cotton
1374_sf10|Component_1374|Iron
1375_sf10|Component_1375|Wooden
1376_sf10|Component_1376|Cotton
1377_sf10|Component_1377|Linen
1378_sf10|Component_1378|Aluminum
1379_sf10|Component_1379|Marble
1380_sf10|Component_1380|Titânio
1381_sf10|Component_1381|Concrete
1382_sf10|Component_1382|Bronze
1383_sf10|Component_1383|Copper
1384_sf10|Component_1384|Silk
1385_sf10|Component_1385|Cotton
1386_sf10|Component_1386|Aluminum
1387_sf10|Component_1387|Concrete
1388_sf10|Component_1388|Leather
1389_sf10|Component_1389|Aluminum
1390_sf10|Component_1390|Aluminum
1391_sf10|Component_1391|Leather
1392_sf10|Component_1392|Iron
1393_sf10|Component_1393|Silk
1394_sf10|Component_1394|Wool
1395_sf10|Component_1395|Titânio
1396_sf10|Component_1396|Leather
1397_sf10|Component_1397|Cotton
1398_sf10|Component_1398|Plastic
1399_sf10|Component_1399|Marble
1400_sf10|Component_1400|Concrete
1401_sf10|Component_1401|Aluminum
1402_sf10|Component_1402|Concrete
1403_sf10|Component_1403|Aluminum
1404_sf10|Component_1404|Wool
1405_sf10|Component_1405|Paper
1406_sf10|Component_1406|Wooden
1407_sf10|Component_1407|Granite
1408_sf10|Component_1408|Rubber
1409_sf10|Component_1409|Granite
1410_sf10|Component_1410|Titânio
1411_sf10|Component_1411|Steel
1412_sf10|Component_1412|Marble
1413_sf10|Component_1413|Granite
1414_sf10|Component_1414|Aluminum
1415_sf10|Component_1415|Plastic
1416_sf10|Component_1416|Aluminum
1417_sf10|Component_1417|Iron
1418_sf10|Component_1418|Wooden
1419_sf10|Component_1419|Rubber
1420_sf10|Component_1420|Leather
1421_sf10|Component_1421|Aluminum
1422_sf10|Component_1422|Concrete
1423_sf10|Component_1423|Rubber
1424_sf10|Component_1424|Wool
1425_sf10|Component_1425|Titânio
1426_sf10|Component_1426|Wooden
1427_sf10|Component_1427|Bronze
1428_sf10|Component_1428|Aluminum
1429_sf10|Component_1429|Aluminum
1430_sf10|Component_1430|Iron
1431_sf10|Component_1431|Aluminum
1432_sf10|Component_1432|Wooden
1433_sf10|Component_1433|Wool
1434_sf10|Component_1434|Rubber
1435_sf10|Component_1435|Aluminum
1436_sf10|Component_1436|Marble
1437_sf10|Component_1437|Concrete
1438_sf10|Component_1438|Granite
1439_sf10|Component_1439|Cotton
1440_sf10|Component_1440|Titânio
1441_sf10|Component_1441|Silk
1442_sf10|Component_1442|Wool
1443_sf10|Component_1443|Wool
1444_sf10|Component_1444|Iron
1445_sf10|Component_1445|Plastic
1446_sf10|Component_1446|Aluminum
1447_sf10|Component_1447|Rubber
1448_sf10|Component_1448|Wool
1449_sf10|Component_1449|Steel
1450_sf10|Component_1450|Wool
1451_sf10|Component_1451|Aluminum
1452_sf10|Component_1452|Wool
1453_sf10|Component_1453|Copper
1454_sf10|Component_1454|Wooden
1455_sf10|Component_1455|Titânio
1456_sf10|Component_1456|Plastic
1457_sf10|Component_1457|Rubber
1458_sf10|Component_1458|Steel
1459_sf10|Component_1459|Bronze
1460_sf10|Component_1460|Copper
1461_sf10|Component_1461|Granite
1462_sf10|Component_1462|Wool
1463_sf10|Component_1463|Wooden
1464_sf10|Component_1464|Rubber
1465_sf10|Component_1465|Paper
1466_sf10|Component_1466|Leather
1467_sf10|Component_1467|Rubber
1468_sf10|Component_1468|Wooden
1469_sf10|Component_1469|Steel
1470_sf10|Component_1470|Titânio
1471_sf10|Component_1471|Steel
1472_sf10|Component_1472|Wooden
1473_sf10|Component_1473|Silk
1474_sf10|Component_1474|Silk
1475_sf10|Component_1475|Rubber
1476_sf10|Component_1476|Plastic
1477_sf10|Component_1477|Wooden
1478_sf10|Component_1478|Concrete
1479_sf10|Component_1479|Silk
1480_sf10|Component_1480|Wooden
1481_sf10|Component_1481|Granite
1482_sf10|Component_1482|Linen
1483_sf10|Component_1483|Leather
1484_sf10|Component_1484|Copper
1485_sf10|Component_1485|Titânio
1486_sf10|Component_1486|Bronze
1487_sf10|Component_1487|Aluminum
1488_sf10|Component_1488|Bronze
1489_sf10|Component_1489|Concrete
1490_sf10|Component_1490|Bronze
1491_sf10|Component_1491|Wooden
1492_sf10|Component_1492|Iron
1493_sf10|Component_1493|Silk
1494_sf10|Component_1494|Iron
1495_sf10|Component_1495|Aluminum
1496_sf10|Component_1496|Silk
1497_sf10|Component_1497|Linen
1498_sf10|Component_1498|Cotton
1499_sf10|Component_1499|Aluminum
1500_sf10|Component_1500|Titânio
1501_sf10|Component_1501|Concrete
1502_sf10|Component_1502|Leather
1503_sf10|Component_1503|Rubber
1504_sf10|Component_1504|Cotton
1505_sf10|Component_1505|Leather
1506_sf10|Component_1506|Linen
1507_sf10|Component_1507|Cotton
1508_sf10|Component_1508|Linen
1509_sf10|Component_1509|Linen
1510_sf10|Component_1510|Leather
1511_sf10|Component_1511|Granite
1512_sf10|Component_1512|Marble
1513_sf10|Component_1513|Wooden
1514_sf10|Component_1514|Aluminum
1515_sf10|Component_1515|Titânio
1516_sf10|Component_1516|Wool
1517_sf10|Component_1517|Plastic
1518_sf10|Component_1518|Iron
1519_sf10|Component_1519|Marble
1520_sf10|Component_1520|Linen
1521_sf10|Component_1521|Bronze
1522_sf10|Component_1522|Wool
1523_sf10|Component_1523|Copper
1524_sf10|Component_1524|Silk
1525_sf10|Component_1525|Rubber
1526_sf10|Component_1526|Plastic
1527_sf10|Component_1527|Steel
1528_sf10|Component_1528|Bronze
1529_sf10|Component_1529|Rubber
1530_sf10|Component_1530|Titânio
1531_sf10|Component_1531|Linen
1532_sf10|Component_1532|Aluminum
1533_sf10|Component_1533|Linen
1534_sf10|Component_1534|Iron
1535_sf10|Component_1535|Wool
1536_sf10|Component_1536|Silk
1537_sf10|Component_1537|Granite
1538_sf10|Component_1538|Concrete
1539_sf10|Component_1539|Wool
1540_sf10|Component_1540|Concrete
1541_sf10|Component_1541|Granite
1542_sf10|Component_1542|Iron
1543_sf10|Component_1543|Marble
1544_sf10|Component_1544|Paper
1545_sf10|Component_1545|Titânio
1546_sf10|Component_1546|Plastic
1547_sf10|Component_1547|Wool
1548_sf10|Component_1548|Leather
1549_sf10|Component_1549|Leather
1550_sf10|Component_1550|Wool
1551_sf10|Component_1551|Paper
1552_sf10|Component_1552|Wooden
1553_sf10|Component_1553|Aluminum
1554_sf10|Component_1554|Wooden
1555_sf10|Component_1555|Cotton
1556_sf10|Component_1556|Copper
1557_sf10|Component_1557|Marble
1558_sf10|Component_1558|Iron
1559_sf10|Component_1559|Granite
1560_sf10|Component_1560|Titânio
1561_sf10|Component_1561|Wooden
1562_sf10|Component_1562|Concrete
1563_sf10|Component_1563|Plastic
1564_sf10|Component_1564|Cotton
1565_sf10|Component_1565|Wooden
1566_sf10|Component_1566|Plastic
1567_sf10|Component_1567|Iron
1568_sf10|Component_1568|Plastic
1569_sf10|Component_1569|Silk
1570_sf10|Component_1570|Bronze
1571_sf10|Component_1571|Granite
1572_sf10|Component_1572|Aluminum
1573_sf10|Component_1573|Rubber
1574_sf10|Component_1574|Copper
1575_sf10|Component_1575|Titânio
1576_sf10|Component_1576|Rubber
1577_sf10|Component_1577|Cotton
1578_sf10|Component_1578|Paper
1579_sf10|Component_1579|Copper
1580_sf10|Component_1580|Steel
1581_sf10|Component_1581|Plastic
1582_sf10|Component_1582|Linen
1583_sf10|Component_1583|Steel
1584_sf10|Component_1584|Silk
1585_sf10|Component_1585|Steel
1586_sf10|Component_1586|Leather
1587_sf10|Component_1587|Steel
1588_sf10|Component_1588|Silk
1589_sf10|Component_1589|Bronze
1590_sf10|Component_1590|Titânio
1591_sf10|Component_1591|Cotton
1592_sf10|Component_1592|Rubber
1593_sf10|Component_1593|Paper
1594_sf10|Component_1594|Steel
1595_sf10|Component_1595|Cotton
1596_sf10|Component_1596|Aluminum
1597_sf10|Component_1597|Concrete
1598_sf10|Component_1598|Wool
1599_sf10|Component_1599|Silk
1600_sf10|Component_1600|Wool
1601_sf10|Component_1601|Aluminum
1602_sf10|Component_1602|Aluminum
1603_sf10|Component_1603|Bronze
1604_sf10|Component_1604|Granite
1605_sf10|Component_1605|Titânio
1606_sf10|Component_1606|Cotton
1607_sf10|Component_1607|Linen
1608_sf10|Component_1608|Copper
1609_sf10|Component_1609|Wooden
1610_sf10|Component_1610|Marble
1611_sf10|Component_1611|Marble
1612_sf10|Component_1612|Concrete
1613_sf10|Component_1613|Marble
1614_sf10|Component_1614|Granite
1615_sf10|Component_1615|Granite
1616_sf10|Component_1616|Aluminum
1617_sf10|Component_1617|Silk
1618_sf10|Component_1618|Linen
1619_sf10|Component_1619|Marble
1620_sf10|Component_1620|Titânio
1621_sf10|Component_1621|Iron
1622_sf10|Component_1622|Cotton
1623_sf10|Component_1623|Silk
1624_sf10|Component_1624|Granite
1625_sf10|Component_1625|Cotton
1626_sf10|Component_1626|Rubber
1627_sf10|Component_1627|Plastic
1628_sf10|Component_1628|Aluminum
1629_sf10|Component_1629|Copper
1630_sf10|Component_1630|Leather
1631_sf10|Component_1631|Wooden
1632_sf10|Component_1632|Silk
1633_sf10|Component_1633|Cotton
1634_sf10|Component_1634|Wool
1635_sf10|Component_1635|Titânio
1636_sf10|Component_1636|Wooden
1637_sf10|Component_1637|Cotton
1638_sf10|Component_1638|Silk
1639_sf10|Component_1639|Marble
1640_sf10|Component_1640|Copper
1641_sf10|Component_1641|Leather
1642_sf10|Component_1642|Rubber
1643_sf10|Component_1643|Paper
1644_sf10|Component_1644|Granite
1645_sf10|Component_1645|Plastic
1646_sf10|Component_1646|Aluminum
1647_sf10|Component_1647|Concrete
1648_sf10|Component_1648|Paper
1649_sf10|Component_1649|Paper
1650_sf10|Component_1650|Titânio
1651_sf10|Component_1651|Cotton
1652_sf10|Component_1652|Paper
1653_sf10|Component_1653|Bronze
1654_sf10|Component_1654|Iron
1655_sf10|Component_1655|Plastic
1656_sf10|Component_1656|Aluminum
1657_sf10|Component_1657|Linen
1658_sf10|Component_1658|Paper
1659_sf10|Component_1659|Marble
1660_sf10|Component_1660|Linen
1661_sf10|Component_1661|Plastic
1662_sf10|Component_1662|Silk
1663_sf10|Component_1663|Copper
1664_sf10|Component_1664|Cotton
1665_sf10|Component_1665|Titânio
1666_sf10|Component_1666|Wooden
1667_sf10|Component_1667|Wooden
1668_sf10|Component_1668|Granite
1669_sf10|Component_1669|Wool
1670_sf10|Component_1670|Copper
1671_sf10|Component_1671|Aluminum
1672_sf10|Component_1672|Wool
1673_sf10|Component_1673|Copper
1674_sf10|Component_1674|Wool
1675_sf10|Component_1675|Marble
1676_sf10|Component_1676|Copper
1677_sf10|Component_1677|Iron
1678_sf10|Component_1678|Plastic
1679_sf10|Component_1679|Cotton
1680_sf10|Component_1680|Titânio
1681_sf10|Component_1681|Leather
1682_sf10|Component_1682|Steel
1683_sf10|Component_1683|Leather
1684_sf10|Component_1684|Iron
1685_sf10|Component_1685|Aluminum
1686_sf10|Component_1686|Silk
1687_sf10|Component_1687|Bronze
1688_sf10|Component_1688|Concrete
1689_sf10|Component_1689|Iron
1690_sf10|Component_1690|Aluminum
1691_sf10|Component_1691|Concrete
1692_sf10|Component_1692|Wooden
1693_sf10|Component_1693|Bronze
1694_sf10|Component_1694|Bronze
1695_sf10|Component_1695|Titânio
1696_sf10|Component_1696|Iron
1697_sf10|Component_1697|Silk
1698_sf10|Component_1698|Copper
1699_sf10|Component_1699|Bronze
1700_sf10|Component_1700|Paper
1701_sf10|Component_1701|Rubber
1702_sf10|Component_1702|Rubber
1703_sf10|Component_1703|Copper
1704_sf10|Component_1704|Plastic
1705_sf10|Component_1705|Paper
1706_sf10|Component_1706|Aluminum
1707_sf10|Component_1707|Marble
1708_sf10|Component_1708|Copper
1709_sf10|Component_1709|Leather
1710_sf10|Component_1710|Titânio
1711_sf10|Component_1711|Leather
1712_sf10|Component_1712|Cotton
1713_sf10|Component_1713|Linen
1714_sf10|Component_1714|Silk
1715_sf10|Component_1715|Linen
1716_sf10|Component_1716|Bronze
1717_sf10|Component_1717|Bronze
1718_sf10|Component_1718|Steel
1719_sf10|Component_1719|Aluminum
1720_sf10|Component_1720|Granite
1721_sf10|Component_1721|Wooden
1722_sf10|Component_1722|Concrete
1723_sf10|Component_1723|Marble
1724_sf10|Component_1724|Copper
1725_sf10|Component_1725|Titânio
1726_sf10|Component_1726|Copper
1727_sf10|Component_1727|Plastic
1728_sf10|Component_1728|Aluminum
1729_sf10|Component_1729|Wool
1730_sf10|Component_1730|Copper
1731_sf10|Component_1731|Bronze
1732_sf10|Component_1732|Copper
1733_sf10|Component_1733|Silk
1734_sf10|Component_1734|Granite
1735_sf10|Component_1735|Plastic
1736_sf10|Component_1736|Aluminum
1737_sf10|Component_1737|Silk
1738_sf10|Component_1738|Wool
1739_sf10|Component_1739|Steel
1740_sf10|Component_1740|Titânio
1741_sf10|Component_1741|Rubber
1742_sf10|Component_1742|Paper
1743_sf10|Component_1743|Paper
1744_sf10|Component_1744|Wooden
1745_sf10|Component_1745|Iron
1746_sf10|Component_1746|Leather
1747_sf10|Component_1747|Copper
1748_sf10|Component_1748|Cotton
1749_sf10|Component_1749|Plastic
1750_sf10|Component_1750|Aluminum
1751_sf10|Component_1751|Concrete
1752_sf10|Component_1752|Linen
1753_sf10|Component_1753|Aluminum
1754_sf10|Component_1754|Rubber
1755_sf10|Component_1755|Titânio
1756_sf10|Component_1756|Copper
1757_sf10|Component_1757|Bronze
1758_sf10|Component_1758|Wool
1759_sf10|Component_1759|Bronze
1760_sf10|Component_1760|Bronze
1761_sf10|Component_1761|Silk
1762_sf10|Component_1762|Linen
1763_sf10|Component_1763|Wool
1764_sf10|Component_1764|Cotton
1765_sf10|Component_1765|Cotton
1766_sf10|Component_1766|Steel
1767_sf10|Component_1767|Granite
1768_sf10|Component_1768|Linen
1769_sf10|Component_1769|Steel
1770_sf10|Component_1770|Titânio
1771_sf10|Component_1771|Steel
1772_sf10|Component_1772|Plastic
1773_sf10|Component_1773|Copper
1774_sf10|Component_1774|Plastic
1775_sf10|Component_1775|Steel
1776_sf10|Component_1776|Wool
1777_sf10|Component_1777|Aluminum
1778_sf10|Component_1778|Marble
1779_sf10|Component_1779|Leather
1780_sf10|Component_1780|Rubber
1781_sf10|Component_1781|Silk
1782_sf10|Component_1782|Rubber
1783_sf10|Component_1783|Silk
1784_sf10|Component_1784|Paper
1785_sf10|Component_1785|Titânio
1786_sf10|Component_1786|Iron
1787_sf10|Component_1787|Linen
1788_sf10|Component_1788|Aluminum
1789_sf10|Component_1789|Linen
1790_sf10|Component_1790|Steel
1791_sf10|Component_1791|Bronze
1792_sf10|Component_1792|Bronze
1793_sf10|Component_1793|Copper
1794_sf10|Component_1794|Cotton
1795_sf10|Component_1795|Plastic
1796_sf10|Component_1796|Iron
1797_sf10|Component_1797|Steel
1798_sf10|Component_1798|Granite
1799_sf10|Component_1799|Rubber
1800_sf10|Component_1800|Titânio
1801_sf10|Component_1801|Cotton
1802_sf10|Component_1802|Aluminum
1803_sf10|Component_1803|Leather
1804_sf10|Component_1804|Leather
1805_sf10|Component_1805|Copper
1806_sf10|Component_1806|Bronze
1807_sf10|Component_1807|Silk
1808_sf10|Component_1808|Bronze
1809_sf10|Component_1809|Rubber
1810_sf10|Component_1810|Paper
1811_sf10|Component_1811|Granite
1812_sf10|Component_1812|Marble
1813_sf10|Component_1813|Steel
1814_sf10|Component_1814|Concrete
1815_sf10|Component_1815|Titânio
1816_sf10|Component_1816|Leather
1817_sf10|Component_1817|Paper
1818_sf10|Component_1818|Cotton
1819_sf10|Component_1819|Linen
1820_sf10|Component_1820|Marble
1821_sf10|Component_1821|Rubber
1822_sf10|Component_1822|Paper
1823_sf10|Component_1823|Plastic
1824_sf10|Component_1824|Bronze
1825_sf10|Component_1825|Plastic
1826_sf10|Component_1826|Steel
1827_sf10|Component_1827|Steel
1828_sf10|Component_1828|Aluminum
1829_sf10|Component_1829|Wooden
1830_sf10|Component_1830|Titânio
1831_sf10|Component_1831|Aluminum
1832_sf10|Component_1832|Silk
1833_sf10|Component_1833|Aluminum
1834_sf10|Component_1834|Granite
1835_sf10|Component_1835|Copper
1836_sf10|Component_1836|Silk
1837_sf10|Component_1837|Granite
1838_sf10|Component_1838|Concrete
1839_sf10|Component_1839|Steel
1840_sf10|Component_1840|Granite
1841_sf10|Component_1841|Wool
1842_sf10|Component_1842|Wooden
1843_sf10|Component_1843|Granite
1844_sf10|Component_1844|Bronze
1845_sf10|Component_1845|Titânio
1846_sf10|Component_1846|Plastic
1847_sf10|Component_1847|Steel
1848_sf10|Component_1848|Paper
1849_sf10|Component_1849|Silk
1850_sf10|Component_1850|Copper
1851_sf10|Component_1851|Marble
1852_sf10|Component_1852|Leather
1853_sf10|Component_1853|Paper
1854_sf10|Component_1854|Granite
1855_sf10|Component_1855|Granite
1856_sf10|Component_1856|Concrete
1857_sf10|Component_1857|Cotton
1858_sf10|Component_1858|Wooden
1859_sf10|Component_1859|Wool
1860_sf10|Component_1860|Titânio
1861_sf10|Component_1861|Linen
1862_sf10|Component_1862|Copper
1863_sf10|Component_1863|Granite
1864_sf10|Component_1864|Granite
1865_sf10|Component_1865|Steel
1866_sf10|Component_1866|Wool
1867_sf10|Component_1867|Aluminum
1868_sf10|Component_1868|Concrete
1869_sf10|Component_1869|Plastic
1870_sf10|Component_1870|Iron
1871_sf10|Component_1871|Linen
1872_sf10|Component_1872|Steel
1873_sf10|Component_1873|Silk
1874_sf10|Component_1874|Leather
1875_sf10|Component_1875|Titânio
1876_sf10|Component_1876|Linen
1877_sf10|Component_1877|Wooden
1878_sf10|Component_1878|Marble
1879_sf10|Component_1879|Paper
1880_sf10|Component_1880|Iron
1881_sf10|Component_1881|Paper
1882_sf10|Component_1882|Concrete
1883_sf10|Component_1883|Linen
1884_sf10|Component_1884|Steel
1885_sf10|Component_1885|Marble
1886_sf10|Component_1886|Granite
1887_sf10|Component_1887|Linen
1888_sf10|Component_1888|Leather
1889_sf10|Component_1889|Copper
1890_sf10|Component_1890|Titânio
1891_sf10|Component_1891|Linen
1892_sf10|Component_1892|Steel
1893_sf10|Component_1893|Granite
1894_sf10|Component_1894|Wool
1895_sf10|Component_1895|Marble
1896_sf10|Component_1896|Steel
1897_sf10|Component_1897|Granite
1898_sf10|Component_1898|Linen
1899_sf10|Component_1899|Granite
1900_sf10|Component_1900|Leather
1901_sf10|Component_1901|Linen
1902_sf10|Component_1902|Cotton
1903_sf10|Component_1903|Steel
1904_sf10|Component_1904|Aluminum
1905_sf10|Component_1905|Titânio
1906_sf10|Component_1906|Linen
1907_sf10|Component_1907|Copper
1908_sf10|Component_1908|Wooden
1909_sf10|Component_1909|Linen
1910_sf10|Component_1910|Plastic
1911_sf10|Component_1911|Bronze
1912_sf10|Component_1912|Silk
1913_sf10|Component_1913|Plastic
1914_sf10|Component_1914|Linen
1915_sf10|Component_1915|Copper
1916_sf10|Component_1916|Wooden
1917_sf10|Component_1917|Marble
1918_sf10|Component_1918|Paper
1919_sf10|Component_1919|Aluminum
1920_sf10|Component_1920|Titânio
1921_sf10|Component_1921|Steel
1922_sf10|Component_1922|Wool
1923_sf10|Component_1923|Linen
1924_sf10|Component_1924|Aluminum
1925_sf10|Component_1925|Bronze
1926_sf10|Component_1926|Marble
1927_sf10|Component_1927|Steel
1928_sf10|Component_1928|Bronze
1929_sf10|Component_1929|Copper
1930_sf10|Component_1930|Wool
1931_sf10|Component_1931|Rubber
1932_sf10|Component_1932|Silk
1933_sf10|Component_1933|Aluminum
1934_sf10|Component_1934|Linen
1935_sf10|Component_1935|Titânio
1936_sf10|Component_1936|Granite
1937_sf10|Component_1937|Marble
1938_sf10|Component_1938|Wool
1939_sf10|Component_1939|Cotton
1940_sf10|Component_1940|Marble
1941_sf10|Component_1941|Granite
1942_sf10|Component_1942|Linen
1943_sf10|Component_1943|Iron
1944_sf10|Component_1944|Silk
1945_sf10|Component_1945|Iron
1946_sf10|Component_1946|Leather
1947_sf10|Component_1947|Plastic
1948_sf10|Component_1948|Paper
1949_sf10|Component_1949|Wool
1950_sf10|Component_1950|Titânio
1951_sf10|Component_1951|Leather
1952_sf10|Component_1952|Iron
1953_sf10|Component_1953|Cotton
1954_sf10|Component_1954|Wool
1955_sf10|Component_1955|Marble
1956_sf10|Component_1956|Steel
1957_sf10|Component_1957|Leather
1958_sf10|Component_1958|Silk
1959_sf10|Component_1959|Linen
1960_sf10|Component_1960|Cotton
1961_sf10|Component_1961|Cotton
1962_sf10|Component_1962|Cotton
1963_sf10|Component_1963|Concrete
1964_sf10|Component_1964|Paper
1965_sf10|Component_1965|Titânio
1966_sf10|Component_1966|Leather
1967_sf10|Component_1967|Rubber
1968_sf10|Component_1968|Cotton
1969_sf10|Component_1969|Cotton
1970_sf10|Component_1970|Leather
1971_sf10|Component_1971|Marble
1972_sf10|Component_1972|Leather
1973_sf10|Component_1973|Copper
1974_sf10|Component_1974|Granite
1975_sf10|Component_1975|Wooden
1976_sf10|Component_1976|Bronze
1977_sf10|Component_1977|Granite
1978_sf10|Component_1978|Leather
1979_sf10|Component_1979|Wool
1980_sf10|Component_1980|Titânio
1981_sf10|Component_1981|Steel
1982_sf10|Component_1982|Wool
1983_sf10|Component_1983|Bronze
1984_sf10|Component_1984|Linen
1985_sf10|Component_1985|Bronze
1986_sf10|Component_1986|Wooden
1987_sf10|Component_1987|Wooden
1988_sf10|Component_1988|Granite
1989_sf10|Component_1989|Granite
1990_sf10|Component_1990|Cotton
1991_sf10|Component_1991|Paper
1992_sf10|Component_1992|Cotton
1993_sf10|Component_1993|Granite
1994_sf10|Component_1994|Marble
1995_sf10|Component_1995|Titânio
1996_sf10|Component_1996|Leather
1997_sf10|Component_1997|Plastic
1998_sf10|Component_1998|Rubber
1999_sf10|Component_1999|Bronze
