key|value
0_sf1|cert:Tipo B;score:62
1_sf1|cert:Tipo B;score:90
2_sf1|cert:Tipo C;score:45
3_sf1|cert:Tipo A;score:32
4_sf1|cert:Tipo A;score:80
5_sf1|cert:Não Certificado;score:30
6_sf1|cert:Tipo C;score:68
7_sf1|cert:Tipo B;score:89
8_sf1|cert:Tipo B;score:80
9_sf1|cert:Tipo B;score:60
10_sf1|cert:Tipo A;score:66
11_sf1|cert:Tipo C;score:28
12_sf1|cert:Tipo C;score:88
13_sf1|cert:Não Certificado;score:99
14_sf1|cert:Não Certificado;score:95
15_sf1|cert:Não Certificado;score:39
16_sf1|cert:Tipo B;score:52
17_sf1|cert:Não Certificado;score:53
18_sf1|cert:Tipo A;score:24
19_sf1|cert:Tipo C;score:35
20_sf1|cert:Não Certificado;score:8
21_sf1|cert:Tipo B;score:81
22_sf1|cert:Tipo B;score:76
23_sf1|cert:Tipo B;score:30
24_sf1|cert:Tipo B;score:7
25_sf1|cert:Tipo C;score:28
26_sf1|cert:Tipo B;score:36
27_sf1|cert:Tipo A;score:63
28_sf1|cert:Tipo A;score:49
29_sf1|cert:Tipo A;score:76
30_sf1|cert:Tipo C;score:38
31_sf1|cert:Tipo C;score:78
32_sf1|cert:Tipo B;score:4
33_sf1|cert:Não Certificado;score:17
34_sf1|cert:Tipo A;score:49
35_sf1|cert:Tipo B;score:53
36_sf1|cert:Não Certificado;score:96
37_sf1|cert:Tipo A;score:13
38_sf1|cert:Tipo C;score:93
39_sf1|cert:Tipo C;score:38
40_sf1|cert:Tipo B;score:25
41_sf1|cert:Tipo A;score:23
42_sf1|cert:Tipo B;score:95
43_sf1|cert:Tipo B;score:64
44_sf1|cert:Não Certificado;score:34
45_sf1|cert:Tipo B;score:21
46_sf1|cert:Tipo B;score:80
47_sf1|cert:Tipo A;score:29
48_sf1|cert:Tipo B;score:31
49_sf1|cert:Tipo B;score:21
50_sf1|cert:Não Certificado;score:31
51_sf1|cert:Tipo A;score:78
52_sf1|cert:Tipo C;score:30
53_sf1|cert:Não Certificado;score:50
54_sf1|cert:Tipo C;score:93
55_sf1|cert:Tipo C;score:14
56_sf1|cert:Tipo B;score:48
57_sf1|cert:Não Certificado;score:75
58_sf1|cert:Tipo A;score:66
59_sf1|cert:Tipo B;score:58
60_sf1|cert:Tipo A;score:87
61_sf1|cert:Não Certificado;score:64
62_sf1|cert:Tipo C;score:45
63_sf1|cert:Tipo C;score:90
64_sf1|cert:Tipo B;score:47
65_sf1|cert:Tipo C;score:8
66_sf1|cert:Tipo C;score:8
67_sf1|cert:Não Certificado;score:54
68_sf1|cert:Não Certificado;score:73
69_sf1|cert:Tipo B;score:82
70_sf1|cert:Não Certificado;score:43
71_sf1|cert:Tipo C;score:54
72_sf1|cert:Tipo B;score:93
73_sf1|cert:Tipo C;score:69
74_sf1|cert:Tipo B;score:21
75_sf1|cert:Tipo B;score:60
76_sf1|cert:Tipo A;score:69
77_sf1|cert:Não Certificado;score:69
78_sf1|cert:Não Certificado;score:56
79_sf1|cert:Não Certificado;score:65
80_sf1|cert:Tipo B;score:32
81_sf1|cert:Tipo A;score:13
82_sf1|cert:Tipo C;score:19
83_sf1|cert:Tipo C;score:63
84_sf1|cert:Tipo B;score:3
85_sf1|cert:Tipo C;score:81
86_sf1|cert:Tipo A;score:23
87_sf1|cert:Tipo A;score:12
88_sf1|cert:Tipo B;score:81
89_sf1|cert:Não Certificado;score:86
90_sf1|cert:Tipo A;score:96
91_sf1|cert:Tipo B;score:70
92_sf1|cert:Tipo C;score:64
93_sf1|cert:Tipo A;score:36
94_sf1|cert:Não Certificado;score:42
95_sf1|cert:Tipo A;score:19
96_sf1|cert:Tipo B;score:28
97_sf1|cert:Não Certificado;score:56
98_sf1|cert:Tipo A;score:29
99_sf1|cert:Tipo C;score:85
100_sf1|cert:Tipo B;score:4
101_sf1|cert:Tipo C;score:88
102_sf1|cert:Não Certificado;score:62
103_sf1|cert:Não Certificado;score:15
104_sf1|cert:Tipo B;score:44
105_sf1|cert:Tipo B;score:76
106_sf1|cert:Não Certificado;score:10
107_sf1|cert:Tipo B;score:98
108_sf1|cert:Não Certificado;score:91
109_sf1|cert:Tipo B;score:75
110_sf1|cert:Tipo B;score:20
111_sf1|cert:Tipo C;score:43
112_sf1|cert:Tipo B;score:17
113_sf1|cert:Tipo C;score:53
114_sf1|cert:Tipo A;score:5
115_sf1|cert:Tipo A;score:56
116_sf1|cert:Tipo A;score:38
117_sf1|cert:Tipo B;score:40
118_sf1|cert:Tipo C;score:75
119_sf1|cert:Não Certificado;score:1
120_sf1|cert:Tipo B;score:56
121_sf1|cert:Tipo B;score:50
122_sf1|cert:Tipo B;score:93
123_sf1|cert:Tipo B;score:85
124_sf1|cert:Tipo B;score:6
125_sf1|cert:Tipo A;score:40
126_sf1|cert:Não Certificado;score:65
127_sf1|cert:Não Certificado;score:11
128_sf1|cert:Tipo B;score:26
129_sf1|cert:Não Certificado;score:52
130_sf1|cert:Tipo C;score:59
131_sf1|cert:Tipo A;score:90
132_sf1|cert:Tipo A;score:20
133_sf1|cert:Não Certificado;score:74
134_sf1|cert:Tipo B;score:75
135_sf1|cert:Tipo A;score:99
136_sf1|cert:Tipo B;score:75
137_sf1|cert:Tipo B;score:25
138_sf1|cert:Tipo A;score:23
139_sf1|cert:Tipo A;score:56
140_sf1|cert:Tipo C;score:39
141_sf1|cert:Tipo B;score:0
142_sf1|cert:Tipo A;score:95
143_sf1|cert:Tipo B;score:38
144_sf1|cert:Tipo B;score:41
145_sf1|cert:Tipo A;score:78
146_sf1|cert:Tipo C;score:5
147_sf1|cert:Não Certificado;score:76
148_sf1|cert:Não Certificado;score:43
149_sf1|cert:Tipo A;score:85
150_sf1|cert:Não Certificado;score:4
151_sf1|cert:Não Certificado;score:41
152_sf1|cert:Tipo B;score:6
153_sf1|cert:Tipo A;score:76
154_sf1|cert:Tipo C;score:0
155_sf1|cert:Tipo C;score:22
156_sf1|cert:Tipo A;score:76
157_sf1|cert:Tipo A;score:36
158_sf1|cert:Tipo A;score:32
159_sf1|cert:Não Certificado;score:7
160_sf1|cert:Tipo B;score:72
161_sf1|cert:Não Certificado;score:4
162_sf1|cert:Tipo C;score:50
163_sf1|cert:Tipo A;score:47
164_sf1|cert:Tipo C;score:90
165_sf1|cert:Tipo B;score:96
166_sf1|cert:Tipo A;score:30
167_sf1|cert:Tipo C;score:5
168_sf1|cert:Tipo B;score:84
169_sf1|cert:Não Certificado;score:37
170_sf1|cert:Não Certificado;score:63
171_sf1|cert:Tipo C;score:0
172_sf1|cert:Tipo A;score:8
173_sf1|cert:Tipo A;score:75
174_sf1|cert:Tipo C;score:20
175_sf1|cert:Tipo C;score:67
176_sf1|cert:Tipo B;score:37
177_sf1|cert:Tipo B;score:42
178_sf1|cert:Não Certificado;score:26
179_sf1|cert:Não Certificado;score:82
180_sf1|cert:Não Certificado;score:95
181_sf1|cert:Tipo C;score:38
182_sf1|cert:Não Certificado;score:93
183_sf1|cert:Tipo A;score:83
184_sf1|cert:Tipo B;score:52
185_sf1|cert:Tipo C;score:16
186_sf1|cert:Tipo B;score:4
187_sf1|cert:Tipo A;score:96
188_sf1|cert:Não Certificado;score:53
189_sf1|cert:Tipo A;score:96
190_sf1|cert:Tipo C;score:99
191_sf1|cert:Tipo C;score:95
192_sf1|cert:Tipo B;score:75
193_sf1|cert:Tipo A;score:21
194_sf1|cert:Não Certificado;score:12
195_sf1|cert:Tipo C;score:64
196_sf1|cert:Tipo B;score:28
197_sf1|cert:Tipo A;score:48
198_sf1|cert:Tipo B;score:44
199_sf1|cert:Não Certificado;score:86
200_sf1|cert:Tipo B;score:66
201_sf1|cert:Tipo B;score:50
202_sf1|cert:Tipo B;score:18
203_sf1|cert:Tipo B;score:80
204_sf1|cert:Tipo C;score:95
205_sf1|cert:Tipo A;score:55
206_sf1|cert:Tipo B;score:19
207_sf1|cert:Tipo B;score:48
208_sf1|cert:Tipo B;score:78
209_sf1|cert:Tipo A;score:67
210_sf1|cert:Tipo A;score:94
211_sf1|cert:Não Certificado;score:48
212_sf1|cert:Tipo B;score:56
213_sf1|cert:Tipo B;score:50
214_sf1|cert:Não Certificado;score:96
215_sf1|cert:Tipo C;score:84
216_sf1|cert:Tipo B;score:73
217_sf1|cert:Não Certificado;score:97
218_sf1|cert:Tipo A;score:76
219_sf1|cert:Não Certificado;score:73
220_sf1|cert:Tipo B;score:97
221_sf1|cert:Tipo B;score:60
222_sf1|cert:Tipo A;score:7
223_sf1|cert:Tipo A;score:68
224_sf1|cert:Tipo B;score:50
225_sf1|cert:Tipo B;score:23
226_sf1|cert:Tipo B;score:48
227_sf1|cert:Tipo C;score:43
228_sf1|cert:Tipo B;score:32
229_sf1|cert:Tipo C;score:52
230_sf1|cert:Tipo A;score:28
231_sf1|cert:Tipo B;score:52
232_sf1|cert:Tipo B;score:97
233_sf1|cert:Tipo A;score:75
234_sf1|cert:Tipo C;score:57
235_sf1|cert:Tipo A;score:74
236_sf1|cert:Tipo B;score:86
237_sf1|cert:Tipo A;score:54
238_sf1|cert:Tipo C;score:47
239_sf1|cert:Não Certificado;score:56
240_sf1|cert:Tipo B;score:78
241_sf1|cert:Tipo A;score:78
242_sf1|cert:Tipo B;score:78
243_sf1|cert:Tipo C;score:61
244_sf1|cert:Tipo B;score:78
245_sf1|cert:Tipo A;score:38
246_sf1|cert:Tipo C;score:47
247_sf1|cert:Tipo A;score:89
248_sf1|cert:Tipo B;score:64
249_sf1|cert:Não Certificado;score:13
250_sf1|cert:Tipo A;score:64
251_sf1|cert:Tipo C;score:90
252_sf1|cert:Tipo C;score:5
253_sf1|cert:Não Certificado;score:36
254_sf1|cert:Não Certificado;score:44
255_sf1|cert:Tipo A;score:8
256_sf1|cert:Tipo B;score:51
257_sf1|cert:Tipo A;score:31
258_sf1|cert:Tipo A;score:19
259_sf1|cert:Tipo B;score:8
260_sf1|cert:Tipo A;score:11
261_sf1|cert:Tipo C;score:61
262_sf1|cert:Tipo B;score:44
263_sf1|cert:Tipo B;score:9
264_sf1|cert:Tipo B;score:11
265_sf1|cert:Tipo C;score:62
266_sf1|cert:Tipo B;score:7
267_sf1|cert:Não Certificado;score:26
268_sf1|cert:Não Certificado;score:97
269_sf1|cert:Tipo B;score:52
270_sf1|cert:Tipo B;score:0
271_sf1|cert:Tipo B;score:96
272_sf1|cert:Tipo B;score:48
273_sf1|cert:Tipo B;score:3
274_sf1|cert:Tipo A;score:95
275_sf1|cert:Não Certificado;score:91
276_sf1|cert:Tipo A;score:55
277_sf1|cert:Tipo A;score:28
278_sf1|cert:Tipo B;score:48
279_sf1|cert:Não Certificado;score:7
280_sf1|cert:Tipo B;score:64
281_sf1|cert:Tipo C;score:46
282_sf1|cert:Tipo B;score:12
283_sf1|cert:Tipo C;score:68
284_sf1|cert:Tipo C;score:55
285_sf1|cert:Tipo C;score:0
286_sf1|cert:Não Certificado;score:27
287_sf1|cert:Tipo B;score:66
288_sf1|cert:Tipo B;score:9
289_sf1|cert:Tipo C;score:3
290_sf1|cert:Tipo A;score:43
291_sf1|cert:Tipo B;score:7
292_sf1|cert:Tipo A;score:71
293_sf1|cert:Tipo C;score:77
294_sf1|cert:Tipo A;score:52
295_sf1|cert:Tipo B;score:84
296_sf1|cert:Tipo B;score:25
297_sf1|cert:Tipo B;score:54
298_sf1|cert:Tipo C;score:10
299_sf1|cert:Tipo B;score:45
300_sf1|cert:Tipo A;score:94
301_sf1|cert:Tipo A;score:92
302_sf1|cert:Tipo B;score:80
303_sf1|cert:Tipo C;score:90
304_sf1|cert:Tipo B;score:98
305_sf1|cert:Tipo A;score:9
306_sf1|cert:Tipo C;score:18
307_sf1|cert:Tipo B;score:34
308_sf1|cert:Tipo B;score:43
309_sf1|cert:Tipo B;score:7
310_sf1|cert:Tipo B;score:9
311_sf1|cert:Tipo B;score:62
312_sf1|cert:Tipo B;score:19
313_sf1|cert:Não Certificado;score:16
314_sf1|cert:Não Certificado;score:90
315_sf1|cert:Tipo C;score:34
316_sf1|cert:Tipo C;score:33
317_sf1|cert:Tipo B;score:5
318_sf1|cert:Tipo C;score:33
319_sf1|cert:Tipo A;score:73
320_sf1|cert:Tipo B;score:8
321_sf1|cert:Não Certificado;score:51
322_sf1|cert:Tipo C;score:84
323_sf1|cert:Não Certificado;score:43
324_sf1|cert:Tipo B;score:74
325_sf1|cert:Tipo B;score:2
326_sf1|cert:Tipo A;score:39
327_sf1|cert:Tipo A;score:27
328_sf1|cert:Tipo B;score:73
329_sf1|cert:Tipo B;score:74
330_sf1|cert:Tipo C;score:39
331_sf1|cert:Tipo C;score:6
332_sf1|cert:Tipo C;score:65
333_sf1|cert:Não Certificado;score:48
334_sf1|cert:Tipo B;score:8
335_sf1|cert:Tipo C;score:26
336_sf1|cert:Tipo B;score:31
337_sf1|cert:Não Certificado;score:57
338_sf1|cert:Tipo A;score:86
339_sf1|cert:Tipo B;score:98
340_sf1|cert:Tipo B;score:89
341_sf1|cert:Tipo A;score:47
342_sf1|cert:Tipo C;score:10
343_sf1|cert:Tipo A;score:94
344_sf1|cert:Tipo B;score:83
345_sf1|cert:Tipo B;score:27
346_sf1|cert:Tipo A;score:60
347_sf1|cert:Tipo C;score:9
348_sf1|cert:Tipo A;score:64
349_sf1|cert:Tipo B;score:53
350_sf1|cert:Tipo A;score:91
351_sf1|cert:Não Certificado;score:12
352_sf1|cert:Tipo B;score:97
353_sf1|cert:Tipo C;score:18
354_sf1|cert:Tipo B;score:78
355_sf1|cert:Tipo A;score:72
356_sf1|cert:Tipo C;score:79
357_sf1|cert:Não Certificado;score:8
358_sf1|cert:Tipo A;score:61
359_sf1|cert:Tipo C;score:24
360_sf1|cert:Tipo B;score:49
361_sf1|cert:Tipo B;score:33
362_sf1|cert:Tipo C;score:24
363_sf1|cert:Tipo C;score:4
364_sf1|cert:Tipo B;score:27
365_sf1|cert:Não Certificado;score:1
366_sf1|cert:Tipo B;score:89
367_sf1|cert:Tipo B;score:21
368_sf1|cert:Tipo B;score:27
369_sf1|cert:Tipo B;score:22
370_sf1|cert:Tipo B;score:45
371_sf1|cert:Tipo B;score:16
372_sf1|cert:Tipo C;score:57
373_sf1|cert:Não Certificado;score:99
374_sf1|cert:Tipo A;score:64
375_sf1|cert:Tipo C;score:97
376_sf1|cert:Tipo B;score:61
377_sf1|cert:Tipo B;score:1
378_sf1|cert:Tipo A;score:36
379_sf1|cert:Tipo A;score:21
380_sf1|cert:Não Certificado;score:2
381_sf1|cert:Tipo B;score:32
382_sf1|cert:Tipo B;score:20
383_sf1|cert:Tipo B;score:28
384_sf1|cert:Tipo B;score:59
385_sf1|cert:Tipo A;score:15
386_sf1|cert:Tipo C;score:29
387_sf1|cert:Não Certificado;score:0
388_sf1|cert:Tipo C;score:66
389_sf1|cert:Tipo C;score:24
390_sf1|cert:Não Certificado;score:13
391_sf1|cert:Tipo C;score:73
392_sf1|cert:Tipo B;score:22
393_sf1|cert:Tipo C;score:97
394_sf1|cert:Tipo C;score:36
395_sf1|cert:Tipo B;score:33
396_sf1|cert:Tipo B;score:28
397_sf1|cert:Não Certificado;score:2
398_sf1|cert:Tipo B;score:29
399_sf1|cert:Tipo C;score:43
400_sf1|cert:Tipo B;score:20
401_sf1|cert:Tipo B;score:67
402_sf1|cert:Tipo C;score:92
403_sf1|cert:Não Certificado;score:50
404_sf1|cert:Não Certificado;score:95
405_sf1|cert:Tipo C;score:29
406_sf1|cert:Tipo C;score:18
407_sf1|cert:Tipo B;score:75
408_sf1|cert:Tipo B;score:32
409_sf1|cert:Tipo B;score:49
410_sf1|cert:Tipo C;score:23
411_sf1|cert:Não Certificado;score:53
412_sf1|cert:Tipo B;score:49
413_sf1|cert:Tipo A;score:83
414_sf1|cert:Tipo A;score:21
415_sf1|cert:Não Certificado;score:98
416_sf1|cert:Tipo B;score:22
417_sf1|cert:Tipo B;score:62
418_sf1|cert:Tipo B;score:78
419_sf1|cert:Tipo C;score:39
420_sf1|cert:Tipo C;score:89
421_sf1|cert:Tipo B;score:99
422_sf1|cert:Tipo A;score:96
423_sf1|cert:Tipo A;score:59
424_sf1|cert:Tipo B;score:4
425_sf1|cert:Tipo C;score:22
426_sf1|cert:Tipo C;score:34
427_sf1|cert:Tipo B;score:34
428_sf1|cert:Tipo A;score:13
429_sf1|cert:Não Certificado;score:74
430_sf1|cert:Não Certificado;score:24
431_sf1|cert:Não Certificado;score:42
432_sf1|cert:Tipo B;score:41
433_sf1|cert:Tipo B;score:29
434_sf1|cert:Tipo B;score:92
435_sf1|cert:Tipo C;score:80
436_sf1|cert:Tipo A;score:48
437_sf1|cert:Não Certificado;score:97
438_sf1|cert:Tipo B;score:10
439_sf1|cert:Tipo C;score:55
440_sf1|cert:Tipo B;score:75
441_sf1|cert:Tipo A;score:67
442_sf1|cert:Tipo C;score:9
443_sf1|cert:Tipo B;score:74
444_sf1|cert:Não Certificado;score:94
445_sf1|cert:Não Certificado;score:99
446_sf1|cert:Tipo A;score:92
447_sf1|cert:Tipo A;score:53
448_sf1|cert:Tipo B;score:75
449_sf1|cert:Tipo C;score:48
450_sf1|cert:Tipo A;score:82
451_sf1|cert:Tipo B;score:17
452_sf1|cert:Tipo C;score:90
453_sf1|cert:Tipo C;score:6
454_sf1|cert:Não Certificado;score:88
455_sf1|cert:Tipo B;score:10
456_sf1|cert:Tipo B;score:13
457_sf1|cert:Não Certificado;score:29
458_sf1|cert:Não Certificado;score:80
459_sf1|cert:Tipo B;score:9
460_sf1|cert:Não Certificado;score:83
461_sf1|cert:Tipo A;score:64
462_sf1|cert:Tipo B;score:44
463_sf1|cert:Tipo B;score:9
464_sf1|cert:Tipo B;score:57
465_sf1|cert:Tipo B;score:78
466_sf1|cert:Tipo C;score:90
467_sf1|cert:Tipo B;score:95
468_sf1|cert:Tipo B;score:73
469_sf1|cert:Tipo A;score:75
470_sf1|cert:Não Certificado;score:62
471_sf1|cert:Tipo B;score:40
472_sf1|cert:Tipo B;score:27
473_sf1|cert:Tipo C;score:91
474_sf1|cert:Tipo B;score:87
475_sf1|cert:Tipo A;score:50
476_sf1|cert:Não Certificado;score:18
477_sf1|cert:Tipo C;score:59
478_sf1|cert:Tipo A;score:19
479_sf1|cert:Tipo B;score:83
480_sf1|cert:Tipo B;score:69
481_sf1|cert:Não Certificado;score:75
482_sf1|cert:Não Certificado;score:64
483_sf1|cert:Tipo A;score:10
484_sf1|cert:Tipo A;score:25
485_sf1|cert:Tipo A;score:72
486_sf1|cert:Tipo A;score:92
487_sf1|cert:Tipo A;score:88
488_sf1|cert:Tipo B;score:17
489_sf1|cert:Tipo B;score:54
490_sf1|cert:Tipo B;score:15
491_sf1|cert:Tipo B;score:29
492_sf1|cert:Não Certificado;score:58
493_sf1|cert:Tipo A;score:51
494_sf1|cert:Tipo A;score:80
495_sf1|cert:Tipo A;score:83
496_sf1|cert:Tipo B;score:46
497_sf1|cert:Não Certificado;score:84
498_sf1|cert:Tipo B;score:74
499_sf1|cert:Tipo A;score:1
500_sf1|cert:Tipo C;score:22
501_sf1|cert:Tipo B;score:80
502_sf1|cert:Não Certificado;score:46
503_sf1|cert:Não Certificado;score:32
504_sf1|cert:Tipo B;score:55
505_sf1|cert:Tipo B;score:74
506_sf1|cert:Tipo C;score:88
507_sf1|cert:Tipo B;score:60
508_sf1|cert:Tipo B;score:68
509_sf1|cert:Tipo B;score:31
510_sf1|cert:Tipo B;score:49
511_sf1|cert:Tipo B;score:56
512_sf1|cert:Tipo B;score:72
513_sf1|cert:Tipo A;score:54
514_sf1|cert:Tipo A;score:43
515_sf1|cert:Tipo B;score:12
516_sf1|cert:Tipo C;score:71
517_sf1|cert:Tipo A;score:58
518_sf1|cert:Tipo B;score:24
519_sf1|cert:Tipo A;score:44
520_sf1|cert:Tipo B;score:40
521_sf1|cert:Tipo B;score:43
522_sf1|cert:Tipo A;score:87
523_sf1|cert:Tipo A;score:6
524_sf1|cert:Tipo B;score:1
525_sf1|cert:Tipo B;score:63
526_sf1|cert:Não Certificado;score:34
527_sf1|cert:Tipo B;score:56
528_sf1|cert:Tipo B;score:49
529_sf1|cert:Tipo C;score:53
530_sf1|cert:Não Certificado;score:9
531_sf1|cert:Não Certificado;score:42
532_sf1|cert:Tipo C;score:44
533_sf1|cert:Tipo C;score:60
534_sf1|cert:Não Certificado;score:48
535_sf1|cert:Tipo A;score:37
536_sf1|cert:Tipo B;score:3
537_sf1|cert:Tipo B;score:96
538_sf1|cert:Tipo B;score:26
539_sf1|cert:Não Certificado;score:40
540_sf1|cert:Tipo C;score:4
541_sf1|cert:Tipo A;score:8
542_sf1|cert:Tipo B;score:26
543_sf1|cert:Não Certificado;score:54
544_sf1|cert:Tipo B;score:64
545_sf1|cert:Tipo A;score:93
546_sf1|cert:Tipo B;score:23
547_sf1|cert:Tipo B;score:36
548_sf1|cert:Tipo B;score:92
549_sf1|cert:Tipo B;score:62
550_sf1|cert:Tipo C;score:24
551_sf1|cert:Tipo C;score:82
552_sf1|cert:Tipo B;score:72
553_sf1|cert:Não Certificado;score:50
554_sf1|cert:Tipo B;score:32
555_sf1|cert:Tipo C;score:80
556_sf1|cert:Tipo B;score:99
557_sf1|cert:Tipo A;score:50
558_sf1|cert:Tipo B;score:96
559_sf1|cert:Não Certificado;score:30
560_sf1|cert:Tipo B;score:55
561_sf1|cert:Tipo B;score:72
562_sf1|cert:Tipo A;score:22
563_sf1|cert:Tipo C;score:42
564_sf1|cert:Tipo B;score:39
565_sf1|cert:Não Certificado;score:87
566_sf1|cert:Tipo C;score:99
567_sf1|cert:Não Certificado;score:50
568_sf1|cert:Tipo B;score:39
569_sf1|cert:Tipo B;score:72
570_sf1|cert:Tipo B;score:12
571_sf1|cert:Não Certificado;score:16
572_sf1|cert:Tipo C;score:41
573_sf1|cert:Tipo C;score:45
574_sf1|cert:Tipo A;score:12
575_sf1|cert:Tipo A;score:81
576_sf1|cert:Tipo B;score:73
577_sf1|cert:Tipo C;score:80
578_sf1|cert:Não Certificado;score:34
579_sf1|cert:Não Certificado;score:16
580_sf1|cert:Tipo A;score:3
581_sf1|cert:Tipo B;score:81
582_sf1|cert:Tipo B;score:9
583_sf1|cert:Tipo B;score:45
584_sf1|cert:Tipo B;score:42
585_sf1|cert:Não Certificado;score:61
586_sf1|cert:Tipo C;score:4
587_sf1|cert:Tipo A;score:97
588_sf1|cert:Tipo C;score:32
589_sf1|cert:Tipo A;score:30
590_sf1|cert:Não Certificado;score:20
591_sf1|cert:Tipo C;score:21
592_sf1|cert:Tipo B;score:10
593_sf1|cert:Não Certificado;score:4
594_sf1|cert:Tipo B;score:27
595_sf1|cert:Não Certificado;score:88
596_sf1|cert:Tipo A;score:75
597_sf1|cert:Tipo B;score:53
598_sf1|cert:Tipo C;score:63
599_sf1|cert:Não Certificado;score:80
600_sf1|cert:Tipo B;score:45
601_sf1|cert:Tipo B;score:66
602_sf1|cert:Tipo B;score:17
603_sf1|cert:Não Certificado;score:67
604_sf1|cert:Tipo C;score:93
605_sf1|cert:Tipo A;score:81
606_sf1|cert:Tipo B;score:6
607_sf1|cert:Tipo C;score:64
608_sf1|cert:Tipo B;score:62
609_sf1|cert:Tipo B;score:83
610_sf1|cert:Tipo A;score:36
611_sf1|cert:Tipo B;score:81
612_sf1|cert:Não Certificado;score:68
613_sf1|cert:Não Certificado;score:51
614_sf1|cert:Tipo C;score:69
615_sf1|cert:Tipo A;score:73
616_sf1|cert:Tipo B;score:80
617_sf1|cert:Tipo B;score:98
618_sf1|cert:Tipo C;score:5
619_sf1|cert:Tipo A;score:59
620_sf1|cert:Tipo B;score:54
621_sf1|cert:Não Certificado;score:56
622_sf1|cert:Tipo A;score:9
623_sf1|cert:Tipo A;score:1
624_sf1|cert:Tipo B;score:61
625_sf1|cert:Tipo C;score:27
626_sf1|cert:Não Certificado;score:52
627_sf1|cert:Tipo C;score:63
628_sf1|cert:Tipo A;score:61
629_sf1|cert:Tipo B;score:83
630_sf1|cert:Tipo A;score:0
631_sf1|cert:Tipo B;score:90
632_sf1|cert:Tipo B;score:14
633_sf1|cert:Tipo C;score:2
634_sf1|cert:Tipo C;score:32
635_sf1|cert:Tipo B;score:95
636_sf1|cert:Tipo C;score:59
637_sf1|cert:Tipo A;score:8
638_sf1|cert:Tipo B;score:41
639_sf1|cert:Tipo B;score:53
640_sf1|cert:Tipo B;score:23
641_sf1|cert:Não Certificado;score:50
642_sf1|cert:Tipo B;score:95
643_sf1|cert:Tipo A;score:46
644_sf1|cert:Tipo B;score:4
645_sf1|cert:Tipo A;score:93
646_sf1|cert:Não Certificado;score:14
647_sf1|cert:Tipo A;score:19
648_sf1|cert:Tipo B;score:49
649_sf1|cert:Não Certificado;score:50
650_sf1|cert:Tipo A;score:43
651_sf1|cert:Não Certificado;score:44
652_sf1|cert:Tipo A;score:28
653_sf1|cert:Tipo A;score:38
654_sf1|cert:Tipo B;score:50
655_sf1|cert:Tipo B;score:9
656_sf1|cert:Tipo B;score:97
657_sf1|cert:Tipo B;score:94
658_sf1|cert:Tipo A;score:24
659_sf1|cert:Tipo C;score:92
660_sf1|cert:Tipo B;score:15
661_sf1|cert:Tipo A;score:0
662_sf1|cert:Tipo B;score:98
663_sf1|cert:Tipo B;score:7
664_sf1|cert:Tipo B;score:70
665_sf1|cert:Tipo C;score:95
666_sf1|cert:Tipo B;score:3
667_sf1|cert:Tipo C;score:66
668_sf1|cert:Tipo C;score:26
669_sf1|cert:Tipo A;score:47
670_sf1|cert:Não Certificado;score:38
671_sf1|cert:Tipo B;score:91
672_sf1|cert:Tipo B;score:48
673_sf1|cert:Não Certificado;score:39
674_sf1|cert:Tipo A;score:40
675_sf1|cert:Não Certificado;score:20
676_sf1|cert:Não Certificado;score:32
677_sf1|cert:Tipo C;score:33
678_sf1|cert:Não Certificado;score:89
679_sf1|cert:Não Certificado;score:79
680_sf1|cert:Tipo B;score:48
681_sf1|cert:Não Certificado;score:76
682_sf1|cert:Não Certificado;score:15
683_sf1|cert:Tipo B;score:25
684_sf1|cert:Tipo A;score:19
685_sf1|cert:Tipo A;score:85
686_sf1|cert:Tipo A;score:10
687_sf1|cert:Tipo C;score:22
688_sf1|cert:Tipo B;score:26
689_sf1|cert:Tipo B;score:81
690_sf1|cert:Tipo A;score:52
691_sf1|cert:Tipo B;score:5
692_sf1|cert:Tipo A;score:70
693_sf1|cert:Tipo C;score:73
694_sf1|cert:Tipo A;score:71
695_sf1|cert:Tipo C;score:19
696_sf1|cert:Tipo B;score:64
697_sf1|cert:Tipo C;score:10
698_sf1|cert:Não Certificado;score:87
699_sf1|cert:Tipo A;score:44
700_sf1|cert:Tipo C;score:4
701_sf1|cert:Tipo A;score:7
702_sf1|cert:Tipo C;score:35
703_sf1|cert:Tipo B;score:24
704_sf1|cert:Tipo B;score:44
705_sf1|cert:Não Certificado;score:54
706_sf1|cert:Tipo C;score:11
707_sf1|cert:Tipo C;score:8
708_sf1|cert:Tipo C;score:94
709_sf1|cert:Tipo B;score:73
710_sf1|cert:Tipo B;score:24
711_sf1|cert:Tipo C;score:57
712_sf1|cert:Tipo B;score:28
713_sf1|cert:Tipo C;score:2
714_sf1|cert:Tipo A;score:2
715_sf1|cert:Não Certificado;score:10
716_sf1|cert:Tipo B;score:32
717_sf1|cert:Tipo B;score:69
718_sf1|cert:Tipo A;score:74
719_sf1|cert:Tipo A;score:54
720_sf1|cert:Tipo B;score:6
721_sf1|cert:Tipo B;score:80
722_sf1|cert:Tipo C;score:10
723_sf1|cert:Tipo B;score:90
724_sf1|cert:Tipo C;score:60
725_sf1|cert:Não Certificado;score:14
726_sf1|cert:Tipo A;score:14
727_sf1|cert:Tipo B;score:10
728_sf1|cert:Tipo B;score:4
729_sf1|cert:Tipo B;score:86
730_sf1|cert:Tipo C;score:49
731_sf1|cert:Tipo B;score:19
732_sf1|cert:Tipo B;score:2
733_sf1|cert:Tipo A;score:34
734_sf1|cert:Tipo A;score:95
735_sf1|cert:Não Certificado;score:71
736_sf1|cert:Tipo B;score:31
737_sf1|cert:Tipo A;score:24
738_sf1|cert:Tipo B;score:54
739_sf1|cert:Tipo A;score:96
740_sf1|cert:Tipo A;score:74
741_sf1|cert:Tipo C;score:86
742_sf1|cert:Tipo B;score:46
743_sf1|cert:Tipo B;score:28
744_sf1|cert:Tipo B;score:9
745_sf1|cert:Tipo A;score:76
746_sf1|cert:Tipo B;score:85
747_sf1|cert:Tipo B;score:67
748_sf1|cert:Tipo A;score:46
749_sf1|cert:Tipo A;score:59
750_sf1|cert:Tipo C;score:10
751_sf1|cert:Tipo C;score:67
752_sf1|cert:Tipo B;score:53
753_sf1|cert:Tipo C;score:33
754_sf1|cert:Tipo B;score:76
755_sf1|cert:Tipo C;score:30
756_sf1|cert:Tipo A;score:89
757_sf1|cert:Tipo B;score:30
758_sf1|cert:Não Certificado;score:20
759_sf1|cert:Tipo C;score:1
760_sf1|cert:Tipo B;score:1
761_sf1|cert:Tipo C;score:66
762_sf1|cert:Tipo A;score:67
763_sf1|cert:Tipo A;score:97
764_sf1|cert:Tipo B;score:54
765_sf1|cert:Tipo B;score:90
766_sf1|cert:Tipo B;score:49
767_sf1|cert:Tipo C;score:4
768_sf1|cert:Tipo B;score:29
769_sf1|cert:Não Certificado;score:88
770_sf1|cert:Tipo A;score:38
771_sf1|cert:Tipo C;score:94
772_sf1|cert:Tipo B;score:45
773_sf1|cert:Tipo A;score:8
774_sf1|cert:Não Certificado;score:20
775_sf1|cert:Tipo C;score:80
776_sf1|cert:Tipo B;score:8
777_sf1|cert:Tipo A;score:18
778_sf1|cert:Tipo B;score:71
779_sf1|cert:Tipo B;score:2
780_sf1|cert:Tipo B;score:90
781_sf1|cert:Tipo A;score:6
782_sf1|cert:Tipo B;score:40
783_sf1|cert:Não Certificado;score:23
784_sf1|cert:Tipo B;score:30
785_sf1|cert:Tipo A;score:11
786_sf1|cert:Não Certificado;score:30
787_sf1|cert:Não Certificado;score:31
788_sf1|cert:Tipo C;score:66
789_sf1|cert:Não Certificado;score:66
790_sf1|cert:Tipo A;score:31
791_sf1|cert:Tipo A;score:14
792_sf1|cert:Tipo B;score:63
793_sf1|cert:Não Certificado;score:1
794_sf1|cert:Tipo B;score:50
795_sf1|cert:Tipo A;score:64
796_sf1|cert:Tipo A;score:24
797_sf1|cert:Tipo C;score:96
798_sf1|cert:Não Certificado;score:93
799_sf1|cert:Não Certificado;score:67
800_sf1|cert:Tipo B;score:12
801_sf1|cert:Tipo A;score:7
802_sf1|cert:Não Certificado;score:66
803_sf1|cert:Tipo B;score:92
804_sf1|cert:Não Certificado;score:25
805_sf1|cert:Tipo B;score:89
806_sf1|cert:Tipo A;score:46
807_sf1|cert:Tipo C;score:67
808_sf1|cert:Tipo B;score:5
809_sf1|cert:Tipo B;score:48
810_sf1|cert:Tipo C;score:41
811_sf1|cert:Não Certificado;score:93
812_sf1|cert:Tipo C;score:38
813_sf1|cert:Não Certificado;score:55
814_sf1|cert:Tipo A;score:80
815_sf1|cert:Não Certificado;score:25
816_sf1|cert:Tipo B;score:42
817_sf1|cert:Tipo C;score:44
818_sf1|cert:Tipo A;score:69
819_sf1|cert:Tipo C;score:59
820_sf1|cert:Tipo B;score:41
821_sf1|cert:Tipo A;score:38
822_sf1|cert:Não Certificado;score:37
823_sf1|cert:Não Certificado;score:12
824_sf1|cert:Tipo B;score:53
825_sf1|cert:Tipo B;score:2
826_sf1|cert:Tipo B;score:16
827_sf1|cert:Não Certificado;score:2
828_sf1|cert:Tipo B;score:44
829_sf1|cert:Tipo C;score:5
830_sf1|cert:Tipo A;score:45
831_sf1|cert:Tipo C;score:72
832_sf1|cert:Tipo B;score:45
833_sf1|cert:Tipo B;score:86
834_sf1|cert:Tipo B;score:2
835_sf1|cert:Tipo B;score:40
836_sf1|cert:Não Certificado;score:61
837_sf1|cert:Tipo C;score:3
838_sf1|cert:Não Certificado;score:39
839_sf1|cert:Tipo A;score:60
840_sf1|cert:Tipo B;score:90
841_sf1|cert:Não Certificado;score:85
842_sf1|cert:Não Certificado;score:15
843_sf1|cert:Tipo A;score:87
844_sf1|cert:Não Certificado;score:59
845_sf1|cert:Tipo A;score:2
846_sf1|cert:Tipo A;score:0
847_sf1|cert:Tipo A;score:43
848_sf1|cert:Tipo B;score:80
849_sf1|cert:Tipo B;score:47
850_sf1|cert:Não Certificado;score:49
851_sf1|cert:Tipo C;score:51
852_sf1|cert:Tipo B;score:41
853_sf1|cert:Tipo A;score:76
854_sf1|cert:Tipo A;score:35
855_sf1|cert:Tipo C;score:60
856_sf1|cert:Tipo B;score:16
857_sf1|cert:Não Certificado;score:63
858_sf1|cert:Tipo A;score:3
859_sf1|cert:Não Certificado;score:31
860_sf1|cert:Não Certificado;score:44
861_sf1|cert:Tipo B;score:23
862_sf1|cert:Tipo A;score:83
863_sf1|cert:Tipo C;score:52
864_sf1|cert:Tipo B;score:43
865_sf1|cert:Tipo A;score:91
866_sf1|cert:Tipo B;score:96
867_sf1|cert:Tipo B;score:95
868_sf1|cert:Não Certificado;score:63
869_sf1|cert:Tipo A;score:95
870_sf1|cert:Não Certificado;score:33
871_sf1|cert:Tipo A;score:52
872_sf1|cert:Tipo B;score:56
873_sf1|cert:Tipo A;score:11
874_sf1|cert:Tipo B;score:55
875_sf1|cert:Não Certificado;score:11
876_sf1|cert:Não Certificado;score:51
877_sf1|cert:Tipo C;score:89
878_sf1|cert:Tipo B;score:0
879_sf1|cert:Não Certificado;score:91
880_sf1|cert:Tipo B;score:36
881_sf1|cert:Não Certificado;score:58
882_sf1|cert:Tipo B;score:19
883_sf1|cert:Tipo C;score:34
884_sf1|cert:Tipo A;score:19
885_sf1|cert:Tipo A;score:94
886_sf1|cert:Tipo C;score:65
887_sf1|cert:Tipo C;score:23
888_sf1|cert:Tipo B;score:67
889_sf1|cert:Tipo A;score:84
890_sf1|cert:Tipo A;score:48
891_sf1|cert:Tipo A;score:90
892_sf1|cert:Tipo C;score:73
893_sf1|cert:Não Certificado;score:2
894_sf1|cert:Tipo B;score:8
895_sf1|cert:Tipo A;score:5
896_sf1|cert:Tipo B;score:57
897_sf1|cert:Não Certificado;score:22
898_sf1|cert:Tipo B;score:18
899_sf1|cert:Tipo A;score:19
900_sf1|cert:Tipo A;score:80
901_sf1|cert:Tipo C;score:38
902_sf1|cert:Tipo B;score:80
903_sf1|cert:Tipo B;score:53
904_sf1|cert:Tipo B;score:21
905_sf1|cert:Tipo C;score:22
906_sf1|cert:Tipo A;score:67
907_sf1|cert:Não Certificado;score:99
908_sf1|cert:Tipo A;score:65
909_sf1|cert:Tipo A;score:2
910_sf1|cert:Tipo C;score:69
911_sf1|cert:Tipo B;score:78
912_sf1|cert:Tipo B;score:81
913_sf1|cert:Tipo A;score:55
914_sf1|cert:Tipo A;score:61
915_sf1|cert:Tipo A;score:12
916_sf1|cert:Não Certificado;score:38
917_sf1|cert:Tipo B;score:43
918_sf1|cert:Tipo B;score:44
919_sf1|cert:Não Certificado;score:4
920_sf1|cert:Tipo B;score:68
921_sf1|cert:Não Certificado;score:6
922_sf1|cert:Tipo A;score:42
923_sf1|cert:Tipo A;score:36
924_sf1|cert:Tipo C;score:80
925_sf1|cert:Tipo B;score:54
926_sf1|cert:Tipo C;score:77
927_sf1|cert:Não Certificado;score:71
928_sf1|cert:Tipo B;score:62
929_sf1|cert:Tipo B;score:58
930_sf1|cert:Não Certificado;score:80
931_sf1|cert:Tipo A;score:73
932_sf1|cert:Tipo C;score:72
933_sf1|cert:Tipo C;score:3
934_sf1|cert:Não Certificado;score:26
935_sf1|cert:Tipo A;score:0
936_sf1|cert:Tipo B;score:85
937_sf1|cert:Não Certificado;score:21
938_sf1|cert:Tipo C;score:72
939_sf1|cert:Tipo B;score:0
940_sf1|cert:Tipo B;score:31
941_sf1|cert:Não Certificado;score:70
942_sf1|cert:Não Certificado;score:39
943_sf1|cert:Tipo A;score:43
944_sf1|cert:Tipo B;score:46
945_sf1|cert:Não Certificado;score:53
946_sf1|cert:Tipo B;score:58
947_sf1|cert:Não Certificado;score:1
948_sf1|cert:Não Certificado;score:72
949_sf1|cert:Tipo B;score:30
950_sf1|cert:Não Certificado;score:63
951_sf1|cert:Não Certificado;score:30
952_sf1|cert:Tipo B;score:21
953_sf1|cert:Tipo B;score:50
954_sf1|cert:Tipo C;score:24
955_sf1|cert:Tipo A;score:0
956_sf1|cert:Tipo B;score:27
957_sf1|cert:Tipo C;score:93
958_sf1|cert:Tipo C;score:46
959_sf1|cert:Tipo C;score:90
960_sf1|cert:Tipo B;score:59
961_sf1|cert:Não Certificado;score:48
962_sf1|cert:Não Certificado;score:40
963_sf1|cert:Tipo A;score:82
964_sf1|cert:Não Certificado;score:45
965_sf1|cert:Tipo B;score:20
966_sf1|cert:Tipo C;score:86
967_sf1|cert:Tipo C;score:3
968_sf1|cert:Tipo B;score:67
969_sf1|cert:Tipo C;score:83
970_sf1|cert:Não Certificado;score:89
971_sf1|cert:Tipo A;score:43
972_sf1|cert:Tipo B;score:43
973_sf1|cert:Tipo B;score:19
974_sf1|cert:Tipo B;score:58
975_sf1|cert:Tipo C;score:68
976_sf1|cert:Tipo B;score:68
977_sf1|cert:Tipo B;score:50
978_sf1|cert:Tipo B;score:78
979_sf1|cert:Não Certificado;score:69
980_sf1|cert:Tipo B;score:0
981_sf1|cert:Tipo A;score:0
982_sf1|cert:Tipo C;score:58
983_sf1|cert:Tipo B;score:88
984_sf1|cert:Tipo B;score:84
985_sf1|cert:Tipo B;score:92
986_sf1|cert:Tipo A;score:14
987_sf1|cert:Não Certificado;score:89
988_sf1|cert:Tipo C;score:51
989_sf1|cert:Tipo C;score:35
990_sf1|cert:Tipo A;score:60
991_sf1|cert:Não Certificado;score:81
992_sf1|cert:Tipo B;score:80
993_sf1|cert:Tipo C;score:62
994_sf1|cert:Tipo B;score:72
995_sf1|cert:Tipo C;score:37
996_sf1|cert:Não Certificado;score:42
997_sf1|cert:Tipo B;score:74
998_sf1|cert:Tipo B;score:67
999_sf1|cert:Tipo A;score:57
1000_sf1|cert:Tipo B;score:61
1001_sf1|cert:Tipo A;score:88
1002_sf1|cert:Tipo C;score:35
1003_sf1|cert:Tipo C;score:81
1004_sf1|cert:Tipo B;score:79
1005_sf1|cert:Tipo C;score:75
1006_sf1|cert:Não Certificado;score:57
1007_sf1|cert:Tipo B;score:62
1008_sf1|cert:Tipo B;score:51
1009_sf1|cert:Tipo B;score:12
1010_sf1|cert:Tipo A;score:10
1011_sf1|cert:Tipo A;score:17
1012_sf1|cert:Não Certificado;score:69
1013_sf1|cert:Tipo C;score:24
1014_sf1|cert:Tipo B;score:23
1015_sf1|cert:Não Certificado;score:85
1016_sf1|cert:Tipo B;score:5
1017_sf1|cert:Tipo A;score:5
1018_sf1|cert:Não Certificado;score:8
1019_sf1|cert:Tipo C;score:50
1020_sf1|cert:Tipo C;score:60
1021_sf1|cert:Tipo A;score:54
1022_sf1|cert:Tipo B;score:81
1023_sf1|cert:Não Certificado;score:78
1024_sf1|cert:Tipo B;score:79
1025_sf1|cert:Tipo B;score:29
1026_sf1|cert:Não Certificado;score:72
1027_sf1|cert:Não Certificado;score:1
1028_sf1|cert:Tipo B;score:0
1029_sf1|cert:Não Certificado;score:73
1030_sf1|cert:Não Certificado;score:23
1031_sf1|cert:Não Certificado;score:95
1032_sf1|cert:Tipo B;score:60
1033_sf1|cert:Tipo B;score:55
1034_sf1|cert:Tipo A;score:78
1035_sf1|cert:Não Certificado;score:60
1036_sf1|cert:Tipo C;score:95
1037_sf1|cert:Tipo C;score:19
1038_sf1|cert:Tipo A;score:31
1039_sf1|cert:Tipo A;score:7
1040_sf1|cert:Tipo B;score:71
1041_sf1|cert:Não Certificado;score:42
1042_sf1|cert:Tipo B;score:30
1043_sf1|cert:Tipo B;score:40
1044_sf1|cert:Não Certificado;score:25
1045_sf1|cert:Tipo B;score:17
1046_sf1|cert:Tipo A;score:30
1047_sf1|cert:Tipo C;score:75
1048_sf1|cert:Tipo B;score:33
1049_sf1|cert:Tipo C;score:73
1050_sf1|cert:Tipo B;score:60
1051_sf1|cert:Tipo C;score:68
1052_sf1|cert:Tipo B;score:91
1053_sf1|cert:Não Certificado;score:57
1054_sf1|cert:Tipo C;score:11
1055_sf1|cert:Tipo A;score:85
1056_sf1|cert:Tipo B;score:83
1057_sf1|cert:Não Certificado;score:85
1058_sf1|cert:Tipo C;score:50
1059_sf1|cert:Não Certificado;score:30
1060_sf1|cert:Tipo B;score:48
1061_sf1|cert:Não Certificado;score:44
1062_sf1|cert:Tipo A;score:57
1063_sf1|cert:Tipo B;score:40
1064_sf1|cert:Tipo B;score:29
1065_sf1|cert:Tipo C;score:64
1066_sf1|cert:Tipo C;score:82
1067_sf1|cert:Tipo B;score:21
1068_sf1|cert:Não Certificado;score:90
1069_sf1|cert:Não Certificado;score:35
1070_sf1|cert:Tipo B;score:47
1071_sf1|cert:Tipo C;score:35
1072_sf1|cert:Tipo B;score:14
1073_sf1|cert:Tipo A;score:26
1074_sf1|cert:Tipo B;score:29
1075_sf1|cert:Tipo A;score:80
1076_sf1|cert:Tipo B;score:3
1077_sf1|cert:Tipo B;score:80
1078_sf1|cert:Não Certificado;score:33
1079_sf1|cert:Tipo C;score:91
1080_sf1|cert:Tipo B;score:36
1081_sf1|cert:Não Certificado;score:71
1082_sf1|cert:Tipo C;score:65
1083_sf1|cert:Não Certificado;score:55
1084_sf1|cert:Tipo A;score:81
1085_sf1|cert:Tipo B;score:24
1086_sf1|cert:Tipo A;score:94
1087_sf1|cert:Tipo B;score:55
1088_sf1|cert:Tipo B;score:21
1089_sf1|cert:Tipo A;score:7
1090_sf1|cert:Tipo C;score:3
1091_sf1|cert:Tipo A;score:37
1092_sf1|cert:Tipo C;score:99
1093_sf1|cert:Tipo C;score:55
1094_sf1|cert:Tipo C;score:31
1095_sf1|cert:Não Certificado;score:40
1096_sf1|cert:Tipo B;score:23
1097_sf1|cert:Tipo C;score:42
1098_sf1|cert:Tipo B;score:96
1099_sf1|cert:Tipo B;score:34
1100_sf1|cert:Tipo B;score:56
1101_sf1|cert:Tipo B;score:12
1102_sf1|cert:Tipo B;score:39
1103_sf1|cert:Tipo C;score:4
1104_sf1|cert:Tipo B;score:60
1105_sf1|cert:Tipo C;score:0
1106_sf1|cert:Tipo A;score:89
1107_sf1|cert:Não Certificado;score:28
1108_sf1|cert:Tipo C;score:43
1109_sf1|cert:Tipo B;score:19
1110_sf1|cert:Tipo A;score:46
1111_sf1|cert:Tipo B;score:51
1112_sf1|cert:Tipo B;score:76
1113_sf1|cert:Tipo A;score:58
1114_sf1|cert:Tipo B;score:10
1115_sf1|cert:Tipo B;score:38
1116_sf1|cert:Tipo C;score:89
1117_sf1|cert:Não Certificado;score:49
1118_sf1|cert:Tipo B;score:26
1119_sf1|cert:Tipo A;score:99
1120_sf1|cert:Tipo B;score:86
1121_sf1|cert:Tipo C;score:6
1122_sf1|cert:Não Certificado;score:24
1123_sf1|cert:Não Certificado;score:23
1124_sf1|cert:Tipo A;score:24
1125_sf1|cert:Não Certificado;score:74
1126_sf1|cert:Não Certificado;score:81
1127_sf1|cert:Tipo B;score:38
1128_sf1|cert:Tipo B;score:6
1129_sf1|cert:Tipo C;score:70
1130_sf1|cert:Tipo B;score:84
1131_sf1|cert:Tipo B;score:65
1132_sf1|cert:Tipo A;score:78
1133_sf1|cert:Tipo B;score:51
1134_sf1|cert:Não Certificado;score:30
1135_sf1|cert:Tipo A;score:44
1136_sf1|cert:Tipo B;score:52
1137_sf1|cert:Tipo C;score:1
1138_sf1|cert:Tipo B;score:20
1139_sf1|cert:Não Certificado;score:92
1140_sf1|cert:Tipo A;score:31
1141_sf1|cert:Tipo C;score:34
1142_sf1|cert:Tipo B;score:62
1143_sf1|cert:Tipo B;score:29
1144_sf1|cert:Tipo B;score:93
1145_sf1|cert:Tipo C;score:8
1146_sf1|cert:Não Certificado;score:82
1147_sf1|cert:Tipo B;score:24
1148_sf1|cert:Não Certificado;score:41
1149_sf1|cert:Tipo C;score:70
1150_sf1|cert:Tipo A;score:16
1151_sf1|cert:Tipo B;score:67
1152_sf1|cert:Tipo B;score:69
1153_sf1|cert:Tipo C;score:30
1154_sf1|cert:Tipo A;score:70
1155_sf1|cert:Não Certificado;score:38
1156_sf1|cert:Tipo B;score:85
1157_sf1|cert:Tipo C;score:18
1158_sf1|cert:Tipo B;score:40
1159_sf1|cert:Não Certificado;score:60
1160_sf1|cert:Tipo B;score:95
1161_sf1|cert:Tipo B;score:31
1162_sf1|cert:Tipo A;score:56
1163_sf1|cert:Tipo B;score:91
1164_sf1|cert:Tipo A;score:20
1165_sf1|cert:Tipo C;score:64
1166_sf1|cert:Não Certificado;score:82
1167_sf1|cert:Tipo C;score:56
1168_sf1|cert:Tipo B;score:22
1169_sf1|cert:Não Certificado;score:22
1170_sf1|cert:Não Certificado;score:30
1171_sf1|cert:Tipo A;score:9
1172_sf1|cert:Tipo A;score:81
1173_sf1|cert:Tipo A;score:21
1174_sf1|cert:Não Certificado;score:84
1175_sf1|cert:Tipo A;score:56
1176_sf1|cert:Tipo B;score:53
1177_sf1|cert:Tipo B;score:89
1178_sf1|cert:Tipo B;score:83
1179_sf1|cert:Tipo A;score:3
1180_sf1|cert:Tipo C;score:50
1181_sf1|cert:Tipo C;score:27
1182_sf1|cert:Tipo B;score:74
1183_sf1|cert:Tipo A;score:57
1184_sf1|cert:Tipo B;score:76
1185_sf1|cert:Tipo A;score:59
1186_sf1|cert:Tipo A;score:63
1187_sf1|cert:Tipo A;score:68
1188_sf1|cert:Tipo C;score:1
1189_sf1|cert:Tipo C;score:75
1190_sf1|cert:Não Certificado;score:63
1191_sf1|cert:Tipo C;score:96
1192_sf1|cert:Tipo B;score:27
1193_sf1|cert:Tipo B;score:27
1194_sf1|cert:Tipo A;score:2
1195_sf1|cert:Tipo A;score:39
1196_sf1|cert:Tipo B;score:61
1197_sf1|cert:Tipo C;score:72
1198_sf1|cert:Não Certificado;score:5
1199_sf1|cert:Tipo A;score:5
1200_sf1|cert:Tipo B;score:81
1201_sf1|cert:Tipo C;score:32
1202_sf1|cert:Tipo B;score:70
1203_sf1|cert:Tipo C;score:62
1204_sf1|cert:Tipo A;score:99
1205_sf1|cert:Tipo A;score:16
1206_sf1|cert:Tipo A;score:90
1207_sf1|cert:Tipo A;score:96
1208_sf1|cert:Tipo B;score:77
1209_sf1|cert:Tipo B;score:91
1210_sf1|cert:Tipo B;score:61
1211_sf1|cert:Tipo A;score:37
1212_sf1|cert:Não Certificado;score:45
1213_sf1|cert:Não Certificado;score:85
1214_sf1|cert:Tipo A;score:58
1215_sf1|cert:Tipo A;score:22
1216_sf1|cert:Tipo B;score:3
1217_sf1|cert:Não Certificado;score:53
1218_sf1|cert:Não Certificado;score:89
1219_sf1|cert:Tipo A;score:41
1220_sf1|cert:Não Certificado;score:1
1221_sf1|cert:Tipo B;score:88
1222_sf1|cert:Tipo B;score:36
1223_sf1|cert:Não Certificado;score:65
1224_sf1|cert:Tipo B;score:46
1225_sf1|cert:Tipo A;score:64
1226_sf1|cert:Tipo A;score:16
1227_sf1|cert:Não Certificado;score:63
1228_sf1|cert:Não Certificado;score:34
1229_sf1|cert:Tipo A;score:92
1230_sf1|cert:Não Certificado;score:52
1231_sf1|cert:Tipo C;score:43
1232_sf1|cert:Tipo B;score:59
1233_sf1|cert:Tipo A;score:38
1234_sf1|cert:Tipo C;score:9
1235_sf1|cert:Tipo B;score:3
1236_sf1|cert:Tipo C;score:15
1237_sf1|cert:Tipo C;score:96
1238_sf1|cert:Tipo A;score:18
1239_sf1|cert:Tipo B;score:47
1240_sf1|cert:Tipo B;score:15
1241_sf1|cert:Tipo B;score:39
1242_sf1|cert:Tipo C;score:99
1243_sf1|cert:Tipo A;score:40
1244_sf1|cert:Tipo B;score:43
1245_sf1|cert:Tipo B;score:61
1246_sf1|cert:Tipo A;score:13
1247_sf1|cert:Não Certificado;score:77
1248_sf1|cert:Tipo B;score:24
1249_sf1|cert:Tipo C;score:69
1250_sf1|cert:Tipo B;score:73
1251_sf1|cert:Tipo A;score:66
1252_sf1|cert:Tipo C;score:46
1253_sf1|cert:Não Certificado;score:24
1254_sf1|cert:Não Certificado;score:14
1255_sf1|cert:Tipo A;score:7
1256_sf1|cert:Tipo B;score:88
1257_sf1|cert:Tipo C;score:88
1258_sf1|cert:Não Certificado;score:97
1259_sf1|cert:Não Certificado;score:34
1260_sf1|cert:Tipo C;score:64
1261_sf1|cert:Não Certificado;score:63
1262_sf1|cert:Não Certificado;score:18
1263_sf1|cert:Tipo C;score:71
1264_sf1|cert:Tipo B;score:12
1265_sf1|cert:Tipo A;score:34
1266_sf1|cert:Não Certificado;score:58
1267_sf1|cert:Tipo C;score:65
1268_sf1|cert:Tipo C;score:20
1269_sf1|cert:Tipo C;score:50
1270_sf1|cert:Tipo A;score:81
1271_sf1|cert:Tipo B;score:55
1272_sf1|cert:Tipo B;score:99
1273_sf1|cert:Tipo A;score:32
1274_sf1|cert:Não Certificado;score:92
1275_sf1|cert:Tipo C;score:84
1276_sf1|cert:Não Certificado;score:45
1277_sf1|cert:Tipo A;score:90
1278_sf1|cert:Tipo C;score:89
1279_sf1|cert:Tipo C;score:8
1280_sf1|cert:Tipo B;score:49
1281_sf1|cert:Não Certificado;score:36
1282_sf1|cert:Tipo B;score:29
1283_sf1|cert:Tipo B;score:9
1284_sf1|cert:Tipo B;score:16
1285_sf1|cert:Tipo C;score:30
1286_sf1|cert:Tipo A;score:67
1287_sf1|cert:Tipo C;score:44
1288_sf1|cert:Tipo B;score:6
1289_sf1|cert:Tipo A;score:58
1290_sf1|cert:Tipo A;score:41
1291_sf1|cert:Tipo C;score:33
1292_sf1|cert:Tipo C;score:56
1293_sf1|cert:Tipo A;score:77
1294_sf1|cert:Tipo B;score:6
1295_sf1|cert:Tipo B;score:27
1296_sf1|cert:Tipo B;score:48
1297_sf1|cert:Não Certificado;score:53
1298_sf1|cert:Tipo B;score:92
1299_sf1|cert:Tipo C;score:92
1300_sf1|cert:Não Certificado;score:34
1301_sf1|cert:Não Certificado;score:42
1302_sf1|cert:Não Certificado;score:33
1303_sf1|cert:Tipo B;score:8
1304_sf1|cert:Tipo B;score:57
1305_sf1|cert:Não Certificado;score:19
1306_sf1|cert:Não Certificado;score:33
1307_sf1|cert:Tipo B;score:74
1308_sf1|cert:Tipo B;score:61
1309_sf1|cert:Tipo B;score:29
1310_sf1|cert:Tipo B;score:97
1311_sf1|cert:Tipo B;score:67
1312_sf1|cert:Tipo B;score:19
1313_sf1|cert:Tipo B;score:60
1314_sf1|cert:Não Certificado;score:19
1315_sf1|cert:Tipo C;score:47
1316_sf1|cert:Tipo A;score:90
1317_sf1|cert:Tipo A;score:29
1318_sf1|cert:Tipo C;score:77
1319_sf1|cert:Tipo C;score:1
1320_sf1|cert:Tipo B;score:75
1321_sf1|cert:Tipo A;score:33
1322_sf1|cert:Não Certificado;score:49
1323_sf1|cert:Tipo A;score:63
1324_sf1|cert:Não Certificado;score:97
1325_sf1|cert:Tipo A;score:77
1326_sf1|cert:Tipo A;score:35
1327_sf1|cert:Tipo A;score:65
1328_sf1|cert:Tipo B;score:56
1329_sf1|cert:Não Certificado;score:58
1330_sf1|cert:Tipo C;score:73
1331_sf1|cert:Tipo B;score:17
1332_sf1|cert:Tipo A;score:46
1333_sf1|cert:Tipo B;score:64
1334_sf1|cert:Tipo C;score:66
1335_sf1|cert:Tipo A;score:92
1336_sf1|cert:Tipo B;score:96
1337_sf1|cert:Tipo C;score:42
1338_sf1|cert:Tipo C;score:77
1339_sf1|cert:Tipo B;score:94
1340_sf1|cert:Tipo B;score:16
1341_sf1|cert:Tipo B;score:19
1342_sf1|cert:Tipo B;score:97
1343_sf1|cert:Tipo B;score:46
1344_sf1|cert:Tipo B;score:44
1345_sf1|cert:Tipo B;score:44
1346_sf1|cert:Tipo A;score:43
1347_sf1|cert:Tipo B;score:39
1348_sf1|cert:Não Certificado;score:42
1349_sf1|cert:Tipo A;score:65
1350_sf1|cert:Tipo C;score:87
1351_sf1|cert:Tipo A;score:86
1352_sf1|cert:Tipo B;score:67
1353_sf1|cert:Tipo B;score:0
1354_sf1|cert:Tipo A;score:97
1355_sf1|cert:Não Certificado;score:51
1356_sf1|cert:Tipo A;score:32
1357_sf1|cert:Não Certificado;score:32
1358_sf1|cert:Tipo C;score:74
1359_sf1|cert:Tipo A;score:20
1360_sf1|cert:Tipo B;score:36
1361_sf1|cert:Tipo C;score:66
1362_sf1|cert:Tipo C;score:19
1363_sf1|cert:Não Certificado;score:15
1364_sf1|cert:Tipo C;score:62
1365_sf1|cert:Não Certificado;score:87
1366_sf1|cert:Não Certificado;score:76
1367_sf1|cert:Tipo B;score:37
1368_sf1|cert:Tipo B;score:9
1369_sf1|cert:Não Certificado;score:31
1370_sf1|cert:Tipo B;score:11
1371_sf1|cert:Não Certificado;score:35
1372_sf1|cert:Tipo C;score:84
1373_sf1|cert:Tipo A;score:50
1374_sf1|cert:Tipo B;score:64
1375_sf1|cert:Tipo C;score:66
1376_sf1|cert:Tipo B;score:54
1377_sf1|cert:Tipo A;score:53
1378_sf1|cert:Tipo C;score:19
1379_sf1|cert:Tipo A;score:85
1380_sf1|cert:Tipo A;score:79
1381_sf1|cert:Tipo C;score:58
1382_sf1|cert:Tipo B;score:34
1383_sf1|cert:Não Certificado;score:70
1384_sf1|cert:Tipo B;score:77
1385_sf1|cert:Tipo C;score:61
1386_sf1|cert:Não Certificado;score:62
1387_sf1|cert:Tipo B;score:19
1388_sf1|cert:Não Certificado;score:56
1389_sf1|cert:Tipo C;score:52
1390_sf1|cert:Tipo B;score:95
1391_sf1|cert:Não Certificado;score:43
1392_sf1|cert:Tipo B;score:16
1393_sf1|cert:Não Certificado;score:97
1394_sf1|cert:Tipo A;score:97
1395_sf1|cert:Tipo C;score:46
1396_sf1|cert:Não Certificado;score:49
1397_sf1|cert:Não Certificado;score:5
1398_sf1|cert:Tipo A;score:48
1399_sf1|cert:Tipo C;score:98
1400_sf1|cert:Tipo B;score:39
1401_sf1|cert:Não Certificado;score:13
1402_sf1|cert:Tipo B;score:52
1403_sf1|cert:Tipo A;score:20
1404_sf1|cert:Tipo A;score:58
1405_sf1|cert:Tipo C;score:2
1406_sf1|cert:Tipo C;score:42
1407_sf1|cert:Não Certificado;score:17
1408_sf1|cert:Tipo B;score:12
1409_sf1|cert:Não Certificado;score:95
1410_sf1|cert:Tipo A;score:19
1411_sf1|cert:Tipo B;score:90
1412_sf1|cert:Tipo C;score:72
1413_sf1|cert:Não Certificado;score:43
1414_sf1|cert:Tipo C;score:18
1415_sf1|cert:Tipo A;score:90
1416_sf1|cert:Tipo B;score:13
1417_sf1|cert:Tipo C;score:12
1418_sf1|cert:Não Certificado;score:36
1419_sf1|cert:Tipo B;score:0
1420_sf1|cert:Tipo C;score:82
1421_sf1|cert:Não Certificado;score:44
1422_sf1|cert:Não Certificado;score:30
1423_sf1|cert:Tipo A;score:59
1424_sf1|cert:Tipo B;score:62
1425_sf1|cert:Não Certificado;score:20
1426_sf1|cert:Tipo A;score:32
1427_sf1|cert:Não Certificado;score:2
1428_sf1|cert:Tipo B;score:14
1429_sf1|cert:Tipo B;score:99
1430_sf1|cert:Tipo A;score:21
1431_sf1|cert:Tipo B;score:18
1432_sf1|cert:Tipo B;score:62
1433_sf1|cert:Não Certificado;score:38
1434_sf1|cert:Tipo C;score:95
1435_sf1|cert:Tipo B;score:53
1436_sf1|cert:Tipo A;score:70
1437_sf1|cert:Tipo A;score:46
1438_sf1|cert:Tipo C;score:43
1439_sf1|cert:Tipo B;score:10
1440_sf1|cert:Tipo B;score:46
1441_sf1|cert:Tipo B;score:74
1442_sf1|cert:Tipo C;score:40
1443_sf1|cert:Não Certificado;score:14
1444_sf1|cert:Tipo A;score:63
1445_sf1|cert:Tipo A;score:23
1446_sf1|cert:Tipo B;score:6
1447_sf1|cert:Tipo A;score:21
1448_sf1|cert:Tipo B;score:49
1449_sf1|cert:Tipo B;score:79
1450_sf1|cert:Tipo B;score:85
1451_sf1|cert:Não Certificado;score:75
1452_sf1|cert:Não Certificado;score:28
1453_sf1|cert:Tipo A;score:82
1454_sf1|cert:Não Certificado;score:37
1455_sf1|cert:Tipo C;score:17
1456_sf1|cert:Tipo B;score:81
1457_sf1|cert:Tipo A;score:36
1458_sf1|cert:Tipo A;score:5
1459_sf1|cert:Não Certificado;score:27
1460_sf1|cert:Tipo C;score:47
1461_sf1|cert:Não Certificado;score:59
1462_sf1|cert:Tipo C;score:36
1463_sf1|cert:Tipo B;score:22
1464_sf1|cert:Tipo B;score:57
1465_sf1|cert:Tipo B;score:0
1466_sf1|cert:Tipo A;score:85
1467_sf1|cert:Tipo A;score:75
1468_sf1|cert:Tipo B;score:20
1469_sf1|cert:Tipo A;score:98
1470_sf1|cert:Tipo B;score:27
1471_sf1|cert:Tipo A;score:48
1472_sf1|cert:Tipo B;score:68
1473_sf1|cert:Tipo B;score:98
1474_sf1|cert:Tipo C;score:50
1475_sf1|cert:Tipo B;score:75
1476_sf1|cert:Tipo A;score:1
1477_sf1|cert:Não Certificado;score:96
1478_sf1|cert:Não Certificado;score:84
1479_sf1|cert:Tipo B;score:77
1480_sf1|cert:Tipo B;score:13
1481_sf1|cert:Tipo B;score:11
1482_sf1|cert:Tipo B;score:56
1483_sf1|cert:Tipo B;score:80
1484_sf1|cert:Tipo B;score:10
1485_sf1|cert:Tipo C;score:74
1486_sf1|cert:Não Certificado;score:31
1487_sf1|cert:Não Certificado;score:71
1488_sf1|cert:Tipo B;score:47
1489_sf1|cert:Tipo B;score:92
1490_sf1|cert:Tipo C;score:16
1491_sf1|cert:Tipo C;score:98
1492_sf1|cert:Tipo C;score:48
1493_sf1|cert:Não Certificado;score:6
1494_sf1|cert:Tipo C;score:24
1495_sf1|cert:Tipo C;score:62
1496_sf1|cert:Tipo B;score:80
1497_sf1|cert:Não Certificado;score:25
1498_sf1|cert:Tipo A;score:46
1499_sf1|cert:Tipo B;score:42
1500_sf1|cert:Tipo A;score:47
1501_sf1|cert:Tipo C;score:39
1502_sf1|cert:Tipo A;score:66
1503_sf1|cert:Não Certificado;score:30
1504_sf1|cert:Tipo B;score:22
1505_sf1|cert:Tipo C;score:66
1506_sf1|cert:Tipo A;score:22
1507_sf1|cert:Tipo A;score:87
1508_sf1|cert:Não Certificado;score:66
1509_sf1|cert:Não Certificado;score:21
1510_sf1|cert:Tipo C;score:3
1511_sf1|cert:Tipo B;score:61
1512_sf1|cert:Tipo B;score:14
1513_sf1|cert:Tipo A;score:34
1514_sf1|cert:Tipo B;score:19
1515_sf1|cert:Tipo C;score:54
1516_sf1|cert:Tipo B;score:82
1517_sf1|cert:Tipo C;score:59
1518_sf1|cert:Não Certificado;score:19
1519_sf1|cert:Não Certificado;score:47
1520_sf1|cert:Tipo B;score:47
1521_sf1|cert:Não Certificado;score:64
1522_sf1|cert:Tipo B;score:47
1523_sf1|cert:Não Certificado;score:95
1524_sf1|cert:Tipo C;score:11
1525_sf1|cert:Tipo C;score:32
1526_sf1|cert:Tipo B;score:81
1527_sf1|cert:Tipo A;score:52
1528_sf1|cert:Tipo B;score:20
1529_sf1|cert:Tipo B;score:74
1530_sf1|cert:Não Certificado;score:47
1531_sf1|cert:Tipo C;score:49
1532_sf1|cert:Tipo C;score:93
1533_sf1|cert:Tipo B;score:39
1534_sf1|cert:Tipo A;score:88
1535_sf1|cert:Não Certificado;score:64
1536_sf1|cert:Tipo B;score:24
1537_sf1|cert:Tipo B;score:62
1538_sf1|cert:Tipo C;score:21
1539_sf1|cert:Tipo C;score:98
1540_sf1|cert:Tipo A;score:98
1541_sf1|cert:Tipo C;score:43
1542_sf1|cert:Tipo C;score:26
1543_sf1|cert:Não Certificado;score:91
1544_sf1|cert:Tipo B;score:79
1545_sf1|cert:Tipo A;score:64
1546_sf1|cert:Tipo A;score:3
1547_sf1|cert:Tipo C;score:44
1548_sf1|cert:Tipo B;score:77
1549_sf1|cert:Tipo B;score:9
1550_sf1|cert:Tipo A;score:14
1551_sf1|cert:Tipo A;score:62
1552_sf1|cert:Tipo B;score:37
1553_sf1|cert:Tipo C;score:53
1554_sf1|cert:Não Certificado;score:20
1555_sf1|cert:Tipo C;score:38
1556_sf1|cert:Não Certificado;score:83
1557_sf1|cert:Não Certificado;score:31
1558_sf1|cert:Não Certificado;score:87
1559_sf1|cert:Não Certificado;score:57
1560_sf1|cert:Tipo B;score:46
1561_sf1|cert:Tipo A;score:73
1562_sf1|cert:Tipo B;score:48
1563_sf1|cert:Não Certificado;score:89
1564_sf1|cert:Tipo B;score:89
1565_sf1|cert:Não Certificado;score:37
1566_sf1|cert:Não Certificado;score:37
1567_sf1|cert:Tipo A;score:14
1568_sf1|cert:Tipo B;score:1
1569_sf1|cert:Tipo C;score:14
1570_sf1|cert:Não Certificado;score:91
1571_sf1|cert:Tipo C;score:51
1572_sf1|cert:Não Certificado;score:7
1573_sf1|cert:Tipo A;score:39
1574_sf1|cert:Tipo B;score:95
1575_sf1|cert:Não Certificado;score:33
1576_sf1|cert:Tipo B;score:32
1577_sf1|cert:Tipo B;score:13
1578_sf1|cert:Não Certificado;score:19
1579_sf1|cert:Tipo C;score:27
1580_sf1|cert:Tipo C;score:35
1581_sf1|cert:Não Certificado;score:46
1582_sf1|cert:Tipo C;score:39
1583_sf1|cert:Tipo B;score:50
1584_sf1|cert:Tipo B;score:52
1585_sf1|cert:Tipo B;score:32
1586_sf1|cert:Tipo B;score:4
1587_sf1|cert:Tipo C;score:3
1588_sf1|cert:Tipo B;score:33
1589_sf1|cert:Não Certificado;score:48
1590_sf1|cert:Não Certificado;score:44
1591_sf1|cert:Tipo C;score:74
1592_sf1|cert:Tipo B;score:26
1593_sf1|cert:Não Certificado;score:24
1594_sf1|cert:Tipo B;score:2
1595_sf1|cert:Tipo B;score:57
1596_sf1|cert:Não Certificado;score:37
1597_sf1|cert:Tipo C;score:97
1598_sf1|cert:Não Certificado;score:62
1599_sf1|cert:Tipo B;score:26
1600_sf1|cert:Tipo B;score:91
1601_sf1|cert:Não Certificado;score:52
1602_sf1|cert:Tipo B;score:68
1603_sf1|cert:Tipo B;score:60
1604_sf1|cert:Não Certificado;score:97
1605_sf1|cert:Tipo C;score:23
1606_sf1|cert:Tipo A;score:21
1607_sf1|cert:Tipo A;score:76
1608_sf1|cert:Tipo B;score:28
1609_sf1|cert:Não Certificado;score:92
1610_sf1|cert:Não Certificado;score:7
1611_sf1|cert:Tipo A;score:26
1612_sf1|cert:Tipo B;score:87
1613_sf1|cert:Tipo C;score:71
1614_sf1|cert:Tipo B;score:13
1615_sf1|cert:Tipo A;score:55
1616_sf1|cert:Tipo B;score:24
1617_sf1|cert:Não Certificado;score:78
1618_sf1|cert:Tipo A;score:47
1619_sf1|cert:Tipo A;score:60
1620_sf1|cert:Tipo A;score:56
1621_sf1|cert:Não Certificado;score:99
1622_sf1|cert:Tipo A;score:24
1623_sf1|cert:Tipo A;score:94
1624_sf1|cert:Tipo B;score:50
1625_sf1|cert:Tipo A;score:94
1626_sf1|cert:Tipo B;score:93
1627_sf1|cert:Tipo A;score:66
1628_sf1|cert:Tipo A;score:12
1629_sf1|cert:Não Certificado;score:21
1630_sf1|cert:Não Certificado;score:64
1631_sf1|cert:Tipo C;score:76
1632_sf1|cert:Tipo B;score:7
1633_sf1|cert:Tipo C;score:90
1634_sf1|cert:Não Certificado;score:18
1635_sf1|cert:Tipo C;score:44
1636_sf1|cert:Tipo B;score:43
1637_sf1|cert:Tipo C;score:98
1638_sf1|cert:Tipo C;score:67
1639_sf1|cert:Tipo A;score:17
1640_sf1|cert:Tipo B;score:6
1641_sf1|cert:Não Certificado;score:37
1642_sf1|cert:Tipo A;score:2
1643_sf1|cert:Não Certificado;score:60
1644_sf1|cert:Tipo B;score:77
1645_sf1|cert:Tipo A;score:18
1646_sf1|cert:Tipo A;score:71
1647_sf1|cert:Tipo C;score:56
1648_sf1|cert:Tipo B;score:69
1649_sf1|cert:Não Certificado;score:63
1650_sf1|cert:Tipo A;score:13
1651_sf1|cert:Tipo C;score:58
1652_sf1|cert:Não Certificado;score:32
1653_sf1|cert:Tipo A;score:61
1654_sf1|cert:Não Certificado;score:13
1655_sf1|cert:Tipo A;score:81
1656_sf1|cert:Tipo B;score:37
1657_sf1|cert:Tipo C;score:52
1658_sf1|cert:Não Certificado;score:43
1659_sf1|cert:Tipo A;score:50
1660_sf1|cert:Tipo B;score:17
1661_sf1|cert:Tipo A;score:71
1662_sf1|cert:Tipo C;score:14
1663_sf1|cert:Tipo C;score:46
1664_sf1|cert:Tipo B;score:18
1665_sf1|cert:Tipo A;score:49
1666_sf1|cert:Tipo B;score:57
1667_sf1|cert:Tipo B;score:72
1668_sf1|cert:Não Certificado;score:75
1669_sf1|cert:Tipo B;score:14
1670_sf1|cert:Tipo C;score:85
1671_sf1|cert:Tipo B;score:85
1672_sf1|cert:Tipo B;score:64
1673_sf1|cert:Tipo B;score:30
1674_sf1|cert:Tipo C;score:84
1675_sf1|cert:Tipo A;score:53
1676_sf1|cert:Tipo B;score:57
1677_sf1|cert:Não Certificado;score:4
1678_sf1|cert:Tipo C;score:93
1679_sf1|cert:Não Certificado;score:65
1680_sf1|cert:Tipo B;score:8
1681_sf1|cert:Não Certificado;score:85
1682_sf1|cert:Não Certificado;score:19
1683_sf1|cert:Tipo C;score:97
1684_sf1|cert:Não Certificado;score:67
1685_sf1|cert:Tipo C;score:52
1686_sf1|cert:Tipo C;score:23
1687_sf1|cert:Tipo B;score:17
1688_sf1|cert:Tipo B;score:75
1689_sf1|cert:Tipo A;score:56
1690_sf1|cert:Tipo C;score:20
1691_sf1|cert:Não Certificado;score:3
1692_sf1|cert:Não Certificado;score:46
1693_sf1|cert:Tipo C;score:99
1694_sf1|cert:Tipo A;score:54
1695_sf1|cert:Não Certificado;score:22
1696_sf1|cert:Tipo B;score:28
1697_sf1|cert:Tipo B;score:75
1698_sf1|cert:Tipo B;score:87
1699_sf1|cert:Tipo C;score:66
1700_sf1|cert:Tipo B;score:30
1701_sf1|cert:Não Certificado;score:94
1702_sf1|cert:Tipo A;score:18
1703_sf1|cert:Não Certificado;score:63
1704_sf1|cert:Tipo B;score:35
1705_sf1|cert:Tipo A;score:68
1706_sf1|cert:Tipo B;score:78
1707_sf1|cert:Tipo A;score:71
1708_sf1|cert:Tipo C;score:41
1709_sf1|cert:Tipo B;score:69
1710_sf1|cert:Tipo C;score:44
1711_sf1|cert:Tipo B;score:70
1712_sf1|cert:Tipo B;score:48
1713_sf1|cert:Não Certificado;score:71
1714_sf1|cert:Não Certificado;score:13
1715_sf1|cert:Tipo B;score:49
1716_sf1|cert:Tipo B;score:11
1717_sf1|cert:Não Certificado;score:6
1718_sf1|cert:Tipo B;score:49
1719_sf1|cert:Tipo A;score:80
1720_sf1|cert:Tipo B;score:11
1721_sf1|cert:Tipo C;score:69
1722_sf1|cert:Tipo A;score:90
1723_sf1|cert:Tipo A;score:2
1724_sf1|cert:Tipo A;score:3
1725_sf1|cert:Não Certificado;score:69
1726_sf1|cert:Tipo A;score:33
1727_sf1|cert:Tipo A;score:24
1728_sf1|cert:Tipo B;score:39
1729_sf1|cert:Tipo A;score:39
1730_sf1|cert:Não Certificado;score:3
1731_sf1|cert:Tipo B;score:67
1732_sf1|cert:Tipo C;score:26
1733_sf1|cert:Tipo C;score:73
1734_sf1|cert:Tipo C;score:44
1735_sf1|cert:Tipo C;score:65
1736_sf1|cert:Tipo B;score:68
1737_sf1|cert:Tipo B;score:18
1738_sf1|cert:Tipo A;score:73
1739_sf1|cert:Tipo C;score:92
1740_sf1|cert:Tipo C;score:3
1741_sf1|cert:Tipo C;score:85
1742_sf1|cert:Não Certificado;score:39
1743_sf1|cert:Tipo B;score:47
1744_sf1|cert:Tipo B;score:96
1745_sf1|cert:Tipo C;score:87
1746_sf1|cert:Tipo B;score:55
1747_sf1|cert:Não Certificado;score:64
1748_sf1|cert:Tipo A;score:12
1749_sf1|cert:Tipo C;score:99
1750_sf1|cert:Tipo A;score:26
1751_sf1|cert:Não Certificado;score:55
1752_sf1|cert:Tipo B;score:57
1753_sf1|cert:Tipo B;score:76
1754_sf1|cert:Tipo C;score:57
1755_sf1|cert:Não Certificado;score:30
1756_sf1|cert:Tipo C;score:35
1757_sf1|cert:Tipo C;score:15
1758_sf1|cert:Tipo C;score:92
1759_sf1|cert:Tipo A;score:80
1760_sf1|cert:Tipo B;score:44
1761_sf1|cert:Tipo B;score:43
1762_sf1|cert:Não Certificado;score:33
1763_sf1|cert:Não Certificado;score:20
1764_sf1|cert:Tipo A;score:6
1765_sf1|cert:Tipo C;score:91
1766_sf1|cert:Tipo C;score:75
1767_sf1|cert:Tipo B;score:92
1768_sf1|cert:Tipo B;score:40
1769_sf1|cert:Tipo A;score:11
1770_sf1|cert:Tipo A;score:81
1771_sf1|cert:Tipo A;score:81
1772_sf1|cert:Tipo C;score:0
1773_sf1|cert:Tipo A;score:91
1774_sf1|cert:Tipo A;score:81
1775_sf1|cert:Não Certificado;score:16
1776_sf1|cert:Tipo B;score:89
1777_sf1|cert:Tipo B;score:44
1778_sf1|cert:Tipo A;score:53
1779_sf1|cert:Não Certificado;score:50
1780_sf1|cert:Tipo C;score:45
1781_sf1|cert:Tipo B;score:65
1782_sf1|cert:Tipo C;score:10
1783_sf1|cert:Tipo A;score:19
1784_sf1|cert:Tipo B;score:75
1785_sf1|cert:Tipo C;score:4
1786_sf1|cert:Tipo B;score:97
1787_sf1|cert:Tipo C;score:51
1788_sf1|cert:Tipo C;score:93
1789_sf1|cert:Não Certificado;score:29
1790_sf1|cert:Não Certificado;score:19
1791_sf1|cert:Tipo B;score:89
1792_sf1|cert:Tipo B;score:15
1793_sf1|cert:Não Certificado;score:66
1794_sf1|cert:Tipo C;score:96
1795_sf1|cert:Tipo C;score:44
1796_sf1|cert:Tipo B;score:85
1797_sf1|cert:Tipo A;score:31
1798_sf1|cert:Tipo A;score:49
1799_sf1|cert:Tipo B;score:61
1800_sf1|cert:Tipo B;score:56
1801_sf1|cert:Tipo A;score:8
1802_sf1|cert:Não Certificado;score:61
1803_sf1|cert:Não Certificado;score:7
1804_sf1|cert:Tipo B;score:70
1805_sf1|cert:Tipo B;score:69
1806_sf1|cert:Tipo C;score:66
1807_sf1|cert:Tipo A;score:77
1808_sf1|cert:Tipo B;score:99
1809_sf1|cert:Tipo C;score:53
1810_sf1|cert:Tipo B;score:80
1811_sf1|cert:Tipo C;score:75
1812_sf1|cert:Tipo C;score:54
1813_sf1|cert:Tipo C;score:95
1814_sf1|cert:Não Certificado;score:70
1815_sf1|cert:Não Certificado;score:14
1816_sf1|cert:Tipo B;score:14
1817_sf1|cert:Não Certificado;score:14
1818_sf1|cert:Tipo C;score:53
1819_sf1|cert:Tipo B;score:7
1820_sf1|cert:Não Certificado;score:0
1821_sf1|cert:Tipo A;score:26
1822_sf1|cert:Tipo C;score:45
1823_sf1|cert:Não Certificado;score:93
1824_sf1|cert:Tipo B;score:70
1825_sf1|cert:Tipo A;score:41
1826_sf1|cert:Tipo A;score:69
1827_sf1|cert:Tipo B;score:25
1828_sf1|cert:Tipo C;score:59
1829_sf1|cert:Não Certificado;score:26
1830_sf1|cert:Tipo A;score:19
1831_sf1|cert:Tipo B;score:77
1832_sf1|cert:Tipo B;score:35
1833_sf1|cert:Tipo C;score:90
1834_sf1|cert:Tipo A;score:49
1835_sf1|cert:Tipo A;score:21
1836_sf1|cert:Tipo B;score:77
1837_sf1|cert:Tipo B;score:14
1838_sf1|cert:Não Certificado;score:59
1839_sf1|cert:Tipo A;score:6
1840_sf1|cert:Tipo B;score:21
1841_sf1|cert:Tipo C;score:43
1842_sf1|cert:Tipo C;score:29
1843_sf1|cert:Tipo A;score:90
1844_sf1|cert:Tipo B;score:26
1845_sf1|cert:Tipo C;score:54
1846_sf1|cert:Tipo A;score:0
1847_sf1|cert:Tipo B;score:89
1848_sf1|cert:Tipo B;score:69
1849_sf1|cert:Não Certificado;score:68
1850_sf1|cert:Tipo C;score:85
1851_sf1|cert:Tipo A;score:39
1852_sf1|cert:Tipo B;score:49
1853_sf1|cert:Tipo B;score:91
1854_sf1|cert:Tipo A;score:23
1855_sf1|cert:Não Certificado;score:33
1856_sf1|cert:Tipo B;score:41
1857_sf1|cert:Tipo C;score:65
1858_sf1|cert:Não Certificado;score:60
1859_sf1|cert:Tipo B;score:93
1860_sf1|cert:Tipo A;score:52
1861_sf1|cert:Não Certificado;score:79
1862_sf1|cert:Tipo A;score:46
1863_sf1|cert:Não Certificado;score:32
1864_sf1|cert:Tipo B;score:84
1865_sf1|cert:Não Certificado;score:21
1866_sf1|cert:Não Certificado;score:68
1867_sf1|cert:Não Certificado;score:54
1868_sf1|cert:Tipo A;score:50
1869_sf1|cert:Tipo B;score:68
1870_sf1|cert:Não Certificado;score:22
1871_sf1|cert:Não Certificado;score:40
1872_sf1|cert:Tipo B;score:54
1873_sf1|cert:Tipo C;score:19
1874_sf1|cert:Tipo B;score:88
1875_sf1|cert:Tipo C;score:63
1876_sf1|cert:Tipo C;score:7
1877_sf1|cert:Tipo C;score:24
1878_sf1|cert:Tipo B;score:67
1879_sf1|cert:Tipo A;score:73
1880_sf1|cert:Tipo B;score:32
1881_sf1|cert:Não Certificado;score:91
1882_sf1|cert:Não Certificado;score:92
1883_sf1|cert:Tipo A;score:13
1884_sf1|cert:Tipo A;score:55
1885_sf1|cert:Tipo A;score:8
1886_sf1|cert:Tipo A;score:94
1887_sf1|cert:Tipo A;score:86
1888_sf1|cert:Tipo B;score:72
1889_sf1|cert:Tipo C;score:39
1890_sf1|cert:Não Certificado;score:64
1891_sf1|cert:Não Certificado;score:5
1892_sf1|cert:Tipo C;score:66
1893_sf1|cert:Tipo C;score:50
1894_sf1|cert:Tipo B;score:53
1895_sf1|cert:Tipo A;score:23
1896_sf1|cert:Tipo B;score:32
1897_sf1|cert:Não Certificado;score:74
1898_sf1|cert:Não Certificado;score:25
1899_sf1|cert:Tipo C;score:13
1900_sf1|cert:Não Certificado;score:44
1901_sf1|cert:Tipo B;score:22
1902_sf1|cert:Tipo C;score:11
1903_sf1|cert:Tipo B;score:71
1904_sf1|cert:Tipo B;score:55
1905_sf1|cert:Não Certificado;score:5
1906_sf1|cert:Tipo C;score:32
1907_sf1|cert:Não Certificado;score:23
1908_sf1|cert:Tipo A;score:76
1909_sf1|cert:Tipo C;score:95
1910_sf1|cert:Tipo B;score:54
1911_sf1|cert:Tipo B;score:39
1912_sf1|cert:Tipo B;score:20
1913_sf1|cert:Tipo B;score:36
1914_sf1|cert:Tipo B;score:10
1915_sf1|cert:Tipo A;score:74
1916_sf1|cert:Não Certificado;score:85
1917_sf1|cert:Não Certificado;score:71
1918_sf1|cert:Tipo B;score:44
1919_sf1|cert:Não Certificado;score:65
1920_sf1|cert:Tipo B;score:65
1921_sf1|cert:Tipo C;score:3
1922_sf1|cert:Tipo A;score:11
1923_sf1|cert:Tipo A;score:17
1924_sf1|cert:Tipo B;score:98
1925_sf1|cert:Tipo B;score:71
1926_sf1|cert:Não Certificado;score:35
1927_sf1|cert:Tipo C;score:84
1928_sf1|cert:Tipo B;score:69
1929_sf1|cert:Tipo C;score:76
1930_sf1|cert:Não Certificado;score:34
1931_sf1|cert:Tipo A;score:12
1932_sf1|cert:Tipo B;score:38
1933_sf1|cert:Não Certificado;score:10
1934_sf1|cert:Tipo C;score:10
1935_sf1|cert:Tipo A;score:33
1936_sf1|cert:Tipo B;score:4
1937_sf1|cert:Tipo C;score:80
1938_sf1|cert:Tipo C;score:2
1939_sf1|cert:Tipo B;score:92
1940_sf1|cert:Tipo C;score:70
1941_sf1|cert:Tipo C;score:13
1942_sf1|cert:Tipo C;score:88
1943_sf1|cert:Tipo B;score:6
1944_sf1|cert:Tipo B;score:44
1945_sf1|cert:Tipo C;score:71
1946_sf1|cert:Tipo A;score:77
1947_sf1|cert:Tipo B;score:91
1948_sf1|cert:Tipo A;score:99
1949_sf1|cert:Tipo A;score:98
1950_sf1|cert:Tipo C;score:22
1951_sf1|cert:Não Certificado;score:24
1952_sf1|cert:Tipo B;score:45
1953_sf1|cert:Tipo C;score:78
1954_sf1|cert:Tipo B;score:65
1955_sf1|cert:Tipo A;score:74
1956_sf1|cert:Não Certificado;score:98
1957_sf1|cert:Tipo C;score:88
1958_sf1|cert:Tipo C;score:24
1959_sf1|cert:Não Certificado;score:3
1960_sf1|cert:Tipo B;score:38
1961_sf1|cert:Tipo B;score:57
1962_sf1|cert:Tipo C;score:23
1963_sf1|cert:Tipo C;score:67
1964_sf1|cert:Não Certificado;score:27
1965_sf1|cert:Tipo B;score:97
1966_sf1|cert:Tipo B;score:24
1967_sf1|cert:Tipo B;score:8
1968_sf1|cert:Tipo B;score:22
1969_sf1|cert:Tipo B;score:38
1970_sf1|cert:Tipo C;score:0
1971_sf1|cert:Tipo A;score:54
1972_sf1|cert:Tipo C;score:20
1973_sf1|cert:Tipo C;score:91
1974_sf1|cert:Tipo B;score:94
1975_sf1|cert:Tipo A;score:60
1976_sf1|cert:Tipo B;score:77
1977_sf1|cert:Tipo C;score:7
1978_sf1|cert:Não Certificado;score:10
1979_sf1|cert:Tipo A;score:73
1980_sf1|cert:Tipo B;score:50
1981_sf1|cert:Tipo A;score:41
1982_sf1|cert:Tipo A;score:60
1983_sf1|cert:Não Certificado;score:5
1984_sf1|cert:Tipo B;score:15
1985_sf1|cert:Tipo A;score:32
1986_sf1|cert:Não Certificado;score:80
1987_sf1|cert:Tipo B;score:81
1988_sf1|cert:Tipo A;score:43
1989_sf1|cert:Tipo C;score:19
1990_sf1|cert:Tipo B;score:29
1991_sf1|cert:Tipo C;score:39
1992_sf1|cert:Tipo B;score:63
1993_sf1|cert:Tipo A;score:92
1994_sf1|cert:Tipo C;score:54
1995_sf1|cert:Tipo B;score:48
1996_sf1|cert:Tipo A;score:82
1997_sf1|cert:Tipo A;score:99
1998_sf1|cert:Tipo C;score:5
1999_sf1|cert:Tipo A;score:28
0_sf2|cert:Tipo B;score:62
1_sf2|cert:Tipo B;score:90
2_sf2|cert:Tipo C;score:45
3_sf2|cert:Tipo A;score:32
4_sf2|cert:Tipo A;score:80
5_sf2|cert:Não Certificado;score:30
6_sf2|cert:Tipo C;score:68
7_sf2|cert:Tipo B;score:89
8_sf2|cert:Tipo B;score:80
9_sf2|cert:Tipo B;score:60
10_sf2|cert:Tipo A;score:66
11_sf2|cert:Tipo C;score:28
12_sf2|cert:Tipo C;score:88
13_sf2|cert:Não Certificado;score:99
14_sf2|cert:Não Certificado;score:95
15_sf2|cert:Não Certificado;score:39
16_sf2|cert:Tipo B;score:52
17_sf2|cert:Não Certificado;score:53
18_sf2|cert:Tipo A;score:24
19_sf2|cert:Tipo C;score:35
20_sf2|cert:Não Certificado;score:8
21_sf2|cert:Tipo B;score:81
22_sf2|cert:Tipo B;score:76
23_sf2|cert:Tipo B;score:30
24_sf2|cert:Tipo B;score:7
25_sf2|cert:Tipo C;score:28
26_sf2|cert:Tipo B;score:36
27_sf2|cert:Tipo A;score:63
28_sf2|cert:Tipo A;score:49
29_sf2|cert:Tipo A;score:76
30_sf2|cert:Tipo C;score:38
31_sf2|cert:Tipo C;score:78
32_sf2|cert:Tipo B;score:4
33_sf2|cert:Não Certificado;score:17
34_sf2|cert:Tipo A;score:49
35_sf2|cert:Tipo B;score:53
36_sf2|cert:Não Certificado;score:96
37_sf2|cert:Tipo A;score:13
38_sf2|cert:Tipo C;score:93
39_sf2|cert:Tipo C;score:38
40_sf2|cert:Tipo B;score:25
41_sf2|cert:Tipo A;score:23
42_sf2|cert:Tipo B;score:95
43_sf2|cert:Tipo B;score:64
44_sf2|cert:Não Certificado;score:34
45_sf2|cert:Tipo B;score:21
46_sf2|cert:Tipo B;score:80
47_sf2|cert:Tipo A;score:29
48_sf2|cert:Tipo B;score:31
49_sf2|cert:Tipo B;score:21
50_sf2|cert:Não Certificado;score:31
51_sf2|cert:Tipo A;score:78
52_sf2|cert:Tipo C;score:30
53_sf2|cert:Não Certificado;score:50
54_sf2|cert:Tipo C;score:93
55_sf2|cert:Tipo C;score:14
56_sf2|cert:Tipo B;score:48
57_sf2|cert:Não Certificado;score:75
58_sf2|cert:Tipo A;score:66
59_sf2|cert:Tipo B;score:58
60_sf2|cert:Tipo A;score:87
61_sf2|cert:Não Certificado;score:64
62_sf2|cert:Tipo C;score:45
63_sf2|cert:Tipo C;score:90
64_sf2|cert:Tipo B;score:47
65_sf2|cert:Tipo C;score:8
66_sf2|cert:Tipo C;score:8
67_sf2|cert:Não Certificado;score:54
68_sf2|cert:Não Certificado;score:73
69_sf2|cert:Tipo B;score:82
70_sf2|cert:Não Certificado;score:43
71_sf2|cert:Tipo C;score:54
72_sf2|cert:Tipo B;score:93
73_sf2|cert:Tipo C;score:69
74_sf2|cert:Tipo B;score:21
75_sf2|cert:Tipo B;score:60
76_sf2|cert:Tipo A;score:69
77_sf2|cert:Não Certificado;score:69
78_sf2|cert:Não Certificado;score:56
79_sf2|cert:Não Certificado;score:65
80_sf2|cert:Tipo B;score:32
81_sf2|cert:Tipo A;score:13
82_sf2|cert:Tipo C;score:19
83_sf2|cert:Tipo C;score:63
84_sf2|cert:Tipo B;score:3
85_sf2|cert:Tipo C;score:81
86_sf2|cert:Tipo A;score:23
87_sf2|cert:Tipo A;score:12
88_sf2|cert:Tipo B;score:81
89_sf2|cert:Não Certificado;score:86
90_sf2|cert:Tipo A;score:96
91_sf2|cert:Tipo B;score:70
92_sf2|cert:Tipo C;score:64
93_sf2|cert:Tipo A;score:36
94_sf2|cert:Não Certificado;score:42
95_sf2|cert:Tipo A;score:19
96_sf2|cert:Tipo B;score:28
97_sf2|cert:Não Certificado;score:56
98_sf2|cert:Tipo A;score:29
99_sf2|cert:Tipo C;score:85
100_sf2|cert:Tipo B;score:4
101_sf2|cert:Tipo C;score:88
102_sf2|cert:Não Certificado;score:62
103_sf2|cert:Não Certificado;score:15
104_sf2|cert:Tipo B;score:44
105_sf2|cert:Tipo B;score:76
106_sf2|cert:Não Certificado;score:10
107_sf2|cert:Tipo B;score:98
108_sf2|cert:Não Certificado;score:91
109_sf2|cert:Tipo B;score:75
110_sf2|cert:Tipo B;score:20
111_sf2|cert:Tipo C;score:43
112_sf2|cert:Tipo B;score:17
113_sf2|cert:Tipo C;score:53
114_sf2|cert:Tipo A;score:5
115_sf2|cert:Tipo A;score:56
116_sf2|cert:Tipo A;score:38
117_sf2|cert:Tipo B;score:40
118_sf2|cert:Tipo C;score:75
119_sf2|cert:Não Certificado;score:1
120_sf2|cert:Tipo B;score:56
121_sf2|cert:Tipo B;score:50
122_sf2|cert:Tipo B;score:93
123_sf2|cert:Tipo B;score:85
124_sf2|cert:Tipo B;score:6
125_sf2|cert:Tipo A;score:40
126_sf2|cert:Não Certificado;score:65
127_sf2|cert:Não Certificado;score:11
128_sf2|cert:Tipo B;score:26
129_sf2|cert:Não Certificado;score:52
130_sf2|cert:Tipo C;score:59
131_sf2|cert:Tipo A;score:90
132_sf2|cert:Tipo A;score:20
133_sf2|cert:Não Certificado;score:74
134_sf2|cert:Tipo B;score:75
135_sf2|cert:Tipo A;score:99
136_sf2|cert:Tipo B;score:75
137_sf2|cert:Tipo B;score:25
138_sf2|cert:Tipo A;score:23
139_sf2|cert:Tipo A;score:56
140_sf2|cert:Tipo C;score:39
141_sf2|cert:Tipo B;score:0
142_sf2|cert:Tipo A;score:95
143_sf2|cert:Tipo B;score:38
144_sf2|cert:Tipo B;score:41
145_sf2|cert:Tipo A;score:78
146_sf2|cert:Tipo C;score:5
147_sf2|cert:Não Certificado;score:76
148_sf2|cert:Não Certificado;score:43
149_sf2|cert:Tipo A;score:85
150_sf2|cert:Não Certificado;score:4
151_sf2|cert:Não Certificado;score:41
152_sf2|cert:Tipo B;score:6
153_sf2|cert:Tipo A;score:76
154_sf2|cert:Tipo C;score:0
155_sf2|cert:Tipo C;score:22
156_sf2|cert:Tipo A;score:76
157_sf2|cert:Tipo A;score:36
158_sf2|cert:Tipo A;score:32
159_sf2|cert:Não Certificado;score:7
160_sf2|cert:Tipo B;score:72
161_sf2|cert:Não Certificado;score:4
162_sf2|cert:Tipo C;score:50
163_sf2|cert:Tipo A;score:47
164_sf2|cert:Tipo C;score:90
165_sf2|cert:Tipo B;score:96
166_sf2|cert:Tipo A;score:30
167_sf2|cert:Tipo C;score:5
168_sf2|cert:Tipo B;score:84
169_sf2|cert:Não Certificado;score:37
170_sf2|cert:Não Certificado;score:63
171_sf2|cert:Tipo C;score:0
172_sf2|cert:Tipo A;score:8
173_sf2|cert:Tipo A;score:75
174_sf2|cert:Tipo C;score:20
175_sf2|cert:Tipo C;score:67
176_sf2|cert:Tipo B;score:37
177_sf2|cert:Tipo B;score:42
178_sf2|cert:Não Certificado;score:26
179_sf2|cert:Não Certificado;score:82
180_sf2|cert:Não Certificado;score:95
181_sf2|cert:Tipo C;score:38
182_sf2|cert:Não Certificado;score:93
183_sf2|cert:Tipo A;score:83
184_sf2|cert:Tipo B;score:52
185_sf2|cert:Tipo C;score:16
186_sf2|cert:Tipo B;score:4
187_sf2|cert:Tipo A;score:96
188_sf2|cert:Não Certificado;score:53
189_sf2|cert:Tipo A;score:96
190_sf2|cert:Tipo C;score:99
191_sf2|cert:Tipo C;score:95
192_sf2|cert:Tipo B;score:75
193_sf2|cert:Tipo A;score:21
194_sf2|cert:Não Certificado;score:12
195_sf2|cert:Tipo C;score:64
196_sf2|cert:Tipo B;score:28
197_sf2|cert:Tipo A;score:48
198_sf2|cert:Tipo B;score:44
199_sf2|cert:Não Certificado;score:86
200_sf2|cert:Tipo B;score:66
201_sf2|cert:Tipo B;score:50
202_sf2|cert:Tipo B;score:18
203_sf2|cert:Tipo B;score:80
204_sf2|cert:Tipo C;score:95
205_sf2|cert:Tipo A;score:55
206_sf2|cert:Tipo B;score:19
207_sf2|cert:Tipo B;score:48
208_sf2|cert:Tipo B;score:78
209_sf2|cert:Tipo A;score:67
210_sf2|cert:Tipo A;score:94
211_sf2|cert:Não Certificado;score:48
212_sf2|cert:Tipo B;score:56
213_sf2|cert:Tipo B;score:50
214_sf2|cert:Não Certificado;score:96
215_sf2|cert:Tipo C;score:84
216_sf2|cert:Tipo B;score:73
217_sf2|cert:Não Certificado;score:97
218_sf2|cert:Tipo A;score:76
219_sf2|cert:Não Certificado;score:73
220_sf2|cert:Tipo B;score:97
221_sf2|cert:Tipo B;score:60
222_sf2|cert:Tipo A;score:7
223_sf2|cert:Tipo A;score:68
224_sf2|cert:Tipo B;score:50
225_sf2|cert:Tipo B;score:23
226_sf2|cert:Tipo B;score:48
227_sf2|cert:Tipo C;score:43
228_sf2|cert:Tipo B;score:32
229_sf2|cert:Tipo C;score:52
230_sf2|cert:Tipo A;score:28
231_sf2|cert:Tipo B;score:52
232_sf2|cert:Tipo B;score:97
233_sf2|cert:Tipo A;score:75
234_sf2|cert:Tipo C;score:57
235_sf2|cert:Tipo A;score:74
236_sf2|cert:Tipo B;score:86
237_sf2|cert:Tipo A;score:54
238_sf2|cert:Tipo C;score:47
239_sf2|cert:Não Certificado;score:56
240_sf2|cert:Tipo B;score:78
241_sf2|cert:Tipo A;score:78
242_sf2|cert:Tipo B;score:78
243_sf2|cert:Tipo C;score:61
244_sf2|cert:Tipo B;score:78
245_sf2|cert:Tipo A;score:38
246_sf2|cert:Tipo C;score:47
247_sf2|cert:Tipo A;score:89
248_sf2|cert:Tipo B;score:64
249_sf2|cert:Não Certificado;score:13
250_sf2|cert:Tipo A;score:64
251_sf2|cert:Tipo C;score:90
252_sf2|cert:Tipo C;score:5
253_sf2|cert:Não Certificado;score:36
254_sf2|cert:Não Certificado;score:44
255_sf2|cert:Tipo A;score:8
256_sf2|cert:Tipo B;score:51
257_sf2|cert:Tipo A;score:31
258_sf2|cert:Tipo A;score:19
259_sf2|cert:Tipo B;score:8
260_sf2|cert:Tipo A;score:11
261_sf2|cert:Tipo C;score:61
262_sf2|cert:Tipo B;score:44
263_sf2|cert:Tipo B;score:9
264_sf2|cert:Tipo B;score:11
265_sf2|cert:Tipo C;score:62
266_sf2|cert:Tipo B;score:7
267_sf2|cert:Não Certificado;score:26
268_sf2|cert:Não Certificado;score:97
269_sf2|cert:Tipo B;score:52
270_sf2|cert:Tipo B;score:0
271_sf2|cert:Tipo B;score:96
272_sf2|cert:Tipo B;score:48
273_sf2|cert:Tipo B;score:3
274_sf2|cert:Tipo A;score:95
275_sf2|cert:Não Certificado;score:91
276_sf2|cert:Tipo A;score:55
277_sf2|cert:Tipo A;score:28
278_sf2|cert:Tipo B;score:48
279_sf2|cert:Não Certificado;score:7
280_sf2|cert:Tipo B;score:64
281_sf2|cert:Tipo C;score:46
282_sf2|cert:Tipo B;score:12
283_sf2|cert:Tipo C;score:68
284_sf2|cert:Tipo C;score:55
285_sf2|cert:Tipo C;score:0
286_sf2|cert:Não Certificado;score:27
287_sf2|cert:Tipo B;score:66
288_sf2|cert:Tipo B;score:9
289_sf2|cert:Tipo C;score:3
290_sf2|cert:Tipo A;score:43
291_sf2|cert:Tipo B;score:7
292_sf2|cert:Tipo A;score:71
293_sf2|cert:Tipo C;score:77
294_sf2|cert:Tipo A;score:52
295_sf2|cert:Tipo B;score:84
296_sf2|cert:Tipo B;score:25
297_sf2|cert:Tipo B;score:54
298_sf2|cert:Tipo C;score:10
299_sf2|cert:Tipo B;score:45
300_sf2|cert:Tipo A;score:94
301_sf2|cert:Tipo A;score:92
302_sf2|cert:Tipo B;score:80
303_sf2|cert:Tipo C;score:90
304_sf2|cert:Tipo B;score:98
305_sf2|cert:Tipo A;score:9
306_sf2|cert:Tipo C;score:18
307_sf2|cert:Tipo B;score:34
308_sf2|cert:Tipo B;score:43
309_sf2|cert:Tipo B;score:7
310_sf2|cert:Tipo B;score:9
311_sf2|cert:Tipo B;score:62
312_sf2|cert:Tipo B;score:19
313_sf2|cert:Não Certificado;score:16
314_sf2|cert:Não Certificado;score:90
315_sf2|cert:Tipo C;score:34
316_sf2|cert:Tipo C;score:33
317_sf2|cert:Tipo B;score:5
318_sf2|cert:Tipo C;score:33
319_sf2|cert:Tipo A;score:73
320_sf2|cert:Tipo B;score:8
321_sf2|cert:Não Certificado;score:51
322_sf2|cert:Tipo C;score:84
323_sf2|cert:Não Certificado;score:43
324_sf2|cert:Tipo B;score:74
325_sf2|cert:Tipo B;score:2
326_sf2|cert:Tipo A;score:39
327_sf2|cert:Tipo A;score:27
328_sf2|cert:Tipo B;score:73
329_sf2|cert:Tipo B;score:74
330_sf2|cert:Tipo C;score:39
331_sf2|cert:Tipo C;score:6
332_sf2|cert:Tipo C;score:65
333_sf2|cert:Não Certificado;score:48
334_sf2|cert:Tipo B;score:8
335_sf2|cert:Tipo C;score:26
336_sf2|cert:Tipo B;score:31
337_sf2|cert:Não Certificado;score:57
338_sf2|cert:Tipo A;score:86
339_sf2|cert:Tipo B;score:98
340_sf2|cert:Tipo B;score:89
341_sf2|cert:Tipo A;score:47
342_sf2|cert:Tipo C;score:10
343_sf2|cert:Tipo A;score:94
344_sf2|cert:Tipo B;score:83
345_sf2|cert:Tipo B;score:27
346_sf2|cert:Tipo A;score:60
347_sf2|cert:Tipo C;score:9
348_sf2|cert:Tipo A;score:64
349_sf2|cert:Tipo B;score:53
350_sf2|cert:Tipo A;score:91
351_sf2|cert:Não Certificado;score:12
352_sf2|cert:Tipo B;score:97
353_sf2|cert:Tipo C;score:18
354_sf2|cert:Tipo B;score:78
355_sf2|cert:Tipo A;score:72
356_sf2|cert:Tipo C;score:79
357_sf2|cert:Não Certificado;score:8
358_sf2|cert:Tipo A;score:61
359_sf2|cert:Tipo C;score:24
360_sf2|cert:Tipo B;score:49
361_sf2|cert:Tipo B;score:33
362_sf2|cert:Tipo C;score:24
363_sf2|cert:Tipo C;score:4
364_sf2|cert:Tipo B;score:27
365_sf2|cert:Não Certificado;score:1
366_sf2|cert:Tipo B;score:89
367_sf2|cert:Tipo B;score:21
368_sf2|cert:Tipo B;score:27
369_sf2|cert:Tipo B;score:22
370_sf2|cert:Tipo B;score:45
371_sf2|cert:Tipo B;score:16
372_sf2|cert:Tipo C;score:57
373_sf2|cert:Não Certificado;score:99
374_sf2|cert:Tipo A;score:64
375_sf2|cert:Tipo C;score:97
376_sf2|cert:Tipo B;score:61
377_sf2|cert:Tipo B;score:1
378_sf2|cert:Tipo A;score:36
379_sf2|cert:Tipo A;score:21
380_sf2|cert:Não Certificado;score:2
381_sf2|cert:Tipo B;score:32
382_sf2|cert:Tipo B;score:20
383_sf2|cert:Tipo B;score:28
384_sf2|cert:Tipo B;score:59
385_sf2|cert:Tipo A;score:15
386_sf2|cert:Tipo C;score:29
387_sf2|cert:Não Certificado;score:0
388_sf2|cert:Tipo C;score:66
389_sf2|cert:Tipo C;score:24
390_sf2|cert:Não Certificado;score:13
391_sf2|cert:Tipo C;score:73
392_sf2|cert:Tipo B;score:22
393_sf2|cert:Tipo C;score:97
394_sf2|cert:Tipo C;score:36
395_sf2|cert:Tipo B;score:33
396_sf2|cert:Tipo B;score:28
397_sf2|cert:Não Certificado;score:2
398_sf2|cert:Tipo B;score:29
399_sf2|cert:Tipo C;score:43
400_sf2|cert:Tipo B;score:20
401_sf2|cert:Tipo B;score:67
402_sf2|cert:Tipo C;score:92
403_sf2|cert:Não Certificado;score:50
404_sf2|cert:Não Certificado;score:95
405_sf2|cert:Tipo C;score:29
406_sf2|cert:Tipo C;score:18
407_sf2|cert:Tipo B;score:75
408_sf2|cert:Tipo B;score:32
409_sf2|cert:Tipo B;score:49
410_sf2|cert:Tipo C;score:23
411_sf2|cert:Não Certificado;score:53
412_sf2|cert:Tipo B;score:49
413_sf2|cert:Tipo A;score:83
414_sf2|cert:Tipo A;score:21
415_sf2|cert:Não Certificado;score:98
416_sf2|cert:Tipo B;score:22
417_sf2|cert:Tipo B;score:62
418_sf2|cert:Tipo B;score:78
419_sf2|cert:Tipo C;score:39
420_sf2|cert:Tipo C;score:89
421_sf2|cert:Tipo B;score:99
422_sf2|cert:Tipo A;score:96
423_sf2|cert:Tipo A;score:59
424_sf2|cert:Tipo B;score:4
425_sf2|cert:Tipo C;score:22
426_sf2|cert:Tipo C;score:34
427_sf2|cert:Tipo B;score:34
428_sf2|cert:Tipo A;score:13
429_sf2|cert:Não Certificado;score:74
430_sf2|cert:Não Certificado;score:24
431_sf2|cert:Não Certificado;score:42
432_sf2|cert:Tipo B;score:41
433_sf2|cert:Tipo B;score:29
434_sf2|cert:Tipo B;score:92
435_sf2|cert:Tipo C;score:80
436_sf2|cert:Tipo A;score:48
437_sf2|cert:Não Certificado;score:97
438_sf2|cert:Tipo B;score:10
439_sf2|cert:Tipo C;score:55
440_sf2|cert:Tipo B;score:75
441_sf2|cert:Tipo A;score:67
442_sf2|cert:Tipo C;score:9
443_sf2|cert:Tipo B;score:74
444_sf2|cert:Não Certificado;score:94
445_sf2|cert:Não Certificado;score:99
446_sf2|cert:Tipo A;score:92
447_sf2|cert:Tipo A;score:53
448_sf2|cert:Tipo B;score:75
449_sf2|cert:Tipo C;score:48
450_sf2|cert:Tipo A;score:82
451_sf2|cert:Tipo B;score:17
452_sf2|cert:Tipo C;score:90
453_sf2|cert:Tipo C;score:6
454_sf2|cert:Não Certificado;score:88
455_sf2|cert:Tipo B;score:10
456_sf2|cert:Tipo B;score:13
457_sf2|cert:Não Certificado;score:29
458_sf2|cert:Não Certificado;score:80
459_sf2|cert:Tipo B;score:9
460_sf2|cert:Não Certificado;score:83
461_sf2|cert:Tipo A;score:64
462_sf2|cert:Tipo B;score:44
463_sf2|cert:Tipo B;score:9
464_sf2|cert:Tipo B;score:57
465_sf2|cert:Tipo B;score:78
466_sf2|cert:Tipo C;score:90
467_sf2|cert:Tipo B;score:95
468_sf2|cert:Tipo B;score:73
469_sf2|cert:Tipo A;score:75
470_sf2|cert:Não Certificado;score:62
471_sf2|cert:Tipo B;score:40
472_sf2|cert:Tipo B;score:27
473_sf2|cert:Tipo C;score:91
474_sf2|cert:Tipo B;score:87
475_sf2|cert:Tipo A;score:50
476_sf2|cert:Não Certificado;score:18
477_sf2|cert:Tipo C;score:59
478_sf2|cert:Tipo A;score:19
479_sf2|cert:Tipo B;score:83
480_sf2|cert:Tipo B;score:69
481_sf2|cert:Não Certificado;score:75
482_sf2|cert:Não Certificado;score:64
483_sf2|cert:Tipo A;score:10
484_sf2|cert:Tipo A;score:25
485_sf2|cert:Tipo A;score:72
486_sf2|cert:Tipo A;score:92
487_sf2|cert:Tipo A;score:88
488_sf2|cert:Tipo B;score:17
489_sf2|cert:Tipo B;score:54
490_sf2|cert:Tipo B;score:15
491_sf2|cert:Tipo B;score:29
492_sf2|cert:Não Certificado;score:58
493_sf2|cert:Tipo A;score:51
494_sf2|cert:Tipo A;score:80
495_sf2|cert:Tipo A;score:83
496_sf2|cert:Tipo B;score:46
497_sf2|cert:Não Certificado;score:84
498_sf2|cert:Tipo B;score:74
499_sf2|cert:Tipo A;score:1
500_sf2|cert:Tipo C;score:22
501_sf2|cert:Tipo B;score:80
502_sf2|cert:Não Certificado;score:46
503_sf2|cert:Não Certificado;score:32
504_sf2|cert:Tipo B;score:55
505_sf2|cert:Tipo B;score:74
506_sf2|cert:Tipo C;score:88
507_sf2|cert:Tipo B;score:60
508_sf2|cert:Tipo B;score:68
509_sf2|cert:Tipo B;score:31
510_sf2|cert:Tipo B;score:49
511_sf2|cert:Tipo B;score:56
512_sf2|cert:Tipo B;score:72
513_sf2|cert:Tipo A;score:54
514_sf2|cert:Tipo A;score:43
515_sf2|cert:Tipo B;score:12
516_sf2|cert:Tipo C;score:71
517_sf2|cert:Tipo A;score:58
518_sf2|cert:Tipo B;score:24
519_sf2|cert:Tipo A;score:44
520_sf2|cert:Tipo B;score:40
521_sf2|cert:Tipo B;score:43
522_sf2|cert:Tipo A;score:87
523_sf2|cert:Tipo A;score:6
524_sf2|cert:Tipo B;score:1
525_sf2|cert:Tipo B;score:63
526_sf2|cert:Não Certificado;score:34
527_sf2|cert:Tipo B;score:56
528_sf2|cert:Tipo B;score:49
529_sf2|cert:Tipo C;score:53
530_sf2|cert:Não Certificado;score:9
531_sf2|cert:Não Certificado;score:42
532_sf2|cert:Tipo C;score:44
533_sf2|cert:Tipo C;score:60
534_sf2|cert:Não Certificado;score:48
535_sf2|cert:Tipo A;score:37
536_sf2|cert:Tipo B;score:3
537_sf2|cert:Tipo B;score:96
538_sf2|cert:Tipo B;score:26
539_sf2|cert:Não Certificado;score:40
540_sf2|cert:Tipo C;score:4
541_sf2|cert:Tipo A;score:8
542_sf2|cert:Tipo B;score:26
543_sf2|cert:Não Certificado;score:54
544_sf2|cert:Tipo B;score:64
545_sf2|cert:Tipo A;score:93
546_sf2|cert:Tipo B;score:23
547_sf2|cert:Tipo B;score:36
548_sf2|cert:Tipo B;score:92
549_sf2|cert:Tipo B;score:62
550_sf2|cert:Tipo C;score:24
551_sf2|cert:Tipo C;score:82
552_sf2|cert:Tipo B;score:72
553_sf2|cert:Não Certificado;score:50
554_sf2|cert:Tipo B;score:32
555_sf2|cert:Tipo C;score:80
556_sf2|cert:Tipo B;score:99
557_sf2|cert:Tipo A;score:50
558_sf2|cert:Tipo B;score:96
559_sf2|cert:Não Certificado;score:30
560_sf2|cert:Tipo B;score:55
561_sf2|cert:Tipo B;score:72
562_sf2|cert:Tipo A;score:22
563_sf2|cert:Tipo C;score:42
564_sf2|cert:Tipo B;score:39
565_sf2|cert:Não Certificado;score:87
566_sf2|cert:Tipo C;score:99
567_sf2|cert:Não Certificado;score:50
568_sf2|cert:Tipo B;score:39
569_sf2|cert:Tipo B;score:72
570_sf2|cert:Tipo B;score:12
571_sf2|cert:Não Certificado;score:16
572_sf2|cert:Tipo C;score:41
573_sf2|cert:Tipo C;score:45
574_sf2|cert:Tipo A;score:12
575_sf2|cert:Tipo A;score:81
576_sf2|cert:Tipo B;score:73
577_sf2|cert:Tipo C;score:80
578_sf2|cert:Não Certificado;score:34
579_sf2|cert:Não Certificado;score:16
580_sf2|cert:Tipo A;score:3
581_sf2|cert:Tipo B;score:81
582_sf2|cert:Tipo B;score:9
583_sf2|cert:Tipo B;score:45
584_sf2|cert:Tipo B;score:42
585_sf2|cert:Não Certificado;score:61
586_sf2|cert:Tipo C;score:4
587_sf2|cert:Tipo A;score:97
588_sf2|cert:Tipo C;score:32
589_sf2|cert:Tipo A;score:30
590_sf2|cert:Não Certificado;score:20
591_sf2|cert:Tipo C;score:21
592_sf2|cert:Tipo B;score:10
593_sf2|cert:Não Certificado;score:4
594_sf2|cert:Tipo B;score:27
595_sf2|cert:Não Certificado;score:88
596_sf2|cert:Tipo A;score:75
597_sf2|cert:Tipo B;score:53
598_sf2|cert:Tipo C;score:63
599_sf2|cert:Não Certificado;score:80
600_sf2|cert:Tipo B;score:45
601_sf2|cert:Tipo B;score:66
602_sf2|cert:Tipo B;score:17
603_sf2|cert:Não Certificado;score:67
604_sf2|cert:Tipo C;score:93
605_sf2|cert:Tipo A;score:81
606_sf2|cert:Tipo B;score:6
607_sf2|cert:Tipo C;score:64
608_sf2|cert:Tipo B;score:62
609_sf2|cert:Tipo B;score:83
610_sf2|cert:Tipo A;score:36
611_sf2|cert:Tipo B;score:81
612_sf2|cert:Não Certificado;score:68
613_sf2|cert:Não Certificado;score:51
614_sf2|cert:Tipo C;score:69
615_sf2|cert:Tipo A;score:73
616_sf2|cert:Tipo B;score:80
617_sf2|cert:Tipo B;score:98
618_sf2|cert:Tipo C;score:5
619_sf2|cert:Tipo A;score:59
620_sf2|cert:Tipo B;score:54
621_sf2|cert:Não Certificado;score:56
622_sf2|cert:Tipo A;score:9
623_sf2|cert:Tipo A;score:1
624_sf2|cert:Tipo B;score:61
625_sf2|cert:Tipo C;score:27
626_sf2|cert:Não Certificado;score:52
627_sf2|cert:Tipo C;score:63
628_sf2|cert:Tipo A;score:61
629_sf2|cert:Tipo B;score:83
630_sf2|cert:Tipo A;score:0
631_sf2|cert:Tipo B;score:90
632_sf2|cert:Tipo B;score:14
633_sf2|cert:Tipo C;score:2
634_sf2|cert:Tipo C;score:32
635_sf2|cert:Tipo B;score:95
636_sf2|cert:Tipo C;score:59
637_sf2|cert:Tipo A;score:8
638_sf2|cert:Tipo B;score:41
639_sf2|cert:Tipo B;score:53
640_sf2|cert:Tipo B;score:23
641_sf2|cert:Não Certificado;score:50
642_sf2|cert:Tipo B;score:95
643_sf2|cert:Tipo A;score:46
644_sf2|cert:Tipo B;score:4
645_sf2|cert:Tipo A;score:93
646_sf2|cert:Não Certificado;score:14
647_sf2|cert:Tipo A;score:19
648_sf2|cert:Tipo B;score:49
649_sf2|cert:Não Certificado;score:50
650_sf2|cert:Tipo A;score:43
651_sf2|cert:Não Certificado;score:44
652_sf2|cert:Tipo A;score:28
653_sf2|cert:Tipo A;score:38
654_sf2|cert:Tipo B;score:50
655_sf2|cert:Tipo B;score:9
656_sf2|cert:Tipo B;score:97
657_sf2|cert:Tipo B;score:94
658_sf2|cert:Tipo A;score:24
659_sf2|cert:Tipo C;score:92
660_sf2|cert:Tipo B;score:15
661_sf2|cert:Tipo A;score:0
662_sf2|cert:Tipo B;score:98
663_sf2|cert:Tipo B;score:7
664_sf2|cert:Tipo B;score:70
665_sf2|cert:Tipo C;score:95
666_sf2|cert:Tipo B;score:3
667_sf2|cert:Tipo C;score:66
668_sf2|cert:Tipo C;score:26
669_sf2|cert:Tipo A;score:47
670_sf2|cert:Não Certificado;score:38
671_sf2|cert:Tipo B;score:91
672_sf2|cert:Tipo B;score:48
673_sf2|cert:Não Certificado;score:39
674_sf2|cert:Tipo A;score:40
675_sf2|cert:Não Certificado;score:20
676_sf2|cert:Não Certificado;score:32
677_sf2|cert:Tipo C;score:33
678_sf2|cert:Não Certificado;score:89
679_sf2|cert:Não Certificado;score:79
680_sf2|cert:Tipo B;score:48
681_sf2|cert:Não Certificado;score:76
682_sf2|cert:Não Certificado;score:15
683_sf2|cert:Tipo B;score:25
684_sf2|cert:Tipo A;score:19
685_sf2|cert:Tipo A;score:85
686_sf2|cert:Tipo A;score:10
687_sf2|cert:Tipo C;score:22
688_sf2|cert:Tipo B;score:26
689_sf2|cert:Tipo B;score:81
690_sf2|cert:Tipo A;score:52
691_sf2|cert:Tipo B;score:5
692_sf2|cert:Tipo A;score:70
693_sf2|cert:Tipo C;score:73
694_sf2|cert:Tipo A;score:71
695_sf2|cert:Tipo C;score:19
696_sf2|cert:Tipo B;score:64
697_sf2|cert:Tipo C;score:10
698_sf2|cert:Não Certificado;score:87
699_sf2|cert:Tipo A;score:44
700_sf2|cert:Tipo C;score:4
701_sf2|cert:Tipo A;score:7
702_sf2|cert:Tipo C;score:35
703_sf2|cert:Tipo B;score:24
704_sf2|cert:Tipo B;score:44
705_sf2|cert:Não Certificado;score:54
706_sf2|cert:Tipo C;score:11
707_sf2|cert:Tipo C;score:8
708_sf2|cert:Tipo C;score:94
709_sf2|cert:Tipo B;score:73
710_sf2|cert:Tipo B;score:24
711_sf2|cert:Tipo C;score:57
712_sf2|cert:Tipo B;score:28
713_sf2|cert:Tipo C;score:2
714_sf2|cert:Tipo A;score:2
715_sf2|cert:Não Certificado;score:10
716_sf2|cert:Tipo B;score:32
717_sf2|cert:Tipo B;score:69
718_sf2|cert:Tipo A;score:74
719_sf2|cert:Tipo A;score:54
720_sf2|cert:Tipo B;score:6
721_sf2|cert:Tipo B;score:80
722_sf2|cert:Tipo C;score:10
723_sf2|cert:Tipo B;score:90
724_sf2|cert:Tipo C;score:60
725_sf2|cert:Não Certificado;score:14
726_sf2|cert:Tipo A;score:14
727_sf2|cert:Tipo B;score:10
728_sf2|cert:Tipo B;score:4
729_sf2|cert:Tipo B;score:86
730_sf2|cert:Tipo C;score:49
731_sf2|cert:Tipo B;score:19
732_sf2|cert:Tipo B;score:2
733_sf2|cert:Tipo A;score:34
734_sf2|cert:Tipo A;score:95
735_sf2|cert:Não Certificado;score:71
736_sf2|cert:Tipo B;score:31
737_sf2|cert:Tipo A;score:24
738_sf2|cert:Tipo B;score:54
739_sf2|cert:Tipo A;score:96
740_sf2|cert:Tipo A;score:74
741_sf2|cert:Tipo C;score:86
742_sf2|cert:Tipo B;score:46
743_sf2|cert:Tipo B;score:28
744_sf2|cert:Tipo B;score:9
745_sf2|cert:Tipo A;score:76
746_sf2|cert:Tipo B;score:85
747_sf2|cert:Tipo B;score:67
748_sf2|cert:Tipo A;score:46
749_sf2|cert:Tipo A;score:59
750_sf2|cert:Tipo C;score:10
751_sf2|cert:Tipo C;score:67
752_sf2|cert:Tipo B;score:53
753_sf2|cert:Tipo C;score:33
754_sf2|cert:Tipo B;score:76
755_sf2|cert:Tipo C;score:30
756_sf2|cert:Tipo A;score:89
757_sf2|cert:Tipo B;score:30
758_sf2|cert:Não Certificado;score:20
759_sf2|cert:Tipo C;score:1
760_sf2|cert:Tipo B;score:1
761_sf2|cert:Tipo C;score:66
762_sf2|cert:Tipo A;score:67
763_sf2|cert:Tipo A;score:97
764_sf2|cert:Tipo B;score:54
765_sf2|cert:Tipo B;score:90
766_sf2|cert:Tipo B;score:49
767_sf2|cert:Tipo C;score:4
768_sf2|cert:Tipo B;score:29
769_sf2|cert:Não Certificado;score:88
770_sf2|cert:Tipo A;score:38
771_sf2|cert:Tipo C;score:94
772_sf2|cert:Tipo B;score:45
773_sf2|cert:Tipo A;score:8
774_sf2|cert:Não Certificado;score:20
775_sf2|cert:Tipo C;score:80
776_sf2|cert:Tipo B;score:8
777_sf2|cert:Tipo A;score:18
778_sf2|cert:Tipo B;score:71
779_sf2|cert:Tipo B;score:2
780_sf2|cert:Tipo B;score:90
781_sf2|cert:Tipo A;score:6
782_sf2|cert:Tipo B;score:40
783_sf2|cert:Não Certificado;score:23
784_sf2|cert:Tipo B;score:30
785_sf2|cert:Tipo A;score:11
786_sf2|cert:Não Certificado;score:30
787_sf2|cert:Não Certificado;score:31
788_sf2|cert:Tipo C;score:66
789_sf2|cert:Não Certificado;score:66
790_sf2|cert:Tipo A;score:31
791_sf2|cert:Tipo A;score:14
792_sf2|cert:Tipo B;score:63
793_sf2|cert:Não Certificado;score:1
794_sf2|cert:Tipo B;score:50
795_sf2|cert:Tipo A;score:64
796_sf2|cert:Tipo A;score:24
797_sf2|cert:Tipo C;score:96
798_sf2|cert:Não Certificado;score:93
799_sf2|cert:Não Certificado;score:67
800_sf2|cert:Tipo B;score:12
801_sf2|cert:Tipo A;score:7
802_sf2|cert:Não Certificado;score:66
803_sf2|cert:Tipo B;score:92
804_sf2|cert:Não Certificado;score:25
805_sf2|cert:Tipo B;score:89
806_sf2|cert:Tipo A;score:46
807_sf2|cert:Tipo C;score:67
808_sf2|cert:Tipo B;score:5
809_sf2|cert:Tipo B;score:48
810_sf2|cert:Tipo C;score:41
811_sf2|cert:Não Certificado;score:93
812_sf2|cert:Tipo C;score:38
813_sf2|cert:Não Certificado;score:55
814_sf2|cert:Tipo A;score:80
815_sf2|cert:Não Certificado;score:25
816_sf2|cert:Tipo B;score:42
817_sf2|cert:Tipo C;score:44
818_sf2|cert:Tipo A;score:69
819_sf2|cert:Tipo C;score:59
820_sf2|cert:Tipo B;score:41
821_sf2|cert:Tipo A;score:38
822_sf2|cert:Não Certificado;score:37
823_sf2|cert:Não Certificado;score:12
824_sf2|cert:Tipo B;score:53
825_sf2|cert:Tipo B;score:2
826_sf2|cert:Tipo B;score:16
827_sf2|cert:Não Certificado;score:2
828_sf2|cert:Tipo B;score:44
829_sf2|cert:Tipo C;score:5
830_sf2|cert:Tipo A;score:45
831_sf2|cert:Tipo C;score:72
832_sf2|cert:Tipo B;score:45
833_sf2|cert:Tipo B;score:86
834_sf2|cert:Tipo B;score:2
835_sf2|cert:Tipo B;score:40
836_sf2|cert:Não Certificado;score:61
837_sf2|cert:Tipo C;score:3
838_sf2|cert:Não Certificado;score:39
839_sf2|cert:Tipo A;score:60
840_sf2|cert:Tipo B;score:90
841_sf2|cert:Não Certificado;score:85
842_sf2|cert:Não Certificado;score:15
843_sf2|cert:Tipo A;score:87
844_sf2|cert:Não Certificado;score:59
845_sf2|cert:Tipo A;score:2
846_sf2|cert:Tipo A;score:0
847_sf2|cert:Tipo A;score:43
848_sf2|cert:Tipo B;score:80
849_sf2|cert:Tipo B;score:47
850_sf2|cert:Não Certificado;score:49
851_sf2|cert:Tipo C;score:51
852_sf2|cert:Tipo B;score:41
853_sf2|cert:Tipo A;score:76
854_sf2|cert:Tipo A;score:35
855_sf2|cert:Tipo C;score:60
856_sf2|cert:Tipo B;score:16
857_sf2|cert:Não Certificado;score:63
858_sf2|cert:Tipo A;score:3
859_sf2|cert:Não Certificado;score:31
860_sf2|cert:Não Certificado;score:44
861_sf2|cert:Tipo B;score:23
862_sf2|cert:Tipo A;score:83
863_sf2|cert:Tipo C;score:52
864_sf2|cert:Tipo B;score:43
865_sf2|cert:Tipo A;score:91
866_sf2|cert:Tipo B;score:96
867_sf2|cert:Tipo B;score:95
868_sf2|cert:Não Certificado;score:63
869_sf2|cert:Tipo A;score:95
870_sf2|cert:Não Certificado;score:33
871_sf2|cert:Tipo A;score:52
872_sf2|cert:Tipo B;score:56
873_sf2|cert:Tipo A;score:11
874_sf2|cert:Tipo B;score:55
875_sf2|cert:Não Certificado;score:11
876_sf2|cert:Não Certificado;score:51
877_sf2|cert:Tipo C;score:89
878_sf2|cert:Tipo B;score:0
879_sf2|cert:Não Certificado;score:91
880_sf2|cert:Tipo B;score:36
881_sf2|cert:Não Certificado;score:58
882_sf2|cert:Tipo B;score:19
883_sf2|cert:Tipo C;score:34
884_sf2|cert:Tipo A;score:19
885_sf2|cert:Tipo A;score:94
886_sf2|cert:Tipo C;score:65
887_sf2|cert:Tipo C;score:23
888_sf2|cert:Tipo B;score:67
889_sf2|cert:Tipo A;score:84
890_sf2|cert:Tipo A;score:48
891_sf2|cert:Tipo A;score:90
892_sf2|cert:Tipo C;score:73
893_sf2|cert:Não Certificado;score:2
894_sf2|cert:Tipo B;score:8
895_sf2|cert:Tipo A;score:5
896_sf2|cert:Tipo B;score:57
897_sf2|cert:Não Certificado;score:22
898_sf2|cert:Tipo B;score:18
899_sf2|cert:Tipo A;score:19
900_sf2|cert:Tipo A;score:80
901_sf2|cert:Tipo C;score:38
902_sf2|cert:Tipo B;score:80
903_sf2|cert:Tipo B;score:53
904_sf2|cert:Tipo B;score:21
905_sf2|cert:Tipo C;score:22
906_sf2|cert:Tipo A;score:67
907_sf2|cert:Não Certificado;score:99
908_sf2|cert:Tipo A;score:65
909_sf2|cert:Tipo A;score:2
910_sf2|cert:Tipo C;score:69
911_sf2|cert:Tipo B;score:78
912_sf2|cert:Tipo B;score:81
913_sf2|cert:Tipo A;score:55
914_sf2|cert:Tipo A;score:61
915_sf2|cert:Tipo A;score:12
916_sf2|cert:Não Certificado;score:38
917_sf2|cert:Tipo B;score:43
918_sf2|cert:Tipo B;score:44
919_sf2|cert:Não Certificado;score:4
920_sf2|cert:Tipo B;score:68
921_sf2|cert:Não Certificado;score:6
922_sf2|cert:Tipo A;score:42
923_sf2|cert:Tipo A;score:36
924_sf2|cert:Tipo C;score:80
925_sf2|cert:Tipo B;score:54
926_sf2|cert:Tipo C;score:77
927_sf2|cert:Não Certificado;score:71
928_sf2|cert:Tipo B;score:62
929_sf2|cert:Tipo B;score:58
930_sf2|cert:Não Certificado;score:80
931_sf2|cert:Tipo A;score:73
932_sf2|cert:Tipo C;score:72
933_sf2|cert:Tipo C;score:3
934_sf2|cert:Não Certificado;score:26
935_sf2|cert:Tipo A;score:0
936_sf2|cert:Tipo B;score:85
937_sf2|cert:Não Certificado;score:21
938_sf2|cert:Tipo C;score:72
939_sf2|cert:Tipo B;score:0
940_sf2|cert:Tipo B;score:31
941_sf2|cert:Não Certificado;score:70
942_sf2|cert:Não Certificado;score:39
943_sf2|cert:Tipo A;score:43
944_sf2|cert:Tipo B;score:46
945_sf2|cert:Não Certificado;score:53
946_sf2|cert:Tipo B;score:58
947_sf2|cert:Não Certificado;score:1
948_sf2|cert:Não Certificado;score:72
949_sf2|cert:Tipo B;score:30
950_sf2|cert:Não Certificado;score:63
951_sf2|cert:Não Certificado;score:30
952_sf2|cert:Tipo B;score:21
953_sf2|cert:Tipo B;score:50
954_sf2|cert:Tipo C;score:24
955_sf2|cert:Tipo A;score:0
956_sf2|cert:Tipo B;score:27
957_sf2|cert:Tipo C;score:93
958_sf2|cert:Tipo C;score:46
959_sf2|cert:Tipo C;score:90
960_sf2|cert:Tipo B;score:59
961_sf2|cert:Não Certificado;score:48
962_sf2|cert:Não Certificado;score:40
963_sf2|cert:Tipo A;score:82
964_sf2|cert:Não Certificado;score:45
965_sf2|cert:Tipo B;score:20
966_sf2|cert:Tipo C;score:86
967_sf2|cert:Tipo C;score:3
968_sf2|cert:Tipo B;score:67
969_sf2|cert:Tipo C;score:83
970_sf2|cert:Não Certificado;score:89
971_sf2|cert:Tipo A;score:43
972_sf2|cert:Tipo B;score:43
973_sf2|cert:Tipo B;score:19
974_sf2|cert:Tipo B;score:58
975_sf2|cert:Tipo C;score:68
976_sf2|cert:Tipo B;score:68
977_sf2|cert:Tipo B;score:50
978_sf2|cert:Tipo B;score:78
979_sf2|cert:Não Certificado;score:69
980_sf2|cert:Tipo B;score:0
981_sf2|cert:Tipo A;score:0
982_sf2|cert:Tipo C;score:58
983_sf2|cert:Tipo B;score:88
984_sf2|cert:Tipo B;score:84
985_sf2|cert:Tipo B;score:92
986_sf2|cert:Tipo A;score:14
987_sf2|cert:Não Certificado;score:89
988_sf2|cert:Tipo C;score:51
989_sf2|cert:Tipo C;score:35
990_sf2|cert:Tipo A;score:60
991_sf2|cert:Não Certificado;score:81
992_sf2|cert:Tipo B;score:80
993_sf2|cert:Tipo C;score:62
994_sf2|cert:Tipo B;score:72
995_sf2|cert:Tipo C;score:37
996_sf2|cert:Não Certificado;score:42
997_sf2|cert:Tipo B;score:74
998_sf2|cert:Tipo B;score:67
999_sf2|cert:Tipo A;score:57
1000_sf2|cert:Tipo B;score:61
1001_sf2|cert:Tipo A;score:88
1002_sf2|cert:Tipo C;score:35
1003_sf2|cert:Tipo C;score:81
1004_sf2|cert:Tipo B;score:79
1005_sf2|cert:Tipo C;score:75
1006_sf2|cert:Não Certificado;score:57
1007_sf2|cert:Tipo B;score:62
1008_sf2|cert:Tipo B;score:51
1009_sf2|cert:Tipo B;score:12
1010_sf2|cert:Tipo A;score:10
1011_sf2|cert:Tipo A;score:17
1012_sf2|cert:Não Certificado;score:69
1013_sf2|cert:Tipo C;score:24
1014_sf2|cert:Tipo B;score:23
1015_sf2|cert:Não Certificado;score:85
1016_sf2|cert:Tipo B;score:5
1017_sf2|cert:Tipo A;score:5
1018_sf2|cert:Não Certificado;score:8
1019_sf2|cert:Tipo C;score:50
1020_sf2|cert:Tipo C;score:60
1021_sf2|cert:Tipo A;score:54
1022_sf2|cert:Tipo B;score:81
1023_sf2|cert:Não Certificado;score:78
1024_sf2|cert:Tipo B;score:79
1025_sf2|cert:Tipo B;score:29
1026_sf2|cert:Não Certificado;score:72
1027_sf2|cert:Não Certificado;score:1
1028_sf2|cert:Tipo B;score:0
1029_sf2|cert:Não Certificado;score:73
1030_sf2|cert:Não Certificado;score:23
1031_sf2|cert:Não Certificado;score:95
1032_sf2|cert:Tipo B;score:60
1033_sf2|cert:Tipo B;score:55
1034_sf2|cert:Tipo A;score:78
1035_sf2|cert:Não Certificado;score:60
1036_sf2|cert:Tipo C;score:95
1037_sf2|cert:Tipo C;score:19
1038_sf2|cert:Tipo A;score:31
1039_sf2|cert:Tipo A;score:7
1040_sf2|cert:Tipo B;score:71
1041_sf2|cert:Não Certificado;score:42
1042_sf2|cert:Tipo B;score:30
1043_sf2|cert:Tipo B;score:40
1044_sf2|cert:Não Certificado;score:25
1045_sf2|cert:Tipo B;score:17
1046_sf2|cert:Tipo A;score:30
1047_sf2|cert:Tipo C;score:75
1048_sf2|cert:Tipo B;score:33
1049_sf2|cert:Tipo C;score:73
1050_sf2|cert:Tipo B;score:60
1051_sf2|cert:Tipo C;score:68
1052_sf2|cert:Tipo B;score:91
1053_sf2|cert:Não Certificado;score:57
1054_sf2|cert:Tipo C;score:11
1055_sf2|cert:Tipo A;score:85
1056_sf2|cert:Tipo B;score:83
1057_sf2|cert:Não Certificado;score:85
1058_sf2|cert:Tipo C;score:50
1059_sf2|cert:Não Certificado;score:30
1060_sf2|cert:Tipo B;score:48
1061_sf2|cert:Não Certificado;score:44
1062_sf2|cert:Tipo A;score:57
1063_sf2|cert:Tipo B;score:40
1064_sf2|cert:Tipo B;score:29
1065_sf2|cert:Tipo C;score:64
1066_sf2|cert:Tipo C;score:82
1067_sf2|cert:Tipo B;score:21
1068_sf2|cert:Não Certificado;score:90
1069_sf2|cert:Não Certificado;score:35
1070_sf2|cert:Tipo B;score:47
1071_sf2|cert:Tipo C;score:35
1072_sf2|cert:Tipo B;score:14
1073_sf2|cert:Tipo A;score:26
1074_sf2|cert:Tipo B;score:29
1075_sf2|cert:Tipo A;score:80
1076_sf2|cert:Tipo B;score:3
1077_sf2|cert:Tipo B;score:80
1078_sf2|cert:Não Certificado;score:33
1079_sf2|cert:Tipo C;score:91
1080_sf2|cert:Tipo B;score:36
1081_sf2|cert:Não Certificado;score:71
1082_sf2|cert:Tipo C;score:65
1083_sf2|cert:Não Certificado;score:55
1084_sf2|cert:Tipo A;score:81
1085_sf2|cert:Tipo B;score:24
1086_sf2|cert:Tipo A;score:94
1087_sf2|cert:Tipo B;score:55
1088_sf2|cert:Tipo B;score:21
1089_sf2|cert:Tipo A;score:7
1090_sf2|cert:Tipo C;score:3
1091_sf2|cert:Tipo A;score:37
1092_sf2|cert:Tipo C;score:99
1093_sf2|cert:Tipo C;score:55
1094_sf2|cert:Tipo C;score:31
1095_sf2|cert:Não Certificado;score:40
1096_sf2|cert:Tipo B;score:23
1097_sf2|cert:Tipo C;score:42
1098_sf2|cert:Tipo B;score:96
1099_sf2|cert:Tipo B;score:34
1100_sf2|cert:Tipo B;score:56
1101_sf2|cert:Tipo B;score:12
1102_sf2|cert:Tipo B;score:39
1103_sf2|cert:Tipo C;score:4
1104_sf2|cert:Tipo B;score:60
1105_sf2|cert:Tipo C;score:0
1106_sf2|cert:Tipo A;score:89
1107_sf2|cert:Não Certificado;score:28
1108_sf2|cert:Tipo C;score:43
1109_sf2|cert:Tipo B;score:19
1110_sf2|cert:Tipo A;score:46
1111_sf2|cert:Tipo B;score:51
1112_sf2|cert:Tipo B;score:76
1113_sf2|cert:Tipo A;score:58
1114_sf2|cert:Tipo B;score:10
1115_sf2|cert:Tipo B;score:38
1116_sf2|cert:Tipo C;score:89
1117_sf2|cert:Não Certificado;score:49
1118_sf2|cert:Tipo B;score:26
1119_sf2|cert:Tipo A;score:99
1120_sf2|cert:Tipo B;score:86
1121_sf2|cert:Tipo C;score:6
1122_sf2|cert:Não Certificado;score:24
1123_sf2|cert:Não Certificado;score:23
1124_sf2|cert:Tipo A;score:24
1125_sf2|cert:Não Certificado;score:74
1126_sf2|cert:Não Certificado;score:81
1127_sf2|cert:Tipo B;score:38
1128_sf2|cert:Tipo B;score:6
1129_sf2|cert:Tipo C;score:70
1130_sf2|cert:Tipo B;score:84
1131_sf2|cert:Tipo B;score:65
1132_sf2|cert:Tipo A;score:78
1133_sf2|cert:Tipo B;score:51
1134_sf2|cert:Não Certificado;score:30
1135_sf2|cert:Tipo A;score:44
1136_sf2|cert:Tipo B;score:52
1137_sf2|cert:Tipo C;score:1
1138_sf2|cert:Tipo B;score:20
1139_sf2|cert:Não Certificado;score:92
1140_sf2|cert:Tipo A;score:31
1141_sf2|cert:Tipo C;score:34
1142_sf2|cert:Tipo B;score:62
1143_sf2|cert:Tipo B;score:29
1144_sf2|cert:Tipo B;score:93
1145_sf2|cert:Tipo C;score:8
1146_sf2|cert:Não Certificado;score:82
1147_sf2|cert:Tipo B;score:24
1148_sf2|cert:Não Certificado;score:41
1149_sf2|cert:Tipo C;score:70
1150_sf2|cert:Tipo A;score:16
1151_sf2|cert:Tipo B;score:67
1152_sf2|cert:Tipo B;score:69
1153_sf2|cert:Tipo C;score:30
1154_sf2|cert:Tipo A;score:70
1155_sf2|cert:Não Certificado;score:38
1156_sf2|cert:Tipo B;score:85
1157_sf2|cert:Tipo C;score:18
1158_sf2|cert:Tipo B;score:40
1159_sf2|cert:Não Certificado;score:60
1160_sf2|cert:Tipo B;score:95
1161_sf2|cert:Tipo B;score:31
1162_sf2|cert:Tipo A;score:56
1163_sf2|cert:Tipo B;score:91
1164_sf2|cert:Tipo A;score:20
1165_sf2|cert:Tipo C;score:64
1166_sf2|cert:Não Certificado;score:82
1167_sf2|cert:Tipo C;score:56
1168_sf2|cert:Tipo B;score:22
1169_sf2|cert:Não Certificado;score:22
1170_sf2|cert:Não Certificado;score:30
1171_sf2|cert:Tipo A;score:9
1172_sf2|cert:Tipo A;score:81
1173_sf2|cert:Tipo A;score:21
1174_sf2|cert:Não Certificado;score:84
1175_sf2|cert:Tipo A;score:56
1176_sf2|cert:Tipo B;score:53
1177_sf2|cert:Tipo B;score:89
1178_sf2|cert:Tipo B;score:83
1179_sf2|cert:Tipo A;score:3
1180_sf2|cert:Tipo C;score:50
1181_sf2|cert:Tipo C;score:27
1182_sf2|cert:Tipo B;score:74
1183_sf2|cert:Tipo A;score:57
1184_sf2|cert:Tipo B;score:76
1185_sf2|cert:Tipo A;score:59
1186_sf2|cert:Tipo A;score:63
1187_sf2|cert:Tipo A;score:68
1188_sf2|cert:Tipo C;score:1
1189_sf2|cert:Tipo C;score:75
1190_sf2|cert:Não Certificado;score:63
1191_sf2|cert:Tipo C;score:96
1192_sf2|cert:Tipo B;score:27
1193_sf2|cert:Tipo B;score:27
1194_sf2|cert:Tipo A;score:2
1195_sf2|cert:Tipo A;score:39
1196_sf2|cert:Tipo B;score:61
1197_sf2|cert:Tipo C;score:72
1198_sf2|cert:Não Certificado;score:5
1199_sf2|cert:Tipo A;score:5
1200_sf2|cert:Tipo B;score:81
1201_sf2|cert:Tipo C;score:32
1202_sf2|cert:Tipo B;score:70
1203_sf2|cert:Tipo C;score:62
1204_sf2|cert:Tipo A;score:99
1205_sf2|cert:Tipo A;score:16
1206_sf2|cert:Tipo A;score:90
1207_sf2|cert:Tipo A;score:96
1208_sf2|cert:Tipo B;score:77
1209_sf2|cert:Tipo B;score:91
1210_sf2|cert:Tipo B;score:61
1211_sf2|cert:Tipo A;score:37
1212_sf2|cert:Não Certificado;score:45
1213_sf2|cert:Não Certificado;score:85
1214_sf2|cert:Tipo A;score:58
1215_sf2|cert:Tipo A;score:22
1216_sf2|cert:Tipo B;score:3
1217_sf2|cert:Não Certificado;score:53
1218_sf2|cert:Não Certificado;score:89
1219_sf2|cert:Tipo A;score:41
1220_sf2|cert:Não Certificado;score:1
1221_sf2|cert:Tipo B;score:88
1222_sf2|cert:Tipo B;score:36
1223_sf2|cert:Não Certificado;score:65
1224_sf2|cert:Tipo B;score:46
1225_sf2|cert:Tipo A;score:64
1226_sf2|cert:Tipo A;score:16
1227_sf2|cert:Não Certificado;score:63
1228_sf2|cert:Não Certificado;score:34
1229_sf2|cert:Tipo A;score:92
1230_sf2|cert:Não Certificado;score:52
1231_sf2|cert:Tipo C;score:43
1232_sf2|cert:Tipo B;score:59
1233_sf2|cert:Tipo A;score:38
1234_sf2|cert:Tipo C;score:9
1235_sf2|cert:Tipo B;score:3
1236_sf2|cert:Tipo C;score:15
1237_sf2|cert:Tipo C;score:96
1238_sf2|cert:Tipo A;score:18
1239_sf2|cert:Tipo B;score:47
1240_sf2|cert:Tipo B;score:15
1241_sf2|cert:Tipo B;score:39
1242_sf2|cert:Tipo C;score:99
1243_sf2|cert:Tipo A;score:40
1244_sf2|cert:Tipo B;score:43
1245_sf2|cert:Tipo B;score:61
1246_sf2|cert:Tipo A;score:13
1247_sf2|cert:Não Certificado;score:77
1248_sf2|cert:Tipo B;score:24
1249_sf2|cert:Tipo C;score:69
1250_sf2|cert:Tipo B;score:73
1251_sf2|cert:Tipo A;score:66
1252_sf2|cert:Tipo C;score:46
1253_sf2|cert:Não Certificado;score:24
1254_sf2|cert:Não Certificado;score:14
1255_sf2|cert:Tipo A;score:7
1256_sf2|cert:Tipo B;score:88
1257_sf2|cert:Tipo C;score:88
1258_sf2|cert:Não Certificado;score:97
1259_sf2|cert:Não Certificado;score:34
1260_sf2|cert:Tipo C;score:64
1261_sf2|cert:Não Certificado;score:63
1262_sf2|cert:Não Certificado;score:18
1263_sf2|cert:Tipo C;score:71
1264_sf2|cert:Tipo B;score:12
1265_sf2|cert:Tipo A;score:34
1266_sf2|cert:Não Certificado;score:58
1267_sf2|cert:Tipo C;score:65
1268_sf2|cert:Tipo C;score:20
1269_sf2|cert:Tipo C;score:50
1270_sf2|cert:Tipo A;score:81
1271_sf2|cert:Tipo B;score:55
1272_sf2|cert:Tipo B;score:99
1273_sf2|cert:Tipo A;score:32
1274_sf2|cert:Não Certificado;score:92
1275_sf2|cert:Tipo C;score:84
1276_sf2|cert:Não Certificado;score:45
1277_sf2|cert:Tipo A;score:90
1278_sf2|cert:Tipo C;score:89
1279_sf2|cert:Tipo C;score:8
1280_sf2|cert:Tipo B;score:49
1281_sf2|cert:Não Certificado;score:36
1282_sf2|cert:Tipo B;score:29
1283_sf2|cert:Tipo B;score:9
1284_sf2|cert:Tipo B;score:16
1285_sf2|cert:Tipo C;score:30
1286_sf2|cert:Tipo A;score:67
1287_sf2|cert:Tipo C;score:44
1288_sf2|cert:Tipo B;score:6
1289_sf2|cert:Tipo A;score:58
1290_sf2|cert:Tipo A;score:41
1291_sf2|cert:Tipo C;score:33
1292_sf2|cert:Tipo C;score:56
1293_sf2|cert:Tipo A;score:77
1294_sf2|cert:Tipo B;score:6
1295_sf2|cert:Tipo B;score:27
1296_sf2|cert:Tipo B;score:48
1297_sf2|cert:Não Certificado;score:53
1298_sf2|cert:Tipo B;score:92
1299_sf2|cert:Tipo C;score:92
1300_sf2|cert:Não Certificado;score:34
1301_sf2|cert:Não Certificado;score:42
1302_sf2|cert:Não Certificado;score:33
1303_sf2|cert:Tipo B;score:8
1304_sf2|cert:Tipo B;score:57
1305_sf2|cert:Não Certificado;score:19
1306_sf2|cert:Não Certificado;score:33
1307_sf2|cert:Tipo B;score:74
1308_sf2|cert:Tipo B;score:61
1309_sf2|cert:Tipo B;score:29
1310_sf2|cert:Tipo B;score:97
1311_sf2|cert:Tipo B;score:67
1312_sf2|cert:Tipo B;score:19
1313_sf2|cert:Tipo B;score:60
1314_sf2|cert:Não Certificado;score:19
1315_sf2|cert:Tipo C;score:47
1316_sf2|cert:Tipo A;score:90
1317_sf2|cert:Tipo A;score:29
1318_sf2|cert:Tipo C;score:77
1319_sf2|cert:Tipo C;score:1
1320_sf2|cert:Tipo B;score:75
1321_sf2|cert:Tipo A;score:33
1322_sf2|cert:Não Certificado;score:49
1323_sf2|cert:Tipo A;score:63
1324_sf2|cert:Não Certificado;score:97
1325_sf2|cert:Tipo A;score:77
1326_sf2|cert:Tipo A;score:35
1327_sf2|cert:Tipo A;score:65
1328_sf2|cert:Tipo B;score:56
1329_sf2|cert:Não Certificado;score:58
1330_sf2|cert:Tipo C;score:73
1331_sf2|cert:Tipo B;score:17
1332_sf2|cert:Tipo A;score:46
1333_sf2|cert:Tipo B;score:64
1334_sf2|cert:Tipo C;score:66
1335_sf2|cert:Tipo A;score:92
1336_sf2|cert:Tipo B;score:96
1337_sf2|cert:Tipo C;score:42
1338_sf2|cert:Tipo C;score:77
1339_sf2|cert:Tipo B;score:94
1340_sf2|cert:Tipo B;score:16
1341_sf2|cert:Tipo B;score:19
1342_sf2|cert:Tipo B;score:97
1343_sf2|cert:Tipo B;score:46
1344_sf2|cert:Tipo B;score:44
1345_sf2|cert:Tipo B;score:44
1346_sf2|cert:Tipo A;score:43
1347_sf2|cert:Tipo B;score:39
1348_sf2|cert:Não Certificado;score:42
1349_sf2|cert:Tipo A;score:65
1350_sf2|cert:Tipo C;score:87
1351_sf2|cert:Tipo A;score:86
1352_sf2|cert:Tipo B;score:67
1353_sf2|cert:Tipo B;score:0
1354_sf2|cert:Tipo A;score:97
1355_sf2|cert:Não Certificado;score:51
1356_sf2|cert:Tipo A;score:32
1357_sf2|cert:Não Certificado;score:32
1358_sf2|cert:Tipo C;score:74
1359_sf2|cert:Tipo A;score:20
1360_sf2|cert:Tipo B;score:36
1361_sf2|cert:Tipo C;score:66
1362_sf2|cert:Tipo C;score:19
1363_sf2|cert:Não Certificado;score:15
1364_sf2|cert:Tipo C;score:62
1365_sf2|cert:Não Certificado;score:87
1366_sf2|cert:Não Certificado;score:76
1367_sf2|cert:Tipo B;score:37
1368_sf2|cert:Tipo B;score:9
1369_sf2|cert:Não Certificado;score:31
1370_sf2|cert:Tipo B;score:11
1371_sf2|cert:Não Certificado;score:35
1372_sf2|cert:Tipo C;score:84
1373_sf2|cert:Tipo A;score:50
1374_sf2|cert:Tipo B;score:64
1375_sf2|cert:Tipo C;score:66
1376_sf2|cert:Tipo B;score:54
1377_sf2|cert:Tipo A;score:53
1378_sf2|cert:Tipo C;score:19
1379_sf2|cert:Tipo A;score:85
1380_sf2|cert:Tipo A;score:79
1381_sf2|cert:Tipo C;score:58
1382_sf2|cert:Tipo B;score:34
1383_sf2|cert:Não Certificado;score:70
1384_sf2|cert:Tipo B;score:77
1385_sf2|cert:Tipo C;score:61
1386_sf2|cert:Não Certificado;score:62
1387_sf2|cert:Tipo B;score:19
1388_sf2|cert:Não Certificado;score:56
1389_sf2|cert:Tipo C;score:52
1390_sf2|cert:Tipo B;score:95
1391_sf2|cert:Não Certificado;score:43
1392_sf2|cert:Tipo B;score:16
1393_sf2|cert:Não Certificado;score:97
1394_sf2|cert:Tipo A;score:97
1395_sf2|cert:Tipo C;score:46
1396_sf2|cert:Não Certificado;score:49
1397_sf2|cert:Não Certificado;score:5
1398_sf2|cert:Tipo A;score:48
1399_sf2|cert:Tipo C;score:98
1400_sf2|cert:Tipo B;score:39
1401_sf2|cert:Não Certificado;score:13
1402_sf2|cert:Tipo B;score:52
1403_sf2|cert:Tipo A;score:20
1404_sf2|cert:Tipo A;score:58
1405_sf2|cert:Tipo C;score:2
1406_sf2|cert:Tipo C;score:42
1407_sf2|cert:Não Certificado;score:17
1408_sf2|cert:Tipo B;score:12
1409_sf2|cert:Não Certificado;score:95
1410_sf2|cert:Tipo A;score:19
1411_sf2|cert:Tipo B;score:90
1412_sf2|cert:Tipo C;score:72
1413_sf2|cert:Não Certificado;score:43
1414_sf2|cert:Tipo C;score:18
1415_sf2|cert:Tipo A;score:90
1416_sf2|cert:Tipo B;score:13
1417_sf2|cert:Tipo C;score:12
1418_sf2|cert:Não Certificado;score:36
1419_sf2|cert:Tipo B;score:0
1420_sf2|cert:Tipo C;score:82
1421_sf2|cert:Não Certificado;score:44
1422_sf2|cert:Não Certificado;score:30
1423_sf2|cert:Tipo A;score:59
1424_sf2|cert:Tipo B;score:62
1425_sf2|cert:Não Certificado;score:20
1426_sf2|cert:Tipo A;score:32
1427_sf2|cert:Não Certificado;score:2
1428_sf2|cert:Tipo B;score:14
1429_sf2|cert:Tipo B;score:99
1430_sf2|cert:Tipo A;score:21
1431_sf2|cert:Tipo B;score:18
1432_sf2|cert:Tipo B;score:62
1433_sf2|cert:Não Certificado;score:38
1434_sf2|cert:Tipo C;score:95
1435_sf2|cert:Tipo B;score:53
1436_sf2|cert:Tipo A;score:70
1437_sf2|cert:Tipo A;score:46
1438_sf2|cert:Tipo C;score:43
1439_sf2|cert:Tipo B;score:10
1440_sf2|cert:Tipo B;score:46
1441_sf2|cert:Tipo B;score:74
1442_sf2|cert:Tipo C;score:40
1443_sf2|cert:Não Certificado;score:14
1444_sf2|cert:Tipo A;score:63
1445_sf2|cert:Tipo A;score:23
1446_sf2|cert:Tipo B;score:6
1447_sf2|cert:Tipo A;score:21
1448_sf2|cert:Tipo B;score:49
1449_sf2|cert:Tipo B;score:79
1450_sf2|cert:Tipo B;score:85
1451_sf2|cert:Não Certificado;score:75
1452_sf2|cert:Não Certificado;score:28
1453_sf2|cert:Tipo A;score:82
1454_sf2|cert:Não Certificado;score:37
1455_sf2|cert:Tipo C;score:17
1456_sf2|cert:Tipo B;score:81
1457_sf2|cert:Tipo A;score:36
1458_sf2|cert:Tipo A;score:5
1459_sf2|cert:Não Certificado;score:27
1460_sf2|cert:Tipo C;score:47
1461_sf2|cert:Não Certificado;score:59
1462_sf2|cert:Tipo C;score:36
1463_sf2|cert:Tipo B;score:22
1464_sf2|cert:Tipo B;score:57
1465_sf2|cert:Tipo B;score:0
1466_sf2|cert:Tipo A;score:85
1467_sf2|cert:Tipo A;score:75
1468_sf2|cert:Tipo B;score:20
1469_sf2|cert:Tipo A;score:98
1470_sf2|cert:Tipo B;score:27
1471_sf2|cert:Tipo A;score:48
1472_sf2|cert:Tipo B;score:68
1473_sf2|cert:Tipo B;score:98
1474_sf2|cert:Tipo C;score:50
1475_sf2|cert:Tipo B;score:75
1476_sf2|cert:Tipo A;score:1
1477_sf2|cert:Não Certificado;score:96
1478_sf2|cert:Não Certificado;score:84
1479_sf2|cert:Tipo B;score:77
1480_sf2|cert:Tipo B;score:13
1481_sf2|cert:Tipo B;score:11
1482_sf2|cert:Tipo B;score:56
1483_sf2|cert:Tipo B;score:80
1484_sf2|cert:Tipo B;score:10
1485_sf2|cert:Tipo C;score:74
1486_sf2|cert:Não Certificado;score:31
1487_sf2|cert:Não Certificado;score:71
1488_sf2|cert:Tipo B;score:47
1489_sf2|cert:Tipo B;score:92
1490_sf2|cert:Tipo C;score:16
1491_sf2|cert:Tipo C;score:98
1492_sf2|cert:Tipo C;score:48
1493_sf2|cert:Não Certificado;score:6
1494_sf2|cert:Tipo C;score:24
1495_sf2|cert:Tipo C;score:62
1496_sf2|cert:Tipo B;score:80
1497_sf2|cert:Não Certificado;score:25
1498_sf2|cert:Tipo A;score:46
1499_sf2|cert:Tipo B;score:42
1500_sf2|cert:Tipo A;score:47
1501_sf2|cert:Tipo C;score:39
1502_sf2|cert:Tipo A;score:66
1503_sf2|cert:Não Certificado;score:30
1504_sf2|cert:Tipo B;score:22
1505_sf2|cert:Tipo C;score:66
1506_sf2|cert:Tipo A;score:22
1507_sf2|cert:Tipo A;score:87
1508_sf2|cert:Não Certificado;score:66
1509_sf2|cert:Não Certificado;score:21
1510_sf2|cert:Tipo C;score:3
1511_sf2|cert:Tipo B;score:61
1512_sf2|cert:Tipo B;score:14
1513_sf2|cert:Tipo A;score:34
1514_sf2|cert:Tipo B;score:19
1515_sf2|cert:Tipo C;score:54
1516_sf2|cert:Tipo B;score:82
1517_sf2|cert:Tipo C;score:59
1518_sf2|cert:Não Certificado;score:19
1519_sf2|cert:Não Certificado;score:47
1520_sf2|cert:Tipo B;score:47
1521_sf2|cert:Não Certificado;score:64
1522_sf2|cert:Tipo B;score:47
1523_sf2|cert:Não Certificado;score:95
1524_sf2|cert:Tipo C;score:11
1525_sf2|cert:Tipo C;score:32
1526_sf2|cert:Tipo B;score:81
1527_sf2|cert:Tipo A;score:52
1528_sf2|cert:Tipo B;score:20
1529_sf2|cert:Tipo B;score:74
1530_sf2|cert:Não Certificado;score:47
1531_sf2|cert:Tipo C;score:49
1532_sf2|cert:Tipo C;score:93
1533_sf2|cert:Tipo B;score:39
1534_sf2|cert:Tipo A;score:88
1535_sf2|cert:Não Certificado;score:64
1536_sf2|cert:Tipo B;score:24
1537_sf2|cert:Tipo B;score:62
1538_sf2|cert:Tipo C;score:21
1539_sf2|cert:Tipo C;score:98
1540_sf2|cert:Tipo A;score:98
1541_sf2|cert:Tipo C;score:43
1542_sf2|cert:Tipo C;score:26
1543_sf2|cert:Não Certificado;score:91
1544_sf2|cert:Tipo B;score:79
1545_sf2|cert:Tipo A;score:64
1546_sf2|cert:Tipo A;score:3
1547_sf2|cert:Tipo C;score:44
1548_sf2|cert:Tipo B;score:77
1549_sf2|cert:Tipo B;score:9
1550_sf2|cert:Tipo A;score:14
1551_sf2|cert:Tipo A;score:62
1552_sf2|cert:Tipo B;score:37
1553_sf2|cert:Tipo C;score:53
1554_sf2|cert:Não Certificado;score:20
1555_sf2|cert:Tipo C;score:38
1556_sf2|cert:Não Certificado;score:83
1557_sf2|cert:Não Certificado;score:31
1558_sf2|cert:Não Certificado;score:87
1559_sf2|cert:Não Certificado;score:57
1560_sf2|cert:Tipo B;score:46
1561_sf2|cert:Tipo A;score:73
1562_sf2|cert:Tipo B;score:48
1563_sf2|cert:Não Certificado;score:89
1564_sf2|cert:Tipo B;score:89
1565_sf2|cert:Não Certificado;score:37
1566_sf2|cert:Não Certificado;score:37
1567_sf2|cert:Tipo A;score:14
1568_sf2|cert:Tipo B;score:1
1569_sf2|cert:Tipo C;score:14
1570_sf2|cert:Não Certificado;score:91
1571_sf2|cert:Tipo C;score:51
1572_sf2|cert:Não Certificado;score:7
1573_sf2|cert:Tipo A;score:39
1574_sf2|cert:Tipo B;score:95
1575_sf2|cert:Não Certificado;score:33
1576_sf2|cert:Tipo B;score:32
1577_sf2|cert:Tipo B;score:13
1578_sf2|cert:Não Certificado;score:19
1579_sf2|cert:Tipo C;score:27
1580_sf2|cert:Tipo C;score:35
1581_sf2|cert:Não Certificado;score:46
1582_sf2|cert:Tipo C;score:39
1583_sf2|cert:Tipo B;score:50
1584_sf2|cert:Tipo B;score:52
1585_sf2|cert:Tipo B;score:32
1586_sf2|cert:Tipo B;score:4
1587_sf2|cert:Tipo C;score:3
1588_sf2|cert:Tipo B;score:33
1589_sf2|cert:Não Certificado;score:48
1590_sf2|cert:Não Certificado;score:44
1591_sf2|cert:Tipo C;score:74
1592_sf2|cert:Tipo B;score:26
1593_sf2|cert:Não Certificado;score:24
1594_sf2|cert:Tipo B;score:2
1595_sf2|cert:Tipo B;score:57
1596_sf2|cert:Não Certificado;score:37
1597_sf2|cert:Tipo C;score:97
1598_sf2|cert:Não Certificado;score:62
1599_sf2|cert:Tipo B;score:26
1600_sf2|cert:Tipo B;score:91
1601_sf2|cert:Não Certificado;score:52
1602_sf2|cert:Tipo B;score:68
1603_sf2|cert:Tipo B;score:60
1604_sf2|cert:Não Certificado;score:97
1605_sf2|cert:Tipo C;score:23
1606_sf2|cert:Tipo A;score:21
1607_sf2|cert:Tipo A;score:76
1608_sf2|cert:Tipo B;score:28
1609_sf2|cert:Não Certificado;score:92
1610_sf2|cert:Não Certificado;score:7
1611_sf2|cert:Tipo A;score:26
1612_sf2|cert:Tipo B;score:87
1613_sf2|cert:Tipo C;score:71
1614_sf2|cert:Tipo B;score:13
1615_sf2|cert:Tipo A;score:55
1616_sf2|cert:Tipo B;score:24
1617_sf2|cert:Não Certificado;score:78
1618_sf2|cert:Tipo A;score:47
1619_sf2|cert:Tipo A;score:60
1620_sf2|cert:Tipo A;score:56
1621_sf2|cert:Não Certificado;score:99
1622_sf2|cert:Tipo A;score:24
1623_sf2|cert:Tipo A;score:94
1624_sf2|cert:Tipo B;score:50
1625_sf2|cert:Tipo A;score:94
1626_sf2|cert:Tipo B;score:93
1627_sf2|cert:Tipo A;score:66
1628_sf2|cert:Tipo A;score:12
1629_sf2|cert:Não Certificado;score:21
1630_sf2|cert:Não Certificado;score:64
1631_sf2|cert:Tipo C;score:76
1632_sf2|cert:Tipo B;score:7
1633_sf2|cert:Tipo C;score:90
1634_sf2|cert:Não Certificado;score:18
1635_sf2|cert:Tipo C;score:44
1636_sf2|cert:Tipo B;score:43
1637_sf2|cert:Tipo C;score:98
1638_sf2|cert:Tipo C;score:67
1639_sf2|cert:Tipo A;score:17
1640_sf2|cert:Tipo B;score:6
1641_sf2|cert:Não Certificado;score:37
1642_sf2|cert:Tipo A;score:2
1643_sf2|cert:Não Certificado;score:60
1644_sf2|cert:Tipo B;score:77
1645_sf2|cert:Tipo A;score:18
1646_sf2|cert:Tipo A;score:71
1647_sf2|cert:Tipo C;score:56
1648_sf2|cert:Tipo B;score:69
1649_sf2|cert:Não Certificado;score:63
1650_sf2|cert:Tipo A;score:13
1651_sf2|cert:Tipo C;score:58
1652_sf2|cert:Não Certificado;score:32
1653_sf2|cert:Tipo A;score:61
1654_sf2|cert:Não Certificado;score:13
1655_sf2|cert:Tipo A;score:81
1656_sf2|cert:Tipo B;score:37
1657_sf2|cert:Tipo C;score:52
1658_sf2|cert:Não Certificado;score:43
1659_sf2|cert:Tipo A;score:50
1660_sf2|cert:Tipo B;score:17
1661_sf2|cert:Tipo A;score:71
1662_sf2|cert:Tipo C;score:14
1663_sf2|cert:Tipo C;score:46
1664_sf2|cert:Tipo B;score:18
1665_sf2|cert:Tipo A;score:49
1666_sf2|cert:Tipo B;score:57
1667_sf2|cert:Tipo B;score:72
1668_sf2|cert:Não Certificado;score:75
1669_sf2|cert:Tipo B;score:14
1670_sf2|cert:Tipo C;score:85
1671_sf2|cert:Tipo B;score:85
1672_sf2|cert:Tipo B;score:64
1673_sf2|cert:Tipo B;score:30
1674_sf2|cert:Tipo C;score:84
1675_sf2|cert:Tipo A;score:53
1676_sf2|cert:Tipo B;score:57
1677_sf2|cert:Não Certificado;score:4
1678_sf2|cert:Tipo C;score:93
1679_sf2|cert:Não Certificado;score:65
1680_sf2|cert:Tipo B;score:8
1681_sf2|cert:Não Certificado;score:85
1682_sf2|cert:Não Certificado;score:19
1683_sf2|cert:Tipo C;score:97
1684_sf2|cert:Não Certificado;score:67
1685_sf2|cert:Tipo C;score:52
1686_sf2|cert:Tipo C;score:23
1687_sf2|cert:Tipo B;score:17
1688_sf2|cert:Tipo B;score:75
1689_sf2|cert:Tipo A;score:56
1690_sf2|cert:Tipo C;score:20
1691_sf2|cert:Não Certificado;score:3
1692_sf2|cert:Não Certificado;score:46
1693_sf2|cert:Tipo C;score:99
1694_sf2|cert:Tipo A;score:54
1695_sf2|cert:Não Certificado;score:22
1696_sf2|cert:Tipo B;score:28
1697_sf2|cert:Tipo B;score:75
1698_sf2|cert:Tipo B;score:87
1699_sf2|cert:Tipo C;score:66
1700_sf2|cert:Tipo B;score:30
1701_sf2|cert:Não Certificado;score:94
1702_sf2|cert:Tipo A;score:18
1703_sf2|cert:Não Certificado;score:63
1704_sf2|cert:Tipo B;score:35
1705_sf2|cert:Tipo A;score:68
1706_sf2|cert:Tipo B;score:78
1707_sf2|cert:Tipo A;score:71
1708_sf2|cert:Tipo C;score:41
1709_sf2|cert:Tipo B;score:69
1710_sf2|cert:Tipo C;score:44
1711_sf2|cert:Tipo B;score:70
1712_sf2|cert:Tipo B;score:48
1713_sf2|cert:Não Certificado;score:71
1714_sf2|cert:Não Certificado;score:13
1715_sf2|cert:Tipo B;score:49
1716_sf2|cert:Tipo B;score:11
1717_sf2|cert:Não Certificado;score:6
1718_sf2|cert:Tipo B;score:49
1719_sf2|cert:Tipo A;score:80
1720_sf2|cert:Tipo B;score:11
1721_sf2|cert:Tipo C;score:69
1722_sf2|cert:Tipo A;score:90
1723_sf2|cert:Tipo A;score:2
1724_sf2|cert:Tipo A;score:3
1725_sf2|cert:Não Certificado;score:69
1726_sf2|cert:Tipo A;score:33
1727_sf2|cert:Tipo A;score:24
1728_sf2|cert:Tipo B;score:39
1729_sf2|cert:Tipo A;score:39
1730_sf2|cert:Não Certificado;score:3
1731_sf2|cert:Tipo B;score:67
1732_sf2|cert:Tipo C;score:26
1733_sf2|cert:Tipo C;score:73
1734_sf2|cert:Tipo C;score:44
1735_sf2|cert:Tipo C;score:65
1736_sf2|cert:Tipo B;score:68
1737_sf2|cert:Tipo B;score:18
1738_sf2|cert:Tipo A;score:73
1739_sf2|cert:Tipo C;score:92
1740_sf2|cert:Tipo C;score:3
1741_sf2|cert:Tipo C;score:85
1742_sf2|cert:Não Certificado;score:39
1743_sf2|cert:Tipo B;score:47
1744_sf2|cert:Tipo B;score:96
1745_sf2|cert:Tipo C;score:87
1746_sf2|cert:Tipo B;score:55
1747_sf2|cert:Não Certificado;score:64
1748_sf2|cert:Tipo A;score:12
1749_sf2|cert:Tipo C;score:99
1750_sf2|cert:Tipo A;score:26
1751_sf2|cert:Não Certificado;score:55
1752_sf2|cert:Tipo B;score:57
1753_sf2|cert:Tipo B;score:76
1754_sf2|cert:Tipo C;score:57
1755_sf2|cert:Não Certificado;score:30
1756_sf2|cert:Tipo C;score:35
1757_sf2|cert:Tipo C;score:15
1758_sf2|cert:Tipo C;score:92
1759_sf2|cert:Tipo A;score:80
1760_sf2|cert:Tipo B;score:44
1761_sf2|cert:Tipo B;score:43
1762_sf2|cert:Não Certificado;score:33
1763_sf2|cert:Não Certificado;score:20
1764_sf2|cert:Tipo A;score:6
1765_sf2|cert:Tipo C;score:91
1766_sf2|cert:Tipo C;score:75
1767_sf2|cert:Tipo B;score:92
1768_sf2|cert:Tipo B;score:40
1769_sf2|cert:Tipo A;score:11
1770_sf2|cert:Tipo A;score:81
1771_sf2|cert:Tipo A;score:81
1772_sf2|cert:Tipo C;score:0
1773_sf2|cert:Tipo A;score:91
1774_sf2|cert:Tipo A;score:81
1775_sf2|cert:Não Certificado;score:16
1776_sf2|cert:Tipo B;score:89
1777_sf2|cert:Tipo B;score:44
1778_sf2|cert:Tipo A;score:53
1779_sf2|cert:Não Certificado;score:50
1780_sf2|cert:Tipo C;score:45
1781_sf2|cert:Tipo B;score:65
1782_sf2|cert:Tipo C;score:10
1783_sf2|cert:Tipo A;score:19
1784_sf2|cert:Tipo B;score:75
1785_sf2|cert:Tipo C;score:4
1786_sf2|cert:Tipo B;score:97
1787_sf2|cert:Tipo C;score:51
1788_sf2|cert:Tipo C;score:93
1789_sf2|cert:Não Certificado;score:29
1790_sf2|cert:Não Certificado;score:19
1791_sf2|cert:Tipo B;score:89
1792_sf2|cert:Tipo B;score:15
1793_sf2|cert:Não Certificado;score:66
1794_sf2|cert:Tipo C;score:96
1795_sf2|cert:Tipo C;score:44
1796_sf2|cert:Tipo B;score:85
1797_sf2|cert:Tipo A;score:31
1798_sf2|cert:Tipo A;score:49
1799_sf2|cert:Tipo B;score:61
1800_sf2|cert:Tipo B;score:56
1801_sf2|cert:Tipo A;score:8
1802_sf2|cert:Não Certificado;score:61
1803_sf2|cert:Não Certificado;score:7
1804_sf2|cert:Tipo B;score:70
1805_sf2|cert:Tipo B;score:69
1806_sf2|cert:Tipo C;score:66
1807_sf2|cert:Tipo A;score:77
1808_sf2|cert:Tipo B;score:99
1809_sf2|cert:Tipo C;score:53
1810_sf2|cert:Tipo B;score:80
1811_sf2|cert:Tipo C;score:75
1812_sf2|cert:Tipo C;score:54
1813_sf2|cert:Tipo C;score:95
1814_sf2|cert:Não Certificado;score:70
1815_sf2|cert:Não Certificado;score:14
1816_sf2|cert:Tipo B;score:14
1817_sf2|cert:Não Certificado;score:14
1818_sf2|cert:Tipo C;score:53
1819_sf2|cert:Tipo B;score:7
1820_sf2|cert:Não Certificado;score:0
1821_sf2|cert:Tipo A;score:26
1822_sf2|cert:Tipo C;score:45
1823_sf2|cert:Não Certificado;score:93
1824_sf2|cert:Tipo B;score:70
1825_sf2|cert:Tipo A;score:41
1826_sf2|cert:Tipo A;score:69
1827_sf2|cert:Tipo B;score:25
1828_sf2|cert:Tipo C;score:59
1829_sf2|cert:Não Certificado;score:26
1830_sf2|cert:Tipo A;score:19
1831_sf2|cert:Tipo B;score:77
1832_sf2|cert:Tipo B;score:35
1833_sf2|cert:Tipo C;score:90
1834_sf2|cert:Tipo A;score:49
1835_sf2|cert:Tipo A;score:21
1836_sf2|cert:Tipo B;score:77
1837_sf2|cert:Tipo B;score:14
1838_sf2|cert:Não Certificado;score:59
1839_sf2|cert:Tipo A;score:6
1840_sf2|cert:Tipo B;score:21
1841_sf2|cert:Tipo C;score:43
1842_sf2|cert:Tipo C;score:29
1843_sf2|cert:Tipo A;score:90
1844_sf2|cert:Tipo B;score:26
1845_sf2|cert:Tipo C;score:54
1846_sf2|cert:Tipo A;score:0
1847_sf2|cert:Tipo B;score:89
1848_sf2|cert:Tipo B;score:69
1849_sf2|cert:Não Certificado;score:68
1850_sf2|cert:Tipo C;score:85
1851_sf2|cert:Tipo A;score:39
1852_sf2|cert:Tipo B;score:49
1853_sf2|cert:Tipo B;score:91
1854_sf2|cert:Tipo A;score:23
1855_sf2|cert:Não Certificado;score:33
1856_sf2|cert:Tipo B;score:41
1857_sf2|cert:Tipo C;score:65
1858_sf2|cert:Não Certificado;score:60
1859_sf2|cert:Tipo B;score:93
1860_sf2|cert:Tipo A;score:52
1861_sf2|cert:Não Certificado;score:79
1862_sf2|cert:Tipo A;score:46
1863_sf2|cert:Não Certificado;score:32
1864_sf2|cert:Tipo B;score:84
1865_sf2|cert:Não Certificado;score:21
1866_sf2|cert:Não Certificado;score:68
1867_sf2|cert:Não Certificado;score:54
1868_sf2|cert:Tipo A;score:50
1869_sf2|cert:Tipo B;score:68
1870_sf2|cert:Não Certificado;score:22
1871_sf2|cert:Não Certificado;score:40
1872_sf2|cert:Tipo B;score:54
1873_sf2|cert:Tipo C;score:19
1874_sf2|cert:Tipo B;score:88
1875_sf2|cert:Tipo C;score:63
1876_sf2|cert:Tipo C;score:7
1877_sf2|cert:Tipo C;score:24
1878_sf2|cert:Tipo B;score:67
1879_sf2|cert:Tipo A;score:73
1880_sf2|cert:Tipo B;score:32
1881_sf2|cert:Não Certificado;score:91
1882_sf2|cert:Não Certificado;score:92
1883_sf2|cert:Tipo A;score:13
1884_sf2|cert:Tipo A;score:55
1885_sf2|cert:Tipo A;score:8
1886_sf2|cert:Tipo A;score:94
1887_sf2|cert:Tipo A;score:86
1888_sf2|cert:Tipo B;score:72
1889_sf2|cert:Tipo C;score:39
1890_sf2|cert:Não Certificado;score:64
1891_sf2|cert:Não Certificado;score:5
1892_sf2|cert:Tipo C;score:66
1893_sf2|cert:Tipo C;score:50
1894_sf2|cert:Tipo B;score:53
1895_sf2|cert:Tipo A;score:23
1896_sf2|cert:Tipo B;score:32
1897_sf2|cert:Não Certificado;score:74
1898_sf2|cert:Não Certificado;score:25
1899_sf2|cert:Tipo C;score:13
1900_sf2|cert:Não Certificado;score:44
1901_sf2|cert:Tipo B;score:22
1902_sf2|cert:Tipo C;score:11
1903_sf2|cert:Tipo B;score:71
1904_sf2|cert:Tipo B;score:55
1905_sf2|cert:Não Certificado;score:5
1906_sf2|cert:Tipo C;score:32
1907_sf2|cert:Não Certificado;score:23
1908_sf2|cert:Tipo A;score:76
1909_sf2|cert:Tipo C;score:95
1910_sf2|cert:Tipo B;score:54
1911_sf2|cert:Tipo B;score:39
1912_sf2|cert:Tipo B;score:20
1913_sf2|cert:Tipo B;score:36
1914_sf2|cert:Tipo B;score:10
1915_sf2|cert:Tipo A;score:74
1916_sf2|cert:Não Certificado;score:85
1917_sf2|cert:Não Certificado;score:71
1918_sf2|cert:Tipo B;score:44
1919_sf2|cert:Não Certificado;score:65
1920_sf2|cert:Tipo B;score:65
1921_sf2|cert:Tipo C;score:3
1922_sf2|cert:Tipo A;score:11
1923_sf2|cert:Tipo A;score:17
1924_sf2|cert:Tipo B;score:98
1925_sf2|cert:Tipo B;score:71
1926_sf2|cert:Não Certificado;score:35
1927_sf2|cert:Tipo C;score:84
1928_sf2|cert:Tipo B;score:69
1929_sf2|cert:Tipo C;score:76
1930_sf2|cert:Não Certificado;score:34
1931_sf2|cert:Tipo A;score:12
1932_sf2|cert:Tipo B;score:38
1933_sf2|cert:Não Certificado;score:10
1934_sf2|cert:Tipo C;score:10
1935_sf2|cert:Tipo A;score:33
1936_sf2|cert:Tipo B;score:4
1937_sf2|cert:Tipo C;score:80
1938_sf2|cert:Tipo C;score:2
1939_sf2|cert:Tipo B;score:92
1940_sf2|cert:Tipo C;score:70
1941_sf2|cert:Tipo C;score:13
1942_sf2|cert:Tipo C;score:88
1943_sf2|cert:Tipo B;score:6
1944_sf2|cert:Tipo B;score:44
1945_sf2|cert:Tipo C;score:71
1946_sf2|cert:Tipo A;score:77
1947_sf2|cert:Tipo B;score:91
1948_sf2|cert:Tipo A;score:99
1949_sf2|cert:Tipo A;score:98
1950_sf2|cert:Tipo C;score:22
1951_sf2|cert:Não Certificado;score:24
1952_sf2|cert:Tipo B;score:45
1953_sf2|cert:Tipo C;score:78
1954_sf2|cert:Tipo B;score:65
1955_sf2|cert:Tipo A;score:74
1956_sf2|cert:Não Certificado;score:98
1957_sf2|cert:Tipo C;score:88
1958_sf2|cert:Tipo C;score:24
1959_sf2|cert:Não Certificado;score:3
1960_sf2|cert:Tipo B;score:38
1961_sf2|cert:Tipo B;score:57
1962_sf2|cert:Tipo C;score:23
1963_sf2|cert:Tipo C;score:67
1964_sf2|cert:Não Certificado;score:27
1965_sf2|cert:Tipo B;score:97
1966_sf2|cert:Tipo B;score:24
1967_sf2|cert:Tipo B;score:8
1968_sf2|cert:Tipo B;score:22
1969_sf2|cert:Tipo B;score:38
1970_sf2|cert:Tipo C;score:0
1971_sf2|cert:Tipo A;score:54
1972_sf2|cert:Tipo C;score:20
1973_sf2|cert:Tipo C;score:91
1974_sf2|cert:Tipo B;score:94
1975_sf2|cert:Tipo A;score:60
1976_sf2|cert:Tipo B;score:77
1977_sf2|cert:Tipo C;score:7
1978_sf2|cert:Não Certificado;score:10
1979_sf2|cert:Tipo A;score:73
1980_sf2|cert:Tipo B;score:50
1981_sf2|cert:Tipo A;score:41
1982_sf2|cert:Tipo A;score:60
1983_sf2|cert:Não Certificado;score:5
1984_sf2|cert:Tipo B;score:15
1985_sf2|cert:Tipo A;score:32
1986_sf2|cert:Não Certificado;score:80
1987_sf2|cert:Tipo B;score:81
1988_sf2|cert:Tipo A;score:43
1989_sf2|cert:Tipo C;score:19
1990_sf2|cert:Tipo B;score:29
1991_sf2|cert:Tipo C;score:39
1992_sf2|cert:Tipo B;score:63
1993_sf2|cert:Tipo A;score:92
1994_sf2|cert:Tipo C;score:54
1995_sf2|cert:Tipo B;score:48
1996_sf2|cert:Tipo A;score:82
1997_sf2|cert:Tipo A;score:99
1998_sf2|cert:Tipo C;score:5
1999_sf2|cert:Tipo A;score:28
0_sf3|cert:Tipo B;score:62
1_sf3|cert:Tipo B;score:90
2_sf3|cert:Tipo C;score:45
3_sf3|cert:Tipo A;score:32
4_sf3|cert:Tipo A;score:80
5_sf3|cert:Não Certificado;score:30
6_sf3|cert:Tipo C;score:68
7_sf3|cert:Tipo B;score:89
8_sf3|cert:Tipo B;score:80
9_sf3|cert:Tipo B;score:60
10_sf3|cert:Tipo A;score:66
11_sf3|cert:Tipo C;score:28
12_sf3|cert:Tipo C;score:88
13_sf3|cert:Não Certificado;score:99
14_sf3|cert:Não Certificado;score:95
15_sf3|cert:Não Certificado;score:39
16_sf3|cert:Tipo B;score:52
17_sf3|cert:Não Certificado;score:53
18_sf3|cert:Tipo A;score:24
19_sf3|cert:Tipo C;score:35
20_sf3|cert:Não Certificado;score:8
21_sf3|cert:Tipo B;score:81
22_sf3|cert:Tipo B;score:76
23_sf3|cert:Tipo B;score:30
24_sf3|cert:Tipo B;score:7
25_sf3|cert:Tipo C;score:28
26_sf3|cert:Tipo B;score:36
27_sf3|cert:Tipo A;score:63
28_sf3|cert:Tipo A;score:49
29_sf3|cert:Tipo A;score:76
30_sf3|cert:Tipo C;score:38
31_sf3|cert:Tipo C;score:78
32_sf3|cert:Tipo B;score:4
33_sf3|cert:Não Certificado;score:17
34_sf3|cert:Tipo A;score:49
35_sf3|cert:Tipo B;score:53
36_sf3|cert:Não Certificado;score:96
37_sf3|cert:Tipo A;score:13
38_sf3|cert:Tipo C;score:93
39_sf3|cert:Tipo C;score:38
40_sf3|cert:Tipo B;score:25
41_sf3|cert:Tipo A;score:23
42_sf3|cert:Tipo B;score:95
43_sf3|cert:Tipo B;score:64
44_sf3|cert:Não Certificado;score:34
45_sf3|cert:Tipo B;score:21
46_sf3|cert:Tipo B;score:80
47_sf3|cert:Tipo A;score:29
48_sf3|cert:Tipo B;score:31
49_sf3|cert:Tipo B;score:21
50_sf3|cert:Não Certificado;score:31
51_sf3|cert:Tipo A;score:78
52_sf3|cert:Tipo C;score:30
53_sf3|cert:Não Certificado;score:50
54_sf3|cert:Tipo C;score:93
55_sf3|cert:Tipo C;score:14
56_sf3|cert:Tipo B;score:48
57_sf3|cert:Não Certificado;score:75
58_sf3|cert:Tipo A;score:66
59_sf3|cert:Tipo B;score:58
60_sf3|cert:Tipo A;score:87
61_sf3|cert:Não Certificado;score:64
62_sf3|cert:Tipo C;score:45
63_sf3|cert:Tipo C;score:90
64_sf3|cert:Tipo B;score:47
65_sf3|cert:Tipo C;score:8
66_sf3|cert:Tipo C;score:8
67_sf3|cert:Não Certificado;score:54
68_sf3|cert:Não Certificado;score:73
69_sf3|cert:Tipo B;score:82
70_sf3|cert:Não Certificado;score:43
71_sf3|cert:Tipo C;score:54
72_sf3|cert:Tipo B;score:93
73_sf3|cert:Tipo C;score:69
74_sf3|cert:Tipo B;score:21
75_sf3|cert:Tipo B;score:60
76_sf3|cert:Tipo A;score:69
77_sf3|cert:Não Certificado;score:69
78_sf3|cert:Não Certificado;score:56
79_sf3|cert:Não Certificado;score:65
80_sf3|cert:Tipo B;score:32
81_sf3|cert:Tipo A;score:13
82_sf3|cert:Tipo C;score:19
83_sf3|cert:Tipo C;score:63
84_sf3|cert:Tipo B;score:3
85_sf3|cert:Tipo C;score:81
86_sf3|cert:Tipo A;score:23
87_sf3|cert:Tipo A;score:12
88_sf3|cert:Tipo B;score:81
89_sf3|cert:Não Certificado;score:86
90_sf3|cert:Tipo A;score:96
91_sf3|cert:Tipo B;score:70
92_sf3|cert:Tipo C;score:64
93_sf3|cert:Tipo A;score:36
94_sf3|cert:Não Certificado;score:42
95_sf3|cert:Tipo A;score:19
96_sf3|cert:Tipo B;score:28
97_sf3|cert:Não Certificado;score:56
98_sf3|cert:Tipo A;score:29
99_sf3|cert:Tipo C;score:85
100_sf3|cert:Tipo B;score:4
101_sf3|cert:Tipo C;score:88
102_sf3|cert:Não Certificado;score:62
103_sf3|cert:Não Certificado;score:15
104_sf3|cert:Tipo B;score:44
105_sf3|cert:Tipo B;score:76
106_sf3|cert:Não Certificado;score:10
107_sf3|cert:Tipo B;score:98
108_sf3|cert:Não Certificado;score:91
109_sf3|cert:Tipo B;score:75
110_sf3|cert:Tipo B;score:20
111_sf3|cert:Tipo C;score:43
112_sf3|cert:Tipo B;score:17
113_sf3|cert:Tipo C;score:53
114_sf3|cert:Tipo A;score:5
115_sf3|cert:Tipo A;score:56
116_sf3|cert:Tipo A;score:38
117_sf3|cert:Tipo B;score:40
118_sf3|cert:Tipo C;score:75
119_sf3|cert:Não Certificado;score:1
120_sf3|cert:Tipo B;score:56
121_sf3|cert:Tipo B;score:50
122_sf3|cert:Tipo B;score:93
123_sf3|cert:Tipo B;score:85
124_sf3|cert:Tipo B;score:6
125_sf3|cert:Tipo A;score:40
126_sf3|cert:Não Certificado;score:65
127_sf3|cert:Não Certificado;score:11
128_sf3|cert:Tipo B;score:26
129_sf3|cert:Não Certificado;score:52
130_sf3|cert:Tipo C;score:59
131_sf3|cert:Tipo A;score:90
132_sf3|cert:Tipo A;score:20
133_sf3|cert:Não Certificado;score:74
134_sf3|cert:Tipo B;score:75
135_sf3|cert:Tipo A;score:99
136_sf3|cert:Tipo B;score:75
137_sf3|cert:Tipo B;score:25
138_sf3|cert:Tipo A;score:23
139_sf3|cert:Tipo A;score:56
140_sf3|cert:Tipo C;score:39
141_sf3|cert:Tipo B;score:0
142_sf3|cert:Tipo A;score:95
143_sf3|cert:Tipo B;score:38
144_sf3|cert:Tipo B;score:41
145_sf3|cert:Tipo A;score:78
146_sf3|cert:Tipo C;score:5
147_sf3|cert:Não Certificado;score:76
148_sf3|cert:Não Certificado;score:43
149_sf3|cert:Tipo A;score:85
150_sf3|cert:Não Certificado;score:4
151_sf3|cert:Não Certificado;score:41
152_sf3|cert:Tipo B;score:6
153_sf3|cert:Tipo A;score:76
154_sf3|cert:Tipo C;score:0
155_sf3|cert:Tipo C;score:22
156_sf3|cert:Tipo A;score:76
157_sf3|cert:Tipo A;score:36
158_sf3|cert:Tipo A;score:32
159_sf3|cert:Não Certificado;score:7
160_sf3|cert:Tipo B;score:72
161_sf3|cert:Não Certificado;score:4
162_sf3|cert:Tipo C;score:50
163_sf3|cert:Tipo A;score:47
164_sf3|cert:Tipo C;score:90
165_sf3|cert:Tipo B;score:96
166_sf3|cert:Tipo A;score:30
167_sf3|cert:Tipo C;score:5
168_sf3|cert:Tipo B;score:84
169_sf3|cert:Não Certificado;score:37
170_sf3|cert:Não Certificado;score:63
171_sf3|cert:Tipo C;score:0
172_sf3|cert:Tipo A;score:8
173_sf3|cert:Tipo A;score:75
174_sf3|cert:Tipo C;score:20
175_sf3|cert:Tipo C;score:67
176_sf3|cert:Tipo B;score:37
177_sf3|cert:Tipo B;score:42
178_sf3|cert:Não Certificado;score:26
179_sf3|cert:Não Certificado;score:82
180_sf3|cert:Não Certificado;score:95
181_sf3|cert:Tipo C;score:38
182_sf3|cert:Não Certificado;score:93
183_sf3|cert:Tipo A;score:83
184_sf3|cert:Tipo B;score:52
185_sf3|cert:Tipo C;score:16
186_sf3|cert:Tipo B;score:4
187_sf3|cert:Tipo A;score:96
188_sf3|cert:Não Certificado;score:53
189_sf3|cert:Tipo A;score:96
190_sf3|cert:Tipo C;score:99
191_sf3|cert:Tipo C;score:95
192_sf3|cert:Tipo B;score:75
193_sf3|cert:Tipo A;score:21
194_sf3|cert:Não Certificado;score:12
195_sf3|cert:Tipo C;score:64
196_sf3|cert:Tipo B;score:28
197_sf3|cert:Tipo A;score:48
198_sf3|cert:Tipo B;score:44
199_sf3|cert:Não Certificado;score:86
200_sf3|cert:Tipo B;score:66
201_sf3|cert:Tipo B;score:50
202_sf3|cert:Tipo B;score:18
203_sf3|cert:Tipo B;score:80
204_sf3|cert:Tipo C;score:95
205_sf3|cert:Tipo A;score:55
206_sf3|cert:Tipo B;score:19
207_sf3|cert:Tipo B;score:48
208_sf3|cert:Tipo B;score:78
209_sf3|cert:Tipo A;score:67
210_sf3|cert:Tipo A;score:94
211_sf3|cert:Não Certificado;score:48
212_sf3|cert:Tipo B;score:56
213_sf3|cert:Tipo B;score:50
214_sf3|cert:Não Certificado;score:96
215_sf3|cert:Tipo C;score:84
216_sf3|cert:Tipo B;score:73
217_sf3|cert:Não Certificado;score:97
218_sf3|cert:Tipo A;score:76
219_sf3|cert:Não Certificado;score:73
220_sf3|cert:Tipo B;score:97
221_sf3|cert:Tipo B;score:60
222_sf3|cert:Tipo A;score:7
223_sf3|cert:Tipo A;score:68
224_sf3|cert:Tipo B;score:50
225_sf3|cert:Tipo B;score:23
226_sf3|cert:Tipo B;score:48
227_sf3|cert:Tipo C;score:43
228_sf3|cert:Tipo B;score:32
229_sf3|cert:Tipo C;score:52
230_sf3|cert:Tipo A;score:28
231_sf3|cert:Tipo B;score:52
232_sf3|cert:Tipo B;score:97
233_sf3|cert:Tipo A;score:75
234_sf3|cert:Tipo C;score:57
235_sf3|cert:Tipo A;score:74
236_sf3|cert:Tipo B;score:86
237_sf3|cert:Tipo A;score:54
238_sf3|cert:Tipo C;score:47
239_sf3|cert:Não Certificado;score:56
240_sf3|cert:Tipo B;score:78
241_sf3|cert:Tipo A;score:78
242_sf3|cert:Tipo B;score:78
243_sf3|cert:Tipo C;score:61
244_sf3|cert:Tipo B;score:78
245_sf3|cert:Tipo A;score:38
246_sf3|cert:Tipo C;score:47
247_sf3|cert:Tipo A;score:89
248_sf3|cert:Tipo B;score:64
249_sf3|cert:Não Certificado;score:13
250_sf3|cert:Tipo A;score:64
251_sf3|cert:Tipo C;score:90
252_sf3|cert:Tipo C;score:5
253_sf3|cert:Não Certificado;score:36
254_sf3|cert:Não Certificado;score:44
255_sf3|cert:Tipo A;score:8
256_sf3|cert:Tipo B;score:51
257_sf3|cert:Tipo A;score:31
258_sf3|cert:Tipo A;score:19
259_sf3|cert:Tipo B;score:8
260_sf3|cert:Tipo A;score:11
261_sf3|cert:Tipo C;score:61
262_sf3|cert:Tipo B;score:44
263_sf3|cert:Tipo B;score:9
264_sf3|cert:Tipo B;score:11
265_sf3|cert:Tipo C;score:62
266_sf3|cert:Tipo B;score:7
267_sf3|cert:Não Certificado;score:26
268_sf3|cert:Não Certificado;score:97
269_sf3|cert:Tipo B;score:52
270_sf3|cert:Tipo B;score:0
271_sf3|cert:Tipo B;score:96
272_sf3|cert:Tipo B;score:48
273_sf3|cert:Tipo B;score:3
274_sf3|cert:Tipo A;score:95
275_sf3|cert:Não Certificado;score:91
276_sf3|cert:Tipo A;score:55
277_sf3|cert:Tipo A;score:28
278_sf3|cert:Tipo B;score:48
279_sf3|cert:Não Certificado;score:7
280_sf3|cert:Tipo B;score:64
281_sf3|cert:Tipo C;score:46
282_sf3|cert:Tipo B;score:12
283_sf3|cert:Tipo C;score:68
284_sf3|cert:Tipo C;score:55
285_sf3|cert:Tipo C;score:0
286_sf3|cert:Não Certificado;score:27
287_sf3|cert:Tipo B;score:66
288_sf3|cert:Tipo B;score:9
289_sf3|cert:Tipo C;score:3
290_sf3|cert:Tipo A;score:43
291_sf3|cert:Tipo B;score:7
292_sf3|cert:Tipo A;score:71
293_sf3|cert:Tipo C;score:77
294_sf3|cert:Tipo A;score:52
295_sf3|cert:Tipo B;score:84
296_sf3|cert:Tipo B;score:25
297_sf3|cert:Tipo B;score:54
298_sf3|cert:Tipo C;score:10
299_sf3|cert:Tipo B;score:45
300_sf3|cert:Tipo A;score:94
301_sf3|cert:Tipo A;score:92
302_sf3|cert:Tipo B;score:80
303_sf3|cert:Tipo C;score:90
304_sf3|cert:Tipo B;score:98
305_sf3|cert:Tipo A;score:9
306_sf3|cert:Tipo C;score:18
307_sf3|cert:Tipo B;score:34
308_sf3|cert:Tipo B;score:43
309_sf3|cert:Tipo B;score:7
310_sf3|cert:Tipo B;score:9
311_sf3|cert:Tipo B;score:62
312_sf3|cert:Tipo B;score:19
313_sf3|cert:Não Certificado;score:16
314_sf3|cert:Não Certificado;score:90
315_sf3|cert:Tipo C;score:34
316_sf3|cert:Tipo C;score:33
317_sf3|cert:Tipo B;score:5
318_sf3|cert:Tipo C;score:33
319_sf3|cert:Tipo A;score:73
320_sf3|cert:Tipo B;score:8
321_sf3|cert:Não Certificado;score:51
322_sf3|cert:Tipo C;score:84
323_sf3|cert:Não Certificado;score:43
324_sf3|cert:Tipo B;score:74
325_sf3|cert:Tipo B;score:2
326_sf3|cert:Tipo A;score:39
327_sf3|cert:Tipo A;score:27
328_sf3|cert:Tipo B;score:73
329_sf3|cert:Tipo B;score:74
330_sf3|cert:Tipo C;score:39
331_sf3|cert:Tipo C;score:6
332_sf3|cert:Tipo C;score:65
333_sf3|cert:Não Certificado;score:48
334_sf3|cert:Tipo B;score:8
335_sf3|cert:Tipo C;score:26
336_sf3|cert:Tipo B;score:31
337_sf3|cert:Não Certificado;score:57
338_sf3|cert:Tipo A;score:86
339_sf3|cert:Tipo B;score:98
340_sf3|cert:Tipo B;score:89
341_sf3|cert:Tipo A;score:47
342_sf3|cert:Tipo C;score:10
343_sf3|cert:Tipo A;score:94
344_sf3|cert:Tipo B;score:83
345_sf3|cert:Tipo B;score:27
346_sf3|cert:Tipo A;score:60
347_sf3|cert:Tipo C;score:9
348_sf3|cert:Tipo A;score:64
349_sf3|cert:Tipo B;score:53
350_sf3|cert:Tipo A;score:91
351_sf3|cert:Não Certificado;score:12
352_sf3|cert:Tipo B;score:97
353_sf3|cert:Tipo C;score:18
354_sf3|cert:Tipo B;score:78
355_sf3|cert:Tipo A;score:72
356_sf3|cert:Tipo C;score:79
357_sf3|cert:Não Certificado;score:8
358_sf3|cert:Tipo A;score:61
359_sf3|cert:Tipo C;score:24
360_sf3|cert:Tipo B;score:49
361_sf3|cert:Tipo B;score:33
362_sf3|cert:Tipo C;score:24
363_sf3|cert:Tipo C;score:4
364_sf3|cert:Tipo B;score:27
365_sf3|cert:Não Certificado;score:1
366_sf3|cert:Tipo B;score:89
367_sf3|cert:Tipo B;score:21
368_sf3|cert:Tipo B;score:27
369_sf3|cert:Tipo B;score:22
370_sf3|cert:Tipo B;score:45
371_sf3|cert:Tipo B;score:16
372_sf3|cert:Tipo C;score:57
373_sf3|cert:Não Certificado;score:99
374_sf3|cert:Tipo A;score:64
375_sf3|cert:Tipo C;score:97
376_sf3|cert:Tipo B;score:61
377_sf3|cert:Tipo B;score:1
378_sf3|cert:Tipo A;score:36
379_sf3|cert:Tipo A;score:21
380_sf3|cert:Não Certificado;score:2
381_sf3|cert:Tipo B;score:32
382_sf3|cert:Tipo B;score:20
383_sf3|cert:Tipo B;score:28
384_sf3|cert:Tipo B;score:59
385_sf3|cert:Tipo A;score:15
386_sf3|cert:Tipo C;score:29
387_sf3|cert:Não Certificado;score:0
388_sf3|cert:Tipo C;score:66
389_sf3|cert:Tipo C;score:24
390_sf3|cert:Não Certificado;score:13
391_sf3|cert:Tipo C;score:73
392_sf3|cert:Tipo B;score:22
393_sf3|cert:Tipo C;score:97
394_sf3|cert:Tipo C;score:36
395_sf3|cert:Tipo B;score:33
396_sf3|cert:Tipo B;score:28
397_sf3|cert:Não Certificado;score:2
398_sf3|cert:Tipo B;score:29
399_sf3|cert:Tipo C;score:43
400_sf3|cert:Tipo B;score:20
401_sf3|cert:Tipo B;score:67
402_sf3|cert:Tipo C;score:92
403_sf3|cert:Não Certificado;score:50
404_sf3|cert:Não Certificado;score:95
405_sf3|cert:Tipo C;score:29
406_sf3|cert:Tipo C;score:18
407_sf3|cert:Tipo B;score:75
408_sf3|cert:Tipo B;score:32
409_sf3|cert:Tipo B;score:49
410_sf3|cert:Tipo C;score:23
411_sf3|cert:Não Certificado;score:53
412_sf3|cert:Tipo B;score:49
413_sf3|cert:Tipo A;score:83
414_sf3|cert:Tipo A;score:21
415_sf3|cert:Não Certificado;score:98
416_sf3|cert:Tipo B;score:22
417_sf3|cert:Tipo B;score:62
418_sf3|cert:Tipo B;score:78
419_sf3|cert:Tipo C;score:39
420_sf3|cert:Tipo C;score:89
421_sf3|cert:Tipo B;score:99
422_sf3|cert:Tipo A;score:96
423_sf3|cert:Tipo A;score:59
424_sf3|cert:Tipo B;score:4
425_sf3|cert:Tipo C;score:22
426_sf3|cert:Tipo C;score:34
427_sf3|cert:Tipo B;score:34
428_sf3|cert:Tipo A;score:13
429_sf3|cert:Não Certificado;score:74
430_sf3|cert:Não Certificado;score:24
431_sf3|cert:Não Certificado;score:42
432_sf3|cert:Tipo B;score:41
433_sf3|cert:Tipo B;score:29
434_sf3|cert:Tipo B;score:92
435_sf3|cert:Tipo C;score:80
436_sf3|cert:Tipo A;score:48
437_sf3|cert:Não Certificado;score:97
438_sf3|cert:Tipo B;score:10
439_sf3|cert:Tipo C;score:55
440_sf3|cert:Tipo B;score:75
441_sf3|cert:Tipo A;score:67
442_sf3|cert:Tipo C;score:9
443_sf3|cert:Tipo B;score:74
444_sf3|cert:Não Certificado;score:94
445_sf3|cert:Não Certificado;score:99
446_sf3|cert:Tipo A;score:92
447_sf3|cert:Tipo A;score:53
448_sf3|cert:Tipo B;score:75
449_sf3|cert:Tipo C;score:48
450_sf3|cert:Tipo A;score:82
451_sf3|cert:Tipo B;score:17
452_sf3|cert:Tipo C;score:90
453_sf3|cert:Tipo C;score:6
454_sf3|cert:Não Certificado;score:88
455_sf3|cert:Tipo B;score:10
456_sf3|cert:Tipo B;score:13
457_sf3|cert:Não Certificado;score:29
458_sf3|cert:Não Certificado;score:80
459_sf3|cert:Tipo B;score:9
460_sf3|cert:Não Certificado;score:83
461_sf3|cert:Tipo A;score:64
462_sf3|cert:Tipo B;score:44
463_sf3|cert:Tipo B;score:9
464_sf3|cert:Tipo B;score:57
465_sf3|cert:Tipo B;score:78
466_sf3|cert:Tipo C;score:90
467_sf3|cert:Tipo B;score:95
468_sf3|cert:Tipo B;score:73
469_sf3|cert:Tipo A;score:75
470_sf3|cert:Não Certificado;score:62
471_sf3|cert:Tipo B;score:40
472_sf3|cert:Tipo B;score:27
473_sf3|cert:Tipo C;score:91
474_sf3|cert:Tipo B;score:87
475_sf3|cert:Tipo A;score:50
476_sf3|cert:Não Certificado;score:18
477_sf3|cert:Tipo C;score:59
478_sf3|cert:Tipo A;score:19
479_sf3|cert:Tipo B;score:83
480_sf3|cert:Tipo B;score:69
481_sf3|cert:Não Certificado;score:75
482_sf3|cert:Não Certificado;score:64
483_sf3|cert:Tipo A;score:10
484_sf3|cert:Tipo A;score:25
485_sf3|cert:Tipo A;score:72
486_sf3|cert:Tipo A;score:92
487_sf3|cert:Tipo A;score:88
488_sf3|cert:Tipo B;score:17
489_sf3|cert:Tipo B;score:54
490_sf3|cert:Tipo B;score:15
491_sf3|cert:Tipo B;score:29
492_sf3|cert:Não Certificado;score:58
493_sf3|cert:Tipo A;score:51
494_sf3|cert:Tipo A;score:80
495_sf3|cert:Tipo A;score:83
496_sf3|cert:Tipo B;score:46
497_sf3|cert:Não Certificado;score:84
498_sf3|cert:Tipo B;score:74
499_sf3|cert:Tipo A;score:1
500_sf3|cert:Tipo C;score:22
501_sf3|cert:Tipo B;score:80
502_sf3|cert:Não Certificado;score:46
503_sf3|cert:Não Certificado;score:32
504_sf3|cert:Tipo B;score:55
505_sf3|cert:Tipo B;score:74
506_sf3|cert:Tipo C;score:88
507_sf3|cert:Tipo B;score:60
508_sf3|cert:Tipo B;score:68
509_sf3|cert:Tipo B;score:31
510_sf3|cert:Tipo B;score:49
511_sf3|cert:Tipo B;score:56
512_sf3|cert:Tipo B;score:72
513_sf3|cert:Tipo A;score:54
514_sf3|cert:Tipo A;score:43
515_sf3|cert:Tipo B;score:12
516_sf3|cert:Tipo C;score:71
517_sf3|cert:Tipo A;score:58
518_sf3|cert:Tipo B;score:24
519_sf3|cert:Tipo A;score:44
520_sf3|cert:Tipo B;score:40
521_sf3|cert:Tipo B;score:43
522_sf3|cert:Tipo A;score:87
523_sf3|cert:Tipo A;score:6
524_sf3|cert:Tipo B;score:1
525_sf3|cert:Tipo B;score:63
526_sf3|cert:Não Certificado;score:34
527_sf3|cert:Tipo B;score:56
528_sf3|cert:Tipo B;score:49
529_sf3|cert:Tipo C;score:53
530_sf3|cert:Não Certificado;score:9
531_sf3|cert:Não Certificado;score:42
532_sf3|cert:Tipo C;score:44
533_sf3|cert:Tipo C;score:60
534_sf3|cert:Não Certificado;score:48
535_sf3|cert:Tipo A;score:37
536_sf3|cert:Tipo B;score:3
537_sf3|cert:Tipo B;score:96
538_sf3|cert:Tipo B;score:26
539_sf3|cert:Não Certificado;score:40
540_sf3|cert:Tipo C;score:4
541_sf3|cert:Tipo A;score:8
542_sf3|cert:Tipo B;score:26
543_sf3|cert:Não Certificado;score:54
544_sf3|cert:Tipo B;score:64
545_sf3|cert:Tipo A;score:93
546_sf3|cert:Tipo B;score:23
547_sf3|cert:Tipo B;score:36
548_sf3|cert:Tipo B;score:92
549_sf3|cert:Tipo B;score:62
550_sf3|cert:Tipo C;score:24
551_sf3|cert:Tipo C;score:82
552_sf3|cert:Tipo B;score:72
553_sf3|cert:Não Certificado;score:50
554_sf3|cert:Tipo B;score:32
555_sf3|cert:Tipo C;score:80
556_sf3|cert:Tipo B;score:99
557_sf3|cert:Tipo A;score:50
558_sf3|cert:Tipo B;score:96
559_sf3|cert:Não Certificado;score:30
560_sf3|cert:Tipo B;score:55
561_sf3|cert:Tipo B;score:72
562_sf3|cert:Tipo A;score:22
563_sf3|cert:Tipo C;score:42
564_sf3|cert:Tipo B;score:39
565_sf3|cert:Não Certificado;score:87
566_sf3|cert:Tipo C;score:99
567_sf3|cert:Não Certificado;score:50
568_sf3|cert:Tipo B;score:39
569_sf3|cert:Tipo B;score:72
570_sf3|cert:Tipo B;score:12
571_sf3|cert:Não Certificado;score:16
572_sf3|cert:Tipo C;score:41
573_sf3|cert:Tipo C;score:45
574_sf3|cert:Tipo A;score:12
575_sf3|cert:Tipo A;score:81
576_sf3|cert:Tipo B;score:73
577_sf3|cert:Tipo C;score:80
578_sf3|cert:Não Certificado;score:34
579_sf3|cert:Não Certificado;score:16
580_sf3|cert:Tipo A;score:3
581_sf3|cert:Tipo B;score:81
582_sf3|cert:Tipo B;score:9
583_sf3|cert:Tipo B;score:45
584_sf3|cert:Tipo B;score:42
585_sf3|cert:Não Certificado;score:61
586_sf3|cert:Tipo C;score:4
587_sf3|cert:Tipo A;score:97
588_sf3|cert:Tipo C;score:32
589_sf3|cert:Tipo A;score:30
590_sf3|cert:Não Certificado;score:20
591_sf3|cert:Tipo C;score:21
592_sf3|cert:Tipo B;score:10
593_sf3|cert:Não Certificado;score:4
594_sf3|cert:Tipo B;score:27
595_sf3|cert:Não Certificado;score:88
596_sf3|cert:Tipo A;score:75
597_sf3|cert:Tipo B;score:53
598_sf3|cert:Tipo C;score:63
599_sf3|cert:Não Certificado;score:80
600_sf3|cert:Tipo B;score:45
601_sf3|cert:Tipo B;score:66
602_sf3|cert:Tipo B;score:17
603_sf3|cert:Não Certificado;score:67
604_sf3|cert:Tipo C;score:93
605_sf3|cert:Tipo A;score:81
606_sf3|cert:Tipo B;score:6
607_sf3|cert:Tipo C;score:64
608_sf3|cert:Tipo B;score:62
609_sf3|cert:Tipo B;score:83
610_sf3|cert:Tipo A;score:36
611_sf3|cert:Tipo B;score:81
612_sf3|cert:Não Certificado;score:68
613_sf3|cert:Não Certificado;score:51
614_sf3|cert:Tipo C;score:69
615_sf3|cert:Tipo A;score:73
616_sf3|cert:Tipo B;score:80
617_sf3|cert:Tipo B;score:98
618_sf3|cert:Tipo C;score:5
619_sf3|cert:Tipo A;score:59
620_sf3|cert:Tipo B;score:54
621_sf3|cert:Não Certificado;score:56
622_sf3|cert:Tipo A;score:9
623_sf3|cert:Tipo A;score:1
624_sf3|cert:Tipo B;score:61
625_sf3|cert:Tipo C;score:27
626_sf3|cert:Não Certificado;score:52
627_sf3|cert:Tipo C;score:63
628_sf3|cert:Tipo A;score:61
629_sf3|cert:Tipo B;score:83
630_sf3|cert:Tipo A;score:0
631_sf3|cert:Tipo B;score:90
632_sf3|cert:Tipo B;score:14
633_sf3|cert:Tipo C;score:2
634_sf3|cert:Tipo C;score:32
635_sf3|cert:Tipo B;score:95
636_sf3|cert:Tipo C;score:59
637_sf3|cert:Tipo A;score:8
638_sf3|cert:Tipo B;score:41
639_sf3|cert:Tipo B;score:53
640_sf3|cert:Tipo B;score:23
641_sf3|cert:Não Certificado;score:50
642_sf3|cert:Tipo B;score:95
643_sf3|cert:Tipo A;score:46
644_sf3|cert:Tipo B;score:4
645_sf3|cert:Tipo A;score:93
646_sf3|cert:Não Certificado;score:14
647_sf3|cert:Tipo A;score:19
648_sf3|cert:Tipo B;score:49
649_sf3|cert:Não Certificado;score:50
650_sf3|cert:Tipo A;score:43
651_sf3|cert:Não Certificado;score:44
652_sf3|cert:Tipo A;score:28
653_sf3|cert:Tipo A;score:38
654_sf3|cert:Tipo B;score:50
655_sf3|cert:Tipo B;score:9
656_sf3|cert:Tipo B;score:97
657_sf3|cert:Tipo B;score:94
658_sf3|cert:Tipo A;score:24
659_sf3|cert:Tipo C;score:92
660_sf3|cert:Tipo B;score:15
661_sf3|cert:Tipo A;score:0
662_sf3|cert:Tipo B;score:98
663_sf3|cert:Tipo B;score:7
664_sf3|cert:Tipo B;score:70
665_sf3|cert:Tipo C;score:95
666_sf3|cert:Tipo B;score:3
667_sf3|cert:Tipo C;score:66
668_sf3|cert:Tipo C;score:26
669_sf3|cert:Tipo A;score:47
670_sf3|cert:Não Certificado;score:38
671_sf3|cert:Tipo B;score:91
672_sf3|cert:Tipo B;score:48
673_sf3|cert:Não Certificado;score:39
674_sf3|cert:Tipo A;score:40
675_sf3|cert:Não Certificado;score:20
676_sf3|cert:Não Certificado;score:32
677_sf3|cert:Tipo C;score:33
678_sf3|cert:Não Certificado;score:89
679_sf3|cert:Não Certificado;score:79
680_sf3|cert:Tipo B;score:48
681_sf3|cert:Não Certificado;score:76
682_sf3|cert:Não Certificado;score:15
683_sf3|cert:Tipo B;score:25
684_sf3|cert:Tipo A;score:19
685_sf3|cert:Tipo A;score:85
686_sf3|cert:Tipo A;score:10
687_sf3|cert:Tipo C;score:22
688_sf3|cert:Tipo B;score:26
689_sf3|cert:Tipo B;score:81
690_sf3|cert:Tipo A;score:52
691_sf3|cert:Tipo B;score:5
692_sf3|cert:Tipo A;score:70
693_sf3|cert:Tipo C;score:73
694_sf3|cert:Tipo A;score:71
695_sf3|cert:Tipo C;score:19
696_sf3|cert:Tipo B;score:64
697_sf3|cert:Tipo C;score:10
698_sf3|cert:Não Certificado;score:87
699_sf3|cert:Tipo A;score:44
700_sf3|cert:Tipo C;score:4
701_sf3|cert:Tipo A;score:7
702_sf3|cert:Tipo C;score:35
703_sf3|cert:Tipo B;score:24
704_sf3|cert:Tipo B;score:44
705_sf3|cert:Não Certificado;score:54
706_sf3|cert:Tipo C;score:11
707_sf3|cert:Tipo C;score:8
708_sf3|cert:Tipo C;score:94
709_sf3|cert:Tipo B;score:73
710_sf3|cert:Tipo B;score:24
711_sf3|cert:Tipo C;score:57
712_sf3|cert:Tipo B;score:28
713_sf3|cert:Tipo C;score:2
714_sf3|cert:Tipo A;score:2
715_sf3|cert:Não Certificado;score:10
716_sf3|cert:Tipo B;score:32
717_sf3|cert:Tipo B;score:69
718_sf3|cert:Tipo A;score:74
719_sf3|cert:Tipo A;score:54
720_sf3|cert:Tipo B;score:6
721_sf3|cert:Tipo B;score:80
722_sf3|cert:Tipo C;score:10
723_sf3|cert:Tipo B;score:90
724_sf3|cert:Tipo C;score:60
725_sf3|cert:Não Certificado;score:14
726_sf3|cert:Tipo A;score:14
727_sf3|cert:Tipo B;score:10
728_sf3|cert:Tipo B;score:4
729_sf3|cert:Tipo B;score:86
730_sf3|cert:Tipo C;score:49
731_sf3|cert:Tipo B;score:19
732_sf3|cert:Tipo B;score:2
733_sf3|cert:Tipo A;score:34
734_sf3|cert:Tipo A;score:95
735_sf3|cert:Não Certificado;score:71
736_sf3|cert:Tipo B;score:31
737_sf3|cert:Tipo A;score:24
738_sf3|cert:Tipo B;score:54
739_sf3|cert:Tipo A;score:96
740_sf3|cert:Tipo A;score:74
741_sf3|cert:Tipo C;score:86
742_sf3|cert:Tipo B;score:46
743_sf3|cert:Tipo B;score:28
744_sf3|cert:Tipo B;score:9
745_sf3|cert:Tipo A;score:76
746_sf3|cert:Tipo B;score:85
747_sf3|cert:Tipo B;score:67
748_sf3|cert:Tipo A;score:46
749_sf3|cert:Tipo A;score:59
750_sf3|cert:Tipo C;score:10
751_sf3|cert:Tipo C;score:67
752_sf3|cert:Tipo B;score:53
753_sf3|cert:Tipo C;score:33
754_sf3|cert:Tipo B;score:76
755_sf3|cert:Tipo C;score:30
756_sf3|cert:Tipo A;score:89
757_sf3|cert:Tipo B;score:30
758_sf3|cert:Não Certificado;score:20
759_sf3|cert:Tipo C;score:1
760_sf3|cert:Tipo B;score:1
761_sf3|cert:Tipo C;score:66
762_sf3|cert:Tipo A;score:67
763_sf3|cert:Tipo A;score:97
764_sf3|cert:Tipo B;score:54
765_sf3|cert:Tipo B;score:90
766_sf3|cert:Tipo B;score:49
767_sf3|cert:Tipo C;score:4
768_sf3|cert:Tipo B;score:29
769_sf3|cert:Não Certificado;score:88
770_sf3|cert:Tipo A;score:38
771_sf3|cert:Tipo C;score:94
772_sf3|cert:Tipo B;score:45
773_sf3|cert:Tipo A;score:8
774_sf3|cert:Não Certificado;score:20
775_sf3|cert:Tipo C;score:80
776_sf3|cert:Tipo B;score:8
777_sf3|cert:Tipo A;score:18
778_sf3|cert:Tipo B;score:71
779_sf3|cert:Tipo B;score:2
780_sf3|cert:Tipo B;score:90
781_sf3|cert:Tipo A;score:6
782_sf3|cert:Tipo B;score:40
783_sf3|cert:Não Certificado;score:23
784_sf3|cert:Tipo B;score:30
785_sf3|cert:Tipo A;score:11
786_sf3|cert:Não Certificado;score:30
787_sf3|cert:Não Certificado;score:31
788_sf3|cert:Tipo C;score:66
789_sf3|cert:Não Certificado;score:66
790_sf3|cert:Tipo A;score:31
791_sf3|cert:Tipo A;score:14
792_sf3|cert:Tipo B;score:63
793_sf3|cert:Não Certificado;score:1
794_sf3|cert:Tipo B;score:50
795_sf3|cert:Tipo A;score:64
796_sf3|cert:Tipo A;score:24
797_sf3|cert:Tipo C;score:96
798_sf3|cert:Não Certificado;score:93
799_sf3|cert:Não Certificado;score:67
800_sf3|cert:Tipo B;score:12
801_sf3|cert:Tipo A;score:7
802_sf3|cert:Não Certificado;score:66
803_sf3|cert:Tipo B;score:92
804_sf3|cert:Não Certificado;score:25
805_sf3|cert:Tipo B;score:89
806_sf3|cert:Tipo A;score:46
807_sf3|cert:Tipo C;score:67
808_sf3|cert:Tipo B;score:5
809_sf3|cert:Tipo B;score:48
810_sf3|cert:Tipo C;score:41
811_sf3|cert:Não Certificado;score:93
812_sf3|cert:Tipo C;score:38
813_sf3|cert:Não Certificado;score:55
814_sf3|cert:Tipo A;score:80
815_sf3|cert:Não Certificado;score:25
816_sf3|cert:Tipo B;score:42
817_sf3|cert:Tipo C;score:44
818_sf3|cert:Tipo A;score:69
819_sf3|cert:Tipo C;score:59
820_sf3|cert:Tipo B;score:41
821_sf3|cert:Tipo A;score:38
822_sf3|cert:Não Certificado;score:37
823_sf3|cert:Não Certificado;score:12
824_sf3|cert:Tipo B;score:53
825_sf3|cert:Tipo B;score:2
826_sf3|cert:Tipo B;score:16
827_sf3|cert:Não Certificado;score:2
828_sf3|cert:Tipo B;score:44
829_sf3|cert:Tipo C;score:5
830_sf3|cert:Tipo A;score:45
831_sf3|cert:Tipo C;score:72
832_sf3|cert:Tipo B;score:45
833_sf3|cert:Tipo B;score:86
834_sf3|cert:Tipo B;score:2
835_sf3|cert:Tipo B;score:40
836_sf3|cert:Não Certificado;score:61
837_sf3|cert:Tipo C;score:3
838_sf3|cert:Não Certificado;score:39
839_sf3|cert:Tipo A;score:60
840_sf3|cert:Tipo B;score:90
841_sf3|cert:Não Certificado;score:85
842_sf3|cert:Não Certificado;score:15
843_sf3|cert:Tipo A;score:87
844_sf3|cert:Não Certificado;score:59
845_sf3|cert:Tipo A;score:2
846_sf3|cert:Tipo A;score:0
847_sf3|cert:Tipo A;score:43
848_sf3|cert:Tipo B;score:80
849_sf3|cert:Tipo B;score:47
850_sf3|cert:Não Certificado;score:49
851_sf3|cert:Tipo C;score:51
852_sf3|cert:Tipo B;score:41
853_sf3|cert:Tipo A;score:76
854_sf3|cert:Tipo A;score:35
855_sf3|cert:Tipo C;score:60
856_sf3|cert:Tipo B;score:16
857_sf3|cert:Não Certificado;score:63
858_sf3|cert:Tipo A;score:3
859_sf3|cert:Não Certificado;score:31
860_sf3|cert:Não Certificado;score:44
861_sf3|cert:Tipo B;score:23
862_sf3|cert:Tipo A;score:83
863_sf3|cert:Tipo C;score:52
864_sf3|cert:Tipo B;score:43
865_sf3|cert:Tipo A;score:91
866_sf3|cert:Tipo B;score:96
867_sf3|cert:Tipo B;score:95
868_sf3|cert:Não Certificado;score:63
869_sf3|cert:Tipo A;score:95
870_sf3|cert:Não Certificado;score:33
871_sf3|cert:Tipo A;score:52
872_sf3|cert:Tipo B;score:56
873_sf3|cert:Tipo A;score:11
874_sf3|cert:Tipo B;score:55
875_sf3|cert:Não Certificado;score:11
876_sf3|cert:Não Certificado;score:51
877_sf3|cert:Tipo C;score:89
878_sf3|cert:Tipo B;score:0
879_sf3|cert:Não Certificado;score:91
880_sf3|cert:Tipo B;score:36
881_sf3|cert:Não Certificado;score:58
882_sf3|cert:Tipo B;score:19
883_sf3|cert:Tipo C;score:34
884_sf3|cert:Tipo A;score:19
885_sf3|cert:Tipo A;score:94
886_sf3|cert:Tipo C;score:65
887_sf3|cert:Tipo C;score:23
888_sf3|cert:Tipo B;score:67
889_sf3|cert:Tipo A;score:84
890_sf3|cert:Tipo A;score:48
891_sf3|cert:Tipo A;score:90
892_sf3|cert:Tipo C;score:73
893_sf3|cert:Não Certificado;score:2
894_sf3|cert:Tipo B;score:8
895_sf3|cert:Tipo A;score:5
896_sf3|cert:Tipo B;score:57
897_sf3|cert:Não Certificado;score:22
898_sf3|cert:Tipo B;score:18
899_sf3|cert:Tipo A;score:19
900_sf3|cert:Tipo A;score:80
901_sf3|cert:Tipo C;score:38
902_sf3|cert:Tipo B;score:80
903_sf3|cert:Tipo B;score:53
904_sf3|cert:Tipo B;score:21
905_sf3|cert:Tipo C;score:22
906_sf3|cert:Tipo A;score:67
907_sf3|cert:Não Certificado;score:99
908_sf3|cert:Tipo A;score:65
909_sf3|cert:Tipo A;score:2
910_sf3|cert:Tipo C;score:69
911_sf3|cert:Tipo B;score:78
912_sf3|cert:Tipo B;score:81
913_sf3|cert:Tipo A;score:55
914_sf3|cert:Tipo A;score:61
915_sf3|cert:Tipo A;score:12
916_sf3|cert:Não Certificado;score:38
917_sf3|cert:Tipo B;score:43
918_sf3|cert:Tipo B;score:44
919_sf3|cert:Não Certificado;score:4
920_sf3|cert:Tipo B;score:68
921_sf3|cert:Não Certificado;score:6
922_sf3|cert:Tipo A;score:42
923_sf3|cert:Tipo A;score:36
924_sf3|cert:Tipo C;score:80
925_sf3|cert:Tipo B;score:54
926_sf3|cert:Tipo C;score:77
927_sf3|cert:Não Certificado;score:71
928_sf3|cert:Tipo B;score:62
929_sf3|cert:Tipo B;score:58
930_sf3|cert:Não Certificado;score:80
931_sf3|cert:Tipo A;score:73
932_sf3|cert:Tipo C;score:72
933_sf3|cert:Tipo C;score:3
934_sf3|cert:Não Certificado;score:26
935_sf3|cert:Tipo A;score:0
936_sf3|cert:Tipo B;score:85
937_sf3|cert:Não Certificado;score:21
938_sf3|cert:Tipo C;score:72
939_sf3|cert:Tipo B;score:0
940_sf3|cert:Tipo B;score:31
941_sf3|cert:Não Certificado;score:70
942_sf3|cert:Não Certificado;score:39
943_sf3|cert:Tipo A;score:43
944_sf3|cert:Tipo B;score:46
945_sf3|cert:Não Certificado;score:53
946_sf3|cert:Tipo B;score:58
947_sf3|cert:Não Certificado;score:1
948_sf3|cert:Não Certificado;score:72
949_sf3|cert:Tipo B;score:30
950_sf3|cert:Não Certificado;score:63
951_sf3|cert:Não Certificado;score:30
952_sf3|cert:Tipo B;score:21
953_sf3|cert:Tipo B;score:50
954_sf3|cert:Tipo C;score:24
955_sf3|cert:Tipo A;score:0
956_sf3|cert:Tipo B;score:27
957_sf3|cert:Tipo C;score:93
958_sf3|cert:Tipo C;score:46
959_sf3|cert:Tipo C;score:90
960_sf3|cert:Tipo B;score:59
961_sf3|cert:Não Certificado;score:48
962_sf3|cert:Não Certificado;score:40
963_sf3|cert:Tipo A;score:82
964_sf3|cert:Não Certificado;score:45
965_sf3|cert:Tipo B;score:20
966_sf3|cert:Tipo C;score:86
967_sf3|cert:Tipo C;score:3
968_sf3|cert:Tipo B;score:67
969_sf3|cert:Tipo C;score:83
970_sf3|cert:Não Certificado;score:89
971_sf3|cert:Tipo A;score:43
972_sf3|cert:Tipo B;score:43
973_sf3|cert:Tipo B;score:19
974_sf3|cert:Tipo B;score:58
975_sf3|cert:Tipo C;score:68
976_sf3|cert:Tipo B;score:68
977_sf3|cert:Tipo B;score:50
978_sf3|cert:Tipo B;score:78
979_sf3|cert:Não Certificado;score:69
980_sf3|cert:Tipo B;score:0
981_sf3|cert:Tipo A;score:0
982_sf3|cert:Tipo C;score:58
983_sf3|cert:Tipo B;score:88
984_sf3|cert:Tipo B;score:84
985_sf3|cert:Tipo B;score:92
986_sf3|cert:Tipo A;score:14
987_sf3|cert:Não Certificado;score:89
988_sf3|cert:Tipo C;score:51
989_sf3|cert:Tipo C;score:35
990_sf3|cert:Tipo A;score:60
991_sf3|cert:Não Certificado;score:81
992_sf3|cert:Tipo B;score:80
993_sf3|cert:Tipo C;score:62
994_sf3|cert:Tipo B;score:72
995_sf3|cert:Tipo C;score:37
996_sf3|cert:Não Certificado;score:42
997_sf3|cert:Tipo B;score:74
998_sf3|cert:Tipo B;score:67
999_sf3|cert:Tipo A;score:57
1000_sf3|cert:Tipo B;score:61
1001_sf3|cert:Tipo A;score:88
1002_sf3|cert:Tipo C;score:35
1003_sf3|cert:Tipo C;score:81
1004_sf3|cert:Tipo B;score:79
1005_sf3|cert:Tipo C;score:75
1006_sf3|cert:Não Certificado;score:57
1007_sf3|cert:Tipo B;score:62
1008_sf3|cert:Tipo B;score:51
1009_sf3|cert:Tipo B;score:12
1010_sf3|cert:Tipo A;score:10
1011_sf3|cert:Tipo A;score:17
1012_sf3|cert:Não Certificado;score:69
1013_sf3|cert:Tipo C;score:24
1014_sf3|cert:Tipo B;score:23
1015_sf3|cert:Não Certificado;score:85
1016_sf3|cert:Tipo B;score:5
1017_sf3|cert:Tipo A;score:5
1018_sf3|cert:Não Certificado;score:8
1019_sf3|cert:Tipo C;score:50
1020_sf3|cert:Tipo C;score:60
1021_sf3|cert:Tipo A;score:54
1022_sf3|cert:Tipo B;score:81
1023_sf3|cert:Não Certificado;score:78
1024_sf3|cert:Tipo B;score:79
1025_sf3|cert:Tipo B;score:29
1026_sf3|cert:Não Certificado;score:72
1027_sf3|cert:Não Certificado;score:1
1028_sf3|cert:Tipo B;score:0
1029_sf3|cert:Não Certificado;score:73
1030_sf3|cert:Não Certificado;score:23
1031_sf3|cert:Não Certificado;score:95
1032_sf3|cert:Tipo B;score:60
1033_sf3|cert:Tipo B;score:55
1034_sf3|cert:Tipo A;score:78
1035_sf3|cert:Não Certificado;score:60
1036_sf3|cert:Tipo C;score:95
1037_sf3|cert:Tipo C;score:19
1038_sf3|cert:Tipo A;score:31
1039_sf3|cert:Tipo A;score:7
1040_sf3|cert:Tipo B;score:71
1041_sf3|cert:Não Certificado;score:42
1042_sf3|cert:Tipo B;score:30
1043_sf3|cert:Tipo B;score:40
1044_sf3|cert:Não Certificado;score:25
1045_sf3|cert:Tipo B;score:17
1046_sf3|cert:Tipo A;score:30
1047_sf3|cert:Tipo C;score:75
1048_sf3|cert:Tipo B;score:33
1049_sf3|cert:Tipo C;score:73
1050_sf3|cert:Tipo B;score:60
1051_sf3|cert:Tipo C;score:68
1052_sf3|cert:Tipo B;score:91
1053_sf3|cert:Não Certificado;score:57
1054_sf3|cert:Tipo C;score:11
1055_sf3|cert:Tipo A;score:85
1056_sf3|cert:Tipo B;score:83
1057_sf3|cert:Não Certificado;score:85
1058_sf3|cert:Tipo C;score:50
1059_sf3|cert:Não Certificado;score:30
1060_sf3|cert:Tipo B;score:48
1061_sf3|cert:Não Certificado;score:44
1062_sf3|cert:Tipo A;score:57
1063_sf3|cert:Tipo B;score:40
1064_sf3|cert:Tipo B;score:29
1065_sf3|cert:Tipo C;score:64
1066_sf3|cert:Tipo C;score:82
1067_sf3|cert:Tipo B;score:21
1068_sf3|cert:Não Certificado;score:90
1069_sf3|cert:Não Certificado;score:35
1070_sf3|cert:Tipo B;score:47
1071_sf3|cert:Tipo C;score:35
1072_sf3|cert:Tipo B;score:14
1073_sf3|cert:Tipo A;score:26
1074_sf3|cert:Tipo B;score:29
1075_sf3|cert:Tipo A;score:80
1076_sf3|cert:Tipo B;score:3
1077_sf3|cert:Tipo B;score:80
1078_sf3|cert:Não Certificado;score:33
1079_sf3|cert:Tipo C;score:91
1080_sf3|cert:Tipo B;score:36
1081_sf3|cert:Não Certificado;score:71
1082_sf3|cert:Tipo C;score:65
1083_sf3|cert:Não Certificado;score:55
1084_sf3|cert:Tipo A;score:81
1085_sf3|cert:Tipo B;score:24
1086_sf3|cert:Tipo A;score:94
1087_sf3|cert:Tipo B;score:55
1088_sf3|cert:Tipo B;score:21
1089_sf3|cert:Tipo A;score:7
1090_sf3|cert:Tipo C;score:3
1091_sf3|cert:Tipo A;score:37
1092_sf3|cert:Tipo C;score:99
1093_sf3|cert:Tipo C;score:55
1094_sf3|cert:Tipo C;score:31
1095_sf3|cert:Não Certificado;score:40
1096_sf3|cert:Tipo B;score:23
1097_sf3|cert:Tipo C;score:42
1098_sf3|cert:Tipo B;score:96
1099_sf3|cert:Tipo B;score:34
1100_sf3|cert:Tipo B;score:56
1101_sf3|cert:Tipo B;score:12
1102_sf3|cert:Tipo B;score:39
1103_sf3|cert:Tipo C;score:4
1104_sf3|cert:Tipo B;score:60
1105_sf3|cert:Tipo C;score:0
1106_sf3|cert:Tipo A;score:89
1107_sf3|cert:Não Certificado;score:28
1108_sf3|cert:Tipo C;score:43
1109_sf3|cert:Tipo B;score:19
1110_sf3|cert:Tipo A;score:46
1111_sf3|cert:Tipo B;score:51
1112_sf3|cert:Tipo B;score:76
1113_sf3|cert:Tipo A;score:58
1114_sf3|cert:Tipo B;score:10
1115_sf3|cert:Tipo B;score:38
1116_sf3|cert:Tipo C;score:89
1117_sf3|cert:Não Certificado;score:49
1118_sf3|cert:Tipo B;score:26
1119_sf3|cert:Tipo A;score:99
1120_sf3|cert:Tipo B;score:86
1121_sf3|cert:Tipo C;score:6
1122_sf3|cert:Não Certificado;score:24
1123_sf3|cert:Não Certificado;score:23
1124_sf3|cert:Tipo A;score:24
1125_sf3|cert:Não Certificado;score:74
1126_sf3|cert:Não Certificado;score:81
1127_sf3|cert:Tipo B;score:38
1128_sf3|cert:Tipo B;score:6
1129_sf3|cert:Tipo C;score:70
1130_sf3|cert:Tipo B;score:84
1131_sf3|cert:Tipo B;score:65
1132_sf3|cert:Tipo A;score:78
1133_sf3|cert:Tipo B;score:51
1134_sf3|cert:Não Certificado;score:30
1135_sf3|cert:Tipo A;score:44
1136_sf3|cert:Tipo B;score:52
1137_sf3|cert:Tipo C;score:1
1138_sf3|cert:Tipo B;score:20
1139_sf3|cert:Não Certificado;score:92
1140_sf3|cert:Tipo A;score:31
1141_sf3|cert:Tipo C;score:34
1142_sf3|cert:Tipo B;score:62
1143_sf3|cert:Tipo B;score:29
1144_sf3|cert:Tipo B;score:93
1145_sf3|cert:Tipo C;score:8
1146_sf3|cert:Não Certificado;score:82
1147_sf3|cert:Tipo B;score:24
1148_sf3|cert:Não Certificado;score:41
1149_sf3|cert:Tipo C;score:70
1150_sf3|cert:Tipo A;score:16
1151_sf3|cert:Tipo B;score:67
1152_sf3|cert:Tipo B;score:69
1153_sf3|cert:Tipo C;score:30
1154_sf3|cert:Tipo A;score:70
1155_sf3|cert:Não Certificado;score:38
1156_sf3|cert:Tipo B;score:85
1157_sf3|cert:Tipo C;score:18
1158_sf3|cert:Tipo B;score:40
1159_sf3|cert:Não Certificado;score:60
1160_sf3|cert:Tipo B;score:95
1161_sf3|cert:Tipo B;score:31
1162_sf3|cert:Tipo A;score:56
1163_sf3|cert:Tipo B;score:91
1164_sf3|cert:Tipo A;score:20
1165_sf3|cert:Tipo C;score:64
1166_sf3|cert:Não Certificado;score:82
1167_sf3|cert:Tipo C;score:56
1168_sf3|cert:Tipo B;score:22
1169_sf3|cert:Não Certificado;score:22
1170_sf3|cert:Não Certificado;score:30
1171_sf3|cert:Tipo A;score:9
1172_sf3|cert:Tipo A;score:81
1173_sf3|cert:Tipo A;score:21
1174_sf3|cert:Não Certificado;score:84
1175_sf3|cert:Tipo A;score:56
1176_sf3|cert:Tipo B;score:53
1177_sf3|cert:Tipo B;score:89
1178_sf3|cert:Tipo B;score:83
1179_sf3|cert:Tipo A;score:3
1180_sf3|cert:Tipo C;score:50
1181_sf3|cert:Tipo C;score:27
1182_sf3|cert:Tipo B;score:74
1183_sf3|cert:Tipo A;score:57
1184_sf3|cert:Tipo B;score:76
1185_sf3|cert:Tipo A;score:59
1186_sf3|cert:Tipo A;score:63
1187_sf3|cert:Tipo A;score:68
1188_sf3|cert:Tipo C;score:1
1189_sf3|cert:Tipo C;score:75
1190_sf3|cert:Não Certificado;score:63
1191_sf3|cert:Tipo C;score:96
1192_sf3|cert:Tipo B;score:27
1193_sf3|cert:Tipo B;score:27
1194_sf3|cert:Tipo A;score:2
1195_sf3|cert:Tipo A;score:39
1196_sf3|cert:Tipo B;score:61
1197_sf3|cert:Tipo C;score:72
1198_sf3|cert:Não Certificado;score:5
1199_sf3|cert:Tipo A;score:5
1200_sf3|cert:Tipo B;score:81
1201_sf3|cert:Tipo C;score:32
1202_sf3|cert:Tipo B;score:70
1203_sf3|cert:Tipo C;score:62
1204_sf3|cert:Tipo A;score:99
1205_sf3|cert:Tipo A;score:16
1206_sf3|cert:Tipo A;score:90
1207_sf3|cert:Tipo A;score:96
1208_sf3|cert:Tipo B;score:77
1209_sf3|cert:Tipo B;score:91
1210_sf3|cert:Tipo B;score:61
1211_sf3|cert:Tipo A;score:37
1212_sf3|cert:Não Certificado;score:45
1213_sf3|cert:Não Certificado;score:85
1214_sf3|cert:Tipo A;score:58
1215_sf3|cert:Tipo A;score:22
1216_sf3|cert:Tipo B;score:3
1217_sf3|cert:Não Certificado;score:53
1218_sf3|cert:Não Certificado;score:89
1219_sf3|cert:Tipo A;score:41
1220_sf3|cert:Não Certificado;score:1
1221_sf3|cert:Tipo B;score:88
1222_sf3|cert:Tipo B;score:36
1223_sf3|cert:Não Certificado;score:65
1224_sf3|cert:Tipo B;score:46
1225_sf3|cert:Tipo A;score:64
1226_sf3|cert:Tipo A;score:16
1227_sf3|cert:Não Certificado;score:63
1228_sf3|cert:Não Certificado;score:34
1229_sf3|cert:Tipo A;score:92
1230_sf3|cert:Não Certificado;score:52
1231_sf3|cert:Tipo C;score:43
1232_sf3|cert:Tipo B;score:59
1233_sf3|cert:Tipo A;score:38
1234_sf3|cert:Tipo C;score:9
1235_sf3|cert:Tipo B;score:3
1236_sf3|cert:Tipo C;score:15
1237_sf3|cert:Tipo C;score:96
1238_sf3|cert:Tipo A;score:18
1239_sf3|cert:Tipo B;score:47
1240_sf3|cert:Tipo B;score:15
1241_sf3|cert:Tipo B;score:39
1242_sf3|cert:Tipo C;score:99
1243_sf3|cert:Tipo A;score:40
1244_sf3|cert:Tipo B;score:43
1245_sf3|cert:Tipo B;score:61
1246_sf3|cert:Tipo A;score:13
1247_sf3|cert:Não Certificado;score:77
1248_sf3|cert:Tipo B;score:24
1249_sf3|cert:Tipo C;score:69
1250_sf3|cert:Tipo B;score:73
1251_sf3|cert:Tipo A;score:66
1252_sf3|cert:Tipo C;score:46
1253_sf3|cert:Não Certificado;score:24
1254_sf3|cert:Não Certificado;score:14
1255_sf3|cert:Tipo A;score:7
1256_sf3|cert:Tipo B;score:88
1257_sf3|cert:Tipo C;score:88
1258_sf3|cert:Não Certificado;score:97
1259_sf3|cert:Não Certificado;score:34
1260_sf3|cert:Tipo C;score:64
1261_sf3|cert:Não Certificado;score:63
1262_sf3|cert:Não Certificado;score:18
1263_sf3|cert:Tipo C;score:71
1264_sf3|cert:Tipo B;score:12
1265_sf3|cert:Tipo A;score:34
1266_sf3|cert:Não Certificado;score:58
1267_sf3|cert:Tipo C;score:65
1268_sf3|cert:Tipo C;score:20
1269_sf3|cert:Tipo C;score:50
1270_sf3|cert:Tipo A;score:81
1271_sf3|cert:Tipo B;score:55
1272_sf3|cert:Tipo B;score:99
1273_sf3|cert:Tipo A;score:32
1274_sf3|cert:Não Certificado;score:92
1275_sf3|cert:Tipo C;score:84
1276_sf3|cert:Não Certificado;score:45
1277_sf3|cert:Tipo A;score:90
1278_sf3|cert:Tipo C;score:89
1279_sf3|cert:Tipo C;score:8
1280_sf3|cert:Tipo B;score:49
1281_sf3|cert:Não Certificado;score:36
1282_sf3|cert:Tipo B;score:29
1283_sf3|cert:Tipo B;score:9
1284_sf3|cert:Tipo B;score:16
1285_sf3|cert:Tipo C;score:30
1286_sf3|cert:Tipo A;score:67
1287_sf3|cert:Tipo C;score:44
1288_sf3|cert:Tipo B;score:6
1289_sf3|cert:Tipo A;score:58
1290_sf3|cert:Tipo A;score:41
1291_sf3|cert:Tipo C;score:33
1292_sf3|cert:Tipo C;score:56
1293_sf3|cert:Tipo A;score:77
1294_sf3|cert:Tipo B;score:6
1295_sf3|cert:Tipo B;score:27
1296_sf3|cert:Tipo B;score:48
1297_sf3|cert:Não Certificado;score:53
1298_sf3|cert:Tipo B;score:92
1299_sf3|cert:Tipo C;score:92
1300_sf3|cert:Não Certificado;score:34
1301_sf3|cert:Não Certificado;score:42
1302_sf3|cert:Não Certificado;score:33
1303_sf3|cert:Tipo B;score:8
1304_sf3|cert:Tipo B;score:57
1305_sf3|cert:Não Certificado;score:19
1306_sf3|cert:Não Certificado;score:33
1307_sf3|cert:Tipo B;score:74
1308_sf3|cert:Tipo B;score:61
1309_sf3|cert:Tipo B;score:29
1310_sf3|cert:Tipo B;score:97
1311_sf3|cert:Tipo B;score:67
1312_sf3|cert:Tipo B;score:19
1313_sf3|cert:Tipo B;score:60
1314_sf3|cert:Não Certificado;score:19
1315_sf3|cert:Tipo C;score:47
1316_sf3|cert:Tipo A;score:90
1317_sf3|cert:Tipo A;score:29
1318_sf3|cert:Tipo C;score:77
1319_sf3|cert:Tipo C;score:1
1320_sf3|cert:Tipo B;score:75
1321_sf3|cert:Tipo A;score:33
1322_sf3|cert:Não Certificado;score:49
1323_sf3|cert:Tipo A;score:63
1324_sf3|cert:Não Certificado;score:97
1325_sf3|cert:Tipo A;score:77
1326_sf3|cert:Tipo A;score:35
1327_sf3|cert:Tipo A;score:65
1328_sf3|cert:Tipo B;score:56
1329_sf3|cert:Não Certificado;score:58
1330_sf3|cert:Tipo C;score:73
1331_sf3|cert:Tipo B;score:17
1332_sf3|cert:Tipo A;score:46
1333_sf3|cert:Tipo B;score:64
1334_sf3|cert:Tipo C;score:66
1335_sf3|cert:Tipo A;score:92
1336_sf3|cert:Tipo B;score:96
1337_sf3|cert:Tipo C;score:42
1338_sf3|cert:Tipo C;score:77
1339_sf3|cert:Tipo B;score:94
1340_sf3|cert:Tipo B;score:16
1341_sf3|cert:Tipo B;score:19
1342_sf3|cert:Tipo B;score:97
1343_sf3|cert:Tipo B;score:46
1344_sf3|cert:Tipo B;score:44
1345_sf3|cert:Tipo B;score:44
1346_sf3|cert:Tipo A;score:43
1347_sf3|cert:Tipo B;score:39
1348_sf3|cert:Não Certificado;score:42
1349_sf3|cert:Tipo A;score:65
1350_sf3|cert:Tipo C;score:87
1351_sf3|cert:Tipo A;score:86
1352_sf3|cert:Tipo B;score:67
1353_sf3|cert:Tipo B;score:0
1354_sf3|cert:Tipo A;score:97
1355_sf3|cert:Não Certificado;score:51
1356_sf3|cert:Tipo A;score:32
1357_sf3|cert:Não Certificado;score:32
1358_sf3|cert:Tipo C;score:74
1359_sf3|cert:Tipo A;score:20
1360_sf3|cert:Tipo B;score:36
1361_sf3|cert:Tipo C;score:66
1362_sf3|cert:Tipo C;score:19
1363_sf3|cert:Não Certificado;score:15
1364_sf3|cert:Tipo C;score:62
1365_sf3|cert:Não Certificado;score:87
1366_sf3|cert:Não Certificado;score:76
1367_sf3|cert:Tipo B;score:37
1368_sf3|cert:Tipo B;score:9
1369_sf3|cert:Não Certificado;score:31
1370_sf3|cert:Tipo B;score:11
1371_sf3|cert:Não Certificado;score:35
1372_sf3|cert:Tipo C;score:84
1373_sf3|cert:Tipo A;score:50
1374_sf3|cert:Tipo B;score:64
1375_sf3|cert:Tipo C;score:66
1376_sf3|cert:Tipo B;score:54
1377_sf3|cert:Tipo A;score:53
1378_sf3|cert:Tipo C;score:19
1379_sf3|cert:Tipo A;score:85
1380_sf3|cert:Tipo A;score:79
1381_sf3|cert:Tipo C;score:58
1382_sf3|cert:Tipo B;score:34
1383_sf3|cert:Não Certificado;score:70
1384_sf3|cert:Tipo B;score:77
1385_sf3|cert:Tipo C;score:61
1386_sf3|cert:Não Certificado;score:62
1387_sf3|cert:Tipo B;score:19
1388_sf3|cert:Não Certificado;score:56
1389_sf3|cert:Tipo C;score:52
1390_sf3|cert:Tipo B;score:95
1391_sf3|cert:Não Certificado;score:43
1392_sf3|cert:Tipo B;score:16
1393_sf3|cert:Não Certificado;score:97
1394_sf3|cert:Tipo A;score:97
1395_sf3|cert:Tipo C;score:46
1396_sf3|cert:Não Certificado;score:49
1397_sf3|cert:Não Certificado;score:5
1398_sf3|cert:Tipo A;score:48
1399_sf3|cert:Tipo C;score:98
1400_sf3|cert:Tipo B;score:39
1401_sf3|cert:Não Certificado;score:13
1402_sf3|cert:Tipo B;score:52
1403_sf3|cert:Tipo A;score:20
1404_sf3|cert:Tipo A;score:58
1405_sf3|cert:Tipo C;score:2
1406_sf3|cert:Tipo C;score:42
1407_sf3|cert:Não Certificado;score:17
1408_sf3|cert:Tipo B;score:12
1409_sf3|cert:Não Certificado;score:95
1410_sf3|cert:Tipo A;score:19
1411_sf3|cert:Tipo B;score:90
1412_sf3|cert:Tipo C;score:72
1413_sf3|cert:Não Certificado;score:43
1414_sf3|cert:Tipo C;score:18
1415_sf3|cert:Tipo A;score:90
1416_sf3|cert:Tipo B;score:13
1417_sf3|cert:Tipo C;score:12
1418_sf3|cert:Não Certificado;score:36
1419_sf3|cert:Tipo B;score:0
1420_sf3|cert:Tipo C;score:82
1421_sf3|cert:Não Certificado;score:44
1422_sf3|cert:Não Certificado;score:30
1423_sf3|cert:Tipo A;score:59
1424_sf3|cert:Tipo B;score:62
1425_sf3|cert:Não Certificado;score:20
1426_sf3|cert:Tipo A;score:32
1427_sf3|cert:Não Certificado;score:2
1428_sf3|cert:Tipo B;score:14
1429_sf3|cert:Tipo B;score:99
1430_sf3|cert:Tipo A;score:21
1431_sf3|cert:Tipo B;score:18
1432_sf3|cert:Tipo B;score:62
1433_sf3|cert:Não Certificado;score:38
1434_sf3|cert:Tipo C;score:95
1435_sf3|cert:Tipo B;score:53
1436_sf3|cert:Tipo A;score:70
1437_sf3|cert:Tipo A;score:46
1438_sf3|cert:Tipo C;score:43
1439_sf3|cert:Tipo B;score:10
1440_sf3|cert:Tipo B;score:46
1441_sf3|cert:Tipo B;score:74
1442_sf3|cert:Tipo C;score:40
1443_sf3|cert:Não Certificado;score:14
1444_sf3|cert:Tipo A;score:63
1445_sf3|cert:Tipo A;score:23
1446_sf3|cert:Tipo B;score:6
1447_sf3|cert:Tipo A;score:21
1448_sf3|cert:Tipo B;score:49
1449_sf3|cert:Tipo B;score:79
1450_sf3|cert:Tipo B;score:85
1451_sf3|cert:Não Certificado;score:75
1452_sf3|cert:Não Certificado;score:28
1453_sf3|cert:Tipo A;score:82
1454_sf3|cert:Não Certificado;score:37
1455_sf3|cert:Tipo C;score:17
1456_sf3|cert:Tipo B;score:81
1457_sf3|cert:Tipo A;score:36
1458_sf3|cert:Tipo A;score:5
1459_sf3|cert:Não Certificado;score:27
1460_sf3|cert:Tipo C;score:47
1461_sf3|cert:Não Certificado;score:59
1462_sf3|cert:Tipo C;score:36
1463_sf3|cert:Tipo B;score:22
1464_sf3|cert:Tipo B;score:57
1465_sf3|cert:Tipo B;score:0
1466_sf3|cert:Tipo A;score:85
1467_sf3|cert:Tipo A;score:75
1468_sf3|cert:Tipo B;score:20
1469_sf3|cert:Tipo A;score:98
1470_sf3|cert:Tipo B;score:27
1471_sf3|cert:Tipo A;score:48
1472_sf3|cert:Tipo B;score:68
1473_sf3|cert:Tipo B;score:98
1474_sf3|cert:Tipo C;score:50
1475_sf3|cert:Tipo B;score:75
1476_sf3|cert:Tipo A;score:1
1477_sf3|cert:Não Certificado;score:96
1478_sf3|cert:Não Certificado;score:84
1479_sf3|cert:Tipo B;score:77
1480_sf3|cert:Tipo B;score:13
1481_sf3|cert:Tipo B;score:11
1482_sf3|cert:Tipo B;score:56
1483_sf3|cert:Tipo B;score:80
1484_sf3|cert:Tipo B;score:10
1485_sf3|cert:Tipo C;score:74
1486_sf3|cert:Não Certificado;score:31
1487_sf3|cert:Não Certificado;score:71
1488_sf3|cert:Tipo B;score:47
1489_sf3|cert:Tipo B;score:92
1490_sf3|cert:Tipo C;score:16
1491_sf3|cert:Tipo C;score:98
1492_sf3|cert:Tipo C;score:48
1493_sf3|cert:Não Certificado;score:6
1494_sf3|cert:Tipo C;score:24
1495_sf3|cert:Tipo C;score:62
1496_sf3|cert:Tipo B;score:80
1497_sf3|cert:Não Certificado;score:25
1498_sf3|cert:Tipo A;score:46
1499_sf3|cert:Tipo B;score:42
1500_sf3|cert:Tipo A;score:47
1501_sf3|cert:Tipo C;score:39
1502_sf3|cert:Tipo A;score:66
1503_sf3|cert:Não Certificado;score:30
1504_sf3|cert:Tipo B;score:22
1505_sf3|cert:Tipo C;score:66
1506_sf3|cert:Tipo A;score:22
1507_sf3|cert:Tipo A;score:87
1508_sf3|cert:Não Certificado;score:66
1509_sf3|cert:Não Certificado;score:21
1510_sf3|cert:Tipo C;score:3
1511_sf3|cert:Tipo B;score:61
1512_sf3|cert:Tipo B;score:14
1513_sf3|cert:Tipo A;score:34
1514_sf3|cert:Tipo B;score:19
1515_sf3|cert:Tipo C;score:54
1516_sf3|cert:Tipo B;score:82
1517_sf3|cert:Tipo C;score:59
1518_sf3|cert:Não Certificado;score:19
1519_sf3|cert:Não Certificado;score:47
1520_sf3|cert:Tipo B;score:47
1521_sf3|cert:Não Certificado;score:64
1522_sf3|cert:Tipo B;score:47
1523_sf3|cert:Não Certificado;score:95
1524_sf3|cert:Tipo C;score:11
1525_sf3|cert:Tipo C;score:32
1526_sf3|cert:Tipo B;score:81
1527_sf3|cert:Tipo A;score:52
1528_sf3|cert:Tipo B;score:20
1529_sf3|cert:Tipo B;score:74
1530_sf3|cert:Não Certificado;score:47
1531_sf3|cert:Tipo C;score:49
1532_sf3|cert:Tipo C;score:93
1533_sf3|cert:Tipo B;score:39
1534_sf3|cert:Tipo A;score:88
1535_sf3|cert:Não Certificado;score:64
1536_sf3|cert:Tipo B;score:24
1537_sf3|cert:Tipo B;score:62
1538_sf3|cert:Tipo C;score:21
1539_sf3|cert:Tipo C;score:98
1540_sf3|cert:Tipo A;score:98
1541_sf3|cert:Tipo C;score:43
1542_sf3|cert:Tipo C;score:26
1543_sf3|cert:Não Certificado;score:91
1544_sf3|cert:Tipo B;score:79
1545_sf3|cert:Tipo A;score:64
1546_sf3|cert:Tipo A;score:3
1547_sf3|cert:Tipo C;score:44
1548_sf3|cert:Tipo B;score:77
1549_sf3|cert:Tipo B;score:9
1550_sf3|cert:Tipo A;score:14
1551_sf3|cert:Tipo A;score:62
1552_sf3|cert:Tipo B;score:37
1553_sf3|cert:Tipo C;score:53
1554_sf3|cert:Não Certificado;score:20
1555_sf3|cert:Tipo C;score:38
1556_sf3|cert:Não Certificado;score:83
1557_sf3|cert:Não Certificado;score:31
1558_sf3|cert:Não Certificado;score:87
1559_sf3|cert:Não Certificado;score:57
1560_sf3|cert:Tipo B;score:46
1561_sf3|cert:Tipo A;score:73
1562_sf3|cert:Tipo B;score:48
1563_sf3|cert:Não Certificado;score:89
1564_sf3|cert:Tipo B;score:89
1565_sf3|cert:Não Certificado;score:37
1566_sf3|cert:Não Certificado;score:37
1567_sf3|cert:Tipo A;score:14
1568_sf3|cert:Tipo B;score:1
1569_sf3|cert:Tipo C;score:14
1570_sf3|cert:Não Certificado;score:91
1571_sf3|cert:Tipo C;score:51
1572_sf3|cert:Não Certificado;score:7
1573_sf3|cert:Tipo A;score:39
1574_sf3|cert:Tipo B;score:95
1575_sf3|cert:Não Certificado;score:33
1576_sf3|cert:Tipo B;score:32
1577_sf3|cert:Tipo B;score:13
1578_sf3|cert:Não Certificado;score:19
1579_sf3|cert:Tipo C;score:27
1580_sf3|cert:Tipo C;score:35
1581_sf3|cert:Não Certificado;score:46
1582_sf3|cert:Tipo C;score:39
1583_sf3|cert:Tipo B;score:50
1584_sf3|cert:Tipo B;score:52
1585_sf3|cert:Tipo B;score:32
1586_sf3|cert:Tipo B;score:4
1587_sf3|cert:Tipo C;score:3
1588_sf3|cert:Tipo B;score:33
1589_sf3|cert:Não Certificado;score:48
1590_sf3|cert:Não Certificado;score:44
1591_sf3|cert:Tipo C;score:74
1592_sf3|cert:Tipo B;score:26
1593_sf3|cert:Não Certificado;score:24
1594_sf3|cert:Tipo B;score:2
1595_sf3|cert:Tipo B;score:57
1596_sf3|cert:Não Certificado;score:37
1597_sf3|cert:Tipo C;score:97
1598_sf3|cert:Não Certificado;score:62
1599_sf3|cert:Tipo B;score:26
1600_sf3|cert:Tipo B;score:91
1601_sf3|cert:Não Certificado;score:52
1602_sf3|cert:Tipo B;score:68
1603_sf3|cert:Tipo B;score:60
1604_sf3|cert:Não Certificado;score:97
1605_sf3|cert:Tipo C;score:23
1606_sf3|cert:Tipo A;score:21
1607_sf3|cert:Tipo A;score:76
1608_sf3|cert:Tipo B;score:28
1609_sf3|cert:Não Certificado;score:92
1610_sf3|cert:Não Certificado;score:7
1611_sf3|cert:Tipo A;score:26
1612_sf3|cert:Tipo B;score:87
1613_sf3|cert:Tipo C;score:71
1614_sf3|cert:Tipo B;score:13
1615_sf3|cert:Tipo A;score:55
1616_sf3|cert:Tipo B;score:24
1617_sf3|cert:Não Certificado;score:78
1618_sf3|cert:Tipo A;score:47
1619_sf3|cert:Tipo A;score:60
1620_sf3|cert:Tipo A;score:56
1621_sf3|cert:Não Certificado;score:99
1622_sf3|cert:Tipo A;score:24
1623_sf3|cert:Tipo A;score:94
1624_sf3|cert:Tipo B;score:50
1625_sf3|cert:Tipo A;score:94
1626_sf3|cert:Tipo B;score:93
1627_sf3|cert:Tipo A;score:66
1628_sf3|cert:Tipo A;score:12
1629_sf3|cert:Não Certificado;score:21
1630_sf3|cert:Não Certificado;score:64
1631_sf3|cert:Tipo C;score:76
1632_sf3|cert:Tipo B;score:7
1633_sf3|cert:Tipo C;score:90
1634_sf3|cert:Não Certificado;score:18
1635_sf3|cert:Tipo C;score:44
1636_sf3|cert:Tipo B;score:43
1637_sf3|cert:Tipo C;score:98
1638_sf3|cert:Tipo C;score:67
1639_sf3|cert:Tipo A;score:17
1640_sf3|cert:Tipo B;score:6
1641_sf3|cert:Não Certificado;score:37
1642_sf3|cert:Tipo A;score:2
1643_sf3|cert:Não Certificado;score:60
1644_sf3|cert:Tipo B;score:77
1645_sf3|cert:Tipo A;score:18
1646_sf3|cert:Tipo A;score:71
1647_sf3|cert:Tipo C;score:56
1648_sf3|cert:Tipo B;score:69
1649_sf3|cert:Não Certificado;score:63
1650_sf3|cert:Tipo A;score:13
1651_sf3|cert:Tipo C;score:58
1652_sf3|cert:Não Certificado;score:32
1653_sf3|cert:Tipo A;score:61
1654_sf3|cert:Não Certificado;score:13
1655_sf3|cert:Tipo A;score:81
1656_sf3|cert:Tipo B;score:37
1657_sf3|cert:Tipo C;score:52
1658_sf3|cert:Não Certificado;score:43
1659_sf3|cert:Tipo A;score:50
1660_sf3|cert:Tipo B;score:17
1661_sf3|cert:Tipo A;score:71
1662_sf3|cert:Tipo C;score:14
1663_sf3|cert:Tipo C;score:46
1664_sf3|cert:Tipo B;score:18
1665_sf3|cert:Tipo A;score:49
1666_sf3|cert:Tipo B;score:57
1667_sf3|cert:Tipo B;score:72
1668_sf3|cert:Não Certificado;score:75
1669_sf3|cert:Tipo B;score:14
1670_sf3|cert:Tipo C;score:85
1671_sf3|cert:Tipo B;score:85
1672_sf3|cert:Tipo B;score:64
1673_sf3|cert:Tipo B;score:30
1674_sf3|cert:Tipo C;score:84
1675_sf3|cert:Tipo A;score:53
1676_sf3|cert:Tipo B;score:57
1677_sf3|cert:Não Certificado;score:4
1678_sf3|cert:Tipo C;score:93
1679_sf3|cert:Não Certificado;score:65
1680_sf3|cert:Tipo B;score:8
1681_sf3|cert:Não Certificado;score:85
1682_sf3|cert:Não Certificado;score:19
1683_sf3|cert:Tipo C;score:97
1684_sf3|cert:Não Certificado;score:67
1685_sf3|cert:Tipo C;score:52
1686_sf3|cert:Tipo C;score:23
1687_sf3|cert:Tipo B;score:17
1688_sf3|cert:Tipo B;score:75
1689_sf3|cert:Tipo A;score:56
1690_sf3|cert:Tipo C;score:20
1691_sf3|cert:Não Certificado;score:3
1692_sf3|cert:Não Certificado;score:46
1693_sf3|cert:Tipo C;score:99
1694_sf3|cert:Tipo A;score:54
1695_sf3|cert:Não Certificado;score:22
1696_sf3|cert:Tipo B;score:28
1697_sf3|cert:Tipo B;score:75
1698_sf3|cert:Tipo B;score:87
1699_sf3|cert:Tipo C;score:66
1700_sf3|cert:Tipo B;score:30
1701_sf3|cert:Não Certificado;score:94
1702_sf3|cert:Tipo A;score:18
1703_sf3|cert:Não Certificado;score:63
1704_sf3|cert:Tipo B;score:35
1705_sf3|cert:Tipo A;score:68
1706_sf3|cert:Tipo B;score:78
1707_sf3|cert:Tipo A;score:71
1708_sf3|cert:Tipo C;score:41
1709_sf3|cert:Tipo B;score:69
1710_sf3|cert:Tipo C;score:44
1711_sf3|cert:Tipo B;score:70
1712_sf3|cert:Tipo B;score:48
1713_sf3|cert:Não Certificado;score:71
1714_sf3|cert:Não Certificado;score:13
1715_sf3|cert:Tipo B;score:49
1716_sf3|cert:Tipo B;score:11
1717_sf3|cert:Não Certificado;score:6
1718_sf3|cert:Tipo B;score:49
1719_sf3|cert:Tipo A;score:80
1720_sf3|cert:Tipo B;score:11
1721_sf3|cert:Tipo C;score:69
1722_sf3|cert:Tipo A;score:90
1723_sf3|cert:Tipo A;score:2
1724_sf3|cert:Tipo A;score:3
1725_sf3|cert:Não Certificado;score:69
1726_sf3|cert:Tipo A;score:33
1727_sf3|cert:Tipo A;score:24
1728_sf3|cert:Tipo B;score:39
1729_sf3|cert:Tipo A;score:39
1730_sf3|cert:Não Certificado;score:3
1731_sf3|cert:Tipo B;score:67
1732_sf3|cert:Tipo C;score:26
1733_sf3|cert:Tipo C;score:73
1734_sf3|cert:Tipo C;score:44
1735_sf3|cert:Tipo C;score:65
1736_sf3|cert:Tipo B;score:68
1737_sf3|cert:Tipo B;score:18
1738_sf3|cert:Tipo A;score:73
1739_sf3|cert:Tipo C;score:92
1740_sf3|cert:Tipo C;score:3
1741_sf3|cert:Tipo C;score:85
1742_sf3|cert:Não Certificado;score:39
1743_sf3|cert:Tipo B;score:47
1744_sf3|cert:Tipo B;score:96
1745_sf3|cert:Tipo C;score:87
1746_sf3|cert:Tipo B;score:55
1747_sf3|cert:Não Certificado;score:64
1748_sf3|cert:Tipo A;score:12
1749_sf3|cert:Tipo C;score:99
1750_sf3|cert:Tipo A;score:26
1751_sf3|cert:Não Certificado;score:55
1752_sf3|cert:Tipo B;score:57
1753_sf3|cert:Tipo B;score:76
1754_sf3|cert:Tipo C;score:57
1755_sf3|cert:Não Certificado;score:30
1756_sf3|cert:Tipo C;score:35
1757_sf3|cert:Tipo C;score:15
1758_sf3|cert:Tipo C;score:92
1759_sf3|cert:Tipo A;score:80
1760_sf3|cert:Tipo B;score:44
1761_sf3|cert:Tipo B;score:43
1762_sf3|cert:Não Certificado;score:33
1763_sf3|cert:Não Certificado;score:20
1764_sf3|cert:Tipo A;score:6
1765_sf3|cert:Tipo C;score:91
1766_sf3|cert:Tipo C;score:75
1767_sf3|cert:Tipo B;score:92
1768_sf3|cert:Tipo B;score:40
1769_sf3|cert:Tipo A;score:11
1770_sf3|cert:Tipo A;score:81
1771_sf3|cert:Tipo A;score:81
1772_sf3|cert:Tipo C;score:0
1773_sf3|cert:Tipo A;score:91
1774_sf3|cert:Tipo A;score:81
1775_sf3|cert:Não Certificado;score:16
1776_sf3|cert:Tipo B;score:89
1777_sf3|cert:Tipo B;score:44
1778_sf3|cert:Tipo A;score:53
1779_sf3|cert:Não Certificado;score:50
1780_sf3|cert:Tipo C;score:45
1781_sf3|cert:Tipo B;score:65
1782_sf3|cert:Tipo C;score:10
1783_sf3|cert:Tipo A;score:19
1784_sf3|cert:Tipo B;score:75
1785_sf3|cert:Tipo C;score:4
1786_sf3|cert:Tipo B;score:97
1787_sf3|cert:Tipo C;score:51
1788_sf3|cert:Tipo C;score:93
1789_sf3|cert:Não Certificado;score:29
1790_sf3|cert:Não Certificado;score:19
1791_sf3|cert:Tipo B;score:89
1792_sf3|cert:Tipo B;score:15
1793_sf3|cert:Não Certificado;score:66
1794_sf3|cert:Tipo C;score:96
1795_sf3|cert:Tipo C;score:44
1796_sf3|cert:Tipo B;score:85
1797_sf3|cert:Tipo A;score:31
1798_sf3|cert:Tipo A;score:49
1799_sf3|cert:Tipo B;score:61
1800_sf3|cert:Tipo B;score:56
1801_sf3|cert:Tipo A;score:8
1802_sf3|cert:Não Certificado;score:61
1803_sf3|cert:Não Certificado;score:7
1804_sf3|cert:Tipo B;score:70
1805_sf3|cert:Tipo B;score:69
1806_sf3|cert:Tipo C;score:66
1807_sf3|cert:Tipo A;score:77
1808_sf3|cert:Tipo B;score:99
1809_sf3|cert:Tipo C;score:53
1810_sf3|cert:Tipo B;score:80
1811_sf3|cert:Tipo C;score:75
1812_sf3|cert:Tipo C;score:54
1813_sf3|cert:Tipo C;score:95
1814_sf3|cert:Não Certificado;score:70
1815_sf3|cert:Não Certificado;score:14
1816_sf3|cert:Tipo B;score:14
1817_sf3|cert:Não Certificado;score:14
1818_sf3|cert:Tipo C;score:53
1819_sf3|cert:Tipo B;score:7
1820_sf3|cert:Não Certificado;score:0
1821_sf3|cert:Tipo A;score:26
1822_sf3|cert:Tipo C;score:45
1823_sf3|cert:Não Certificado;score:93
1824_sf3|cert:Tipo B;score:70
1825_sf3|cert:Tipo A;score:41
1826_sf3|cert:Tipo A;score:69
1827_sf3|cert:Tipo B;score:25
1828_sf3|cert:Tipo C;score:59
1829_sf3|cert:Não Certificado;score:26
1830_sf3|cert:Tipo A;score:19
1831_sf3|cert:Tipo B;score:77
1832_sf3|cert:Tipo B;score:35
1833_sf3|cert:Tipo C;score:90
1834_sf3|cert:Tipo A;score:49
1835_sf3|cert:Tipo A;score:21
1836_sf3|cert:Tipo B;score:77
1837_sf3|cert:Tipo B;score:14
1838_sf3|cert:Não Certificado;score:59
1839_sf3|cert:Tipo A;score:6
1840_sf3|cert:Tipo B;score:21
1841_sf3|cert:Tipo C;score:43
1842_sf3|cert:Tipo C;score:29
1843_sf3|cert:Tipo A;score:90
1844_sf3|cert:Tipo B;score:26
1845_sf3|cert:Tipo C;score:54
1846_sf3|cert:Tipo A;score:0
1847_sf3|cert:Tipo B;score:89
1848_sf3|cert:Tipo B;score:69
1849_sf3|cert:Não Certificado;score:68
1850_sf3|cert:Tipo C;score:85
1851_sf3|cert:Tipo A;score:39
1852_sf3|cert:Tipo B;score:49
1853_sf3|cert:Tipo B;score:91
1854_sf3|cert:Tipo A;score:23
1855_sf3|cert:Não Certificado;score:33
1856_sf3|cert:Tipo B;score:41
1857_sf3|cert:Tipo C;score:65
1858_sf3|cert:Não Certificado;score:60
1859_sf3|cert:Tipo B;score:93
1860_sf3|cert:Tipo A;score:52
1861_sf3|cert:Não Certificado;score:79
1862_sf3|cert:Tipo A;score:46
1863_sf3|cert:Não Certificado;score:32
1864_sf3|cert:Tipo B;score:84
1865_sf3|cert:Não Certificado;score:21
1866_sf3|cert:Não Certificado;score:68
1867_sf3|cert:Não Certificado;score:54
1868_sf3|cert:Tipo A;score:50
1869_sf3|cert:Tipo B;score:68
1870_sf3|cert:Não Certificado;score:22
1871_sf3|cert:Não Certificado;score:40
1872_sf3|cert:Tipo B;score:54
1873_sf3|cert:Tipo C;score:19
1874_sf3|cert:Tipo B;score:88
1875_sf3|cert:Tipo C;score:63
1876_sf3|cert:Tipo C;score:7
1877_sf3|cert:Tipo C;score:24
1878_sf3|cert:Tipo B;score:67
1879_sf3|cert:Tipo A;score:73
1880_sf3|cert:Tipo B;score:32
1881_sf3|cert:Não Certificado;score:91
1882_sf3|cert:Não Certificado;score:92
1883_sf3|cert:Tipo A;score:13
1884_sf3|cert:Tipo A;score:55
1885_sf3|cert:Tipo A;score:8
1886_sf3|cert:Tipo A;score:94
1887_sf3|cert:Tipo A;score:86
1888_sf3|cert:Tipo B;score:72
1889_sf3|cert:Tipo C;score:39
1890_sf3|cert:Não Certificado;score:64
1891_sf3|cert:Não Certificado;score:5
1892_sf3|cert:Tipo C;score:66
1893_sf3|cert:Tipo C;score:50
1894_sf3|cert:Tipo B;score:53
1895_sf3|cert:Tipo A;score:23
1896_sf3|cert:Tipo B;score:32
1897_sf3|cert:Não Certificado;score:74
1898_sf3|cert:Não Certificado;score:25
1899_sf3|cert:Tipo C;score:13
1900_sf3|cert:Não Certificado;score:44
1901_sf3|cert:Tipo B;score:22
1902_sf3|cert:Tipo C;score:11
1903_sf3|cert:Tipo B;score:71
1904_sf3|cert:Tipo B;score:55
1905_sf3|cert:Não Certificado;score:5
1906_sf3|cert:Tipo C;score:32
1907_sf3|cert:Não Certificado;score:23
1908_sf3|cert:Tipo A;score:76
1909_sf3|cert:Tipo C;score:95
1910_sf3|cert:Tipo B;score:54
1911_sf3|cert:Tipo B;score:39
1912_sf3|cert:Tipo B;score:20
1913_sf3|cert:Tipo B;score:36
1914_sf3|cert:Tipo B;score:10
1915_sf3|cert:Tipo A;score:74
1916_sf3|cert:Não Certificado;score:85
1917_sf3|cert:Não Certificado;score:71
1918_sf3|cert:Tipo B;score:44
1919_sf3|cert:Não Certificado;score:65
1920_sf3|cert:Tipo B;score:65
1921_sf3|cert:Tipo C;score:3
1922_sf3|cert:Tipo A;score:11
1923_sf3|cert:Tipo A;score:17
1924_sf3|cert:Tipo B;score:98
1925_sf3|cert:Tipo B;score:71
1926_sf3|cert:Não Certificado;score:35
1927_sf3|cert:Tipo C;score:84
1928_sf3|cert:Tipo B;score:69
1929_sf3|cert:Tipo C;score:76
1930_sf3|cert:Não Certificado;score:34
1931_sf3|cert:Tipo A;score:12
1932_sf3|cert:Tipo B;score:38
1933_sf3|cert:Não Certificado;score:10
1934_sf3|cert:Tipo C;score:10
1935_sf3|cert:Tipo A;score:33
1936_sf3|cert:Tipo B;score:4
1937_sf3|cert:Tipo C;score:80
1938_sf3|cert:Tipo C;score:2
1939_sf3|cert:Tipo B;score:92
1940_sf3|cert:Tipo C;score:70
1941_sf3|cert:Tipo C;score:13
1942_sf3|cert:Tipo C;score:88
1943_sf3|cert:Tipo B;score:6
1944_sf3|cert:Tipo B;score:44
1945_sf3|cert:Tipo C;score:71
1946_sf3|cert:Tipo A;score:77
1947_sf3|cert:Tipo B;score:91
1948_sf3|cert:Tipo A;score:99
1949_sf3|cert:Tipo A;score:98
1950_sf3|cert:Tipo C;score:22
1951_sf3|cert:Não Certificado;score:24
1952_sf3|cert:Tipo B;score:45
1953_sf3|cert:Tipo C;score:78
1954_sf3|cert:Tipo B;score:65
1955_sf3|cert:Tipo A;score:74
1956_sf3|cert:Não Certificado;score:98
1957_sf3|cert:Tipo C;score:88
1958_sf3|cert:Tipo C;score:24
1959_sf3|cert:Não Certificado;score:3
1960_sf3|cert:Tipo B;score:38
1961_sf3|cert:Tipo B;score:57
1962_sf3|cert:Tipo C;score:23
1963_sf3|cert:Tipo C;score:67
1964_sf3|cert:Não Certificado;score:27
1965_sf3|cert:Tipo B;score:97
1966_sf3|cert:Tipo B;score:24
1967_sf3|cert:Tipo B;score:8
1968_sf3|cert:Tipo B;score:22
1969_sf3|cert:Tipo B;score:38
1970_sf3|cert:Tipo C;score:0
1971_sf3|cert:Tipo A;score:54
1972_sf3|cert:Tipo C;score:20
1973_sf3|cert:Tipo C;score:91
1974_sf3|cert:Tipo B;score:94
1975_sf3|cert:Tipo A;score:60
1976_sf3|cert:Tipo B;score:77
1977_sf3|cert:Tipo C;score:7
1978_sf3|cert:Não Certificado;score:10
1979_sf3|cert:Tipo A;score:73
1980_sf3|cert:Tipo B;score:50
1981_sf3|cert:Tipo A;score:41
1982_sf3|cert:Tipo A;score:60
1983_sf3|cert:Não Certificado;score:5
1984_sf3|cert:Tipo B;score:15
1985_sf3|cert:Tipo A;score:32
1986_sf3|cert:Não Certificado;score:80
1987_sf3|cert:Tipo B;score:81
1988_sf3|cert:Tipo A;score:43
1989_sf3|cert:Tipo C;score:19
1990_sf3|cert:Tipo B;score:29
1991_sf3|cert:Tipo C;score:39
1992_sf3|cert:Tipo B;score:63
1993_sf3|cert:Tipo A;score:92
1994_sf3|cert:Tipo C;score:54
1995_sf3|cert:Tipo B;score:48
1996_sf3|cert:Tipo A;score:82
1997_sf3|cert:Tipo A;score:99
1998_sf3|cert:Tipo C;score:5
1999_sf3|cert:Tipo A;score:28
0_sf4|cert:Tipo B;score:62
1_sf4|cert:Tipo B;score:90
2_sf4|cert:Tipo C;score:45
3_sf4|cert:Tipo A;score:32
4_sf4|cert:Tipo A;score:80
5_sf4|cert:Não Certificado;score:30
6_sf4|cert:Tipo C;score:68
7_sf4|cert:Tipo B;score:89
8_sf4|cert:Tipo B;score:80
9_sf4|cert:Tipo B;score:60
10_sf4|cert:Tipo A;score:66
11_sf4|cert:Tipo C;score:28
12_sf4|cert:Tipo C;score:88
13_sf4|cert:Não Certificado;score:99
14_sf4|cert:Não Certificado;score:95
15_sf4|cert:Não Certificado;score:39
16_sf4|cert:Tipo B;score:52
17_sf4|cert:Não Certificado;score:53
18_sf4|cert:Tipo A;score:24
19_sf4|cert:Tipo C;score:35
20_sf4|cert:Não Certificado;score:8
21_sf4|cert:Tipo B;score:81
22_sf4|cert:Tipo B;score:76
23_sf4|cert:Tipo B;score:30
24_sf4|cert:Tipo B;score:7
25_sf4|cert:Tipo C;score:28
26_sf4|cert:Tipo B;score:36
27_sf4|cert:Tipo A;score:63
28_sf4|cert:Tipo A;score:49
29_sf4|cert:Tipo A;score:76
30_sf4|cert:Tipo C;score:38
31_sf4|cert:Tipo C;score:78
32_sf4|cert:Tipo B;score:4
33_sf4|cert:Não Certificado;score:17
34_sf4|cert:Tipo A;score:49
35_sf4|cert:Tipo B;score:53
36_sf4|cert:Não Certificado;score:96
37_sf4|cert:Tipo A;score:13
38_sf4|cert:Tipo C;score:93
39_sf4|cert:Tipo C;score:38
40_sf4|cert:Tipo B;score:25
41_sf4|cert:Tipo A;score:23
42_sf4|cert:Tipo B;score:95
43_sf4|cert:Tipo B;score:64
44_sf4|cert:Não Certificado;score:34
45_sf4|cert:Tipo B;score:21
46_sf4|cert:Tipo B;score:80
47_sf4|cert:Tipo A;score:29
48_sf4|cert:Tipo B;score:31
49_sf4|cert:Tipo B;score:21
50_sf4|cert:Não Certificado;score:31
51_sf4|cert:Tipo A;score:78
52_sf4|cert:Tipo C;score:30
53_sf4|cert:Não Certificado;score:50
54_sf4|cert:Tipo C;score:93
55_sf4|cert:Tipo C;score:14
56_sf4|cert:Tipo B;score:48
57_sf4|cert:Não Certificado;score:75
58_sf4|cert:Tipo A;score:66
59_sf4|cert:Tipo B;score:58
60_sf4|cert:Tipo A;score:87
61_sf4|cert:Não Certificado;score:64
62_sf4|cert:Tipo C;score:45
63_sf4|cert:Tipo C;score:90
64_sf4|cert:Tipo B;score:47
65_sf4|cert:Tipo C;score:8
66_sf4|cert:Tipo C;score:8
67_sf4|cert:Não Certificado;score:54
68_sf4|cert:Não Certificado;score:73
69_sf4|cert:Tipo B;score:82
70_sf4|cert:Não Certificado;score:43
71_sf4|cert:Tipo C;score:54
72_sf4|cert:Tipo B;score:93
73_sf4|cert:Tipo C;score:69
74_sf4|cert:Tipo B;score:21
75_sf4|cert:Tipo B;score:60
76_sf4|cert:Tipo A;score:69
77_sf4|cert:Não Certificado;score:69
78_sf4|cert:Não Certificado;score:56
79_sf4|cert:Não Certificado;score:65
80_sf4|cert:Tipo B;score:32
81_sf4|cert:Tipo A;score:13
82_sf4|cert:Tipo C;score:19
83_sf4|cert:Tipo C;score:63
84_sf4|cert:Tipo B;score:3
85_sf4|cert:Tipo C;score:81
86_sf4|cert:Tipo A;score:23
87_sf4|cert:Tipo A;score:12
88_sf4|cert:Tipo B;score:81
89_sf4|cert:Não Certificado;score:86
90_sf4|cert:Tipo A;score:96
91_sf4|cert:Tipo B;score:70
92_sf4|cert:Tipo C;score:64
93_sf4|cert:Tipo A;score:36
94_sf4|cert:Não Certificado;score:42
95_sf4|cert:Tipo A;score:19
96_sf4|cert:Tipo B;score:28
97_sf4|cert:Não Certificado;score:56
98_sf4|cert:Tipo A;score:29
99_sf4|cert:Tipo C;score:85
100_sf4|cert:Tipo B;score:4
101_sf4|cert:Tipo C;score:88
102_sf4|cert:Não Certificado;score:62
103_sf4|cert:Não Certificado;score:15
104_sf4|cert:Tipo B;score:44
105_sf4|cert:Tipo B;score:76
106_sf4|cert:Não Certificado;score:10
107_sf4|cert:Tipo B;score:98
108_sf4|cert:Não Certificado;score:91
109_sf4|cert:Tipo B;score:75
110_sf4|cert:Tipo B;score:20
111_sf4|cert:Tipo C;score:43
112_sf4|cert:Tipo B;score:17
113_sf4|cert:Tipo C;score:53
114_sf4|cert:Tipo A;score:5
115_sf4|cert:Tipo A;score:56
116_sf4|cert:Tipo A;score:38
117_sf4|cert:Tipo B;score:40
118_sf4|cert:Tipo C;score:75
119_sf4|cert:Não Certificado;score:1
120_sf4|cert:Tipo B;score:56
121_sf4|cert:Tipo B;score:50
122_sf4|cert:Tipo B;score:93
123_sf4|cert:Tipo B;score:85
124_sf4|cert:Tipo B;score:6
125_sf4|cert:Tipo A;score:40
126_sf4|cert:Não Certificado;score:65
127_sf4|cert:Não Certificado;score:11
128_sf4|cert:Tipo B;score:26
129_sf4|cert:Não Certificado;score:52
130_sf4|cert:Tipo C;score:59
131_sf4|cert:Tipo A;score:90
132_sf4|cert:Tipo A;score:20
133_sf4|cert:Não Certificado;score:74
134_sf4|cert:Tipo B;score:75
135_sf4|cert:Tipo A;score:99
136_sf4|cert:Tipo B;score:75
137_sf4|cert:Tipo B;score:25
138_sf4|cert:Tipo A;score:23
139_sf4|cert:Tipo A;score:56
140_sf4|cert:Tipo C;score:39
141_sf4|cert:Tipo B;score:0
142_sf4|cert:Tipo A;score:95
143_sf4|cert:Tipo B;score:38
144_sf4|cert:Tipo B;score:41
145_sf4|cert:Tipo A;score:78
146_sf4|cert:Tipo C;score:5
147_sf4|cert:Não Certificado;score:76
148_sf4|cert:Não Certificado;score:43
149_sf4|cert:Tipo A;score:85
150_sf4|cert:Não Certificado;score:4
151_sf4|cert:Não Certificado;score:41
152_sf4|cert:Tipo B;score:6
153_sf4|cert:Tipo A;score:76
154_sf4|cert:Tipo C;score:0
155_sf4|cert:Tipo C;score:22
156_sf4|cert:Tipo A;score:76
157_sf4|cert:Tipo A;score:36
158_sf4|cert:Tipo A;score:32
159_sf4|cert:Não Certificado;score:7
160_sf4|cert:Tipo B;score:72
161_sf4|cert:Não Certificado;score:4
162_sf4|cert:Tipo C;score:50
163_sf4|cert:Tipo A;score:47
164_sf4|cert:Tipo C;score:90
165_sf4|cert:Tipo B;score:96
166_sf4|cert:Tipo A;score:30
167_sf4|cert:Tipo C;score:5
168_sf4|cert:Tipo B;score:84
169_sf4|cert:Não Certificado;score:37
170_sf4|cert:Não Certificado;score:63
171_sf4|cert:Tipo C;score:0
172_sf4|cert:Tipo A;score:8
173_sf4|cert:Tipo A;score:75
174_sf4|cert:Tipo C;score:20
175_sf4|cert:Tipo C;score:67
176_sf4|cert:Tipo B;score:37
177_sf4|cert:Tipo B;score:42
178_sf4|cert:Não Certificado;score:26
179_sf4|cert:Não Certificado;score:82
180_sf4|cert:Não Certificado;score:95
181_sf4|cert:Tipo C;score:38
182_sf4|cert:Não Certificado;score:93
183_sf4|cert:Tipo A;score:83
184_sf4|cert:Tipo B;score:52
185_sf4|cert:Tipo C;score:16
186_sf4|cert:Tipo B;score:4
187_sf4|cert:Tipo A;score:96
188_sf4|cert:Não Certificado;score:53
189_sf4|cert:Tipo A;score:96
190_sf4|cert:Tipo C;score:99
191_sf4|cert:Tipo C;score:95
192_sf4|cert:Tipo B;score:75
193_sf4|cert:Tipo A;score:21
194_sf4|cert:Não Certificado;score:12
195_sf4|cert:Tipo C;score:64
196_sf4|cert:Tipo B;score:28
197_sf4|cert:Tipo A;score:48
198_sf4|cert:Tipo B;score:44
199_sf4|cert:Não Certificado;score:86
200_sf4|cert:Tipo B;score:66
201_sf4|cert:Tipo B;score:50
202_sf4|cert:Tipo B;score:18
203_sf4|cert:Tipo B;score:80
204_sf4|cert:Tipo C;score:95
205_sf4|cert:Tipo A;score:55
206_sf4|cert:Tipo B;score:19
207_sf4|cert:Tipo B;score:48
208_sf4|cert:Tipo B;score:78
209_sf4|cert:Tipo A;score:67
210_sf4|cert:Tipo A;score:94
211_sf4|cert:Não Certificado;score:48
212_sf4|cert:Tipo B;score:56
213_sf4|cert:Tipo B;score:50
214_sf4|cert:Não Certificado;score:96
215_sf4|cert:Tipo C;score:84
216_sf4|cert:Tipo B;score:73
217_sf4|cert:Não Certificado;score:97
218_sf4|cert:Tipo A;score:76
219_sf4|cert:Não Certificado;score:73
220_sf4|cert:Tipo B;score:97
221_sf4|cert:Tipo B;score:60
222_sf4|cert:Tipo A;score:7
223_sf4|cert:Tipo A;score:68
224_sf4|cert:Tipo B;score:50
225_sf4|cert:Tipo B;score:23
226_sf4|cert:Tipo B;score:48
227_sf4|cert:Tipo C;score:43
228_sf4|cert:Tipo B;score:32
229_sf4|cert:Tipo C;score:52
230_sf4|cert:Tipo A;score:28
231_sf4|cert:Tipo B;score:52
232_sf4|cert:Tipo B;score:97
233_sf4|cert:Tipo A;score:75
234_sf4|cert:Tipo C;score:57
235_sf4|cert:Tipo A;score:74
236_sf4|cert:Tipo B;score:86
237_sf4|cert:Tipo A;score:54
238_sf4|cert:Tipo C;score:47
239_sf4|cert:Não Certificado;score:56
240_sf4|cert:Tipo B;score:78
241_sf4|cert:Tipo A;score:78
242_sf4|cert:Tipo B;score:78
243_sf4|cert:Tipo C;score:61
244_sf4|cert:Tipo B;score:78
245_sf4|cert:Tipo A;score:38
246_sf4|cert:Tipo C;score:47
247_sf4|cert:Tipo A;score:89
248_sf4|cert:Tipo B;score:64
249_sf4|cert:Não Certificado;score:13
250_sf4|cert:Tipo A;score:64
251_sf4|cert:Tipo C;score:90
252_sf4|cert:Tipo C;score:5
253_sf4|cert:Não Certificado;score:36
254_sf4|cert:Não Certificado;score:44
255_sf4|cert:Tipo A;score:8
256_sf4|cert:Tipo B;score:51
257_sf4|cert:Tipo A;score:31
258_sf4|cert:Tipo A;score:19
259_sf4|cert:Tipo B;score:8
260_sf4|cert:Tipo A;score:11
261_sf4|cert:Tipo C;score:61
262_sf4|cert:Tipo B;score:44
263_sf4|cert:Tipo B;score:9
264_sf4|cert:Tipo B;score:11
265_sf4|cert:Tipo C;score:62
266_sf4|cert:Tipo B;score:7
267_sf4|cert:Não Certificado;score:26
268_sf4|cert:Não Certificado;score:97
269_sf4|cert:Tipo B;score:52
270_sf4|cert:Tipo B;score:0
271_sf4|cert:Tipo B;score:96
272_sf4|cert:Tipo B;score:48
273_sf4|cert:Tipo B;score:3
274_sf4|cert:Tipo A;score:95
275_sf4|cert:Não Certificado;score:91
276_sf4|cert:Tipo A;score:55
277_sf4|cert:Tipo A;score:28
278_sf4|cert:Tipo B;score:48
279_sf4|cert:Não Certificado;score:7
280_sf4|cert:Tipo B;score:64
281_sf4|cert:Tipo C;score:46
282_sf4|cert:Tipo B;score:12
283_sf4|cert:Tipo C;score:68
284_sf4|cert:Tipo C;score:55
285_sf4|cert:Tipo C;score:0
286_sf4|cert:Não Certificado;score:27
287_sf4|cert:Tipo B;score:66
288_sf4|cert:Tipo B;score:9
289_sf4|cert:Tipo C;score:3
290_sf4|cert:Tipo A;score:43
291_sf4|cert:Tipo B;score:7
292_sf4|cert:Tipo A;score:71
293_sf4|cert:Tipo C;score:77
294_sf4|cert:Tipo A;score:52
295_sf4|cert:Tipo B;score:84
296_sf4|cert:Tipo B;score:25
297_sf4|cert:Tipo B;score:54
298_sf4|cert:Tipo C;score:10
299_sf4|cert:Tipo B;score:45
300_sf4|cert:Tipo A;score:94
301_sf4|cert:Tipo A;score:92
302_sf4|cert:Tipo B;score:80
303_sf4|cert:Tipo C;score:90
304_sf4|cert:Tipo B;score:98
305_sf4|cert:Tipo A;score:9
306_sf4|cert:Tipo C;score:18
307_sf4|cert:Tipo B;score:34
308_sf4|cert:Tipo B;score:43
309_sf4|cert:Tipo B;score:7
310_sf4|cert:Tipo B;score:9
311_sf4|cert:Tipo B;score:62
312_sf4|cert:Tipo B;score:19
313_sf4|cert:Não Certificado;score:16
314_sf4|cert:Não Certificado;score:90
315_sf4|cert:Tipo C;score:34
316_sf4|cert:Tipo C;score:33
317_sf4|cert:Tipo B;score:5
318_sf4|cert:Tipo C;score:33
319_sf4|cert:Tipo A;score:73
320_sf4|cert:Tipo B;score:8
321_sf4|cert:Não Certificado;score:51
322_sf4|cert:Tipo C;score:84
323_sf4|cert:Não Certificado;score:43
324_sf4|cert:Tipo B;score:74
325_sf4|cert:Tipo B;score:2
326_sf4|cert:Tipo A;score:39
327_sf4|cert:Tipo A;score:27
328_sf4|cert:Tipo B;score:73
329_sf4|cert:Tipo B;score:74
330_sf4|cert:Tipo C;score:39
331_sf4|cert:Tipo C;score:6
332_sf4|cert:Tipo C;score:65
333_sf4|cert:Não Certificado;score:48
334_sf4|cert:Tipo B;score:8
335_sf4|cert:Tipo C;score:26
336_sf4|cert:Tipo B;score:31
337_sf4|cert:Não Certificado;score:57
338_sf4|cert:Tipo A;score:86
339_sf4|cert:Tipo B;score:98
340_sf4|cert:Tipo B;score:89
341_sf4|cert:Tipo A;score:47
342_sf4|cert:Tipo C;score:10
343_sf4|cert:Tipo A;score:94
344_sf4|cert:Tipo B;score:83
345_sf4|cert:Tipo B;score:27
346_sf4|cert:Tipo A;score:60
347_sf4|cert:Tipo C;score:9
348_sf4|cert:Tipo A;score:64
349_sf4|cert:Tipo B;score:53
350_sf4|cert:Tipo A;score:91
351_sf4|cert:Não Certificado;score:12
352_sf4|cert:Tipo B;score:97
353_sf4|cert:Tipo C;score:18
354_sf4|cert:Tipo B;score:78
355_sf4|cert:Tipo A;score:72
356_sf4|cert:Tipo C;score:79
357_sf4|cert:Não Certificado;score:8
358_sf4|cert:Tipo A;score:61
359_sf4|cert:Tipo C;score:24
360_sf4|cert:Tipo B;score:49
361_sf4|cert:Tipo B;score:33
362_sf4|cert:Tipo C;score:24
363_sf4|cert:Tipo C;score:4
364_sf4|cert:Tipo B;score:27
365_sf4|cert:Não Certificado;score:1
366_sf4|cert:Tipo B;score:89
367_sf4|cert:Tipo B;score:21
368_sf4|cert:Tipo B;score:27
369_sf4|cert:Tipo B;score:22
370_sf4|cert:Tipo B;score:45
371_sf4|cert:Tipo B;score:16
372_sf4|cert:Tipo C;score:57
373_sf4|cert:Não Certificado;score:99
374_sf4|cert:Tipo A;score:64
375_sf4|cert:Tipo C;score:97
376_sf4|cert:Tipo B;score:61
377_sf4|cert:Tipo B;score:1
378_sf4|cert:Tipo A;score:36
379_sf4|cert:Tipo A;score:21
380_sf4|cert:Não Certificado;score:2
381_sf4|cert:Tipo B;score:32
382_sf4|cert:Tipo B;score:20
383_sf4|cert:Tipo B;score:28
384_sf4|cert:Tipo B;score:59
385_sf4|cert:Tipo A;score:15
386_sf4|cert:Tipo C;score:29
387_sf4|cert:Não Certificado;score:0
388_sf4|cert:Tipo C;score:66
389_sf4|cert:Tipo C;score:24
390_sf4|cert:Não Certificado;score:13
391_sf4|cert:Tipo C;score:73
392_sf4|cert:Tipo B;score:22
393_sf4|cert:Tipo C;score:97
394_sf4|cert:Tipo C;score:36
395_sf4|cert:Tipo B;score:33
396_sf4|cert:Tipo B;score:28
397_sf4|cert:Não Certificado;score:2
398_sf4|cert:Tipo B;score:29
399_sf4|cert:Tipo C;score:43
400_sf4|cert:Tipo B;score:20
401_sf4|cert:Tipo B;score:67
402_sf4|cert:Tipo C;score:92
403_sf4|cert:Não Certificado;score:50
404_sf4|cert:Não Certificado;score:95
405_sf4|cert:Tipo C;score:29
406_sf4|cert:Tipo C;score:18
407_sf4|cert:Tipo B;score:75
408_sf4|cert:Tipo B;score:32
409_sf4|cert:Tipo B;score:49
410_sf4|cert:Tipo C;score:23
411_sf4|cert:Não Certificado;score:53
412_sf4|cert:Tipo B;score:49
413_sf4|cert:Tipo A;score:83
414_sf4|cert:Tipo A;score:21
415_sf4|cert:Não Certificado;score:98
416_sf4|cert:Tipo B;score:22
417_sf4|cert:Tipo B;score:62
418_sf4|cert:Tipo B;score:78
419_sf4|cert:Tipo C;score:39
420_sf4|cert:Tipo C;score:89
421_sf4|cert:Tipo B;score:99
422_sf4|cert:Tipo A;score:96
423_sf4|cert:Tipo A;score:59
424_sf4|cert:Tipo B;score:4
425_sf4|cert:Tipo C;score:22
426_sf4|cert:Tipo C;score:34
427_sf4|cert:Tipo B;score:34
428_sf4|cert:Tipo A;score:13
429_sf4|cert:Não Certificado;score:74
430_sf4|cert:Não Certificado;score:24
431_sf4|cert:Não Certificado;score:42
432_sf4|cert:Tipo B;score:41
433_sf4|cert:Tipo B;score:29
434_sf4|cert:Tipo B;score:92
435_sf4|cert:Tipo C;score:80
436_sf4|cert:Tipo A;score:48
437_sf4|cert:Não Certificado;score:97
438_sf4|cert:Tipo B;score:10
439_sf4|cert:Tipo C;score:55
440_sf4|cert:Tipo B;score:75
441_sf4|cert:Tipo A;score:67
442_sf4|cert:Tipo C;score:9
443_sf4|cert:Tipo B;score:74
444_sf4|cert:Não Certificado;score:94
445_sf4|cert:Não Certificado;score:99
446_sf4|cert:Tipo A;score:92
447_sf4|cert:Tipo A;score:53
448_sf4|cert:Tipo B;score:75
449_sf4|cert:Tipo C;score:48
450_sf4|cert:Tipo A;score:82
451_sf4|cert:Tipo B;score:17
452_sf4|cert:Tipo C;score:90
453_sf4|cert:Tipo C;score:6
454_sf4|cert:Não Certificado;score:88
455_sf4|cert:Tipo B;score:10
456_sf4|cert:Tipo B;score:13
457_sf4|cert:Não Certificado;score:29
458_sf4|cert:Não Certificado;score:80
459_sf4|cert:Tipo B;score:9
460_sf4|cert:Não Certificado;score:83
461_sf4|cert:Tipo A;score:64
462_sf4|cert:Tipo B;score:44
463_sf4|cert:Tipo B;score:9
464_sf4|cert:Tipo B;score:57
465_sf4|cert:Tipo B;score:78
466_sf4|cert:Tipo C;score:90
467_sf4|cert:Tipo B;score:95
468_sf4|cert:Tipo B;score:73
469_sf4|cert:Tipo A;score:75
470_sf4|cert:Não Certificado;score:62
471_sf4|cert:Tipo B;score:40
472_sf4|cert:Tipo B;score:27
473_sf4|cert:Tipo C;score:91
474_sf4|cert:Tipo B;score:87
475_sf4|cert:Tipo A;score:50
476_sf4|cert:Não Certificado;score:18
477_sf4|cert:Tipo C;score:59
478_sf4|cert:Tipo A;score:19
479_sf4|cert:Tipo B;score:83
480_sf4|cert:Tipo B;score:69
481_sf4|cert:Não Certificado;score:75
482_sf4|cert:Não Certificado;score:64
483_sf4|cert:Tipo A;score:10
484_sf4|cert:Tipo A;score:25
485_sf4|cert:Tipo A;score:72
486_sf4|cert:Tipo A;score:92
487_sf4|cert:Tipo A;score:88
488_sf4|cert:Tipo B;score:17
489_sf4|cert:Tipo B;score:54
490_sf4|cert:Tipo B;score:15
491_sf4|cert:Tipo B;score:29
492_sf4|cert:Não Certificado;score:58
493_sf4|cert:Tipo A;score:51
494_sf4|cert:Tipo A;score:80
495_sf4|cert:Tipo A;score:83
496_sf4|cert:Tipo B;score:46
497_sf4|cert:Não Certificado;score:84
498_sf4|cert:Tipo B;score:74
499_sf4|cert:Tipo A;score:1
500_sf4|cert:Tipo C;score:22
501_sf4|cert:Tipo B;score:80
502_sf4|cert:Não Certificado;score:46
503_sf4|cert:Não Certificado;score:32
504_sf4|cert:Tipo B;score:55
505_sf4|cert:Tipo B;score:74
506_sf4|cert:Tipo C;score:88
507_sf4|cert:Tipo B;score:60
508_sf4|cert:Tipo B;score:68
509_sf4|cert:Tipo B;score:31
510_sf4|cert:Tipo B;score:49
511_sf4|cert:Tipo B;score:56
512_sf4|cert:Tipo B;score:72
513_sf4|cert:Tipo A;score:54
514_sf4|cert:Tipo A;score:43
515_sf4|cert:Tipo B;score:12
516_sf4|cert:Tipo C;score:71
517_sf4|cert:Tipo A;score:58
518_sf4|cert:Tipo B;score:24
519_sf4|cert:Tipo A;score:44
520_sf4|cert:Tipo B;score:40
521_sf4|cert:Tipo B;score:43
522_sf4|cert:Tipo A;score:87
523_sf4|cert:Tipo A;score:6
524_sf4|cert:Tipo B;score:1
525_sf4|cert:Tipo B;score:63
526_sf4|cert:Não Certificado;score:34
527_sf4|cert:Tipo B;score:56
528_sf4|cert:Tipo B;score:49
529_sf4|cert:Tipo C;score:53
530_sf4|cert:Não Certificado;score:9
531_sf4|cert:Não Certificado;score:42
532_sf4|cert:Tipo C;score:44
533_sf4|cert:Tipo C;score:60
534_sf4|cert:Não Certificado;score:48
535_sf4|cert:Tipo A;score:37
536_sf4|cert:Tipo B;score:3
537_sf4|cert:Tipo B;score:96
538_sf4|cert:Tipo B;score:26
539_sf4|cert:Não Certificado;score:40
540_sf4|cert:Tipo C;score:4
541_sf4|cert:Tipo A;score:8
542_sf4|cert:Tipo B;score:26
543_sf4|cert:Não Certificado;score:54
544_sf4|cert:Tipo B;score:64
545_sf4|cert:Tipo A;score:93
546_sf4|cert:Tipo B;score:23
547_sf4|cert:Tipo B;score:36
548_sf4|cert:Tipo B;score:92
549_sf4|cert:Tipo B;score:62
550_sf4|cert:Tipo C;score:24
551_sf4|cert:Tipo C;score:82
552_sf4|cert:Tipo B;score:72
553_sf4|cert:Não Certificado;score:50
554_sf4|cert:Tipo B;score:32
555_sf4|cert:Tipo C;score:80
556_sf4|cert:Tipo B;score:99
557_sf4|cert:Tipo A;score:50
558_sf4|cert:Tipo B;score:96
559_sf4|cert:Não Certificado;score:30
560_sf4|cert:Tipo B;score:55
561_sf4|cert:Tipo B;score:72
562_sf4|cert:Tipo A;score:22
563_sf4|cert:Tipo C;score:42
564_sf4|cert:Tipo B;score:39
565_sf4|cert:Não Certificado;score:87
566_sf4|cert:Tipo C;score:99
567_sf4|cert:Não Certificado;score:50
568_sf4|cert:Tipo B;score:39
569_sf4|cert:Tipo B;score:72
570_sf4|cert:Tipo B;score:12
571_sf4|cert:Não Certificado;score:16
572_sf4|cert:Tipo C;score:41
573_sf4|cert:Tipo C;score:45
574_sf4|cert:Tipo A;score:12
575_sf4|cert:Tipo A;score:81
576_sf4|cert:Tipo B;score:73
577_sf4|cert:Tipo C;score:80
578_sf4|cert:Não Certificado;score:34
579_sf4|cert:Não Certificado;score:16
580_sf4|cert:Tipo A;score:3
581_sf4|cert:Tipo B;score:81
582_sf4|cert:Tipo B;score:9
583_sf4|cert:Tipo B;score:45
584_sf4|cert:Tipo B;score:42
585_sf4|cert:Não Certificado;score:61
586_sf4|cert:Tipo C;score:4
587_sf4|cert:Tipo A;score:97
588_sf4|cert:Tipo C;score:32
589_sf4|cert:Tipo A;score:30
590_sf4|cert:Não Certificado;score:20
591_sf4|cert:Tipo C;score:21
592_sf4|cert:Tipo B;score:10
593_sf4|cert:Não Certificado;score:4
594_sf4|cert:Tipo B;score:27
595_sf4|cert:Não Certificado;score:88
596_sf4|cert:Tipo A;score:75
597_sf4|cert:Tipo B;score:53
598_sf4|cert:Tipo C;score:63
599_sf4|cert:Não Certificado;score:80
600_sf4|cert:Tipo B;score:45
601_sf4|cert:Tipo B;score:66
602_sf4|cert:Tipo B;score:17
603_sf4|cert:Não Certificado;score:67
604_sf4|cert:Tipo C;score:93
605_sf4|cert:Tipo A;score:81
606_sf4|cert:Tipo B;score:6
607_sf4|cert:Tipo C;score:64
608_sf4|cert:Tipo B;score:62
609_sf4|cert:Tipo B;score:83
610_sf4|cert:Tipo A;score:36
611_sf4|cert:Tipo B;score:81
612_sf4|cert:Não Certificado;score:68
613_sf4|cert:Não Certificado;score:51
614_sf4|cert:Tipo C;score:69
615_sf4|cert:Tipo A;score:73
616_sf4|cert:Tipo B;score:80
617_sf4|cert:Tipo B;score:98
618_sf4|cert:Tipo C;score:5
619_sf4|cert:Tipo A;score:59
620_sf4|cert:Tipo B;score:54
621_sf4|cert:Não Certificado;score:56
622_sf4|cert:Tipo A;score:9
623_sf4|cert:Tipo A;score:1
624_sf4|cert:Tipo B;score:61
625_sf4|cert:Tipo C;score:27
626_sf4|cert:Não Certificado;score:52
627_sf4|cert:Tipo C;score:63
628_sf4|cert:Tipo A;score:61
629_sf4|cert:Tipo B;score:83
630_sf4|cert:Tipo A;score:0
631_sf4|cert:Tipo B;score:90
632_sf4|cert:Tipo B;score:14
633_sf4|cert:Tipo C;score:2
634_sf4|cert:Tipo C;score:32
635_sf4|cert:Tipo B;score:95
636_sf4|cert:Tipo C;score:59
637_sf4|cert:Tipo A;score:8
638_sf4|cert:Tipo B;score:41
639_sf4|cert:Tipo B;score:53
640_sf4|cert:Tipo B;score:23
641_sf4|cert:Não Certificado;score:50
642_sf4|cert:Tipo B;score:95
643_sf4|cert:Tipo A;score:46
644_sf4|cert:Tipo B;score:4
645_sf4|cert:Tipo A;score:93
646_sf4|cert:Não Certificado;score:14
647_sf4|cert:Tipo A;score:19
648_sf4|cert:Tipo B;score:49
649_sf4|cert:Não Certificado;score:50
650_sf4|cert:Tipo A;score:43
651_sf4|cert:Não Certificado;score:44
652_sf4|cert:Tipo A;score:28
653_sf4|cert:Tipo A;score:38
654_sf4|cert:Tipo B;score:50
655_sf4|cert:Tipo B;score:9
656_sf4|cert:Tipo B;score:97
657_sf4|cert:Tipo B;score:94
658_sf4|cert:Tipo A;score:24
659_sf4|cert:Tipo C;score:92
660_sf4|cert:Tipo B;score:15
661_sf4|cert:Tipo A;score:0
662_sf4|cert:Tipo B;score:98
663_sf4|cert:Tipo B;score:7
664_sf4|cert:Tipo B;score:70
665_sf4|cert:Tipo C;score:95
666_sf4|cert:Tipo B;score:3
667_sf4|cert:Tipo C;score:66
668_sf4|cert:Tipo C;score:26
669_sf4|cert:Tipo A;score:47
670_sf4|cert:Não Certificado;score:38
671_sf4|cert:Tipo B;score:91
672_sf4|cert:Tipo B;score:48
673_sf4|cert:Não Certificado;score:39
674_sf4|cert:Tipo A;score:40
675_sf4|cert:Não Certificado;score:20
676_sf4|cert:Não Certificado;score:32
677_sf4|cert:Tipo C;score:33
678_sf4|cert:Não Certificado;score:89
679_sf4|cert:Não Certificado;score:79
680_sf4|cert:Tipo B;score:48
681_sf4|cert:Não Certificado;score:76
682_sf4|cert:Não Certificado;score:15
683_sf4|cert:Tipo B;score:25
684_sf4|cert:Tipo A;score:19
685_sf4|cert:Tipo A;score:85
686_sf4|cert:Tipo A;score:10
687_sf4|cert:Tipo C;score:22
688_sf4|cert:Tipo B;score:26
689_sf4|cert:Tipo B;score:81
690_sf4|cert:Tipo A;score:52
691_sf4|cert:Tipo B;score:5
692_sf4|cert:Tipo A;score:70
693_sf4|cert:Tipo C;score:73
694_sf4|cert:Tipo A;score:71
695_sf4|cert:Tipo C;score:19
696_sf4|cert:Tipo B;score:64
697_sf4|cert:Tipo C;score:10
698_sf4|cert:Não Certificado;score:87
699_sf4|cert:Tipo A;score:44
700_sf4|cert:Tipo C;score:4
701_sf4|cert:Tipo A;score:7
702_sf4|cert:Tipo C;score:35
703_sf4|cert:Tipo B;score:24
704_sf4|cert:Tipo B;score:44
705_sf4|cert:Não Certificado;score:54
706_sf4|cert:Tipo C;score:11
707_sf4|cert:Tipo C;score:8
708_sf4|cert:Tipo C;score:94
709_sf4|cert:Tipo B;score:73
710_sf4|cert:Tipo B;score:24
711_sf4|cert:Tipo C;score:57
712_sf4|cert:Tipo B;score:28
713_sf4|cert:Tipo C;score:2
714_sf4|cert:Tipo A;score:2
715_sf4|cert:Não Certificado;score:10
716_sf4|cert:Tipo B;score:32
717_sf4|cert:Tipo B;score:69
718_sf4|cert:Tipo A;score:74
719_sf4|cert:Tipo A;score:54
720_sf4|cert:Tipo B;score:6
721_sf4|cert:Tipo B;score:80
722_sf4|cert:Tipo C;score:10
723_sf4|cert:Tipo B;score:90
724_sf4|cert:Tipo C;score:60
725_sf4|cert:Não Certificado;score:14
726_sf4|cert:Tipo A;score:14
727_sf4|cert:Tipo B;score:10
728_sf4|cert:Tipo B;score:4
729_sf4|cert:Tipo B;score:86
730_sf4|cert:Tipo C;score:49
731_sf4|cert:Tipo B;score:19
732_sf4|cert:Tipo B;score:2
733_sf4|cert:Tipo A;score:34
734_sf4|cert:Tipo A;score:95
735_sf4|cert:Não Certificado;score:71
736_sf4|cert:Tipo B;score:31
737_sf4|cert:Tipo A;score:24
738_sf4|cert:Tipo B;score:54
739_sf4|cert:Tipo A;score:96
740_sf4|cert:Tipo A;score:74
741_sf4|cert:Tipo C;score:86
742_sf4|cert:Tipo B;score:46
743_sf4|cert:Tipo B;score:28
744_sf4|cert:Tipo B;score:9
745_sf4|cert:Tipo A;score:76
746_sf4|cert:Tipo B;score:85
747_sf4|cert:Tipo B;score:67
748_sf4|cert:Tipo A;score:46
749_sf4|cert:Tipo A;score:59
750_sf4|cert:Tipo C;score:10
751_sf4|cert:Tipo C;score:67
752_sf4|cert:Tipo B;score:53
753_sf4|cert:Tipo C;score:33
754_sf4|cert:Tipo B;score:76
755_sf4|cert:Tipo C;score:30
756_sf4|cert:Tipo A;score:89
757_sf4|cert:Tipo B;score:30
758_sf4|cert:Não Certificado;score:20
759_sf4|cert:Tipo C;score:1
760_sf4|cert:Tipo B;score:1
761_sf4|cert:Tipo C;score:66
762_sf4|cert:Tipo A;score:67
763_sf4|cert:Tipo A;score:97
764_sf4|cert:Tipo B;score:54
765_sf4|cert:Tipo B;score:90
766_sf4|cert:Tipo B;score:49
767_sf4|cert:Tipo C;score:4
768_sf4|cert:Tipo B;score:29
769_sf4|cert:Não Certificado;score:88
770_sf4|cert:Tipo A;score:38
771_sf4|cert:Tipo C;score:94
772_sf4|cert:Tipo B;score:45
773_sf4|cert:Tipo A;score:8
774_sf4|cert:Não Certificado;score:20
775_sf4|cert:Tipo C;score:80
776_sf4|cert:Tipo B;score:8
777_sf4|cert:Tipo A;score:18
778_sf4|cert:Tipo B;score:71
779_sf4|cert:Tipo B;score:2
780_sf4|cert:Tipo B;score:90
781_sf4|cert:Tipo A;score:6
782_sf4|cert:Tipo B;score:40
783_sf4|cert:Não Certificado;score:23
784_sf4|cert:Tipo B;score:30
785_sf4|cert:Tipo A;score:11
786_sf4|cert:Não Certificado;score:30
787_sf4|cert:Não Certificado;score:31
788_sf4|cert:Tipo C;score:66
789_sf4|cert:Não Certificado;score:66
790_sf4|cert:Tipo A;score:31
791_sf4|cert:Tipo A;score:14
792_sf4|cert:Tipo B;score:63
793_sf4|cert:Não Certificado;score:1
794_sf4|cert:Tipo B;score:50
795_sf4|cert:Tipo A;score:64
796_sf4|cert:Tipo A;score:24
797_sf4|cert:Tipo C;score:96
798_sf4|cert:Não Certificado;score:93
799_sf4|cert:Não Certificado;score:67
800_sf4|cert:Tipo B;score:12
801_sf4|cert:Tipo A;score:7
802_sf4|cert:Não Certificado;score:66
803_sf4|cert:Tipo B;score:92
804_sf4|cert:Não Certificado;score:25
805_sf4|cert:Tipo B;score:89
806_sf4|cert:Tipo A;score:46
807_sf4|cert:Tipo C;score:67
808_sf4|cert:Tipo B;score:5
809_sf4|cert:Tipo B;score:48
810_sf4|cert:Tipo C;score:41
811_sf4|cert:Não Certificado;score:93
812_sf4|cert:Tipo C;score:38
813_sf4|cert:Não Certificado;score:55
814_sf4|cert:Tipo A;score:80
815_sf4|cert:Não Certificado;score:25
816_sf4|cert:Tipo B;score:42
817_sf4|cert:Tipo C;score:44
818_sf4|cert:Tipo A;score:69
819_sf4|cert:Tipo C;score:59
820_sf4|cert:Tipo B;score:41
821_sf4|cert:Tipo A;score:38
822_sf4|cert:Não Certificado;score:37
823_sf4|cert:Não Certificado;score:12
824_sf4|cert:Tipo B;score:53
825_sf4|cert:Tipo B;score:2
826_sf4|cert:Tipo B;score:16
827_sf4|cert:Não Certificado;score:2
828_sf4|cert:Tipo B;score:44
829_sf4|cert:Tipo C;score:5
830_sf4|cert:Tipo A;score:45
831_sf4|cert:Tipo C;score:72
832_sf4|cert:Tipo B;score:45
833_sf4|cert:Tipo B;score:86
834_sf4|cert:Tipo B;score:2
835_sf4|cert:Tipo B;score:40
836_sf4|cert:Não Certificado;score:61
837_sf4|cert:Tipo C;score:3
838_sf4|cert:Não Certificado;score:39
839_sf4|cert:Tipo A;score:60
840_sf4|cert:Tipo B;score:90
841_sf4|cert:Não Certificado;score:85
842_sf4|cert:Não Certificado;score:15
843_sf4|cert:Tipo A;score:87
844_sf4|cert:Não Certificado;score:59
845_sf4|cert:Tipo A;score:2
846_sf4|cert:Tipo A;score:0
847_sf4|cert:Tipo A;score:43
848_sf4|cert:Tipo B;score:80
849_sf4|cert:Tipo B;score:47
850_sf4|cert:Não Certificado;score:49
851_sf4|cert:Tipo C;score:51
852_sf4|cert:Tipo B;score:41
853_sf4|cert:Tipo A;score:76
854_sf4|cert:Tipo A;score:35
855_sf4|cert:Tipo C;score:60
856_sf4|cert:Tipo B;score:16
857_sf4|cert:Não Certificado;score:63
858_sf4|cert:Tipo A;score:3
859_sf4|cert:Não Certificado;score:31
860_sf4|cert:Não Certificado;score:44
861_sf4|cert:Tipo B;score:23
862_sf4|cert:Tipo A;score:83
863_sf4|cert:Tipo C;score:52
864_sf4|cert:Tipo B;score:43
865_sf4|cert:Tipo A;score:91
866_sf4|cert:Tipo B;score:96
867_sf4|cert:Tipo B;score:95
868_sf4|cert:Não Certificado;score:63
869_sf4|cert:Tipo A;score:95
870_sf4|cert:Não Certificado;score:33
871_sf4|cert:Tipo A;score:52
872_sf4|cert:Tipo B;score:56
873_sf4|cert:Tipo A;score:11
874_sf4|cert:Tipo B;score:55
875_sf4|cert:Não Certificado;score:11
876_sf4|cert:Não Certificado;score:51
877_sf4|cert:Tipo C;score:89
878_sf4|cert:Tipo B;score:0
879_sf4|cert:Não Certificado;score:91
880_sf4|cert:Tipo B;score:36
881_sf4|cert:Não Certificado;score:58
882_sf4|cert:Tipo B;score:19
883_sf4|cert:Tipo C;score:34
884_sf4|cert:Tipo A;score:19
885_sf4|cert:Tipo A;score:94
886_sf4|cert:Tipo C;score:65
887_sf4|cert:Tipo C;score:23
888_sf4|cert:Tipo B;score:67
889_sf4|cert:Tipo A;score:84
890_sf4|cert:Tipo A;score:48
891_sf4|cert:Tipo A;score:90
892_sf4|cert:Tipo C;score:73
893_sf4|cert:Não Certificado;score:2
894_sf4|cert:Tipo B;score:8
895_sf4|cert:Tipo A;score:5
896_sf4|cert:Tipo B;score:57
897_sf4|cert:Não Certificado;score:22
898_sf4|cert:Tipo B;score:18
899_sf4|cert:Tipo A;score:19
900_sf4|cert:Tipo A;score:80
901_sf4|cert:Tipo C;score:38
902_sf4|cert:Tipo B;score:80
903_sf4|cert:Tipo B;score:53
904_sf4|cert:Tipo B;score:21
905_sf4|cert:Tipo C;score:22
906_sf4|cert:Tipo A;score:67
907_sf4|cert:Não Certificado;score:99
908_sf4|cert:Tipo A;score:65
909_sf4|cert:Tipo A;score:2
910_sf4|cert:Tipo C;score:69
911_sf4|cert:Tipo B;score:78
912_sf4|cert:Tipo B;score:81
913_sf4|cert:Tipo A;score:55
914_sf4|cert:Tipo A;score:61
915_sf4|cert:Tipo A;score:12
916_sf4|cert:Não Certificado;score:38
917_sf4|cert:Tipo B;score:43
918_sf4|cert:Tipo B;score:44
919_sf4|cert:Não Certificado;score:4
920_sf4|cert:Tipo B;score:68
921_sf4|cert:Não Certificado;score:6
922_sf4|cert:Tipo A;score:42
923_sf4|cert:Tipo A;score:36
924_sf4|cert:Tipo C;score:80
925_sf4|cert:Tipo B;score:54
926_sf4|cert:Tipo C;score:77
927_sf4|cert:Não Certificado;score:71
928_sf4|cert:Tipo B;score:62
929_sf4|cert:Tipo B;score:58
930_sf4|cert:Não Certificado;score:80
931_sf4|cert:Tipo A;score:73
932_sf4|cert:Tipo C;score:72
933_sf4|cert:Tipo C;score:3
934_sf4|cert:Não Certificado;score:26
935_sf4|cert:Tipo A;score:0
936_sf4|cert:Tipo B;score:85
937_sf4|cert:Não Certificado;score:21
938_sf4|cert:Tipo C;score:72
939_sf4|cert:Tipo B;score:0
940_sf4|cert:Tipo B;score:31
941_sf4|cert:Não Certificado;score:70
942_sf4|cert:Não Certificado;score:39
943_sf4|cert:Tipo A;score:43
944_sf4|cert:Tipo B;score:46
945_sf4|cert:Não Certificado;score:53
946_sf4|cert:Tipo B;score:58
947_sf4|cert:Não Certificado;score:1
948_sf4|cert:Não Certificado;score:72
949_sf4|cert:Tipo B;score:30
950_sf4|cert:Não Certificado;score:63
951_sf4|cert:Não Certificado;score:30
952_sf4|cert:Tipo B;score:21
953_sf4|cert:Tipo B;score:50
954_sf4|cert:Tipo C;score:24
955_sf4|cert:Tipo A;score:0
956_sf4|cert:Tipo B;score:27
957_sf4|cert:Tipo C;score:93
958_sf4|cert:Tipo C;score:46
959_sf4|cert:Tipo C;score:90
960_sf4|cert:Tipo B;score:59
961_sf4|cert:Não Certificado;score:48
962_sf4|cert:Não Certificado;score:40
963_sf4|cert:Tipo A;score:82
964_sf4|cert:Não Certificado;score:45
965_sf4|cert:Tipo B;score:20
966_sf4|cert:Tipo C;score:86
967_sf4|cert:Tipo C;score:3
968_sf4|cert:Tipo B;score:67
969_sf4|cert:Tipo C;score:83
970_sf4|cert:Não Certificado;score:89
971_sf4|cert:Tipo A;score:43
972_sf4|cert:Tipo B;score:43
973_sf4|cert:Tipo B;score:19
974_sf4|cert:Tipo B;score:58
975_sf4|cert:Tipo C;score:68
976_sf4|cert:Tipo B;score:68
977_sf4|cert:Tipo B;score:50
978_sf4|cert:Tipo B;score:78
979_sf4|cert:Não Certificado;score:69
980_sf4|cert:Tipo B;score:0
981_sf4|cert:Tipo A;score:0
982_sf4|cert:Tipo C;score:58
983_sf4|cert:Tipo B;score:88
984_sf4|cert:Tipo B;score:84
985_sf4|cert:Tipo B;score:92
986_sf4|cert:Tipo A;score:14
987_sf4|cert:Não Certificado;score:89
988_sf4|cert:Tipo C;score:51
989_sf4|cert:Tipo C;score:35
990_sf4|cert:Tipo A;score:60
991_sf4|cert:Não Certificado;score:81
992_sf4|cert:Tipo B;score:80
993_sf4|cert:Tipo C;score:62
994_sf4|cert:Tipo B;score:72
995_sf4|cert:Tipo C;score:37
996_sf4|cert:Não Certificado;score:42
997_sf4|cert:Tipo B;score:74
998_sf4|cert:Tipo B;score:67
999_sf4|cert:Tipo A;score:57
1000_sf4|cert:Tipo B;score:61
1001_sf4|cert:Tipo A;score:88
1002_sf4|cert:Tipo C;score:35
1003_sf4|cert:Tipo C;score:81
1004_sf4|cert:Tipo B;score:79
1005_sf4|cert:Tipo C;score:75
1006_sf4|cert:Não Certificado;score:57
1007_sf4|cert:Tipo B;score:62
1008_sf4|cert:Tipo B;score:51
1009_sf4|cert:Tipo B;score:12
1010_sf4|cert:Tipo A;score:10
1011_sf4|cert:Tipo A;score:17
1012_sf4|cert:Não Certificado;score:69
1013_sf4|cert:Tipo C;score:24
1014_sf4|cert:Tipo B;score:23
1015_sf4|cert:Não Certificado;score:85
1016_sf4|cert:Tipo B;score:5
1017_sf4|cert:Tipo A;score:5
1018_sf4|cert:Não Certificado;score:8
1019_sf4|cert:Tipo C;score:50
1020_sf4|cert:Tipo C;score:60
1021_sf4|cert:Tipo A;score:54
1022_sf4|cert:Tipo B;score:81
1023_sf4|cert:Não Certificado;score:78
1024_sf4|cert:Tipo B;score:79
1025_sf4|cert:Tipo B;score:29
1026_sf4|cert:Não Certificado;score:72
1027_sf4|cert:Não Certificado;score:1
1028_sf4|cert:Tipo B;score:0
1029_sf4|cert:Não Certificado;score:73
1030_sf4|cert:Não Certificado;score:23
1031_sf4|cert:Não Certificado;score:95
1032_sf4|cert:Tipo B;score:60
1033_sf4|cert:Tipo B;score:55
1034_sf4|cert:Tipo A;score:78
1035_sf4|cert:Não Certificado;score:60
1036_sf4|cert:Tipo C;score:95
1037_sf4|cert:Tipo C;score:19
1038_sf4|cert:Tipo A;score:31
1039_sf4|cert:Tipo A;score:7
1040_sf4|cert:Tipo B;score:71
1041_sf4|cert:Não Certificado;score:42
1042_sf4|cert:Tipo B;score:30
1043_sf4|cert:Tipo B;score:40
1044_sf4|cert:Não Certificado;score:25
1045_sf4|cert:Tipo B;score:17
1046_sf4|cert:Tipo A;score:30
1047_sf4|cert:Tipo C;score:75
1048_sf4|cert:Tipo B;score:33
1049_sf4|cert:Tipo C;score:73
1050_sf4|cert:Tipo B;score:60
1051_sf4|cert:Tipo C;score:68
1052_sf4|cert:Tipo B;score:91
1053_sf4|cert:Não Certificado;score:57
1054_sf4|cert:Tipo C;score:11
1055_sf4|cert:Tipo A;score:85
1056_sf4|cert:Tipo B;score:83
1057_sf4|cert:Não Certificado;score:85
1058_sf4|cert:Tipo C;score:50
1059_sf4|cert:Não Certificado;score:30
1060_sf4|cert:Tipo B;score:48
1061_sf4|cert:Não Certificado;score:44
1062_sf4|cert:Tipo A;score:57
1063_sf4|cert:Tipo B;score:40
1064_sf4|cert:Tipo B;score:29
1065_sf4|cert:Tipo C;score:64
1066_sf4|cert:Tipo C;score:82
1067_sf4|cert:Tipo B;score:21
1068_sf4|cert:Não Certificado;score:90
1069_sf4|cert:Não Certificado;score:35
1070_sf4|cert:Tipo B;score:47
1071_sf4|cert:Tipo C;score:35
1072_sf4|cert:Tipo B;score:14
1073_sf4|cert:Tipo A;score:26
1074_sf4|cert:Tipo B;score:29
1075_sf4|cert:Tipo A;score:80
1076_sf4|cert:Tipo B;score:3
1077_sf4|cert:Tipo B;score:80
1078_sf4|cert:Não Certificado;score:33
1079_sf4|cert:Tipo C;score:91
1080_sf4|cert:Tipo B;score:36
1081_sf4|cert:Não Certificado;score:71
1082_sf4|cert:Tipo C;score:65
1083_sf4|cert:Não Certificado;score:55
1084_sf4|cert:Tipo A;score:81
1085_sf4|cert:Tipo B;score:24
1086_sf4|cert:Tipo A;score:94
1087_sf4|cert:Tipo B;score:55
1088_sf4|cert:Tipo B;score:21
1089_sf4|cert:Tipo A;score:7
1090_sf4|cert:Tipo C;score:3
1091_sf4|cert:Tipo A;score:37
1092_sf4|cert:Tipo C;score:99
1093_sf4|cert:Tipo C;score:55
1094_sf4|cert:Tipo C;score:31
1095_sf4|cert:Não Certificado;score:40
1096_sf4|cert:Tipo B;score:23
1097_sf4|cert:Tipo C;score:42
1098_sf4|cert:Tipo B;score:96
1099_sf4|cert:Tipo B;score:34
1100_sf4|cert:Tipo B;score:56
1101_sf4|cert:Tipo B;score:12
1102_sf4|cert:Tipo B;score:39
1103_sf4|cert:Tipo C;score:4
1104_sf4|cert:Tipo B;score:60
1105_sf4|cert:Tipo C;score:0
1106_sf4|cert:Tipo A;score:89
1107_sf4|cert:Não Certificado;score:28
1108_sf4|cert:Tipo C;score:43
1109_sf4|cert:Tipo B;score:19
1110_sf4|cert:Tipo A;score:46
1111_sf4|cert:Tipo B;score:51
1112_sf4|cert:Tipo B;score:76
1113_sf4|cert:Tipo A;score:58
1114_sf4|cert:Tipo B;score:10
1115_sf4|cert:Tipo B;score:38
1116_sf4|cert:Tipo C;score:89
1117_sf4|cert:Não Certificado;score:49
1118_sf4|cert:Tipo B;score:26
1119_sf4|cert:Tipo A;score:99
1120_sf4|cert:Tipo B;score:86
1121_sf4|cert:Tipo C;score:6
1122_sf4|cert:Não Certificado;score:24
1123_sf4|cert:Não Certificado;score:23
1124_sf4|cert:Tipo A;score:24
1125_sf4|cert:Não Certificado;score:74
1126_sf4|cert:Não Certificado;score:81
1127_sf4|cert:Tipo B;score:38
1128_sf4|cert:Tipo B;score:6
1129_sf4|cert:Tipo C;score:70
1130_sf4|cert:Tipo B;score:84
1131_sf4|cert:Tipo B;score:65
1132_sf4|cert:Tipo A;score:78
1133_sf4|cert:Tipo B;score:51
1134_sf4|cert:Não Certificado;score:30
1135_sf4|cert:Tipo A;score:44
1136_sf4|cert:Tipo B;score:52
1137_sf4|cert:Tipo C;score:1
1138_sf4|cert:Tipo B;score:20
1139_sf4|cert:Não Certificado;score:92
1140_sf4|cert:Tipo A;score:31
1141_sf4|cert:Tipo C;score:34
1142_sf4|cert:Tipo B;score:62
1143_sf4|cert:Tipo B;score:29
1144_sf4|cert:Tipo B;score:93
1145_sf4|cert:Tipo C;score:8
1146_sf4|cert:Não Certificado;score:82
1147_sf4|cert:Tipo B;score:24
1148_sf4|cert:Não Certificado;score:41
1149_sf4|cert:Tipo C;score:70
1150_sf4|cert:Tipo A;score:16
1151_sf4|cert:Tipo B;score:67
1152_sf4|cert:Tipo B;score:69
1153_sf4|cert:Tipo C;score:30
1154_sf4|cert:Tipo A;score:70
1155_sf4|cert:Não Certificado;score:38
1156_sf4|cert:Tipo B;score:85
1157_sf4|cert:Tipo C;score:18
1158_sf4|cert:Tipo B;score:40
1159_sf4|cert:Não Certificado;score:60
1160_sf4|cert:Tipo B;score:95
1161_sf4|cert:Tipo B;score:31
1162_sf4|cert:Tipo A;score:56
1163_sf4|cert:Tipo B;score:91
1164_sf4|cert:Tipo A;score:20
1165_sf4|cert:Tipo C;score:64
1166_sf4|cert:Não Certificado;score:82
1167_sf4|cert:Tipo C;score:56
1168_sf4|cert:Tipo B;score:22
1169_sf4|cert:Não Certificado;score:22
1170_sf4|cert:Não Certificado;score:30
1171_sf4|cert:Tipo A;score:9
1172_sf4|cert:Tipo A;score:81
1173_sf4|cert:Tipo A;score:21
1174_sf4|cert:Não Certificado;score:84
1175_sf4|cert:Tipo A;score:56
1176_sf4|cert:Tipo B;score:53
1177_sf4|cert:Tipo B;score:89
1178_sf4|cert:Tipo B;score:83
1179_sf4|cert:Tipo A;score:3
1180_sf4|cert:Tipo C;score:50
1181_sf4|cert:Tipo C;score:27
1182_sf4|cert:Tipo B;score:74
1183_sf4|cert:Tipo A;score:57
1184_sf4|cert:Tipo B;score:76
1185_sf4|cert:Tipo A;score:59
1186_sf4|cert:Tipo A;score:63
1187_sf4|cert:Tipo A;score:68
1188_sf4|cert:Tipo C;score:1
1189_sf4|cert:Tipo C;score:75
1190_sf4|cert:Não Certificado;score:63
1191_sf4|cert:Tipo C;score:96
1192_sf4|cert:Tipo B;score:27
1193_sf4|cert:Tipo B;score:27
1194_sf4|cert:Tipo A;score:2
1195_sf4|cert:Tipo A;score:39
1196_sf4|cert:Tipo B;score:61
1197_sf4|cert:Tipo C;score:72
1198_sf4|cert:Não Certificado;score:5
1199_sf4|cert:Tipo A;score:5
1200_sf4|cert:Tipo B;score:81
1201_sf4|cert:Tipo C;score:32
1202_sf4|cert:Tipo B;score:70
1203_sf4|cert:Tipo C;score:62
1204_sf4|cert:Tipo A;score:99
1205_sf4|cert:Tipo A;score:16
1206_sf4|cert:Tipo A;score:90
1207_sf4|cert:Tipo A;score:96
1208_sf4|cert:Tipo B;score:77
1209_sf4|cert:Tipo B;score:91
1210_sf4|cert:Tipo B;score:61
1211_sf4|cert:Tipo A;score:37
1212_sf4|cert:Não Certificado;score:45
1213_sf4|cert:Não Certificado;score:85
1214_sf4|cert:Tipo A;score:58
1215_sf4|cert:Tipo A;score:22
1216_sf4|cert:Tipo B;score:3
1217_sf4|cert:Não Certificado;score:53
1218_sf4|cert:Não Certificado;score:89
1219_sf4|cert:Tipo A;score:41
1220_sf4|cert:Não Certificado;score:1
1221_sf4|cert:Tipo B;score:88
1222_sf4|cert:Tipo B;score:36
1223_sf4|cert:Não Certificado;score:65
1224_sf4|cert:Tipo B;score:46
1225_sf4|cert:Tipo A;score:64
1226_sf4|cert:Tipo A;score:16
1227_sf4|cert:Não Certificado;score:63
1228_sf4|cert:Não Certificado;score:34
1229_sf4|cert:Tipo A;score:92
1230_sf4|cert:Não Certificado;score:52
1231_sf4|cert:Tipo C;score:43
1232_sf4|cert:Tipo B;score:59
1233_sf4|cert:Tipo A;score:38
1234_sf4|cert:Tipo C;score:9
1235_sf4|cert:Tipo B;score:3
1236_sf4|cert:Tipo C;score:15
1237_sf4|cert:Tipo C;score:96
1238_sf4|cert:Tipo A;score:18
1239_sf4|cert:Tipo B;score:47
1240_sf4|cert:Tipo B;score:15
1241_sf4|cert:Tipo B;score:39
1242_sf4|cert:Tipo C;score:99
1243_sf4|cert:Tipo A;score:40
1244_sf4|cert:Tipo B;score:43
1245_sf4|cert:Tipo B;score:61
1246_sf4|cert:Tipo A;score:13
1247_sf4|cert:Não Certificado;score:77
1248_sf4|cert:Tipo B;score:24
1249_sf4|cert:Tipo C;score:69
1250_sf4|cert:Tipo B;score:73
1251_sf4|cert:Tipo A;score:66
1252_sf4|cert:Tipo C;score:46
1253_sf4|cert:Não Certificado;score:24
1254_sf4|cert:Não Certificado;score:14
1255_sf4|cert:Tipo A;score:7
1256_sf4|cert:Tipo B;score:88
1257_sf4|cert:Tipo C;score:88
1258_sf4|cert:Não Certificado;score:97
1259_sf4|cert:Não Certificado;score:34
1260_sf4|cert:Tipo C;score:64
1261_sf4|cert:Não Certificado;score:63
1262_sf4|cert:Não Certificado;score:18
1263_sf4|cert:Tipo C;score:71
1264_sf4|cert:Tipo B;score:12
1265_sf4|cert:Tipo A;score:34
1266_sf4|cert:Não Certificado;score:58
1267_sf4|cert:Tipo C;score:65
1268_sf4|cert:Tipo C;score:20
1269_sf4|cert:Tipo C;score:50
1270_sf4|cert:Tipo A;score:81
1271_sf4|cert:Tipo B;score:55
1272_sf4|cert:Tipo B;score:99
1273_sf4|cert:Tipo A;score:32
1274_sf4|cert:Não Certificado;score:92
1275_sf4|cert:Tipo C;score:84
1276_sf4|cert:Não Certificado;score:45
1277_sf4|cert:Tipo A;score:90
1278_sf4|cert:Tipo C;score:89
1279_sf4|cert:Tipo C;score:8
1280_sf4|cert:Tipo B;score:49
1281_sf4|cert:Não Certificado;score:36
1282_sf4|cert:Tipo B;score:29
1283_sf4|cert:Tipo B;score:9
1284_sf4|cert:Tipo B;score:16
1285_sf4|cert:Tipo C;score:30
1286_sf4|cert:Tipo A;score:67
1287_sf4|cert:Tipo C;score:44
1288_sf4|cert:Tipo B;score:6
1289_sf4|cert:Tipo A;score:58
1290_sf4|cert:Tipo A;score:41
1291_sf4|cert:Tipo C;score:33
1292_sf4|cert:Tipo C;score:56
1293_sf4|cert:Tipo A;score:77
1294_sf4|cert:Tipo B;score:6
1295_sf4|cert:Tipo B;score:27
1296_sf4|cert:Tipo B;score:48
1297_sf4|cert:Não Certificado;score:53
1298_sf4|cert:Tipo B;score:92
1299_sf4|cert:Tipo C;score:92
1300_sf4|cert:Não Certificado;score:34
1301_sf4|cert:Não Certificado;score:42
1302_sf4|cert:Não Certificado;score:33
1303_sf4|cert:Tipo B;score:8
1304_sf4|cert:Tipo B;score:57
1305_sf4|cert:Não Certificado;score:19
1306_sf4|cert:Não Certificado;score:33
1307_sf4|cert:Tipo B;score:74
1308_sf4|cert:Tipo B;score:61
1309_sf4|cert:Tipo B;score:29
1310_sf4|cert:Tipo B;score:97
1311_sf4|cert:Tipo B;score:67
1312_sf4|cert:Tipo B;score:19
1313_sf4|cert:Tipo B;score:60
1314_sf4|cert:Não Certificado;score:19
1315_sf4|cert:Tipo C;score:47
1316_sf4|cert:Tipo A;score:90
1317_sf4|cert:Tipo A;score:29
1318_sf4|cert:Tipo C;score:77
1319_sf4|cert:Tipo C;score:1
1320_sf4|cert:Tipo B;score:75
1321_sf4|cert:Tipo A;score:33
1322_sf4|cert:Não Certificado;score:49
1323_sf4|cert:Tipo A;score:63
1324_sf4|cert:Não Certificado;score:97
1325_sf4|cert:Tipo A;score:77
1326_sf4|cert:Tipo A;score:35
1327_sf4|cert:Tipo A;score:65
1328_sf4|cert:Tipo B;score:56
1329_sf4|cert:Não Certificado;score:58
1330_sf4|cert:Tipo C;score:73
1331_sf4|cert:Tipo B;score:17
1332_sf4|cert:Tipo A;score:46
1333_sf4|cert:Tipo B;score:64
1334_sf4|cert:Tipo C;score:66
1335_sf4|cert:Tipo A;score:92
1336_sf4|cert:Tipo B;score:96
1337_sf4|cert:Tipo C;score:42
1338_sf4|cert:Tipo C;score:77
1339_sf4|cert:Tipo B;score:94
1340_sf4|cert:Tipo B;score:16
1341_sf4|cert:Tipo B;score:19
1342_sf4|cert:Tipo B;score:97
1343_sf4|cert:Tipo B;score:46
1344_sf4|cert:Tipo B;score:44
1345_sf4|cert:Tipo B;score:44
1346_sf4|cert:Tipo A;score:43
1347_sf4|cert:Tipo B;score:39
1348_sf4|cert:Não Certificado;score:42
1349_sf4|cert:Tipo A;score:65
1350_sf4|cert:Tipo C;score:87
1351_sf4|cert:Tipo A;score:86
1352_sf4|cert:Tipo B;score:67
1353_sf4|cert:Tipo B;score:0
1354_sf4|cert:Tipo A;score:97
1355_sf4|cert:Não Certificado;score:51
1356_sf4|cert:Tipo A;score:32
1357_sf4|cert:Não Certificado;score:32
1358_sf4|cert:Tipo C;score:74
1359_sf4|cert:Tipo A;score:20
1360_sf4|cert:Tipo B;score:36
1361_sf4|cert:Tipo C;score:66
1362_sf4|cert:Tipo C;score:19
1363_sf4|cert:Não Certificado;score:15
1364_sf4|cert:Tipo C;score:62
1365_sf4|cert:Não Certificado;score:87
1366_sf4|cert:Não Certificado;score:76
1367_sf4|cert:Tipo B;score:37
1368_sf4|cert:Tipo B;score:9
1369_sf4|cert:Não Certificado;score:31
1370_sf4|cert:Tipo B;score:11
1371_sf4|cert:Não Certificado;score:35
1372_sf4|cert:Tipo C;score:84
1373_sf4|cert:Tipo A;score:50
1374_sf4|cert:Tipo B;score:64
1375_sf4|cert:Tipo C;score:66
1376_sf4|cert:Tipo B;score:54
1377_sf4|cert:Tipo A;score:53
1378_sf4|cert:Tipo C;score:19
1379_sf4|cert:Tipo A;score:85
1380_sf4|cert:Tipo A;score:79
1381_sf4|cert:Tipo C;score:58
1382_sf4|cert:Tipo B;score:34
1383_sf4|cert:Não Certificado;score:70
1384_sf4|cert:Tipo B;score:77
1385_sf4|cert:Tipo C;score:61
1386_sf4|cert:Não Certificado;score:62
1387_sf4|cert:Tipo B;score:19
1388_sf4|cert:Não Certificado;score:56
1389_sf4|cert:Tipo C;score:52
1390_sf4|cert:Tipo B;score:95
1391_sf4|cert:Não Certificado;score:43
1392_sf4|cert:Tipo B;score:16
1393_sf4|cert:Não Certificado;score:97
1394_sf4|cert:Tipo A;score:97
1395_sf4|cert:Tipo C;score:46
1396_sf4|cert:Não Certificado;score:49
1397_sf4|cert:Não Certificado;score:5
1398_sf4|cert:Tipo A;score:48
1399_sf4|cert:Tipo C;score:98
1400_sf4|cert:Tipo B;score:39
1401_sf4|cert:Não Certificado;score:13
1402_sf4|cert:Tipo B;score:52
1403_sf4|cert:Tipo A;score:20
1404_sf4|cert:Tipo A;score:58
1405_sf4|cert:Tipo C;score:2
1406_sf4|cert:Tipo C;score:42
1407_sf4|cert:Não Certificado;score:17
1408_sf4|cert:Tipo B;score:12
1409_sf4|cert:Não Certificado;score:95
1410_sf4|cert:Tipo A;score:19
1411_sf4|cert:Tipo B;score:90
1412_sf4|cert:Tipo C;score:72
1413_sf4|cert:Não Certificado;score:43
1414_sf4|cert:Tipo C;score:18
1415_sf4|cert:Tipo A;score:90
1416_sf4|cert:Tipo B;score:13
1417_sf4|cert:Tipo C;score:12
1418_sf4|cert:Não Certificado;score:36
1419_sf4|cert:Tipo B;score:0
1420_sf4|cert:Tipo C;score:82
1421_sf4|cert:Não Certificado;score:44
1422_sf4|cert:Não Certificado;score:30
1423_sf4|cert:Tipo A;score:59
1424_sf4|cert:Tipo B;score:62
1425_sf4|cert:Não Certificado;score:20
1426_sf4|cert:Tipo A;score:32
1427_sf4|cert:Não Certificado;score:2
1428_sf4|cert:Tipo B;score:14
1429_sf4|cert:Tipo B;score:99
1430_sf4|cert:Tipo A;score:21
1431_sf4|cert:Tipo B;score:18
1432_sf4|cert:Tipo B;score:62
1433_sf4|cert:Não Certificado;score:38
1434_sf4|cert:Tipo C;score:95
1435_sf4|cert:Tipo B;score:53
1436_sf4|cert:Tipo A;score:70
1437_sf4|cert:Tipo A;score:46
1438_sf4|cert:Tipo C;score:43
1439_sf4|cert:Tipo B;score:10
1440_sf4|cert:Tipo B;score:46
1441_sf4|cert:Tipo B;score:74
1442_sf4|cert:Tipo C;score:40
1443_sf4|cert:Não Certificado;score:14
1444_sf4|cert:Tipo A;score:63
1445_sf4|cert:Tipo A;score:23
1446_sf4|cert:Tipo B;score:6
1447_sf4|cert:Tipo A;score:21
1448_sf4|cert:Tipo B;score:49
1449_sf4|cert:Tipo B;score:79
1450_sf4|cert:Tipo B;score:85
1451_sf4|cert:Não Certificado;score:75
1452_sf4|cert:Não Certificado;score:28
1453_sf4|cert:Tipo A;score:82
1454_sf4|cert:Não Certificado;score:37
1455_sf4|cert:Tipo C;score:17
1456_sf4|cert:Tipo B;score:81
1457_sf4|cert:Tipo A;score:36
1458_sf4|cert:Tipo A;score:5
1459_sf4|cert:Não Certificado;score:27
1460_sf4|cert:Tipo C;score:47
1461_sf4|cert:Não Certificado;score:59
1462_sf4|cert:Tipo C;score:36
1463_sf4|cert:Tipo B;score:22
1464_sf4|cert:Tipo B;score:57
1465_sf4|cert:Tipo B;score:0
1466_sf4|cert:Tipo A;score:85
1467_sf4|cert:Tipo A;score:75
1468_sf4|cert:Tipo B;score:20
1469_sf4|cert:Tipo A;score:98
1470_sf4|cert:Tipo B;score:27
1471_sf4|cert:Tipo A;score:48
1472_sf4|cert:Tipo B;score:68
1473_sf4|cert:Tipo B;score:98
1474_sf4|cert:Tipo C;score:50
1475_sf4|cert:Tipo B;score:75
1476_sf4|cert:Tipo A;score:1
1477_sf4|cert:Não Certificado;score:96
1478_sf4|cert:Não Certificado;score:84
1479_sf4|cert:Tipo B;score:77
1480_sf4|cert:Tipo B;score:13
1481_sf4|cert:Tipo B;score:11
1482_sf4|cert:Tipo B;score:56
1483_sf4|cert:Tipo B;score:80
1484_sf4|cert:Tipo B;score:10
1485_sf4|cert:Tipo C;score:74
1486_sf4|cert:Não Certificado;score:31
1487_sf4|cert:Não Certificado;score:71
1488_sf4|cert:Tipo B;score:47
1489_sf4|cert:Tipo B;score:92
1490_sf4|cert:Tipo C;score:16
1491_sf4|cert:Tipo C;score:98
1492_sf4|cert:Tipo C;score:48
1493_sf4|cert:Não Certificado;score:6
1494_sf4|cert:Tipo C;score:24
1495_sf4|cert:Tipo C;score:62
1496_sf4|cert:Tipo B;score:80
1497_sf4|cert:Não Certificado;score:25
1498_sf4|cert:Tipo A;score:46
1499_sf4|cert:Tipo B;score:42
1500_sf4|cert:Tipo A;score:47
1501_sf4|cert:Tipo C;score:39
1502_sf4|cert:Tipo A;score:66
1503_sf4|cert:Não Certificado;score:30
1504_sf4|cert:Tipo B;score:22
1505_sf4|cert:Tipo C;score:66
1506_sf4|cert:Tipo A;score:22
1507_sf4|cert:Tipo A;score:87
1508_sf4|cert:Não Certificado;score:66
1509_sf4|cert:Não Certificado;score:21
1510_sf4|cert:Tipo C;score:3
1511_sf4|cert:Tipo B;score:61
1512_sf4|cert:Tipo B;score:14
1513_sf4|cert:Tipo A;score:34
1514_sf4|cert:Tipo B;score:19
1515_sf4|cert:Tipo C;score:54
1516_sf4|cert:Tipo B;score:82
1517_sf4|cert:Tipo C;score:59
1518_sf4|cert:Não Certificado;score:19
1519_sf4|cert:Não Certificado;score:47
1520_sf4|cert:Tipo B;score:47
1521_sf4|cert:Não Certificado;score:64
1522_sf4|cert:Tipo B;score:47
1523_sf4|cert:Não Certificado;score:95
1524_sf4|cert:Tipo C;score:11
1525_sf4|cert:Tipo C;score:32
1526_sf4|cert:Tipo B;score:81
1527_sf4|cert:Tipo A;score:52
1528_sf4|cert:Tipo B;score:20
1529_sf4|cert:Tipo B;score:74
1530_sf4|cert:Não Certificado;score:47
1531_sf4|cert:Tipo C;score:49
1532_sf4|cert:Tipo C;score:93
1533_sf4|cert:Tipo B;score:39
1534_sf4|cert:Tipo A;score:88
1535_sf4|cert:Não Certificado;score:64
1536_sf4|cert:Tipo B;score:24
1537_sf4|cert:Tipo B;score:62
1538_sf4|cert:Tipo C;score:21
1539_sf4|cert:Tipo C;score:98
1540_sf4|cert:Tipo A;score:98
1541_sf4|cert:Tipo C;score:43
1542_sf4|cert:Tipo C;score:26
1543_sf4|cert:Não Certificado;score:91
1544_sf4|cert:Tipo B;score:79
1545_sf4|cert:Tipo A;score:64
1546_sf4|cert:Tipo A;score:3
1547_sf4|cert:Tipo C;score:44
1548_sf4|cert:Tipo B;score:77
1549_sf4|cert:Tipo B;score:9
1550_sf4|cert:Tipo A;score:14
1551_sf4|cert:Tipo A;score:62
1552_sf4|cert:Tipo B;score:37
1553_sf4|cert:Tipo C;score:53
1554_sf4|cert:Não Certificado;score:20
1555_sf4|cert:Tipo C;score:38
1556_sf4|cert:Não Certificado;score:83
1557_sf4|cert:Não Certificado;score:31
1558_sf4|cert:Não Certificado;score:87
1559_sf4|cert:Não Certificado;score:57
1560_sf4|cert:Tipo B;score:46
1561_sf4|cert:Tipo A;score:73
1562_sf4|cert:Tipo B;score:48
1563_sf4|cert:Não Certificado;score:89
1564_sf4|cert:Tipo B;score:89
1565_sf4|cert:Não Certificado;score:37
1566_sf4|cert:Não Certificado;score:37
1567_sf4|cert:Tipo A;score:14
1568_sf4|cert:Tipo B;score:1
1569_sf4|cert:Tipo C;score:14
1570_sf4|cert:Não Certificado;score:91
1571_sf4|cert:Tipo C;score:51
1572_sf4|cert:Não Certificado;score:7
1573_sf4|cert:Tipo A;score:39
1574_sf4|cert:Tipo B;score:95
1575_sf4|cert:Não Certificado;score:33
1576_sf4|cert:Tipo B;score:32
1577_sf4|cert:Tipo B;score:13
1578_sf4|cert:Não Certificado;score:19
1579_sf4|cert:Tipo C;score:27
1580_sf4|cert:Tipo C;score:35
1581_sf4|cert:Não Certificado;score:46
1582_sf4|cert:Tipo C;score:39
1583_sf4|cert:Tipo B;score:50
1584_sf4|cert:Tipo B;score:52
1585_sf4|cert:Tipo B;score:32
1586_sf4|cert:Tipo B;score:4
1587_sf4|cert:Tipo C;score:3
1588_sf4|cert:Tipo B;score:33
1589_sf4|cert:Não Certificado;score:48
1590_sf4|cert:Não Certificado;score:44
1591_sf4|cert:Tipo C;score:74
1592_sf4|cert:Tipo B;score:26
1593_sf4|cert:Não Certificado;score:24
1594_sf4|cert:Tipo B;score:2
1595_sf4|cert:Tipo B;score:57
1596_sf4|cert:Não Certificado;score:37
1597_sf4|cert:Tipo C;score:97
1598_sf4|cert:Não Certificado;score:62
1599_sf4|cert:Tipo B;score:26
1600_sf4|cert:Tipo B;score:91
1601_sf4|cert:Não Certificado;score:52
1602_sf4|cert:Tipo B;score:68
1603_sf4|cert:Tipo B;score:60
1604_sf4|cert:Não Certificado;score:97
1605_sf4|cert:Tipo C;score:23
1606_sf4|cert:Tipo A;score:21
1607_sf4|cert:Tipo A;score:76
1608_sf4|cert:Tipo B;score:28
1609_sf4|cert:Não Certificado;score:92
1610_sf4|cert:Não Certificado;score:7
1611_sf4|cert:Tipo A;score:26
1612_sf4|cert:Tipo B;score:87
1613_sf4|cert:Tipo C;score:71
1614_sf4|cert:Tipo B;score:13
1615_sf4|cert:Tipo A;score:55
1616_sf4|cert:Tipo B;score:24
1617_sf4|cert:Não Certificado;score:78
1618_sf4|cert:Tipo A;score:47
1619_sf4|cert:Tipo A;score:60
1620_sf4|cert:Tipo A;score:56
1621_sf4|cert:Não Certificado;score:99
1622_sf4|cert:Tipo A;score:24
1623_sf4|cert:Tipo A;score:94
1624_sf4|cert:Tipo B;score:50
1625_sf4|cert:Tipo A;score:94
1626_sf4|cert:Tipo B;score:93
1627_sf4|cert:Tipo A;score:66
1628_sf4|cert:Tipo A;score:12
1629_sf4|cert:Não Certificado;score:21
1630_sf4|cert:Não Certificado;score:64
1631_sf4|cert:Tipo C;score:76
1632_sf4|cert:Tipo B;score:7
1633_sf4|cert:Tipo C;score:90
1634_sf4|cert:Não Certificado;score:18
1635_sf4|cert:Tipo C;score:44
1636_sf4|cert:Tipo B;score:43
1637_sf4|cert:Tipo C;score:98
1638_sf4|cert:Tipo C;score:67
1639_sf4|cert:Tipo A;score:17
1640_sf4|cert:Tipo B;score:6
1641_sf4|cert:Não Certificado;score:37
1642_sf4|cert:Tipo A;score:2
1643_sf4|cert:Não Certificado;score:60
1644_sf4|cert:Tipo B;score:77
1645_sf4|cert:Tipo A;score:18
1646_sf4|cert:Tipo A;score:71
1647_sf4|cert:Tipo C;score:56
1648_sf4|cert:Tipo B;score:69
1649_sf4|cert:Não Certificado;score:63
1650_sf4|cert:Tipo A;score:13
1651_sf4|cert:Tipo C;score:58
1652_sf4|cert:Não Certificado;score:32
1653_sf4|cert:Tipo A;score:61
1654_sf4|cert:Não Certificado;score:13
1655_sf4|cert:Tipo A;score:81
1656_sf4|cert:Tipo B;score:37
1657_sf4|cert:Tipo C;score:52
1658_sf4|cert:Não Certificado;score:43
1659_sf4|cert:Tipo A;score:50
1660_sf4|cert:Tipo B;score:17
1661_sf4|cert:Tipo A;score:71
1662_sf4|cert:Tipo C;score:14
1663_sf4|cert:Tipo C;score:46
1664_sf4|cert:Tipo B;score:18
1665_sf4|cert:Tipo A;score:49
1666_sf4|cert:Tipo B;score:57
1667_sf4|cert:Tipo B;score:72
1668_sf4|cert:Não Certificado;score:75
1669_sf4|cert:Tipo B;score:14
1670_sf4|cert:Tipo C;score:85
1671_sf4|cert:Tipo B;score:85
1672_sf4|cert:Tipo B;score:64
1673_sf4|cert:Tipo B;score:30
1674_sf4|cert:Tipo C;score:84
1675_sf4|cert:Tipo A;score:53
1676_sf4|cert:Tipo B;score:57
1677_sf4|cert:Não Certificado;score:4
1678_sf4|cert:Tipo C;score:93
1679_sf4|cert:Não Certificado;score:65
1680_sf4|cert:Tipo B;score:8
1681_sf4|cert:Não Certificado;score:85
1682_sf4|cert:Não Certificado;score:19
1683_sf4|cert:Tipo C;score:97
1684_sf4|cert:Não Certificado;score:67
1685_sf4|cert:Tipo C;score:52
1686_sf4|cert:Tipo C;score:23
1687_sf4|cert:Tipo B;score:17
1688_sf4|cert:Tipo B;score:75
1689_sf4|cert:Tipo A;score:56
1690_sf4|cert:Tipo C;score:20
1691_sf4|cert:Não Certificado;score:3
1692_sf4|cert:Não Certificado;score:46
1693_sf4|cert:Tipo C;score:99
1694_sf4|cert:Tipo A;score:54
1695_sf4|cert:Não Certificado;score:22
1696_sf4|cert:Tipo B;score:28
1697_sf4|cert:Tipo B;score:75
1698_sf4|cert:Tipo B;score:87
1699_sf4|cert:Tipo C;score:66
1700_sf4|cert:Tipo B;score:30
1701_sf4|cert:Não Certificado;score:94
1702_sf4|cert:Tipo A;score:18
1703_sf4|cert:Não Certificado;score:63
1704_sf4|cert:Tipo B;score:35
1705_sf4|cert:Tipo A;score:68
1706_sf4|cert:Tipo B;score:78
1707_sf4|cert:Tipo A;score:71
1708_sf4|cert:Tipo C;score:41
1709_sf4|cert:Tipo B;score:69
1710_sf4|cert:Tipo C;score:44
1711_sf4|cert:Tipo B;score:70
1712_sf4|cert:Tipo B;score:48
1713_sf4|cert:Não Certificado;score:71
1714_sf4|cert:Não Certificado;score:13
1715_sf4|cert:Tipo B;score:49
1716_sf4|cert:Tipo B;score:11
1717_sf4|cert:Não Certificado;score:6
1718_sf4|cert:Tipo B;score:49
1719_sf4|cert:Tipo A;score:80
1720_sf4|cert:Tipo B;score:11
1721_sf4|cert:Tipo C;score:69
1722_sf4|cert:Tipo A;score:90
1723_sf4|cert:Tipo A;score:2
1724_sf4|cert:Tipo A;score:3
1725_sf4|cert:Não Certificado;score:69
1726_sf4|cert:Tipo A;score:33
1727_sf4|cert:Tipo A;score:24
1728_sf4|cert:Tipo B;score:39
1729_sf4|cert:Tipo A;score:39
1730_sf4|cert:Não Certificado;score:3
1731_sf4|cert:Tipo B;score:67
1732_sf4|cert:Tipo C;score:26
1733_sf4|cert:Tipo C;score:73
1734_sf4|cert:Tipo C;score:44
1735_sf4|cert:Tipo C;score:65
1736_sf4|cert:Tipo B;score:68
1737_sf4|cert:Tipo B;score:18
1738_sf4|cert:Tipo A;score:73
1739_sf4|cert:Tipo C;score:92
1740_sf4|cert:Tipo C;score:3
1741_sf4|cert:Tipo C;score:85
1742_sf4|cert:Não Certificado;score:39
1743_sf4|cert:Tipo B;score:47
1744_sf4|cert:Tipo B;score:96
1745_sf4|cert:Tipo C;score:87
1746_sf4|cert:Tipo B;score:55
1747_sf4|cert:Não Certificado;score:64
1748_sf4|cert:Tipo A;score:12
1749_sf4|cert:Tipo C;score:99
1750_sf4|cert:Tipo A;score:26
1751_sf4|cert:Não Certificado;score:55
1752_sf4|cert:Tipo B;score:57
1753_sf4|cert:Tipo B;score:76
1754_sf4|cert:Tipo C;score:57
1755_sf4|cert:Não Certificado;score:30
1756_sf4|cert:Tipo C;score:35
1757_sf4|cert:Tipo C;score:15
1758_sf4|cert:Tipo C;score:92
1759_sf4|cert:Tipo A;score:80
1760_sf4|cert:Tipo B;score:44
1761_sf4|cert:Tipo B;score:43
1762_sf4|cert:Não Certificado;score:33
1763_sf4|cert:Não Certificado;score:20
1764_sf4|cert:Tipo A;score:6
1765_sf4|cert:Tipo C;score:91
1766_sf4|cert:Tipo C;score:75
1767_sf4|cert:Tipo B;score:92
1768_sf4|cert:Tipo B;score:40
1769_sf4|cert:Tipo A;score:11
1770_sf4|cert:Tipo A;score:81
1771_sf4|cert:Tipo A;score:81
1772_sf4|cert:Tipo C;score:0
1773_sf4|cert:Tipo A;score:91
1774_sf4|cert:Tipo A;score:81
1775_sf4|cert:Não Certificado;score:16
1776_sf4|cert:Tipo B;score:89
1777_sf4|cert:Tipo B;score:44
1778_sf4|cert:Tipo A;score:53
1779_sf4|cert:Não Certificado;score:50
1780_sf4|cert:Tipo C;score:45
1781_sf4|cert:Tipo B;score:65
1782_sf4|cert:Tipo C;score:10
1783_sf4|cert:Tipo A;score:19
1784_sf4|cert:Tipo B;score:75
1785_sf4|cert:Tipo C;score:4
1786_sf4|cert:Tipo B;score:97
1787_sf4|cert:Tipo C;score:51
1788_sf4|cert:Tipo C;score:93
1789_sf4|cert:Não Certificado;score:29
1790_sf4|cert:Não Certificado;score:19
1791_sf4|cert:Tipo B;score:89
1792_sf4|cert:Tipo B;score:15
1793_sf4|cert:Não Certificado;score:66
1794_sf4|cert:Tipo C;score:96
1795_sf4|cert:Tipo C;score:44
1796_sf4|cert:Tipo B;score:85
1797_sf4|cert:Tipo A;score:31
1798_sf4|cert:Tipo A;score:49
1799_sf4|cert:Tipo B;score:61
1800_sf4|cert:Tipo B;score:56
1801_sf4|cert:Tipo A;score:8
1802_sf4|cert:Não Certificado;score:61
1803_sf4|cert:Não Certificado;score:7
1804_sf4|cert:Tipo B;score:70
1805_sf4|cert:Tipo B;score:69
1806_sf4|cert:Tipo C;score:66
1807_sf4|cert:Tipo A;score:77
1808_sf4|cert:Tipo B;score:99
1809_sf4|cert:Tipo C;score:53
1810_sf4|cert:Tipo B;score:80
1811_sf4|cert:Tipo C;score:75
1812_sf4|cert:Tipo C;score:54
1813_sf4|cert:Tipo C;score:95
1814_sf4|cert:Não Certificado;score:70
1815_sf4|cert:Não Certificado;score:14
1816_sf4|cert:Tipo B;score:14
1817_sf4|cert:Não Certificado;score:14
1818_sf4|cert:Tipo C;score:53
1819_sf4|cert:Tipo B;score:7
1820_sf4|cert:Não Certificado;score:0
1821_sf4|cert:Tipo A;score:26
1822_sf4|cert:Tipo C;score:45
1823_sf4|cert:Não Certificado;score:93
1824_sf4|cert:Tipo B;score:70
1825_sf4|cert:Tipo A;score:41
1826_sf4|cert:Tipo A;score:69
1827_sf4|cert:Tipo B;score:25
1828_sf4|cert:Tipo C;score:59
1829_sf4|cert:Não Certificado;score:26
1830_sf4|cert:Tipo A;score:19
1831_sf4|cert:Tipo B;score:77
1832_sf4|cert:Tipo B;score:35
1833_sf4|cert:Tipo C;score:90
1834_sf4|cert:Tipo A;score:49
1835_sf4|cert:Tipo A;score:21
1836_sf4|cert:Tipo B;score:77
1837_sf4|cert:Tipo B;score:14
1838_sf4|cert:Não Certificado;score:59
1839_sf4|cert:Tipo A;score:6
1840_sf4|cert:Tipo B;score:21
1841_sf4|cert:Tipo C;score:43
1842_sf4|cert:Tipo C;score:29
1843_sf4|cert:Tipo A;score:90
1844_sf4|cert:Tipo B;score:26
1845_sf4|cert:Tipo C;score:54
1846_sf4|cert:Tipo A;score:0
1847_sf4|cert:Tipo B;score:89
1848_sf4|cert:Tipo B;score:69
1849_sf4|cert:Não Certificado;score:68
1850_sf4|cert:Tipo C;score:85
1851_sf4|cert:Tipo A;score:39
1852_sf4|cert:Tipo B;score:49
1853_sf4|cert:Tipo B;score:91
1854_sf4|cert:Tipo A;score:23
1855_sf4|cert:Não Certificado;score:33
1856_sf4|cert:Tipo B;score:41
1857_sf4|cert:Tipo C;score:65
1858_sf4|cert:Não Certificado;score:60
1859_sf4|cert:Tipo B;score:93
1860_sf4|cert:Tipo A;score:52
1861_sf4|cert:Não Certificado;score:79
1862_sf4|cert:Tipo A;score:46
1863_sf4|cert:Não Certificado;score:32
1864_sf4|cert:Tipo B;score:84
1865_sf4|cert:Não Certificado;score:21
1866_sf4|cert:Não Certificado;score:68
1867_sf4|cert:Não Certificado;score:54
1868_sf4|cert:Tipo A;score:50
1869_sf4|cert:Tipo B;score:68
1870_sf4|cert:Não Certificado;score:22
1871_sf4|cert:Não Certificado;score:40
1872_sf4|cert:Tipo B;score:54
1873_sf4|cert:Tipo C;score:19
1874_sf4|cert:Tipo B;score:88
1875_sf4|cert:Tipo C;score:63
1876_sf4|cert:Tipo C;score:7
1877_sf4|cert:Tipo C;score:24
1878_sf4|cert:Tipo B;score:67
1879_sf4|cert:Tipo A;score:73
1880_sf4|cert:Tipo B;score:32
1881_sf4|cert:Não Certificado;score:91
1882_sf4|cert:Não Certificado;score:92
1883_sf4|cert:Tipo A;score:13
1884_sf4|cert:Tipo A;score:55
1885_sf4|cert:Tipo A;score:8
1886_sf4|cert:Tipo A;score:94
1887_sf4|cert:Tipo A;score:86
1888_sf4|cert:Tipo B;score:72
1889_sf4|cert:Tipo C;score:39
1890_sf4|cert:Não Certificado;score:64
1891_sf4|cert:Não Certificado;score:5
1892_sf4|cert:Tipo C;score:66
1893_sf4|cert:Tipo C;score:50
1894_sf4|cert:Tipo B;score:53
1895_sf4|cert:Tipo A;score:23
1896_sf4|cert:Tipo B;score:32
1897_sf4|cert:Não Certificado;score:74
1898_sf4|cert:Não Certificado;score:25
1899_sf4|cert:Tipo C;score:13
1900_sf4|cert:Não Certificado;score:44
1901_sf4|cert:Tipo B;score:22
1902_sf4|cert:Tipo C;score:11
1903_sf4|cert:Tipo B;score:71
1904_sf4|cert:Tipo B;score:55
1905_sf4|cert:Não Certificado;score:5
1906_sf4|cert:Tipo C;score:32
1907_sf4|cert:Não Certificado;score:23
1908_sf4|cert:Tipo A;score:76
1909_sf4|cert:Tipo C;score:95
1910_sf4|cert:Tipo B;score:54
1911_sf4|cert:Tipo B;score:39
1912_sf4|cert:Tipo B;score:20
1913_sf4|cert:Tipo B;score:36
1914_sf4|cert:Tipo B;score:10
1915_sf4|cert:Tipo A;score:74
1916_sf4|cert:Não Certificado;score:85
1917_sf4|cert:Não Certificado;score:71
1918_sf4|cert:Tipo B;score:44
1919_sf4|cert:Não Certificado;score:65
1920_sf4|cert:Tipo B;score:65
1921_sf4|cert:Tipo C;score:3
1922_sf4|cert:Tipo A;score:11
1923_sf4|cert:Tipo A;score:17
1924_sf4|cert:Tipo B;score:98
1925_sf4|cert:Tipo B;score:71
1926_sf4|cert:Não Certificado;score:35
1927_sf4|cert:Tipo C;score:84
1928_sf4|cert:Tipo B;score:69
1929_sf4|cert:Tipo C;score:76
1930_sf4|cert:Não Certificado;score:34
1931_sf4|cert:Tipo A;score:12
1932_sf4|cert:Tipo B;score:38
1933_sf4|cert:Não Certificado;score:10
1934_sf4|cert:Tipo C;score:10
1935_sf4|cert:Tipo A;score:33
1936_sf4|cert:Tipo B;score:4
1937_sf4|cert:Tipo C;score:80
1938_sf4|cert:Tipo C;score:2
1939_sf4|cert:Tipo B;score:92
1940_sf4|cert:Tipo C;score:70
1941_sf4|cert:Tipo C;score:13
1942_sf4|cert:Tipo C;score:88
1943_sf4|cert:Tipo B;score:6
1944_sf4|cert:Tipo B;score:44
1945_sf4|cert:Tipo C;score:71
1946_sf4|cert:Tipo A;score:77
1947_sf4|cert:Tipo B;score:91
1948_sf4|cert:Tipo A;score:99
1949_sf4|cert:Tipo A;score:98
1950_sf4|cert:Tipo C;score:22
1951_sf4|cert:Não Certificado;score:24
1952_sf4|cert:Tipo B;score:45
1953_sf4|cert:Tipo C;score:78
1954_sf4|cert:Tipo B;score:65
1955_sf4|cert:Tipo A;score:74
1956_sf4|cert:Não Certificado;score:98
1957_sf4|cert:Tipo C;score:88
1958_sf4|cert:Tipo C;score:24
1959_sf4|cert:Não Certificado;score:3
1960_sf4|cert:Tipo B;score:38
1961_sf4|cert:Tipo B;score:57
1962_sf4|cert:Tipo C;score:23
1963_sf4|cert:Tipo C;score:67
1964_sf4|cert:Não Certificado;score:27
1965_sf4|cert:Tipo B;score:97
1966_sf4|cert:Tipo B;score:24
1967_sf4|cert:Tipo B;score:8
1968_sf4|cert:Tipo B;score:22
1969_sf4|cert:Tipo B;score:38
1970_sf4|cert:Tipo C;score:0
1971_sf4|cert:Tipo A;score:54
1972_sf4|cert:Tipo C;score:20
1973_sf4|cert:Tipo C;score:91
1974_sf4|cert:Tipo B;score:94
1975_sf4|cert:Tipo A;score:60
1976_sf4|cert:Tipo B;score:77
1977_sf4|cert:Tipo C;score:7
1978_sf4|cert:Não Certificado;score:10
1979_sf4|cert:Tipo A;score:73
1980_sf4|cert:Tipo B;score:50
1981_sf4|cert:Tipo A;score:41
1982_sf4|cert:Tipo A;score:60
1983_sf4|cert:Não Certificado;score:5
1984_sf4|cert:Tipo B;score:15
1985_sf4|cert:Tipo A;score:32
1986_sf4|cert:Não Certificado;score:80
1987_sf4|cert:Tipo B;score:81
1988_sf4|cert:Tipo A;score:43
1989_sf4|cert:Tipo C;score:19
1990_sf4|cert:Tipo B;score:29
1991_sf4|cert:Tipo C;score:39
1992_sf4|cert:Tipo B;score:63
1993_sf4|cert:Tipo A;score:92
1994_sf4|cert:Tipo C;score:54
1995_sf4|cert:Tipo B;score:48
1996_sf4|cert:Tipo A;score:82
1997_sf4|cert:Tipo A;score:99
1998_sf4|cert:Tipo C;score:5
1999_sf4|cert:Tipo A;score:28
0_sf5|cert:Tipo B;score:62
1_sf5|cert:Tipo B;score:90
2_sf5|cert:Tipo C;score:45
3_sf5|cert:Tipo A;score:32
4_sf5|cert:Tipo A;score:80
5_sf5|cert:Não Certificado;score:30
6_sf5|cert:Tipo C;score:68
7_sf5|cert:Tipo B;score:89
8_sf5|cert:Tipo B;score:80
9_sf5|cert:Tipo B;score:60
10_sf5|cert:Tipo A;score:66
11_sf5|cert:Tipo C;score:28
12_sf5|cert:Tipo C;score:88
13_sf5|cert:Não Certificado;score:99
14_sf5|cert:Não Certificado;score:95
15_sf5|cert:Não Certificado;score:39
16_sf5|cert:Tipo B;score:52
17_sf5|cert:Não Certificado;score:53
18_sf5|cert:Tipo A;score:24
19_sf5|cert:Tipo C;score:35
20_sf5|cert:Não Certificado;score:8
21_sf5|cert:Tipo B;score:81
22_sf5|cert:Tipo B;score:76
23_sf5|cert:Tipo B;score:30
24_sf5|cert:Tipo B;score:7
25_sf5|cert:Tipo C;score:28
26_sf5|cert:Tipo B;score:36
27_sf5|cert:Tipo A;score:63
28_sf5|cert:Tipo A;score:49
29_sf5|cert:Tipo A;score:76
30_sf5|cert:Tipo C;score:38
31_sf5|cert:Tipo C;score:78
32_sf5|cert:Tipo B;score:4
33_sf5|cert:Não Certificado;score:17
34_sf5|cert:Tipo A;score:49
35_sf5|cert:Tipo B;score:53
36_sf5|cert:Não Certificado;score:96
37_sf5|cert:Tipo A;score:13
38_sf5|cert:Tipo C;score:93
39_sf5|cert:Tipo C;score:38
40_sf5|cert:Tipo B;score:25
41_sf5|cert:Tipo A;score:23
42_sf5|cert:Tipo B;score:95
43_sf5|cert:Tipo B;score:64
44_sf5|cert:Não Certificado;score:34
45_sf5|cert:Tipo B;score:21
46_sf5|cert:Tipo B;score:80
47_sf5|cert:Tipo A;score:29
48_sf5|cert:Tipo B;score:31
49_sf5|cert:Tipo B;score:21
50_sf5|cert:Não Certificado;score:31
51_sf5|cert:Tipo A;score:78
52_sf5|cert:Tipo C;score:30
53_sf5|cert:Não Certificado;score:50
54_sf5|cert:Tipo C;score:93
55_sf5|cert:Tipo C;score:14
56_sf5|cert:Tipo B;score:48
57_sf5|cert:Não Certificado;score:75
58_sf5|cert:Tipo A;score:66
59_sf5|cert:Tipo B;score:58
60_sf5|cert:Tipo A;score:87
61_sf5|cert:Não Certificado;score:64
62_sf5|cert:Tipo C;score:45
63_sf5|cert:Tipo C;score:90
64_sf5|cert:Tipo B;score:47
65_sf5|cert:Tipo C;score:8
66_sf5|cert:Tipo C;score:8
67_sf5|cert:Não Certificado;score:54
68_sf5|cert:Não Certificado;score:73
69_sf5|cert:Tipo B;score:82
70_sf5|cert:Não Certificado;score:43
71_sf5|cert:Tipo C;score:54
72_sf5|cert:Tipo B;score:93
73_sf5|cert:Tipo C;score:69
74_sf5|cert:Tipo B;score:21
75_sf5|cert:Tipo B;score:60
76_sf5|cert:Tipo A;score:69
77_sf5|cert:Não Certificado;score:69
78_sf5|cert:Não Certificado;score:56
79_sf5|cert:Não Certificado;score:65
80_sf5|cert:Tipo B;score:32
81_sf5|cert:Tipo A;score:13
82_sf5|cert:Tipo C;score:19
83_sf5|cert:Tipo C;score:63
84_sf5|cert:Tipo B;score:3
85_sf5|cert:Tipo C;score:81
86_sf5|cert:Tipo A;score:23
87_sf5|cert:Tipo A;score:12
88_sf5|cert:Tipo B;score:81
89_sf5|cert:Não Certificado;score:86
90_sf5|cert:Tipo A;score:96
91_sf5|cert:Tipo B;score:70
92_sf5|cert:Tipo C;score:64
93_sf5|cert:Tipo A;score:36
94_sf5|cert:Não Certificado;score:42
95_sf5|cert:Tipo A;score:19
96_sf5|cert:Tipo B;score:28
97_sf5|cert:Não Certificado;score:56
98_sf5|cert:Tipo A;score:29
99_sf5|cert:Tipo C;score:85
100_sf5|cert:Tipo B;score:4
101_sf5|cert:Tipo C;score:88
102_sf5|cert:Não Certificado;score:62
103_sf5|cert:Não Certificado;score:15
104_sf5|cert:Tipo B;score:44
105_sf5|cert:Tipo B;score:76
106_sf5|cert:Não Certificado;score:10
107_sf5|cert:Tipo B;score:98
108_sf5|cert:Não Certificado;score:91
109_sf5|cert:Tipo B;score:75
110_sf5|cert:Tipo B;score:20
111_sf5|cert:Tipo C;score:43
112_sf5|cert:Tipo B;score:17
113_sf5|cert:Tipo C;score:53
114_sf5|cert:Tipo A;score:5
115_sf5|cert:Tipo A;score:56
116_sf5|cert:Tipo A;score:38
117_sf5|cert:Tipo B;score:40
118_sf5|cert:Tipo C;score:75
119_sf5|cert:Não Certificado;score:1
120_sf5|cert:Tipo B;score:56
121_sf5|cert:Tipo B;score:50
122_sf5|cert:Tipo B;score:93
123_sf5|cert:Tipo B;score:85
124_sf5|cert:Tipo B;score:6
125_sf5|cert:Tipo A;score:40
126_sf5|cert:Não Certificado;score:65
127_sf5|cert:Não Certificado;score:11
128_sf5|cert:Tipo B;score:26
129_sf5|cert:Não Certificado;score:52
130_sf5|cert:Tipo C;score:59
131_sf5|cert:Tipo A;score:90
132_sf5|cert:Tipo A;score:20
133_sf5|cert:Não Certificado;score:74
134_sf5|cert:Tipo B;score:75
135_sf5|cert:Tipo A;score:99
136_sf5|cert:Tipo B;score:75
137_sf5|cert:Tipo B;score:25
138_sf5|cert:Tipo A;score:23
139_sf5|cert:Tipo A;score:56
140_sf5|cert:Tipo C;score:39
141_sf5|cert:Tipo B;score:0
142_sf5|cert:Tipo A;score:95
143_sf5|cert:Tipo B;score:38
144_sf5|cert:Tipo B;score:41
145_sf5|cert:Tipo A;score:78
146_sf5|cert:Tipo C;score:5
147_sf5|cert:Não Certificado;score:76
148_sf5|cert:Não Certificado;score:43
149_sf5|cert:Tipo A;score:85
150_sf5|cert:Não Certificado;score:4
151_sf5|cert:Não Certificado;score:41
152_sf5|cert:Tipo B;score:6
153_sf5|cert:Tipo A;score:76
154_sf5|cert:Tipo C;score:0
155_sf5|cert:Tipo C;score:22
156_sf5|cert:Tipo A;score:76
157_sf5|cert:Tipo A;score:36
158_sf5|cert:Tipo A;score:32
159_sf5|cert:Não Certificado;score:7
160_sf5|cert:Tipo B;score:72
161_sf5|cert:Não Certificado;score:4
162_sf5|cert:Tipo C;score:50
163_sf5|cert:Tipo A;score:47
164_sf5|cert:Tipo C;score:90
165_sf5|cert:Tipo B;score:96
166_sf5|cert:Tipo A;score:30
167_sf5|cert:Tipo C;score:5
168_sf5|cert:Tipo B;score:84
169_sf5|cert:Não Certificado;score:37
170_sf5|cert:Não Certificado;score:63
171_sf5|cert:Tipo C;score:0
172_sf5|cert:Tipo A;score:8
173_sf5|cert:Tipo A;score:75
174_sf5|cert:Tipo C;score:20
175_sf5|cert:Tipo C;score:67
176_sf5|cert:Tipo B;score:37
177_sf5|cert:Tipo B;score:42
178_sf5|cert:Não Certificado;score:26
179_sf5|cert:Não Certificado;score:82
180_sf5|cert:Não Certificado;score:95
181_sf5|cert:Tipo C;score:38
182_sf5|cert:Não Certificado;score:93
183_sf5|cert:Tipo A;score:83
184_sf5|cert:Tipo B;score:52
185_sf5|cert:Tipo C;score:16
186_sf5|cert:Tipo B;score:4
187_sf5|cert:Tipo A;score:96
188_sf5|cert:Não Certificado;score:53
189_sf5|cert:Tipo A;score:96
190_sf5|cert:Tipo C;score:99
191_sf5|cert:Tipo C;score:95
192_sf5|cert:Tipo B;score:75
193_sf5|cert:Tipo A;score:21
194_sf5|cert:Não Certificado;score:12
195_sf5|cert:Tipo C;score:64
196_sf5|cert:Tipo B;score:28
197_sf5|cert:Tipo A;score:48
198_sf5|cert:Tipo B;score:44
199_sf5|cert:Não Certificado;score:86
200_sf5|cert:Tipo B;score:66
201_sf5|cert:Tipo B;score:50
202_sf5|cert:Tipo B;score:18
203_sf5|cert:Tipo B;score:80
204_sf5|cert:Tipo C;score:95
205_sf5|cert:Tipo A;score:55
206_sf5|cert:Tipo B;score:19
207_sf5|cert:Tipo B;score:48
208_sf5|cert:Tipo B;score:78
209_sf5|cert:Tipo A;score:67
210_sf5|cert:Tipo A;score:94
211_sf5|cert:Não Certificado;score:48
212_sf5|cert:Tipo B;score:56
213_sf5|cert:Tipo B;score:50
214_sf5|cert:Não Certificado;score:96
215_sf5|cert:Tipo C;score:84
216_sf5|cert:Tipo B;score:73
217_sf5|cert:Não Certificado;score:97
218_sf5|cert:Tipo A;score:76
219_sf5|cert:Não Certificado;score:73
220_sf5|cert:Tipo B;score:97
221_sf5|cert:Tipo B;score:60
222_sf5|cert:Tipo A;score:7
223_sf5|cert:Tipo A;score:68
224_sf5|cert:Tipo B;score:50
225_sf5|cert:Tipo B;score:23
226_sf5|cert:Tipo B;score:48
227_sf5|cert:Tipo C;score:43
228_sf5|cert:Tipo B;score:32
229_sf5|cert:Tipo C;score:52
230_sf5|cert:Tipo A;score:28
231_sf5|cert:Tipo B;score:52
232_sf5|cert:Tipo B;score:97
233_sf5|cert:Tipo A;score:75
234_sf5|cert:Tipo C;score:57
235_sf5|cert:Tipo A;score:74
236_sf5|cert:Tipo B;score:86
237_sf5|cert:Tipo A;score:54
238_sf5|cert:Tipo C;score:47
239_sf5|cert:Não Certificado;score:56
240_sf5|cert:Tipo B;score:78
241_sf5|cert:Tipo A;score:78
242_sf5|cert:Tipo B;score:78
243_sf5|cert:Tipo C;score:61
244_sf5|cert:Tipo B;score:78
245_sf5|cert:Tipo A;score:38
246_sf5|cert:Tipo C;score:47
247_sf5|cert:Tipo A;score:89
248_sf5|cert:Tipo B;score:64
249_sf5|cert:Não Certificado;score:13
250_sf5|cert:Tipo A;score:64
251_sf5|cert:Tipo C;score:90
252_sf5|cert:Tipo C;score:5
253_sf5|cert:Não Certificado;score:36
254_sf5|cert:Não Certificado;score:44
255_sf5|cert:Tipo A;score:8
256_sf5|cert:Tipo B;score:51
257_sf5|cert:Tipo A;score:31
258_sf5|cert:Tipo A;score:19
259_sf5|cert:Tipo B;score:8
260_sf5|cert:Tipo A;score:11
261_sf5|cert:Tipo C;score:61
262_sf5|cert:Tipo B;score:44
263_sf5|cert:Tipo B;score:9
264_sf5|cert:Tipo B;score:11
265_sf5|cert:Tipo C;score:62
266_sf5|cert:Tipo B;score:7
267_sf5|cert:Não Certificado;score:26
268_sf5|cert:Não Certificado;score:97
269_sf5|cert:Tipo B;score:52
270_sf5|cert:Tipo B;score:0
271_sf5|cert:Tipo B;score:96
272_sf5|cert:Tipo B;score:48
273_sf5|cert:Tipo B;score:3
274_sf5|cert:Tipo A;score:95
275_sf5|cert:Não Certificado;score:91
276_sf5|cert:Tipo A;score:55
277_sf5|cert:Tipo A;score:28
278_sf5|cert:Tipo B;score:48
279_sf5|cert:Não Certificado;score:7
280_sf5|cert:Tipo B;score:64
281_sf5|cert:Tipo C;score:46
282_sf5|cert:Tipo B;score:12
283_sf5|cert:Tipo C;score:68
284_sf5|cert:Tipo C;score:55
285_sf5|cert:Tipo C;score:0
286_sf5|cert:Não Certificado;score:27
287_sf5|cert:Tipo B;score:66
288_sf5|cert:Tipo B;score:9
289_sf5|cert:Tipo C;score:3
290_sf5|cert:Tipo A;score:43
291_sf5|cert:Tipo B;score:7
292_sf5|cert:Tipo A;score:71
293_sf5|cert:Tipo C;score:77
294_sf5|cert:Tipo A;score:52
295_sf5|cert:Tipo B;score:84
296_sf5|cert:Tipo B;score:25
297_sf5|cert:Tipo B;score:54
298_sf5|cert:Tipo C;score:10
299_sf5|cert:Tipo B;score:45
300_sf5|cert:Tipo A;score:94
301_sf5|cert:Tipo A;score:92
302_sf5|cert:Tipo B;score:80
303_sf5|cert:Tipo C;score:90
304_sf5|cert:Tipo B;score:98
305_sf5|cert:Tipo A;score:9
306_sf5|cert:Tipo C;score:18
307_sf5|cert:Tipo B;score:34
308_sf5|cert:Tipo B;score:43
309_sf5|cert:Tipo B;score:7
310_sf5|cert:Tipo B;score:9
311_sf5|cert:Tipo B;score:62
312_sf5|cert:Tipo B;score:19
313_sf5|cert:Não Certificado;score:16
314_sf5|cert:Não Certificado;score:90
315_sf5|cert:Tipo C;score:34
316_sf5|cert:Tipo C;score:33
317_sf5|cert:Tipo B;score:5
318_sf5|cert:Tipo C;score:33
319_sf5|cert:Tipo A;score:73
320_sf5|cert:Tipo B;score:8
321_sf5|cert:Não Certificado;score:51
322_sf5|cert:Tipo C;score:84
323_sf5|cert:Não Certificado;score:43
324_sf5|cert:Tipo B;score:74
325_sf5|cert:Tipo B;score:2
326_sf5|cert:Tipo A;score:39
327_sf5|cert:Tipo A;score:27
328_sf5|cert:Tipo B;score:73
329_sf5|cert:Tipo B;score:74
330_sf5|cert:Tipo C;score:39
331_sf5|cert:Tipo C;score:6
332_sf5|cert:Tipo C;score:65
333_sf5|cert:Não Certificado;score:48
334_sf5|cert:Tipo B;score:8
335_sf5|cert:Tipo C;score:26
336_sf5|cert:Tipo B;score:31
337_sf5|cert:Não Certificado;score:57
338_sf5|cert:Tipo A;score:86
339_sf5|cert:Tipo B;score:98
340_sf5|cert:Tipo B;score:89
341_sf5|cert:Tipo A;score:47
342_sf5|cert:Tipo C;score:10
343_sf5|cert:Tipo A;score:94
344_sf5|cert:Tipo B;score:83
345_sf5|cert:Tipo B;score:27
346_sf5|cert:Tipo A;score:60
347_sf5|cert:Tipo C;score:9
348_sf5|cert:Tipo A;score:64
349_sf5|cert:Tipo B;score:53
350_sf5|cert:Tipo A;score:91
351_sf5|cert:Não Certificado;score:12
352_sf5|cert:Tipo B;score:97
353_sf5|cert:Tipo C;score:18
354_sf5|cert:Tipo B;score:78
355_sf5|cert:Tipo A;score:72
356_sf5|cert:Tipo C;score:79
357_sf5|cert:Não Certificado;score:8
358_sf5|cert:Tipo A;score:61
359_sf5|cert:Tipo C;score:24
360_sf5|cert:Tipo B;score:49
361_sf5|cert:Tipo B;score:33
362_sf5|cert:Tipo C;score:24
363_sf5|cert:Tipo C;score:4
364_sf5|cert:Tipo B;score:27
365_sf5|cert:Não Certificado;score:1
366_sf5|cert:Tipo B;score:89
367_sf5|cert:Tipo B;score:21
368_sf5|cert:Tipo B;score:27
369_sf5|cert:Tipo B;score:22
370_sf5|cert:Tipo B;score:45
371_sf5|cert:Tipo B;score:16
372_sf5|cert:Tipo C;score:57
373_sf5|cert:Não Certificado;score:99
374_sf5|cert:Tipo A;score:64
375_sf5|cert:Tipo C;score:97
376_sf5|cert:Tipo B;score:61
377_sf5|cert:Tipo B;score:1
378_sf5|cert:Tipo A;score:36
379_sf5|cert:Tipo A;score:21
380_sf5|cert:Não Certificado;score:2
381_sf5|cert:Tipo B;score:32
382_sf5|cert:Tipo B;score:20
383_sf5|cert:Tipo B;score:28
384_sf5|cert:Tipo B;score:59
385_sf5|cert:Tipo A;score:15
386_sf5|cert:Tipo C;score:29
387_sf5|cert:Não Certificado;score:0
388_sf5|cert:Tipo C;score:66
389_sf5|cert:Tipo C;score:24
390_sf5|cert:Não Certificado;score:13
391_sf5|cert:Tipo C;score:73
392_sf5|cert:Tipo B;score:22
393_sf5|cert:Tipo C;score:97
394_sf5|cert:Tipo C;score:36
395_sf5|cert:Tipo B;score:33
396_sf5|cert:Tipo B;score:28
397_sf5|cert:Não Certificado;score:2
398_sf5|cert:Tipo B;score:29
399_sf5|cert:Tipo C;score:43
400_sf5|cert:Tipo B;score:20
401_sf5|cert:Tipo B;score:67
402_sf5|cert:Tipo C;score:92
403_sf5|cert:Não Certificado;score:50
404_sf5|cert:Não Certificado;score:95
405_sf5|cert:Tipo C;score:29
406_sf5|cert:Tipo C;score:18
407_sf5|cert:Tipo B;score:75
408_sf5|cert:Tipo B;score:32
409_sf5|cert:Tipo B;score:49
410_sf5|cert:Tipo C;score:23
411_sf5|cert:Não Certificado;score:53
412_sf5|cert:Tipo B;score:49
413_sf5|cert:Tipo A;score:83
414_sf5|cert:Tipo A;score:21
415_sf5|cert:Não Certificado;score:98
416_sf5|cert:Tipo B;score:22
417_sf5|cert:Tipo B;score:62
418_sf5|cert:Tipo B;score:78
419_sf5|cert:Tipo C;score:39
420_sf5|cert:Tipo C;score:89
421_sf5|cert:Tipo B;score:99
422_sf5|cert:Tipo A;score:96
423_sf5|cert:Tipo A;score:59
424_sf5|cert:Tipo B;score:4
425_sf5|cert:Tipo C;score:22
426_sf5|cert:Tipo C;score:34
427_sf5|cert:Tipo B;score:34
428_sf5|cert:Tipo A;score:13
429_sf5|cert:Não Certificado;score:74
430_sf5|cert:Não Certificado;score:24
431_sf5|cert:Não Certificado;score:42
432_sf5|cert:Tipo B;score:41
433_sf5|cert:Tipo B;score:29
434_sf5|cert:Tipo B;score:92
435_sf5|cert:Tipo C;score:80
436_sf5|cert:Tipo A;score:48
437_sf5|cert:Não Certificado;score:97
438_sf5|cert:Tipo B;score:10
439_sf5|cert:Tipo C;score:55
440_sf5|cert:Tipo B;score:75
441_sf5|cert:Tipo A;score:67
442_sf5|cert:Tipo C;score:9
443_sf5|cert:Tipo B;score:74
444_sf5|cert:Não Certificado;score:94
445_sf5|cert:Não Certificado;score:99
446_sf5|cert:Tipo A;score:92
447_sf5|cert:Tipo A;score:53
448_sf5|cert:Tipo B;score:75
449_sf5|cert:Tipo C;score:48
450_sf5|cert:Tipo A;score:82
451_sf5|cert:Tipo B;score:17
452_sf5|cert:Tipo C;score:90
453_sf5|cert:Tipo C;score:6
454_sf5|cert:Não Certificado;score:88
455_sf5|cert:Tipo B;score:10
456_sf5|cert:Tipo B;score:13
457_sf5|cert:Não Certificado;score:29
458_sf5|cert:Não Certificado;score:80
459_sf5|cert:Tipo B;score:9
460_sf5|cert:Não Certificado;score:83
461_sf5|cert:Tipo A;score:64
462_sf5|cert:Tipo B;score:44
463_sf5|cert:Tipo B;score:9
464_sf5|cert:Tipo B;score:57
465_sf5|cert:Tipo B;score:78
466_sf5|cert:Tipo C;score:90
467_sf5|cert:Tipo B;score:95
468_sf5|cert:Tipo B;score:73
469_sf5|cert:Tipo A;score:75
470_sf5|cert:Não Certificado;score:62
471_sf5|cert:Tipo B;score:40
472_sf5|cert:Tipo B;score:27
473_sf5|cert:Tipo C;score:91
474_sf5|cert:Tipo B;score:87
475_sf5|cert:Tipo A;score:50
476_sf5|cert:Não Certificado;score:18
477_sf5|cert:Tipo C;score:59
478_sf5|cert:Tipo A;score:19
479_sf5|cert:Tipo B;score:83
480_sf5|cert:Tipo B;score:69
481_sf5|cert:Não Certificado;score:75
482_sf5|cert:Não Certificado;score:64
483_sf5|cert:Tipo A;score:10
484_sf5|cert:Tipo A;score:25
485_sf5|cert:Tipo A;score:72
486_sf5|cert:Tipo A;score:92
487_sf5|cert:Tipo A;score:88
488_sf5|cert:Tipo B;score:17
489_sf5|cert:Tipo B;score:54
490_sf5|cert:Tipo B;score:15
491_sf5|cert:Tipo B;score:29
492_sf5|cert:Não Certificado;score:58
493_sf5|cert:Tipo A;score:51
494_sf5|cert:Tipo A;score:80
495_sf5|cert:Tipo A;score:83
496_sf5|cert:Tipo B;score:46
497_sf5|cert:Não Certificado;score:84
498_sf5|cert:Tipo B;score:74
499_sf5|cert:Tipo A;score:1
500_sf5|cert:Tipo C;score:22
501_sf5|cert:Tipo B;score:80
502_sf5|cert:Não Certificado;score:46
503_sf5|cert:Não Certificado;score:32
504_sf5|cert:Tipo B;score:55
505_sf5|cert:Tipo B;score:74
506_sf5|cert:Tipo C;score:88
507_sf5|cert:Tipo B;score:60
508_sf5|cert:Tipo B;score:68
509_sf5|cert:Tipo B;score:31
510_sf5|cert:Tipo B;score:49
511_sf5|cert:Tipo B;score:56
512_sf5|cert:Tipo B;score:72
513_sf5|cert:Tipo A;score:54
514_sf5|cert:Tipo A;score:43
515_sf5|cert:Tipo B;score:12
516_sf5|cert:Tipo C;score:71
517_sf5|cert:Tipo A;score:58
518_sf5|cert:Tipo B;score:24
519_sf5|cert:Tipo A;score:44
520_sf5|cert:Tipo B;score:40
521_sf5|cert:Tipo B;score:43
522_sf5|cert:Tipo A;score:87
523_sf5|cert:Tipo A;score:6
524_sf5|cert:Tipo B;score:1
525_sf5|cert:Tipo B;score:63
526_sf5|cert:Não Certificado;score:34
527_sf5|cert:Tipo B;score:56
528_sf5|cert:Tipo B;score:49
529_sf5|cert:Tipo C;score:53
530_sf5|cert:Não Certificado;score:9
531_sf5|cert:Não Certificado;score:42
532_sf5|cert:Tipo C;score:44
533_sf5|cert:Tipo C;score:60
534_sf5|cert:Não Certificado;score:48
535_sf5|cert:Tipo A;score:37
536_sf5|cert:Tipo B;score:3
537_sf5|cert:Tipo B;score:96
538_sf5|cert:Tipo B;score:26
539_sf5|cert:Não Certificado;score:40
540_sf5|cert:Tipo C;score:4
541_sf5|cert:Tipo A;score:8
542_sf5|cert:Tipo B;score:26
543_sf5|cert:Não Certificado;score:54
544_sf5|cert:Tipo B;score:64
545_sf5|cert:Tipo A;score:93
546_sf5|cert:Tipo B;score:23
547_sf5|cert:Tipo B;score:36
548_sf5|cert:Tipo B;score:92
549_sf5|cert:Tipo B;score:62
550_sf5|cert:Tipo C;score:24
551_sf5|cert:Tipo C;score:82
552_sf5|cert:Tipo B;score:72
553_sf5|cert:Não Certificado;score:50
554_sf5|cert:Tipo B;score:32
555_sf5|cert:Tipo C;score:80
556_sf5|cert:Tipo B;score:99
557_sf5|cert:Tipo A;score:50
558_sf5|cert:Tipo B;score:96
559_sf5|cert:Não Certificado;score:30
560_sf5|cert:Tipo B;score:55
561_sf5|cert:Tipo B;score:72
562_sf5|cert:Tipo A;score:22
563_sf5|cert:Tipo C;score:42
564_sf5|cert:Tipo B;score:39
565_sf5|cert:Não Certificado;score:87
566_sf5|cert:Tipo C;score:99
567_sf5|cert:Não Certificado;score:50
568_sf5|cert:Tipo B;score:39
569_sf5|cert:Tipo B;score:72
570_sf5|cert:Tipo B;score:12
571_sf5|cert:Não Certificado;score:16
572_sf5|cert:Tipo C;score:41
573_sf5|cert:Tipo C;score:45
574_sf5|cert:Tipo A;score:12
575_sf5|cert:Tipo A;score:81
576_sf5|cert:Tipo B;score:73
577_sf5|cert:Tipo C;score:80
578_sf5|cert:Não Certificado;score:34
579_sf5|cert:Não Certificado;score:16
580_sf5|cert:Tipo A;score:3
581_sf5|cert:Tipo B;score:81
582_sf5|cert:Tipo B;score:9
583_sf5|cert:Tipo B;score:45
584_sf5|cert:Tipo B;score:42
585_sf5|cert:Não Certificado;score:61
586_sf5|cert:Tipo C;score:4
587_sf5|cert:Tipo A;score:97
588_sf5|cert:Tipo C;score:32
589_sf5|cert:Tipo A;score:30
590_sf5|cert:Não Certificado;score:20
591_sf5|cert:Tipo C;score:21
592_sf5|cert:Tipo B;score:10
593_sf5|cert:Não Certificado;score:4
594_sf5|cert:Tipo B;score:27
595_sf5|cert:Não Certificado;score:88
596_sf5|cert:Tipo A;score:75
597_sf5|cert:Tipo B;score:53
598_sf5|cert:Tipo C;score:63
599_sf5|cert:Não Certificado;score:80
600_sf5|cert:Tipo B;score:45
601_sf5|cert:Tipo B;score:66
602_sf5|cert:Tipo B;score:17
603_sf5|cert:Não Certificado;score:67
604_sf5|cert:Tipo C;score:93
605_sf5|cert:Tipo A;score:81
606_sf5|cert:Tipo B;score:6
607_sf5|cert:Tipo C;score:64
608_sf5|cert:Tipo B;score:62
609_sf5|cert:Tipo B;score:83
610_sf5|cert:Tipo A;score:36
611_sf5|cert:Tipo B;score:81
612_sf5|cert:Não Certificado;score:68
613_sf5|cert:Não Certificado;score:51
614_sf5|cert:Tipo C;score:69
615_sf5|cert:Tipo A;score:73
616_sf5|cert:Tipo B;score:80
617_sf5|cert:Tipo B;score:98
618_sf5|cert:Tipo C;score:5
619_sf5|cert:Tipo A;score:59
620_sf5|cert:Tipo B;score:54
621_sf5|cert:Não Certificado;score:56
622_sf5|cert:Tipo A;score:9
623_sf5|cert:Tipo A;score:1
624_sf5|cert:Tipo B;score:61
625_sf5|cert:Tipo C;score:27
626_sf5|cert:Não Certificado;score:52
627_sf5|cert:Tipo C;score:63
628_sf5|cert:Tipo A;score:61
629_sf5|cert:Tipo B;score:83
630_sf5|cert:Tipo A;score:0
631_sf5|cert:Tipo B;score:90
632_sf5|cert:Tipo B;score:14
633_sf5|cert:Tipo C;score:2
634_sf5|cert:Tipo C;score:32
635_sf5|cert:Tipo B;score:95
636_sf5|cert:Tipo C;score:59
637_sf5|cert:Tipo A;score:8
638_sf5|cert:Tipo B;score:41
639_sf5|cert:Tipo B;score:53
640_sf5|cert:Tipo B;score:23
641_sf5|cert:Não Certificado;score:50
642_sf5|cert:Tipo B;score:95
643_sf5|cert:Tipo A;score:46
644_sf5|cert:Tipo B;score:4
645_sf5|cert:Tipo A;score:93
646_sf5|cert:Não Certificado;score:14
647_sf5|cert:Tipo A;score:19
648_sf5|cert:Tipo B;score:49
649_sf5|cert:Não Certificado;score:50
650_sf5|cert:Tipo A;score:43
651_sf5|cert:Não Certificado;score:44
652_sf5|cert:Tipo A;score:28
653_sf5|cert:Tipo A;score:38
654_sf5|cert:Tipo B;score:50
655_sf5|cert:Tipo B;score:9
656_sf5|cert:Tipo B;score:97
657_sf5|cert:Tipo B;score:94
658_sf5|cert:Tipo A;score:24
659_sf5|cert:Tipo C;score:92
660_sf5|cert:Tipo B;score:15
661_sf5|cert:Tipo A;score:0
662_sf5|cert:Tipo B;score:98
663_sf5|cert:Tipo B;score:7
664_sf5|cert:Tipo B;score:70
665_sf5|cert:Tipo C;score:95
666_sf5|cert:Tipo B;score:3
667_sf5|cert:Tipo C;score:66
668_sf5|cert:Tipo C;score:26
669_sf5|cert:Tipo A;score:47
670_sf5|cert:Não Certificado;score:38
671_sf5|cert:Tipo B;score:91
672_sf5|cert:Tipo B;score:48
673_sf5|cert:Não Certificado;score:39
674_sf5|cert:Tipo A;score:40
675_sf5|cert:Não Certificado;score:20
676_sf5|cert:Não Certificado;score:32
677_sf5|cert:Tipo C;score:33
678_sf5|cert:Não Certificado;score:89
679_sf5|cert:Não Certificado;score:79
680_sf5|cert:Tipo B;score:48
681_sf5|cert:Não Certificado;score:76
682_sf5|cert:Não Certificado;score:15
683_sf5|cert:Tipo B;score:25
684_sf5|cert:Tipo A;score:19
685_sf5|cert:Tipo A;score:85
686_sf5|cert:Tipo A;score:10
687_sf5|cert:Tipo C;score:22
688_sf5|cert:Tipo B;score:26
689_sf5|cert:Tipo B;score:81
690_sf5|cert:Tipo A;score:52
691_sf5|cert:Tipo B;score:5
692_sf5|cert:Tipo A;score:70
693_sf5|cert:Tipo C;score:73
694_sf5|cert:Tipo A;score:71
695_sf5|cert:Tipo C;score:19
696_sf5|cert:Tipo B;score:64
697_sf5|cert:Tipo C;score:10
698_sf5|cert:Não Certificado;score:87
699_sf5|cert:Tipo A;score:44
700_sf5|cert:Tipo C;score:4
701_sf5|cert:Tipo A;score:7
702_sf5|cert:Tipo C;score:35
703_sf5|cert:Tipo B;score:24
704_sf5|cert:Tipo B;score:44
705_sf5|cert:Não Certificado;score:54
706_sf5|cert:Tipo C;score:11
707_sf5|cert:Tipo C;score:8
708_sf5|cert:Tipo C;score:94
709_sf5|cert:Tipo B;score:73
710_sf5|cert:Tipo B;score:24
711_sf5|cert:Tipo C;score:57
712_sf5|cert:Tipo B;score:28
713_sf5|cert:Tipo C;score:2
714_sf5|cert:Tipo A;score:2
715_sf5|cert:Não Certificado;score:10
716_sf5|cert:Tipo B;score:32
717_sf5|cert:Tipo B;score:69
718_sf5|cert:Tipo A;score:74
719_sf5|cert:Tipo A;score:54
720_sf5|cert:Tipo B;score:6
721_sf5|cert:Tipo B;score:80
722_sf5|cert:Tipo C;score:10
723_sf5|cert:Tipo B;score:90
724_sf5|cert:Tipo C;score:60
725_sf5|cert:Não Certificado;score:14
726_sf5|cert:Tipo A;score:14
727_sf5|cert:Tipo B;score:10
728_sf5|cert:Tipo B;score:4
729_sf5|cert:Tipo B;score:86
730_sf5|cert:Tipo C;score:49
731_sf5|cert:Tipo B;score:19
732_sf5|cert:Tipo B;score:2
733_sf5|cert:Tipo A;score:34
734_sf5|cert:Tipo A;score:95
735_sf5|cert:Não Certificado;score:71
736_sf5|cert:Tipo B;score:31
737_sf5|cert:Tipo A;score:24
738_sf5|cert:Tipo B;score:54
739_sf5|cert:Tipo A;score:96
740_sf5|cert:Tipo A;score:74
741_sf5|cert:Tipo C;score:86
742_sf5|cert:Tipo B;score:46
743_sf5|cert:Tipo B;score:28
744_sf5|cert:Tipo B;score:9
745_sf5|cert:Tipo A;score:76
746_sf5|cert:Tipo B;score:85
747_sf5|cert:Tipo B;score:67
748_sf5|cert:Tipo A;score:46
749_sf5|cert:Tipo A;score:59
750_sf5|cert:Tipo C;score:10
751_sf5|cert:Tipo C;score:67
752_sf5|cert:Tipo B;score:53
753_sf5|cert:Tipo C;score:33
754_sf5|cert:Tipo B;score:76
755_sf5|cert:Tipo C;score:30
756_sf5|cert:Tipo A;score:89
757_sf5|cert:Tipo B;score:30
758_sf5|cert:Não Certificado;score:20
759_sf5|cert:Tipo C;score:1
760_sf5|cert:Tipo B;score:1
761_sf5|cert:Tipo C;score:66
762_sf5|cert:Tipo A;score:67
763_sf5|cert:Tipo A;score:97
764_sf5|cert:Tipo B;score:54
765_sf5|cert:Tipo B;score:90
766_sf5|cert:Tipo B;score:49
767_sf5|cert:Tipo C;score:4
768_sf5|cert:Tipo B;score:29
769_sf5|cert:Não Certificado;score:88
770_sf5|cert:Tipo A;score:38
771_sf5|cert:Tipo C;score:94
772_sf5|cert:Tipo B;score:45
773_sf5|cert:Tipo A;score:8
774_sf5|cert:Não Certificado;score:20
775_sf5|cert:Tipo C;score:80
776_sf5|cert:Tipo B;score:8
777_sf5|cert:Tipo A;score:18
778_sf5|cert:Tipo B;score:71
779_sf5|cert:Tipo B;score:2
780_sf5|cert:Tipo B;score:90
781_sf5|cert:Tipo A;score:6
782_sf5|cert:Tipo B;score:40
783_sf5|cert:Não Certificado;score:23
784_sf5|cert:Tipo B;score:30
785_sf5|cert:Tipo A;score:11
786_sf5|cert:Não Certificado;score:30
787_sf5|cert:Não Certificado;score:31
788_sf5|cert:Tipo C;score:66
789_sf5|cert:Não Certificado;score:66
790_sf5|cert:Tipo A;score:31
791_sf5|cert:Tipo A;score:14
792_sf5|cert:Tipo B;score:63
793_sf5|cert:Não Certificado;score:1
794_sf5|cert:Tipo B;score:50
795_sf5|cert:Tipo A;score:64
796_sf5|cert:Tipo A;score:24
797_sf5|cert:Tipo C;score:96
798_sf5|cert:Não Certificado;score:93
799_sf5|cert:Não Certificado;score:67
800_sf5|cert:Tipo B;score:12
801_sf5|cert:Tipo A;score:7
802_sf5|cert:Não Certificado;score:66
803_sf5|cert:Tipo B;score:92
804_sf5|cert:Não Certificado;score:25
805_sf5|cert:Tipo B;score:89
806_sf5|cert:Tipo A;score:46
807_sf5|cert:Tipo C;score:67
808_sf5|cert:Tipo B;score:5
809_sf5|cert:Tipo B;score:48
810_sf5|cert:Tipo C;score:41
811_sf5|cert:Não Certificado;score:93
812_sf5|cert:Tipo C;score:38
813_sf5|cert:Não Certificado;score:55
814_sf5|cert:Tipo A;score:80
815_sf5|cert:Não Certificado;score:25
816_sf5|cert:Tipo B;score:42
817_sf5|cert:Tipo C;score:44
818_sf5|cert:Tipo A;score:69
819_sf5|cert:Tipo C;score:59
820_sf5|cert:Tipo B;score:41
821_sf5|cert:Tipo A;score:38
822_sf5|cert:Não Certificado;score:37
823_sf5|cert:Não Certificado;score:12
824_sf5|cert:Tipo B;score:53
825_sf5|cert:Tipo B;score:2
826_sf5|cert:Tipo B;score:16
827_sf5|cert:Não Certificado;score:2
828_sf5|cert:Tipo B;score:44
829_sf5|cert:Tipo C;score:5
830_sf5|cert:Tipo A;score:45
831_sf5|cert:Tipo C;score:72
832_sf5|cert:Tipo B;score:45
833_sf5|cert:Tipo B;score:86
834_sf5|cert:Tipo B;score:2
835_sf5|cert:Tipo B;score:40
836_sf5|cert:Não Certificado;score:61
837_sf5|cert:Tipo C;score:3
838_sf5|cert:Não Certificado;score:39
839_sf5|cert:Tipo A;score:60
840_sf5|cert:Tipo B;score:90
841_sf5|cert:Não Certificado;score:85
842_sf5|cert:Não Certificado;score:15
843_sf5|cert:Tipo A;score:87
844_sf5|cert:Não Certificado;score:59
845_sf5|cert:Tipo A;score:2
846_sf5|cert:Tipo A;score:0
847_sf5|cert:Tipo A;score:43
848_sf5|cert:Tipo B;score:80
849_sf5|cert:Tipo B;score:47
850_sf5|cert:Não Certificado;score:49
851_sf5|cert:Tipo C;score:51
852_sf5|cert:Tipo B;score:41
853_sf5|cert:Tipo A;score:76
854_sf5|cert:Tipo A;score:35
855_sf5|cert:Tipo C;score:60
856_sf5|cert:Tipo B;score:16
857_sf5|cert:Não Certificado;score:63
858_sf5|cert:Tipo A;score:3
859_sf5|cert:Não Certificado;score:31
860_sf5|cert:Não Certificado;score:44
861_sf5|cert:Tipo B;score:23
862_sf5|cert:Tipo A;score:83
863_sf5|cert:Tipo C;score:52
864_sf5|cert:Tipo B;score:43
865_sf5|cert:Tipo A;score:91
866_sf5|cert:Tipo B;score:96
867_sf5|cert:Tipo B;score:95
868_sf5|cert:Não Certificado;score:63
869_sf5|cert:Tipo A;score:95
870_sf5|cert:Não Certificado;score:33
871_sf5|cert:Tipo A;score:52
872_sf5|cert:Tipo B;score:56
873_sf5|cert:Tipo A;score:11
874_sf5|cert:Tipo B;score:55
875_sf5|cert:Não Certificado;score:11
876_sf5|cert:Não Certificado;score:51
877_sf5|cert:Tipo C;score:89
878_sf5|cert:Tipo B;score:0
879_sf5|cert:Não Certificado;score:91
880_sf5|cert:Tipo B;score:36
881_sf5|cert:Não Certificado;score:58
882_sf5|cert:Tipo B;score:19
883_sf5|cert:Tipo C;score:34
884_sf5|cert:Tipo A;score:19
885_sf5|cert:Tipo A;score:94
886_sf5|cert:Tipo C;score:65
887_sf5|cert:Tipo C;score:23
888_sf5|cert:Tipo B;score:67
889_sf5|cert:Tipo A;score:84
890_sf5|cert:Tipo A;score:48
891_sf5|cert:Tipo A;score:90
892_sf5|cert:Tipo C;score:73
893_sf5|cert:Não Certificado;score:2
894_sf5|cert:Tipo B;score:8
895_sf5|cert:Tipo A;score:5
896_sf5|cert:Tipo B;score:57
897_sf5|cert:Não Certificado;score:22
898_sf5|cert:Tipo B;score:18
899_sf5|cert:Tipo A;score:19
900_sf5|cert:Tipo A;score:80
901_sf5|cert:Tipo C;score:38
902_sf5|cert:Tipo B;score:80
903_sf5|cert:Tipo B;score:53
904_sf5|cert:Tipo B;score:21
905_sf5|cert:Tipo C;score:22
906_sf5|cert:Tipo A;score:67
907_sf5|cert:Não Certificado;score:99
908_sf5|cert:Tipo A;score:65
909_sf5|cert:Tipo A;score:2
910_sf5|cert:Tipo C;score:69
911_sf5|cert:Tipo B;score:78
912_sf5|cert:Tipo B;score:81
913_sf5|cert:Tipo A;score:55
914_sf5|cert:Tipo A;score:61
915_sf5|cert:Tipo A;score:12
916_sf5|cert:Não Certificado;score:38
917_sf5|cert:Tipo B;score:43
918_sf5|cert:Tipo B;score:44
919_sf5|cert:Não Certificado;score:4
920_sf5|cert:Tipo B;score:68
921_sf5|cert:Não Certificado;score:6
922_sf5|cert:Tipo A;score:42
923_sf5|cert:Tipo A;score:36
924_sf5|cert:Tipo C;score:80
925_sf5|cert:Tipo B;score:54
926_sf5|cert:Tipo C;score:77
927_sf5|cert:Não Certificado;score:71
928_sf5|cert:Tipo B;score:62
929_sf5|cert:Tipo B;score:58
930_sf5|cert:Não Certificado;score:80
931_sf5|cert:Tipo A;score:73
932_sf5|cert:Tipo C;score:72
933_sf5|cert:Tipo C;score:3
934_sf5|cert:Não Certificado;score:26
935_sf5|cert:Tipo A;score:0
936_sf5|cert:Tipo B;score:85
937_sf5|cert:Não Certificado;score:21
938_sf5|cert:Tipo C;score:72
939_sf5|cert:Tipo B;score:0
940_sf5|cert:Tipo B;score:31
941_sf5|cert:Não Certificado;score:70
942_sf5|cert:Não Certificado;score:39
943_sf5|cert:Tipo A;score:43
944_sf5|cert:Tipo B;score:46
945_sf5|cert:Não Certificado;score:53
946_sf5|cert:Tipo B;score:58
947_sf5|cert:Não Certificado;score:1
948_sf5|cert:Não Certificado;score:72
949_sf5|cert:Tipo B;score:30
950_sf5|cert:Não Certificado;score:63
951_sf5|cert:Não Certificado;score:30
952_sf5|cert:Tipo B;score:21
953_sf5|cert:Tipo B;score:50
954_sf5|cert:Tipo C;score:24
955_sf5|cert:Tipo A;score:0
956_sf5|cert:Tipo B;score:27
957_sf5|cert:Tipo C;score:93
958_sf5|cert:Tipo C;score:46
959_sf5|cert:Tipo C;score:90
960_sf5|cert:Tipo B;score:59
961_sf5|cert:Não Certificado;score:48
962_sf5|cert:Não Certificado;score:40
963_sf5|cert:Tipo A;score:82
964_sf5|cert:Não Certificado;score:45
965_sf5|cert:Tipo B;score:20
966_sf5|cert:Tipo C;score:86
967_sf5|cert:Tipo C;score:3
968_sf5|cert:Tipo B;score:67
969_sf5|cert:Tipo C;score:83
970_sf5|cert:Não Certificado;score:89
971_sf5|cert:Tipo A;score:43
972_sf5|cert:Tipo B;score:43
973_sf5|cert:Tipo B;score:19
974_sf5|cert:Tipo B;score:58
975_sf5|cert:Tipo C;score:68
976_sf5|cert:Tipo B;score:68
977_sf5|cert:Tipo B;score:50
978_sf5|cert:Tipo B;score:78
979_sf5|cert:Não Certificado;score:69
980_sf5|cert:Tipo B;score:0
981_sf5|cert:Tipo A;score:0
982_sf5|cert:Tipo C;score:58
983_sf5|cert:Tipo B;score:88
984_sf5|cert:Tipo B;score:84
985_sf5|cert:Tipo B;score:92
986_sf5|cert:Tipo A;score:14
987_sf5|cert:Não Certificado;score:89
988_sf5|cert:Tipo C;score:51
989_sf5|cert:Tipo C;score:35
990_sf5|cert:Tipo A;score:60
991_sf5|cert:Não Certificado;score:81
992_sf5|cert:Tipo B;score:80
993_sf5|cert:Tipo C;score:62
994_sf5|cert:Tipo B;score:72
995_sf5|cert:Tipo C;score:37
996_sf5|cert:Não Certificado;score:42
997_sf5|cert:Tipo B;score:74
998_sf5|cert:Tipo B;score:67
999_sf5|cert:Tipo A;score:57
1000_sf5|cert:Tipo B;score:61
1001_sf5|cert:Tipo A;score:88
1002_sf5|cert:Tipo C;score:35
1003_sf5|cert:Tipo C;score:81
1004_sf5|cert:Tipo B;score:79
1005_sf5|cert:Tipo C;score:75
1006_sf5|cert:Não Certificado;score:57
1007_sf5|cert:Tipo B;score:62
1008_sf5|cert:Tipo B;score:51
1009_sf5|cert:Tipo B;score:12
1010_sf5|cert:Tipo A;score:10
1011_sf5|cert:Tipo A;score:17
1012_sf5|cert:Não Certificado;score:69
1013_sf5|cert:Tipo C;score:24
1014_sf5|cert:Tipo B;score:23
1015_sf5|cert:Não Certificado;score:85
1016_sf5|cert:Tipo B;score:5
1017_sf5|cert:Tipo A;score:5
1018_sf5|cert:Não Certificado;score:8
1019_sf5|cert:Tipo C;score:50
1020_sf5|cert:Tipo C;score:60
1021_sf5|cert:Tipo A;score:54
1022_sf5|cert:Tipo B;score:81
1023_sf5|cert:Não Certificado;score:78
1024_sf5|cert:Tipo B;score:79
1025_sf5|cert:Tipo B;score:29
1026_sf5|cert:Não Certificado;score:72
1027_sf5|cert:Não Certificado;score:1
1028_sf5|cert:Tipo B;score:0
1029_sf5|cert:Não Certificado;score:73
1030_sf5|cert:Não Certificado;score:23
1031_sf5|cert:Não Certificado;score:95
1032_sf5|cert:Tipo B;score:60
1033_sf5|cert:Tipo B;score:55
1034_sf5|cert:Tipo A;score:78
1035_sf5|cert:Não Certificado;score:60
1036_sf5|cert:Tipo C;score:95
1037_sf5|cert:Tipo C;score:19
1038_sf5|cert:Tipo A;score:31
1039_sf5|cert:Tipo A;score:7
1040_sf5|cert:Tipo B;score:71
1041_sf5|cert:Não Certificado;score:42
1042_sf5|cert:Tipo B;score:30
1043_sf5|cert:Tipo B;score:40
1044_sf5|cert:Não Certificado;score:25
1045_sf5|cert:Tipo B;score:17
1046_sf5|cert:Tipo A;score:30
1047_sf5|cert:Tipo C;score:75
1048_sf5|cert:Tipo B;score:33
1049_sf5|cert:Tipo C;score:73
1050_sf5|cert:Tipo B;score:60
1051_sf5|cert:Tipo C;score:68
1052_sf5|cert:Tipo B;score:91
1053_sf5|cert:Não Certificado;score:57
1054_sf5|cert:Tipo C;score:11
1055_sf5|cert:Tipo A;score:85
1056_sf5|cert:Tipo B;score:83
1057_sf5|cert:Não Certificado;score:85
1058_sf5|cert:Tipo C;score:50
1059_sf5|cert:Não Certificado;score:30
1060_sf5|cert:Tipo B;score:48
1061_sf5|cert:Não Certificado;score:44
1062_sf5|cert:Tipo A;score:57
1063_sf5|cert:Tipo B;score:40
1064_sf5|cert:Tipo B;score:29
1065_sf5|cert:Tipo C;score:64
1066_sf5|cert:Tipo C;score:82
1067_sf5|cert:Tipo B;score:21
1068_sf5|cert:Não Certificado;score:90
1069_sf5|cert:Não Certificado;score:35
1070_sf5|cert:Tipo B;score:47
1071_sf5|cert:Tipo C;score:35
1072_sf5|cert:Tipo B;score:14
1073_sf5|cert:Tipo A;score:26
1074_sf5|cert:Tipo B;score:29
1075_sf5|cert:Tipo A;score:80
1076_sf5|cert:Tipo B;score:3
1077_sf5|cert:Tipo B;score:80
1078_sf5|cert:Não Certificado;score:33
1079_sf5|cert:Tipo C;score:91
1080_sf5|cert:Tipo B;score:36
1081_sf5|cert:Não Certificado;score:71
1082_sf5|cert:Tipo C;score:65
1083_sf5|cert:Não Certificado;score:55
1084_sf5|cert:Tipo A;score:81
1085_sf5|cert:Tipo B;score:24
1086_sf5|cert:Tipo A;score:94
1087_sf5|cert:Tipo B;score:55
1088_sf5|cert:Tipo B;score:21
1089_sf5|cert:Tipo A;score:7
1090_sf5|cert:Tipo C;score:3
1091_sf5|cert:Tipo A;score:37
1092_sf5|cert:Tipo C;score:99
1093_sf5|cert:Tipo C;score:55
1094_sf5|cert:Tipo C;score:31
1095_sf5|cert:Não Certificado;score:40
1096_sf5|cert:Tipo B;score:23
1097_sf5|cert:Tipo C;score:42
1098_sf5|cert:Tipo B;score:96
1099_sf5|cert:Tipo B;score:34
1100_sf5|cert:Tipo B;score:56
1101_sf5|cert:Tipo B;score:12
1102_sf5|cert:Tipo B;score:39
1103_sf5|cert:Tipo C;score:4
1104_sf5|cert:Tipo B;score:60
1105_sf5|cert:Tipo C;score:0
1106_sf5|cert:Tipo A;score:89
1107_sf5|cert:Não Certificado;score:28
1108_sf5|cert:Tipo C;score:43
1109_sf5|cert:Tipo B;score:19
1110_sf5|cert:Tipo A;score:46
1111_sf5|cert:Tipo B;score:51
1112_sf5|cert:Tipo B;score:76
1113_sf5|cert:Tipo A;score:58
1114_sf5|cert:Tipo B;score:10
1115_sf5|cert:Tipo B;score:38
1116_sf5|cert:Tipo C;score:89
1117_sf5|cert:Não Certificado;score:49
1118_sf5|cert:Tipo B;score:26
1119_sf5|cert:Tipo A;score:99
1120_sf5|cert:Tipo B;score:86
1121_sf5|cert:Tipo C;score:6
1122_sf5|cert:Não Certificado;score:24
1123_sf5|cert:Não Certificado;score:23
1124_sf5|cert:Tipo A;score:24
1125_sf5|cert:Não Certificado;score:74
1126_sf5|cert:Não Certificado;score:81
1127_sf5|cert:Tipo B;score:38
1128_sf5|cert:Tipo B;score:6
1129_sf5|cert:Tipo C;score:70
1130_sf5|cert:Tipo B;score:84
1131_sf5|cert:Tipo B;score:65
1132_sf5|cert:Tipo A;score:78
1133_sf5|cert:Tipo B;score:51
1134_sf5|cert:Não Certificado;score:30
1135_sf5|cert:Tipo A;score:44
1136_sf5|cert:Tipo B;score:52
1137_sf5|cert:Tipo C;score:1
1138_sf5|cert:Tipo B;score:20
1139_sf5|cert:Não Certificado;score:92
1140_sf5|cert:Tipo A;score:31
1141_sf5|cert:Tipo C;score:34
1142_sf5|cert:Tipo B;score:62
1143_sf5|cert:Tipo B;score:29
1144_sf5|cert:Tipo B;score:93
1145_sf5|cert:Tipo C;score:8
1146_sf5|cert:Não Certificado;score:82
1147_sf5|cert:Tipo B;score:24
1148_sf5|cert:Não Certificado;score:41
1149_sf5|cert:Tipo C;score:70
1150_sf5|cert:Tipo A;score:16
1151_sf5|cert:Tipo B;score:67
1152_sf5|cert:Tipo B;score:69
1153_sf5|cert:Tipo C;score:30
1154_sf5|cert:Tipo A;score:70
1155_sf5|cert:Não Certificado;score:38
1156_sf5|cert:Tipo B;score:85
1157_sf5|cert:Tipo C;score:18
1158_sf5|cert:Tipo B;score:40
1159_sf5|cert:Não Certificado;score:60
1160_sf5|cert:Tipo B;score:95
1161_sf5|cert:Tipo B;score:31
1162_sf5|cert:Tipo A;score:56
1163_sf5|cert:Tipo B;score:91
1164_sf5|cert:Tipo A;score:20
1165_sf5|cert:Tipo C;score:64
1166_sf5|cert:Não Certificado;score:82
1167_sf5|cert:Tipo C;score:56
1168_sf5|cert:Tipo B;score:22
1169_sf5|cert:Não Certificado;score:22
1170_sf5|cert:Não Certificado;score:30
1171_sf5|cert:Tipo A;score:9
1172_sf5|cert:Tipo A;score:81
1173_sf5|cert:Tipo A;score:21
1174_sf5|cert:Não Certificado;score:84
1175_sf5|cert:Tipo A;score:56
1176_sf5|cert:Tipo B;score:53
1177_sf5|cert:Tipo B;score:89
1178_sf5|cert:Tipo B;score:83
1179_sf5|cert:Tipo A;score:3
1180_sf5|cert:Tipo C;score:50
1181_sf5|cert:Tipo C;score:27
1182_sf5|cert:Tipo B;score:74
1183_sf5|cert:Tipo A;score:57
1184_sf5|cert:Tipo B;score:76
1185_sf5|cert:Tipo A;score:59
1186_sf5|cert:Tipo A;score:63
1187_sf5|cert:Tipo A;score:68
1188_sf5|cert:Tipo C;score:1
1189_sf5|cert:Tipo C;score:75
1190_sf5|cert:Não Certificado;score:63
1191_sf5|cert:Tipo C;score:96
1192_sf5|cert:Tipo B;score:27
1193_sf5|cert:Tipo B;score:27
1194_sf5|cert:Tipo A;score:2
1195_sf5|cert:Tipo A;score:39
1196_sf5|cert:Tipo B;score:61
1197_sf5|cert:Tipo C;score:72
1198_sf5|cert:Não Certificado;score:5
1199_sf5|cert:Tipo A;score:5
1200_sf5|cert:Tipo B;score:81
1201_sf5|cert:Tipo C;score:32
1202_sf5|cert:Tipo B;score:70
1203_sf5|cert:Tipo C;score:62
1204_sf5|cert:Tipo A;score:99
1205_sf5|cert:Tipo A;score:16
1206_sf5|cert:Tipo A;score:90
1207_sf5|cert:Tipo A;score:96
1208_sf5|cert:Tipo B;score:77
1209_sf5|cert:Tipo B;score:91
1210_sf5|cert:Tipo B;score:61
1211_sf5|cert:Tipo A;score:37
1212_sf5|cert:Não Certificado;score:45
1213_sf5|cert:Não Certificado;score:85
1214_sf5|cert:Tipo A;score:58
1215_sf5|cert:Tipo A;score:22
1216_sf5|cert:Tipo B;score:3
1217_sf5|cert:Não Certificado;score:53
1218_sf5|cert:Não Certificado;score:89
1219_sf5|cert:Tipo A;score:41
1220_sf5|cert:Não Certificado;score:1
1221_sf5|cert:Tipo B;score:88
1222_sf5|cert:Tipo B;score:36
1223_sf5|cert:Não Certificado;score:65
1224_sf5|cert:Tipo B;score:46
1225_sf5|cert:Tipo A;score:64
1226_sf5|cert:Tipo A;score:16
1227_sf5|cert:Não Certificado;score:63
1228_sf5|cert:Não Certificado;score:34
1229_sf5|cert:Tipo A;score:92
1230_sf5|cert:Não Certificado;score:52
1231_sf5|cert:Tipo C;score:43
1232_sf5|cert:Tipo B;score:59
1233_sf5|cert:Tipo A;score:38
1234_sf5|cert:Tipo C;score:9
1235_sf5|cert:Tipo B;score:3
1236_sf5|cert:Tipo C;score:15
1237_sf5|cert:Tipo C;score:96
1238_sf5|cert:Tipo A;score:18
1239_sf5|cert:Tipo B;score:47
1240_sf5|cert:Tipo B;score:15
1241_sf5|cert:Tipo B;score:39
1242_sf5|cert:Tipo C;score:99
1243_sf5|cert:Tipo A;score:40
1244_sf5|cert:Tipo B;score:43
1245_sf5|cert:Tipo B;score:61
1246_sf5|cert:Tipo A;score:13
1247_sf5|cert:Não Certificado;score:77
1248_sf5|cert:Tipo B;score:24
1249_sf5|cert:Tipo C;score:69
1250_sf5|cert:Tipo B;score:73
1251_sf5|cert:Tipo A;score:66
1252_sf5|cert:Tipo C;score:46
1253_sf5|cert:Não Certificado;score:24
1254_sf5|cert:Não Certificado;score:14
1255_sf5|cert:Tipo A;score:7
1256_sf5|cert:Tipo B;score:88
1257_sf5|cert:Tipo C;score:88
1258_sf5|cert:Não Certificado;score:97
1259_sf5|cert:Não Certificado;score:34
1260_sf5|cert:Tipo C;score:64
1261_sf5|cert:Não Certificado;score:63
1262_sf5|cert:Não Certificado;score:18
1263_sf5|cert:Tipo C;score:71
1264_sf5|cert:Tipo B;score:12
1265_sf5|cert:Tipo A;score:34
1266_sf5|cert:Não Certificado;score:58
1267_sf5|cert:Tipo C;score:65
1268_sf5|cert:Tipo C;score:20
1269_sf5|cert:Tipo C;score:50
1270_sf5|cert:Tipo A;score:81
1271_sf5|cert:Tipo B;score:55
1272_sf5|cert:Tipo B;score:99
1273_sf5|cert:Tipo A;score:32
1274_sf5|cert:Não Certificado;score:92
1275_sf5|cert:Tipo C;score:84
1276_sf5|cert:Não Certificado;score:45
1277_sf5|cert:Tipo A;score:90
1278_sf5|cert:Tipo C;score:89
1279_sf5|cert:Tipo C;score:8
1280_sf5|cert:Tipo B;score:49
1281_sf5|cert:Não Certificado;score:36
1282_sf5|cert:Tipo B;score:29
1283_sf5|cert:Tipo B;score:9
1284_sf5|cert:Tipo B;score:16
1285_sf5|cert:Tipo C;score:30
1286_sf5|cert:Tipo A;score:67
1287_sf5|cert:Tipo C;score:44
1288_sf5|cert:Tipo B;score:6
1289_sf5|cert:Tipo A;score:58
1290_sf5|cert:Tipo A;score:41
1291_sf5|cert:Tipo C;score:33
1292_sf5|cert:Tipo C;score:56
1293_sf5|cert:Tipo A;score:77
1294_sf5|cert:Tipo B;score:6
1295_sf5|cert:Tipo B;score:27
1296_sf5|cert:Tipo B;score:48
1297_sf5|cert:Não Certificado;score:53
1298_sf5|cert:Tipo B;score:92
1299_sf5|cert:Tipo C;score:92
1300_sf5|cert:Não Certificado;score:34
1301_sf5|cert:Não Certificado;score:42
1302_sf5|cert:Não Certificado;score:33
1303_sf5|cert:Tipo B;score:8
1304_sf5|cert:Tipo B;score:57
1305_sf5|cert:Não Certificado;score:19
1306_sf5|cert:Não Certificado;score:33
1307_sf5|cert:Tipo B;score:74
1308_sf5|cert:Tipo B;score:61
1309_sf5|cert:Tipo B;score:29
1310_sf5|cert:Tipo B;score:97
1311_sf5|cert:Tipo B;score:67
1312_sf5|cert:Tipo B;score:19
1313_sf5|cert:Tipo B;score:60
1314_sf5|cert:Não Certificado;score:19
1315_sf5|cert:Tipo C;score:47
1316_sf5|cert:Tipo A;score:90
1317_sf5|cert:Tipo A;score:29
1318_sf5|cert:Tipo C;score:77
1319_sf5|cert:Tipo C;score:1
1320_sf5|cert:Tipo B;score:75
1321_sf5|cert:Tipo A;score:33
1322_sf5|cert:Não Certificado;score:49
1323_sf5|cert:Tipo A;score:63
1324_sf5|cert:Não Certificado;score:97
1325_sf5|cert:Tipo A;score:77
1326_sf5|cert:Tipo A;score:35
1327_sf5|cert:Tipo A;score:65
1328_sf5|cert:Tipo B;score:56
1329_sf5|cert:Não Certificado;score:58
1330_sf5|cert:Tipo C;score:73
1331_sf5|cert:Tipo B;score:17
1332_sf5|cert:Tipo A;score:46
1333_sf5|cert:Tipo B;score:64
1334_sf5|cert:Tipo C;score:66
1335_sf5|cert:Tipo A;score:92
1336_sf5|cert:Tipo B;score:96
1337_sf5|cert:Tipo C;score:42
1338_sf5|cert:Tipo C;score:77
1339_sf5|cert:Tipo B;score:94
1340_sf5|cert:Tipo B;score:16
1341_sf5|cert:Tipo B;score:19
1342_sf5|cert:Tipo B;score:97
1343_sf5|cert:Tipo B;score:46
1344_sf5|cert:Tipo B;score:44
1345_sf5|cert:Tipo B;score:44
1346_sf5|cert:Tipo A;score:43
1347_sf5|cert:Tipo B;score:39
1348_sf5|cert:Não Certificado;score:42
1349_sf5|cert:Tipo A;score:65
1350_sf5|cert:Tipo C;score:87
1351_sf5|cert:Tipo A;score:86
1352_sf5|cert:Tipo B;score:67
1353_sf5|cert:Tipo B;score:0
1354_sf5|cert:Tipo A;score:97
1355_sf5|cert:Não Certificado;score:51
1356_sf5|cert:Tipo A;score:32
1357_sf5|cert:Não Certificado;score:32
1358_sf5|cert:Tipo C;score:74
1359_sf5|cert:Tipo A;score:20
1360_sf5|cert:Tipo B;score:36
1361_sf5|cert:Tipo C;score:66
1362_sf5|cert:Tipo C;score:19
1363_sf5|cert:Não Certificado;score:15
1364_sf5|cert:Tipo C;score:62
1365_sf5|cert:Não Certificado;score:87
1366_sf5|cert:Não Certificado;score:76
1367_sf5|cert:Tipo B;score:37
1368_sf5|cert:Tipo B;score:9
1369_sf5|cert:Não Certificado;score:31
1370_sf5|cert:Tipo B;score:11
1371_sf5|cert:Não Certificado;score:35
1372_sf5|cert:Tipo C;score:84
1373_sf5|cert:Tipo A;score:50
1374_sf5|cert:Tipo B;score:64
1375_sf5|cert:Tipo C;score:66
1376_sf5|cert:Tipo B;score:54
1377_sf5|cert:Tipo A;score:53
1378_sf5|cert:Tipo C;score:19
1379_sf5|cert:Tipo A;score:85
1380_sf5|cert:Tipo A;score:79
1381_sf5|cert:Tipo C;score:58
1382_sf5|cert:Tipo B;score:34
1383_sf5|cert:Não Certificado;score:70
1384_sf5|cert:Tipo B;score:77
1385_sf5|cert:Tipo C;score:61
1386_sf5|cert:Não Certificado;score:62
1387_sf5|cert:Tipo B;score:19
1388_sf5|cert:Não Certificado;score:56
1389_sf5|cert:Tipo C;score:52
1390_sf5|cert:Tipo B;score:95
1391_sf5|cert:Não Certificado;score:43
1392_sf5|cert:Tipo B;score:16
1393_sf5|cert:Não Certificado;score:97
1394_sf5|cert:Tipo A;score:97
1395_sf5|cert:Tipo C;score:46
1396_sf5|cert:Não Certificado;score:49
1397_sf5|cert:Não Certificado;score:5
1398_sf5|cert:Tipo A;score:48
1399_sf5|cert:Tipo C;score:98
1400_sf5|cert:Tipo B;score:39
1401_sf5|cert:Não Certificado;score:13
1402_sf5|cert:Tipo B;score:52
1403_sf5|cert:Tipo A;score:20
1404_sf5|cert:Tipo A;score:58
1405_sf5|cert:Tipo C;score:2
1406_sf5|cert:Tipo C;score:42
1407_sf5|cert:Não Certificado;score:17
1408_sf5|cert:Tipo B;score:12
1409_sf5|cert:Não Certificado;score:95
1410_sf5|cert:Tipo A;score:19
1411_sf5|cert:Tipo B;score:90
1412_sf5|cert:Tipo C;score:72
1413_sf5|cert:Não Certificado;score:43
1414_sf5|cert:Tipo C;score:18
1415_sf5|cert:Tipo A;score:90
1416_sf5|cert:Tipo B;score:13
1417_sf5|cert:Tipo C;score:12
1418_sf5|cert:Não Certificado;score:36
1419_sf5|cert:Tipo B;score:0
1420_sf5|cert:Tipo C;score:82
1421_sf5|cert:Não Certificado;score:44
1422_sf5|cert:Não Certificado;score:30
1423_sf5|cert:Tipo A;score:59
1424_sf5|cert:Tipo B;score:62
1425_sf5|cert:Não Certificado;score:20
1426_sf5|cert:Tipo A;score:32
1427_sf5|cert:Não Certificado;score:2
1428_sf5|cert:Tipo B;score:14
1429_sf5|cert:Tipo B;score:99
1430_sf5|cert:Tipo A;score:21
1431_sf5|cert:Tipo B;score:18
1432_sf5|cert:Tipo B;score:62
1433_sf5|cert:Não Certificado;score:38
1434_sf5|cert:Tipo C;score:95
1435_sf5|cert:Tipo B;score:53
1436_sf5|cert:Tipo A;score:70
1437_sf5|cert:Tipo A;score:46
1438_sf5|cert:Tipo C;score:43
1439_sf5|cert:Tipo B;score:10
1440_sf5|cert:Tipo B;score:46
1441_sf5|cert:Tipo B;score:74
1442_sf5|cert:Tipo C;score:40
1443_sf5|cert:Não Certificado;score:14
1444_sf5|cert:Tipo A;score:63
1445_sf5|cert:Tipo A;score:23
1446_sf5|cert:Tipo B;score:6
1447_sf5|cert:Tipo A;score:21
1448_sf5|cert:Tipo B;score:49
1449_sf5|cert:Tipo B;score:79
1450_sf5|cert:Tipo B;score:85
1451_sf5|cert:Não Certificado;score:75
1452_sf5|cert:Não Certificado;score:28
1453_sf5|cert:Tipo A;score:82
1454_sf5|cert:Não Certificado;score:37
1455_sf5|cert:Tipo C;score:17
1456_sf5|cert:Tipo B;score:81
1457_sf5|cert:Tipo A;score:36
1458_sf5|cert:Tipo A;score:5
1459_sf5|cert:Não Certificado;score:27
1460_sf5|cert:Tipo C;score:47
1461_sf5|cert:Não Certificado;score:59
1462_sf5|cert:Tipo C;score:36
1463_sf5|cert:Tipo B;score:22
1464_sf5|cert:Tipo B;score:57
1465_sf5|cert:Tipo B;score:0
1466_sf5|cert:Tipo A;score:85
1467_sf5|cert:Tipo A;score:75
1468_sf5|cert:Tipo B;score:20
1469_sf5|cert:Tipo A;score:98
1470_sf5|cert:Tipo B;score:27
1471_sf5|cert:Tipo A;score:48
1472_sf5|cert:Tipo B;score:68
1473_sf5|cert:Tipo B;score:98
1474_sf5|cert:Tipo C;score:50
1475_sf5|cert:Tipo B;score:75
1476_sf5|cert:Tipo A;score:1
1477_sf5|cert:Não Certificado;score:96
1478_sf5|cert:Não Certificado;score:84
1479_sf5|cert:Tipo B;score:77
1480_sf5|cert:Tipo B;score:13
1481_sf5|cert:Tipo B;score:11
1482_sf5|cert:Tipo B;score:56
1483_sf5|cert:Tipo B;score:80
1484_sf5|cert:Tipo B;score:10
1485_sf5|cert:Tipo C;score:74
1486_sf5|cert:Não Certificado;score:31
1487_sf5|cert:Não Certificado;score:71
1488_sf5|cert:Tipo B;score:47
1489_sf5|cert:Tipo B;score:92
1490_sf5|cert:Tipo C;score:16
1491_sf5|cert:Tipo C;score:98
1492_sf5|cert:Tipo C;score:48
1493_sf5|cert:Não Certificado;score:6
1494_sf5|cert:Tipo C;score:24
1495_sf5|cert:Tipo C;score:62
1496_sf5|cert:Tipo B;score:80
1497_sf5|cert:Não Certificado;score:25
1498_sf5|cert:Tipo A;score:46
1499_sf5|cert:Tipo B;score:42
1500_sf5|cert:Tipo A;score:47
1501_sf5|cert:Tipo C;score:39
1502_sf5|cert:Tipo A;score:66
1503_sf5|cert:Não Certificado;score:30
1504_sf5|cert:Tipo B;score:22
1505_sf5|cert:Tipo C;score:66
1506_sf5|cert:Tipo A;score:22
1507_sf5|cert:Tipo A;score:87
1508_sf5|cert:Não Certificado;score:66
1509_sf5|cert:Não Certificado;score:21
1510_sf5|cert:Tipo C;score:3
1511_sf5|cert:Tipo B;score:61
1512_sf5|cert:Tipo B;score:14
1513_sf5|cert:Tipo A;score:34
1514_sf5|cert:Tipo B;score:19
1515_sf5|cert:Tipo C;score:54
1516_sf5|cert:Tipo B;score:82
1517_sf5|cert:Tipo C;score:59
1518_sf5|cert:Não Certificado;score:19
1519_sf5|cert:Não Certificado;score:47
1520_sf5|cert:Tipo B;score:47
1521_sf5|cert:Não Certificado;score:64
1522_sf5|cert:Tipo B;score:47
1523_sf5|cert:Não Certificado;score:95
1524_sf5|cert:Tipo C;score:11
1525_sf5|cert:Tipo C;score:32
1526_sf5|cert:Tipo B;score:81
1527_sf5|cert:Tipo A;score:52
1528_sf5|cert:Tipo B;score:20
1529_sf5|cert:Tipo B;score:74
1530_sf5|cert:Não Certificado;score:47
1531_sf5|cert:Tipo C;score:49
1532_sf5|cert:Tipo C;score:93
1533_sf5|cert:Tipo B;score:39
1534_sf5|cert:Tipo A;score:88
1535_sf5|cert:Não Certificado;score:64
1536_sf5|cert:Tipo B;score:24
1537_sf5|cert:Tipo B;score:62
1538_sf5|cert:Tipo C;score:21
1539_sf5|cert:Tipo C;score:98
1540_sf5|cert:Tipo A;score:98
1541_sf5|cert:Tipo C;score:43
1542_sf5|cert:Tipo C;score:26
1543_sf5|cert:Não Certificado;score:91
1544_sf5|cert:Tipo B;score:79
1545_sf5|cert:Tipo A;score:64
1546_sf5|cert:Tipo A;score:3
1547_sf5|cert:Tipo C;score:44
1548_sf5|cert:Tipo B;score:77
1549_sf5|cert:Tipo B;score:9
1550_sf5|cert:Tipo A;score:14
1551_sf5|cert:Tipo A;score:62
1552_sf5|cert:Tipo B;score:37
1553_sf5|cert:Tipo C;score:53
1554_sf5|cert:Não Certificado;score:20
1555_sf5|cert:Tipo C;score:38
1556_sf5|cert:Não Certificado;score:83
1557_sf5|cert:Não Certificado;score:31
1558_sf5|cert:Não Certificado;score:87
1559_sf5|cert:Não Certificado;score:57
1560_sf5|cert:Tipo B;score:46
1561_sf5|cert:Tipo A;score:73
1562_sf5|cert:Tipo B;score:48
1563_sf5|cert:Não Certificado;score:89
1564_sf5|cert:Tipo B;score:89
1565_sf5|cert:Não Certificado;score:37
1566_sf5|cert:Não Certificado;score:37
1567_sf5|cert:Tipo A;score:14
1568_sf5|cert:Tipo B;score:1
1569_sf5|cert:Tipo C;score:14
1570_sf5|cert:Não Certificado;score:91
1571_sf5|cert:Tipo C;score:51
1572_sf5|cert:Não Certificado;score:7
1573_sf5|cert:Tipo A;score:39
1574_sf5|cert:Tipo B;score:95
1575_sf5|cert:Não Certificado;score:33
1576_sf5|cert:Tipo B;score:32
1577_sf5|cert:Tipo B;score:13
1578_sf5|cert:Não Certificado;score:19
1579_sf5|cert:Tipo C;score:27
1580_sf5|cert:Tipo C;score:35
1581_sf5|cert:Não Certificado;score:46
1582_sf5|cert:Tipo C;score:39
1583_sf5|cert:Tipo B;score:50
1584_sf5|cert:Tipo B;score:52
1585_sf5|cert:Tipo B;score:32
1586_sf5|cert:Tipo B;score:4
1587_sf5|cert:Tipo C;score:3
1588_sf5|cert:Tipo B;score:33
1589_sf5|cert:Não Certificado;score:48
1590_sf5|cert:Não Certificado;score:44
1591_sf5|cert:Tipo C;score:74
1592_sf5|cert:Tipo B;score:26
1593_sf5|cert:Não Certificado;score:24
1594_sf5|cert:Tipo B;score:2
1595_sf5|cert:Tipo B;score:57
1596_sf5|cert:Não Certificado;score:37
1597_sf5|cert:Tipo C;score:97
1598_sf5|cert:Não Certificado;score:62
1599_sf5|cert:Tipo B;score:26
1600_sf5|cert:Tipo B;score:91
1601_sf5|cert:Não Certificado;score:52
1602_sf5|cert:Tipo B;score:68
1603_sf5|cert:Tipo B;score:60
1604_sf5|cert:Não Certificado;score:97
1605_sf5|cert:Tipo C;score:23
1606_sf5|cert:Tipo A;score:21
1607_sf5|cert:Tipo A;score:76
1608_sf5|cert:Tipo B;score:28
1609_sf5|cert:Não Certificado;score:92
1610_sf5|cert:Não Certificado;score:7
1611_sf5|cert:Tipo A;score:26
1612_sf5|cert:Tipo B;score:87
1613_sf5|cert:Tipo C;score:71
1614_sf5|cert:Tipo B;score:13
1615_sf5|cert:Tipo A;score:55
1616_sf5|cert:Tipo B;score:24
1617_sf5|cert:Não Certificado;score:78
1618_sf5|cert:Tipo A;score:47
1619_sf5|cert:Tipo A;score:60
1620_sf5|cert:Tipo A;score:56
1621_sf5|cert:Não Certificado;score:99
1622_sf5|cert:Tipo A;score:24
1623_sf5|cert:Tipo A;score:94
1624_sf5|cert:Tipo B;score:50
1625_sf5|cert:Tipo A;score:94
1626_sf5|cert:Tipo B;score:93
1627_sf5|cert:Tipo A;score:66
1628_sf5|cert:Tipo A;score:12
1629_sf5|cert:Não Certificado;score:21
1630_sf5|cert:Não Certificado;score:64
1631_sf5|cert:Tipo C;score:76
1632_sf5|cert:Tipo B;score:7
1633_sf5|cert:Tipo C;score:90
1634_sf5|cert:Não Certificado;score:18
1635_sf5|cert:Tipo C;score:44
1636_sf5|cert:Tipo B;score:43
1637_sf5|cert:Tipo C;score:98
1638_sf5|cert:Tipo C;score:67
1639_sf5|cert:Tipo A;score:17
1640_sf5|cert:Tipo B;score:6
1641_sf5|cert:Não Certificado;score:37
1642_sf5|cert:Tipo A;score:2
1643_sf5|cert:Não Certificado;score:60
1644_sf5|cert:Tipo B;score:77
1645_sf5|cert:Tipo A;score:18
1646_sf5|cert:Tipo A;score:71
1647_sf5|cert:Tipo C;score:56
1648_sf5|cert:Tipo B;score:69
1649_sf5|cert:Não Certificado;score:63
1650_sf5|cert:Tipo A;score:13
1651_sf5|cert:Tipo C;score:58
1652_sf5|cert:Não Certificado;score:32
1653_sf5|cert:Tipo A;score:61
1654_sf5|cert:Não Certificado;score:13
1655_sf5|cert:Tipo A;score:81
1656_sf5|cert:Tipo B;score:37
1657_sf5|cert:Tipo C;score:52
1658_sf5|cert:Não Certificado;score:43
1659_sf5|cert:Tipo A;score:50
1660_sf5|cert:Tipo B;score:17
1661_sf5|cert:Tipo A;score:71
1662_sf5|cert:Tipo C;score:14
1663_sf5|cert:Tipo C;score:46
1664_sf5|cert:Tipo B;score:18
1665_sf5|cert:Tipo A;score:49
1666_sf5|cert:Tipo B;score:57
1667_sf5|cert:Tipo B;score:72
1668_sf5|cert:Não Certificado;score:75
1669_sf5|cert:Tipo B;score:14
1670_sf5|cert:Tipo C;score:85
1671_sf5|cert:Tipo B;score:85
1672_sf5|cert:Tipo B;score:64
1673_sf5|cert:Tipo B;score:30
1674_sf5|cert:Tipo C;score:84
1675_sf5|cert:Tipo A;score:53
1676_sf5|cert:Tipo B;score:57
1677_sf5|cert:Não Certificado;score:4
1678_sf5|cert:Tipo C;score:93
1679_sf5|cert:Não Certificado;score:65
1680_sf5|cert:Tipo B;score:8
1681_sf5|cert:Não Certificado;score:85
1682_sf5|cert:Não Certificado;score:19
1683_sf5|cert:Tipo C;score:97
1684_sf5|cert:Não Certificado;score:67
1685_sf5|cert:Tipo C;score:52
1686_sf5|cert:Tipo C;score:23
1687_sf5|cert:Tipo B;score:17
1688_sf5|cert:Tipo B;score:75
1689_sf5|cert:Tipo A;score:56
1690_sf5|cert:Tipo C;score:20
1691_sf5|cert:Não Certificado;score:3
1692_sf5|cert:Não Certificado;score:46
1693_sf5|cert:Tipo C;score:99
1694_sf5|cert:Tipo A;score:54
1695_sf5|cert:Não Certificado;score:22
1696_sf5|cert:Tipo B;score:28
1697_sf5|cert:Tipo B;score:75
1698_sf5|cert:Tipo B;score:87
1699_sf5|cert:Tipo C;score:66
1700_sf5|cert:Tipo B;score:30
1701_sf5|cert:Não Certificado;score:94
1702_sf5|cert:Tipo A;score:18
1703_sf5|cert:Não Certificado;score:63
1704_sf5|cert:Tipo B;score:35
1705_sf5|cert:Tipo A;score:68
1706_sf5|cert:Tipo B;score:78
1707_sf5|cert:Tipo A;score:71
1708_sf5|cert:Tipo C;score:41
1709_sf5|cert:Tipo B;score:69
1710_sf5|cert:Tipo C;score:44
1711_sf5|cert:Tipo B;score:70
1712_sf5|cert:Tipo B;score:48
1713_sf5|cert:Não Certificado;score:71
1714_sf5|cert:Não Certificado;score:13
1715_sf5|cert:Tipo B;score:49
1716_sf5|cert:Tipo B;score:11
1717_sf5|cert:Não Certificado;score:6
1718_sf5|cert:Tipo B;score:49
1719_sf5|cert:Tipo A;score:80
1720_sf5|cert:Tipo B;score:11
1721_sf5|cert:Tipo C;score:69
1722_sf5|cert:Tipo A;score:90
1723_sf5|cert:Tipo A;score:2
1724_sf5|cert:Tipo A;score:3
1725_sf5|cert:Não Certificado;score:69
1726_sf5|cert:Tipo A;score:33
1727_sf5|cert:Tipo A;score:24
1728_sf5|cert:Tipo B;score:39
1729_sf5|cert:Tipo A;score:39
1730_sf5|cert:Não Certificado;score:3
1731_sf5|cert:Tipo B;score:67
1732_sf5|cert:Tipo C;score:26
1733_sf5|cert:Tipo C;score:73
1734_sf5|cert:Tipo C;score:44
1735_sf5|cert:Tipo C;score:65
1736_sf5|cert:Tipo B;score:68
1737_sf5|cert:Tipo B;score:18
1738_sf5|cert:Tipo A;score:73
1739_sf5|cert:Tipo C;score:92
1740_sf5|cert:Tipo C;score:3
1741_sf5|cert:Tipo C;score:85
1742_sf5|cert:Não Certificado;score:39
1743_sf5|cert:Tipo B;score:47
1744_sf5|cert:Tipo B;score:96
1745_sf5|cert:Tipo C;score:87
1746_sf5|cert:Tipo B;score:55
1747_sf5|cert:Não Certificado;score:64
1748_sf5|cert:Tipo A;score:12
1749_sf5|cert:Tipo C;score:99
1750_sf5|cert:Tipo A;score:26
1751_sf5|cert:Não Certificado;score:55
1752_sf5|cert:Tipo B;score:57
1753_sf5|cert:Tipo B;score:76
1754_sf5|cert:Tipo C;score:57
1755_sf5|cert:Não Certificado;score:30
1756_sf5|cert:Tipo C;score:35
1757_sf5|cert:Tipo C;score:15
1758_sf5|cert:Tipo C;score:92
1759_sf5|cert:Tipo A;score:80
1760_sf5|cert:Tipo B;score:44
1761_sf5|cert:Tipo B;score:43
1762_sf5|cert:Não Certificado;score:33
1763_sf5|cert:Não Certificado;score:20
1764_sf5|cert:Tipo A;score:6
1765_sf5|cert:Tipo C;score:91
1766_sf5|cert:Tipo C;score:75
1767_sf5|cert:Tipo B;score:92
1768_sf5|cert:Tipo B;score:40
1769_sf5|cert:Tipo A;score:11
1770_sf5|cert:Tipo A;score:81
1771_sf5|cert:Tipo A;score:81
1772_sf5|cert:Tipo C;score:0
1773_sf5|cert:Tipo A;score:91
1774_sf5|cert:Tipo A;score:81
1775_sf5|cert:Não Certificado;score:16
1776_sf5|cert:Tipo B;score:89
1777_sf5|cert:Tipo B;score:44
1778_sf5|cert:Tipo A;score:53
1779_sf5|cert:Não Certificado;score:50
1780_sf5|cert:Tipo C;score:45
1781_sf5|cert:Tipo B;score:65
1782_sf5|cert:Tipo C;score:10
1783_sf5|cert:Tipo A;score:19
1784_sf5|cert:Tipo B;score:75
1785_sf5|cert:Tipo C;score:4
1786_sf5|cert:Tipo B;score:97
1787_sf5|cert:Tipo C;score:51
1788_sf5|cert:Tipo C;score:93
1789_sf5|cert:Não Certificado;score:29
1790_sf5|cert:Não Certificado;score:19
1791_sf5|cert:Tipo B;score:89
1792_sf5|cert:Tipo B;score:15
1793_sf5|cert:Não Certificado;score:66
1794_sf5|cert:Tipo C;score:96
1795_sf5|cert:Tipo C;score:44
1796_sf5|cert:Tipo B;score:85
1797_sf5|cert:Tipo A;score:31
1798_sf5|cert:Tipo A;score:49
1799_sf5|cert:Tipo B;score:61
1800_sf5|cert:Tipo B;score:56
1801_sf5|cert:Tipo A;score:8
1802_sf5|cert:Não Certificado;score:61
1803_sf5|cert:Não Certificado;score:7
1804_sf5|cert:Tipo B;score:70
1805_sf5|cert:Tipo B;score:69
1806_sf5|cert:Tipo C;score:66
1807_sf5|cert:Tipo A;score:77
1808_sf5|cert:Tipo B;score:99
1809_sf5|cert:Tipo C;score:53
1810_sf5|cert:Tipo B;score:80
1811_sf5|cert:Tipo C;score:75
1812_sf5|cert:Tipo C;score:54
1813_sf5|cert:Tipo C;score:95
1814_sf5|cert:Não Certificado;score:70
1815_sf5|cert:Não Certificado;score:14
1816_sf5|cert:Tipo B;score:14
1817_sf5|cert:Não Certificado;score:14
1818_sf5|cert:Tipo C;score:53
1819_sf5|cert:Tipo B;score:7
1820_sf5|cert:Não Certificado;score:0
1821_sf5|cert:Tipo A;score:26
1822_sf5|cert:Tipo C;score:45
1823_sf5|cert:Não Certificado;score:93
1824_sf5|cert:Tipo B;score:70
1825_sf5|cert:Tipo A;score:41
1826_sf5|cert:Tipo A;score:69
1827_sf5|cert:Tipo B;score:25
1828_sf5|cert:Tipo C;score:59
1829_sf5|cert:Não Certificado;score:26
1830_sf5|cert:Tipo A;score:19
1831_sf5|cert:Tipo B;score:77
1832_sf5|cert:Tipo B;score:35
1833_sf5|cert:Tipo C;score:90
1834_sf5|cert:Tipo A;score:49
1835_sf5|cert:Tipo A;score:21
1836_sf5|cert:Tipo B;score:77
1837_sf5|cert:Tipo B;score:14
1838_sf5|cert:Não Certificado;score:59
1839_sf5|cert:Tipo A;score:6
1840_sf5|cert:Tipo B;score:21
1841_sf5|cert:Tipo C;score:43
1842_sf5|cert:Tipo C;score:29
1843_sf5|cert:Tipo A;score:90
1844_sf5|cert:Tipo B;score:26
1845_sf5|cert:Tipo C;score:54
1846_sf5|cert:Tipo A;score:0
1847_sf5|cert:Tipo B;score:89
1848_sf5|cert:Tipo B;score:69
1849_sf5|cert:Não Certificado;score:68
1850_sf5|cert:Tipo C;score:85
1851_sf5|cert:Tipo A;score:39
1852_sf5|cert:Tipo B;score:49
1853_sf5|cert:Tipo B;score:91
1854_sf5|cert:Tipo A;score:23
1855_sf5|cert:Não Certificado;score:33
1856_sf5|cert:Tipo B;score:41
1857_sf5|cert:Tipo C;score:65
1858_sf5|cert:Não Certificado;score:60
1859_sf5|cert:Tipo B;score:93
1860_sf5|cert:Tipo A;score:52
1861_sf5|cert:Não Certificado;score:79
1862_sf5|cert:Tipo A;score:46
1863_sf5|cert:Não Certificado;score:32
1864_sf5|cert:Tipo B;score:84
1865_sf5|cert:Não Certificado;score:21
1866_sf5|cert:Não Certificado;score:68
1867_sf5|cert:Não Certificado;score:54
1868_sf5|cert:Tipo A;score:50
1869_sf5|cert:Tipo B;score:68
1870_sf5|cert:Não Certificado;score:22
1871_sf5|cert:Não Certificado;score:40
1872_sf5|cert:Tipo B;score:54
1873_sf5|cert:Tipo C;score:19
1874_sf5|cert:Tipo B;score:88
1875_sf5|cert:Tipo C;score:63
1876_sf5|cert:Tipo C;score:7
1877_sf5|cert:Tipo C;score:24
1878_sf5|cert:Tipo B;score:67
1879_sf5|cert:Tipo A;score:73
1880_sf5|cert:Tipo B;score:32
1881_sf5|cert:Não Certificado;score:91
1882_sf5|cert:Não Certificado;score:92
1883_sf5|cert:Tipo A;score:13
1884_sf5|cert:Tipo A;score:55
1885_sf5|cert:Tipo A;score:8
1886_sf5|cert:Tipo A;score:94
1887_sf5|cert:Tipo A;score:86
1888_sf5|cert:Tipo B;score:72
1889_sf5|cert:Tipo C;score:39
1890_sf5|cert:Não Certificado;score:64
1891_sf5|cert:Não Certificado;score:5
1892_sf5|cert:Tipo C;score:66
1893_sf5|cert:Tipo C;score:50
1894_sf5|cert:Tipo B;score:53
1895_sf5|cert:Tipo A;score:23
1896_sf5|cert:Tipo B;score:32
1897_sf5|cert:Não Certificado;score:74
1898_sf5|cert:Não Certificado;score:25
1899_sf5|cert:Tipo C;score:13
1900_sf5|cert:Não Certificado;score:44
1901_sf5|cert:Tipo B;score:22
1902_sf5|cert:Tipo C;score:11
1903_sf5|cert:Tipo B;score:71
1904_sf5|cert:Tipo B;score:55
1905_sf5|cert:Não Certificado;score:5
1906_sf5|cert:Tipo C;score:32
1907_sf5|cert:Não Certificado;score:23
1908_sf5|cert:Tipo A;score:76
1909_sf5|cert:Tipo C;score:95
1910_sf5|cert:Tipo B;score:54
1911_sf5|cert:Tipo B;score:39
1912_sf5|cert:Tipo B;score:20
1913_sf5|cert:Tipo B;score:36
1914_sf5|cert:Tipo B;score:10
1915_sf5|cert:Tipo A;score:74
1916_sf5|cert:Não Certificado;score:85
1917_sf5|cert:Não Certificado;score:71
1918_sf5|cert:Tipo B;score:44
1919_sf5|cert:Não Certificado;score:65
1920_sf5|cert:Tipo B;score:65
1921_sf5|cert:Tipo C;score:3
1922_sf5|cert:Tipo A;score:11
1923_sf5|cert:Tipo A;score:17
1924_sf5|cert:Tipo B;score:98
1925_sf5|cert:Tipo B;score:71
1926_sf5|cert:Não Certificado;score:35
1927_sf5|cert:Tipo C;score:84
1928_sf5|cert:Tipo B;score:69
1929_sf5|cert:Tipo C;score:76
1930_sf5|cert:Não Certificado;score:34
1931_sf5|cert:Tipo A;score:12
1932_sf5|cert:Tipo B;score:38
1933_sf5|cert:Não Certificado;score:10
1934_sf5|cert:Tipo C;score:10
1935_sf5|cert:Tipo A;score:33
1936_sf5|cert:Tipo B;score:4
1937_sf5|cert:Tipo C;score:80
1938_sf5|cert:Tipo C;score:2
1939_sf5|cert:Tipo B;score:92
1940_sf5|cert:Tipo C;score:70
1941_sf5|cert:Tipo C;score:13
1942_sf5|cert:Tipo C;score:88
1943_sf5|cert:Tipo B;score:6
1944_sf5|cert:Tipo B;score:44
1945_sf5|cert:Tipo C;score:71
1946_sf5|cert:Tipo A;score:77
1947_sf5|cert:Tipo B;score:91
1948_sf5|cert:Tipo A;score:99
1949_sf5|cert:Tipo A;score:98
1950_sf5|cert:Tipo C;score:22
1951_sf5|cert:Não Certificado;score:24
1952_sf5|cert:Tipo B;score:45
1953_sf5|cert:Tipo C;score:78
1954_sf5|cert:Tipo B;score:65
1955_sf5|cert:Tipo A;score:74
1956_sf5|cert:Não Certificado;score:98
1957_sf5|cert:Tipo C;score:88
1958_sf5|cert:Tipo C;score:24
1959_sf5|cert:Não Certificado;score:3
1960_sf5|cert:Tipo B;score:38
1961_sf5|cert:Tipo B;score:57
1962_sf5|cert:Tipo C;score:23
1963_sf5|cert:Tipo C;score:67
1964_sf5|cert:Não Certificado;score:27
1965_sf5|cert:Tipo B;score:97
1966_sf5|cert:Tipo B;score:24
1967_sf5|cert:Tipo B;score:8
1968_sf5|cert:Tipo B;score:22
1969_sf5|cert:Tipo B;score:38
1970_sf5|cert:Tipo C;score:0
1971_sf5|cert:Tipo A;score:54
1972_sf5|cert:Tipo C;score:20
1973_sf5|cert:Tipo C;score:91
1974_sf5|cert:Tipo B;score:94
1975_sf5|cert:Tipo A;score:60
1976_sf5|cert:Tipo B;score:77
1977_sf5|cert:Tipo C;score:7
1978_sf5|cert:Não Certificado;score:10
1979_sf5|cert:Tipo A;score:73
1980_sf5|cert:Tipo B;score:50
1981_sf5|cert:Tipo A;score:41
1982_sf5|cert:Tipo A;score:60
1983_sf5|cert:Não Certificado;score:5
1984_sf5|cert:Tipo B;score:15
1985_sf5|cert:Tipo A;score:32
1986_sf5|cert:Não Certificado;score:80
1987_sf5|cert:Tipo B;score:81
1988_sf5|cert:Tipo A;score:43
1989_sf5|cert:Tipo C;score:19
1990_sf5|cert:Tipo B;score:29
1991_sf5|cert:Tipo C;score:39
1992_sf5|cert:Tipo B;score:63
1993_sf5|cert:Tipo A;score:92
1994_sf5|cert:Tipo C;score:54
1995_sf5|cert:Tipo B;score:48
1996_sf5|cert:Tipo A;score:82
1997_sf5|cert:Tipo A;score:99
1998_sf5|cert:Tipo C;score:5
1999_sf5|cert:Tipo A;score:28
0_sf6|cert:Tipo B;score:62
1_sf6|cert:Tipo B;score:90
2_sf6|cert:Tipo C;score:45
3_sf6|cert:Tipo A;score:32
4_sf6|cert:Tipo A;score:80
5_sf6|cert:Não Certificado;score:30
6_sf6|cert:Tipo C;score:68
7_sf6|cert:Tipo B;score:89
8_sf6|cert:Tipo B;score:80
9_sf6|cert:Tipo B;score:60
10_sf6|cert:Tipo A;score:66
11_sf6|cert:Tipo C;score:28
12_sf6|cert:Tipo C;score:88
13_sf6|cert:Não Certificado;score:99
14_sf6|cert:Não Certificado;score:95
15_sf6|cert:Não Certificado;score:39
16_sf6|cert:Tipo B;score:52
17_sf6|cert:Não Certificado;score:53
18_sf6|cert:Tipo A;score:24
19_sf6|cert:Tipo C;score:35
20_sf6|cert:Não Certificado;score:8
21_sf6|cert:Tipo B;score:81
22_sf6|cert:Tipo B;score:76
23_sf6|cert:Tipo B;score:30
24_sf6|cert:Tipo B;score:7
25_sf6|cert:Tipo C;score:28
26_sf6|cert:Tipo B;score:36
27_sf6|cert:Tipo A;score:63
28_sf6|cert:Tipo A;score:49
29_sf6|cert:Tipo A;score:76
30_sf6|cert:Tipo C;score:38
31_sf6|cert:Tipo C;score:78
32_sf6|cert:Tipo B;score:4
33_sf6|cert:Não Certificado;score:17
34_sf6|cert:Tipo A;score:49
35_sf6|cert:Tipo B;score:53
36_sf6|cert:Não Certificado;score:96
37_sf6|cert:Tipo A;score:13
38_sf6|cert:Tipo C;score:93
39_sf6|cert:Tipo C;score:38
40_sf6|cert:Tipo B;score:25
41_sf6|cert:Tipo A;score:23
42_sf6|cert:Tipo B;score:95
43_sf6|cert:Tipo B;score:64
44_sf6|cert:Não Certificado;score:34
45_sf6|cert:Tipo B;score:21
46_sf6|cert:Tipo B;score:80
47_sf6|cert:Tipo A;score:29
48_sf6|cert:Tipo B;score:31
49_sf6|cert:Tipo B;score:21
50_sf6|cert:Não Certificado;score:31
51_sf6|cert:Tipo A;score:78
52_sf6|cert:Tipo C;score:30
53_sf6|cert:Não Certificado;score:50
54_sf6|cert:Tipo C;score:93
55_sf6|cert:Tipo C;score:14
56_sf6|cert:Tipo B;score:48
57_sf6|cert:Não Certificado;score:75
58_sf6|cert:Tipo A;score:66
59_sf6|cert:Tipo B;score:58
60_sf6|cert:Tipo A;score:87
61_sf6|cert:Não Certificado;score:64
62_sf6|cert:Tipo C;score:45
63_sf6|cert:Tipo C;score:90
64_sf6|cert:Tipo B;score:47
65_sf6|cert:Tipo C;score:8
66_sf6|cert:Tipo C;score:8
67_sf6|cert:Não Certificado;score:54
68_sf6|cert:Não Certificado;score:73
69_sf6|cert:Tipo B;score:82
70_sf6|cert:Não Certificado;score:43
71_sf6|cert:Tipo C;score:54
72_sf6|cert:Tipo B;score:93
73_sf6|cert:Tipo C;score:69
74_sf6|cert:Tipo B;score:21
75_sf6|cert:Tipo B;score:60
76_sf6|cert:Tipo A;score:69
77_sf6|cert:Não Certificado;score:69
78_sf6|cert:Não Certificado;score:56
79_sf6|cert:Não Certificado;score:65
80_sf6|cert:Tipo B;score:32
81_sf6|cert:Tipo A;score:13
82_sf6|cert:Tipo C;score:19
83_sf6|cert:Tipo C;score:63
84_sf6|cert:Tipo B;score:3
85_sf6|cert:Tipo C;score:81
86_sf6|cert:Tipo A;score:23
87_sf6|cert:Tipo A;score:12
88_sf6|cert:Tipo B;score:81
89_sf6|cert:Não Certificado;score:86
90_sf6|cert:Tipo A;score:96
91_sf6|cert:Tipo B;score:70
92_sf6|cert:Tipo C;score:64
93_sf6|cert:Tipo A;score:36
94_sf6|cert:Não Certificado;score:42
95_sf6|cert:Tipo A;score:19
96_sf6|cert:Tipo B;score:28
97_sf6|cert:Não Certificado;score:56
98_sf6|cert:Tipo A;score:29
99_sf6|cert:Tipo C;score:85
100_sf6|cert:Tipo B;score:4
101_sf6|cert:Tipo C;score:88
102_sf6|cert:Não Certificado;score:62
103_sf6|cert:Não Certificado;score:15
104_sf6|cert:Tipo B;score:44
105_sf6|cert:Tipo B;score:76
106_sf6|cert:Não Certificado;score:10
107_sf6|cert:Tipo B;score:98
108_sf6|cert:Não Certificado;score:91
109_sf6|cert:Tipo B;score:75
110_sf6|cert:Tipo B;score:20
111_sf6|cert:Tipo C;score:43
112_sf6|cert:Tipo B;score:17
113_sf6|cert:Tipo C;score:53
114_sf6|cert:Tipo A;score:5
115_sf6|cert:Tipo A;score:56
116_sf6|cert:Tipo A;score:38
117_sf6|cert:Tipo B;score:40
118_sf6|cert:Tipo C;score:75
119_sf6|cert:Não Certificado;score:1
120_sf6|cert:Tipo B;score:56
121_sf6|cert:Tipo B;score:50
122_sf6|cert:Tipo B;score:93
123_sf6|cert:Tipo B;score:85
124_sf6|cert:Tipo B;score:6
125_sf6|cert:Tipo A;score:40
126_sf6|cert:Não Certificado;score:65
127_sf6|cert:Não Certificado;score:11
128_sf6|cert:Tipo B;score:26
129_sf6|cert:Não Certificado;score:52
130_sf6|cert:Tipo C;score:59
131_sf6|cert:Tipo A;score:90
132_sf6|cert:Tipo A;score:20
133_sf6|cert:Não Certificado;score:74
134_sf6|cert:Tipo B;score:75
135_sf6|cert:Tipo A;score:99
136_sf6|cert:Tipo B;score:75
137_sf6|cert:Tipo B;score:25
138_sf6|cert:Tipo A;score:23
139_sf6|cert:Tipo A;score:56
140_sf6|cert:Tipo C;score:39
141_sf6|cert:Tipo B;score:0
142_sf6|cert:Tipo A;score:95
143_sf6|cert:Tipo B;score:38
144_sf6|cert:Tipo B;score:41
145_sf6|cert:Tipo A;score:78
146_sf6|cert:Tipo C;score:5
147_sf6|cert:Não Certificado;score:76
148_sf6|cert:Não Certificado;score:43
149_sf6|cert:Tipo A;score:85
150_sf6|cert:Não Certificado;score:4
151_sf6|cert:Não Certificado;score:41
152_sf6|cert:Tipo B;score:6
153_sf6|cert:Tipo A;score:76
154_sf6|cert:Tipo C;score:0
155_sf6|cert:Tipo C;score:22
156_sf6|cert:Tipo A;score:76
157_sf6|cert:Tipo A;score:36
158_sf6|cert:Tipo A;score:32
159_sf6|cert:Não Certificado;score:7
160_sf6|cert:Tipo B;score:72
161_sf6|cert:Não Certificado;score:4
162_sf6|cert:Tipo C;score:50
163_sf6|cert:Tipo A;score:47
164_sf6|cert:Tipo C;score:90
165_sf6|cert:Tipo B;score:96
166_sf6|cert:Tipo A;score:30
167_sf6|cert:Tipo C;score:5
168_sf6|cert:Tipo B;score:84
169_sf6|cert:Não Certificado;score:37
170_sf6|cert:Não Certificado;score:63
171_sf6|cert:Tipo C;score:0
172_sf6|cert:Tipo A;score:8
173_sf6|cert:Tipo A;score:75
174_sf6|cert:Tipo C;score:20
175_sf6|cert:Tipo C;score:67
176_sf6|cert:Tipo B;score:37
177_sf6|cert:Tipo B;score:42
178_sf6|cert:Não Certificado;score:26
179_sf6|cert:Não Certificado;score:82
180_sf6|cert:Não Certificado;score:95
181_sf6|cert:Tipo C;score:38
182_sf6|cert:Não Certificado;score:93
183_sf6|cert:Tipo A;score:83
184_sf6|cert:Tipo B;score:52
185_sf6|cert:Tipo C;score:16
186_sf6|cert:Tipo B;score:4
187_sf6|cert:Tipo A;score:96
188_sf6|cert:Não Certificado;score:53
189_sf6|cert:Tipo A;score:96
190_sf6|cert:Tipo C;score:99
191_sf6|cert:Tipo C;score:95
192_sf6|cert:Tipo B;score:75
193_sf6|cert:Tipo A;score:21
194_sf6|cert:Não Certificado;score:12
195_sf6|cert:Tipo C;score:64
196_sf6|cert:Tipo B;score:28
197_sf6|cert:Tipo A;score:48
198_sf6|cert:Tipo B;score:44
199_sf6|cert:Não Certificado;score:86
200_sf6|cert:Tipo B;score:66
201_sf6|cert:Tipo B;score:50
202_sf6|cert:Tipo B;score:18
203_sf6|cert:Tipo B;score:80
204_sf6|cert:Tipo C;score:95
205_sf6|cert:Tipo A;score:55
206_sf6|cert:Tipo B;score:19
207_sf6|cert:Tipo B;score:48
208_sf6|cert:Tipo B;score:78
209_sf6|cert:Tipo A;score:67
210_sf6|cert:Tipo A;score:94
211_sf6|cert:Não Certificado;score:48
212_sf6|cert:Tipo B;score:56
213_sf6|cert:Tipo B;score:50
214_sf6|cert:Não Certificado;score:96
215_sf6|cert:Tipo C;score:84
216_sf6|cert:Tipo B;score:73
217_sf6|cert:Não Certificado;score:97
218_sf6|cert:Tipo A;score:76
219_sf6|cert:Não Certificado;score:73
220_sf6|cert:Tipo B;score:97
221_sf6|cert:Tipo B;score:60
222_sf6|cert:Tipo A;score:7
223_sf6|cert:Tipo A;score:68
224_sf6|cert:Tipo B;score:50
225_sf6|cert:Tipo B;score:23
226_sf6|cert:Tipo B;score:48
227_sf6|cert:Tipo C;score:43
228_sf6|cert:Tipo B;score:32
229_sf6|cert:Tipo C;score:52
230_sf6|cert:Tipo A;score:28
231_sf6|cert:Tipo B;score:52
232_sf6|cert:Tipo B;score:97
233_sf6|cert:Tipo A;score:75
234_sf6|cert:Tipo C;score:57
235_sf6|cert:Tipo A;score:74
236_sf6|cert:Tipo B;score:86
237_sf6|cert:Tipo A;score:54
238_sf6|cert:Tipo C;score:47
239_sf6|cert:Não Certificado;score:56
240_sf6|cert:Tipo B;score:78
241_sf6|cert:Tipo A;score:78
242_sf6|cert:Tipo B;score:78
243_sf6|cert:Tipo C;score:61
244_sf6|cert:Tipo B;score:78
245_sf6|cert:Tipo A;score:38
246_sf6|cert:Tipo C;score:47
247_sf6|cert:Tipo A;score:89
248_sf6|cert:Tipo B;score:64
249_sf6|cert:Não Certificado;score:13
250_sf6|cert:Tipo A;score:64
251_sf6|cert:Tipo C;score:90
252_sf6|cert:Tipo C;score:5
253_sf6|cert:Não Certificado;score:36
254_sf6|cert:Não Certificado;score:44
255_sf6|cert:Tipo A;score:8
256_sf6|cert:Tipo B;score:51
257_sf6|cert:Tipo A;score:31
258_sf6|cert:Tipo A;score:19
259_sf6|cert:Tipo B;score:8
260_sf6|cert:Tipo A;score:11
261_sf6|cert:Tipo C;score:61
262_sf6|cert:Tipo B;score:44
263_sf6|cert:Tipo B;score:9
264_sf6|cert:Tipo B;score:11
265_sf6|cert:Tipo C;score:62
266_sf6|cert:Tipo B;score:7
267_sf6|cert:Não Certificado;score:26
268_sf6|cert:Não Certificado;score:97
269_sf6|cert:Tipo B;score:52
270_sf6|cert:Tipo B;score:0
271_sf6|cert:Tipo B;score:96
272_sf6|cert:Tipo B;score:48
273_sf6|cert:Tipo B;score:3
274_sf6|cert:Tipo A;score:95
275_sf6|cert:Não Certificado;score:91
276_sf6|cert:Tipo A;score:55
277_sf6|cert:Tipo A;score:28
278_sf6|cert:Tipo B;score:48
279_sf6|cert:Não Certificado;score:7
280_sf6|cert:Tipo B;score:64
281_sf6|cert:Tipo C;score:46
282_sf6|cert:Tipo B;score:12
283_sf6|cert:Tipo C;score:68
284_sf6|cert:Tipo C;score:55
285_sf6|cert:Tipo C;score:0
286_sf6|cert:Não Certificado;score:27
287_sf6|cert:Tipo B;score:66
288_sf6|cert:Tipo B;score:9
289_sf6|cert:Tipo C;score:3
290_sf6|cert:Tipo A;score:43
291_sf6|cert:Tipo B;score:7
292_sf6|cert:Tipo A;score:71
293_sf6|cert:Tipo C;score:77
294_sf6|cert:Tipo A;score:52
295_sf6|cert:Tipo B;score:84
296_sf6|cert:Tipo B;score:25
297_sf6|cert:Tipo B;score:54
298_sf6|cert:Tipo C;score:10
299_sf6|cert:Tipo B;score:45
300_sf6|cert:Tipo A;score:94
301_sf6|cert:Tipo A;score:92
302_sf6|cert:Tipo B;score:80
303_sf6|cert:Tipo C;score:90
304_sf6|cert:Tipo B;score:98
305_sf6|cert:Tipo A;score:9
306_sf6|cert:Tipo C;score:18
307_sf6|cert:Tipo B;score:34
308_sf6|cert:Tipo B;score:43
309_sf6|cert:Tipo B;score:7
310_sf6|cert:Tipo B;score:9
311_sf6|cert:Tipo B;score:62
312_sf6|cert:Tipo B;score:19
313_sf6|cert:Não Certificado;score:16
314_sf6|cert:Não Certificado;score:90
315_sf6|cert:Tipo C;score:34
316_sf6|cert:Tipo C;score:33
317_sf6|cert:Tipo B;score:5
318_sf6|cert:Tipo C;score:33
319_sf6|cert:Tipo A;score:73
320_sf6|cert:Tipo B;score:8
321_sf6|cert:Não Certificado;score:51
322_sf6|cert:Tipo C;score:84
323_sf6|cert:Não Certificado;score:43
324_sf6|cert:Tipo B;score:74
325_sf6|cert:Tipo B;score:2
326_sf6|cert:Tipo A;score:39
327_sf6|cert:Tipo A;score:27
328_sf6|cert:Tipo B;score:73
329_sf6|cert:Tipo B;score:74
330_sf6|cert:Tipo C;score:39
331_sf6|cert:Tipo C;score:6
332_sf6|cert:Tipo C;score:65
333_sf6|cert:Não Certificado;score:48
334_sf6|cert:Tipo B;score:8
335_sf6|cert:Tipo C;score:26
336_sf6|cert:Tipo B;score:31
337_sf6|cert:Não Certificado;score:57
338_sf6|cert:Tipo A;score:86
339_sf6|cert:Tipo B;score:98
340_sf6|cert:Tipo B;score:89
341_sf6|cert:Tipo A;score:47
342_sf6|cert:Tipo C;score:10
343_sf6|cert:Tipo A;score:94
344_sf6|cert:Tipo B;score:83
345_sf6|cert:Tipo B;score:27
346_sf6|cert:Tipo A;score:60
347_sf6|cert:Tipo C;score:9
348_sf6|cert:Tipo A;score:64
349_sf6|cert:Tipo B;score:53
350_sf6|cert:Tipo A;score:91
351_sf6|cert:Não Certificado;score:12
352_sf6|cert:Tipo B;score:97
353_sf6|cert:Tipo C;score:18
354_sf6|cert:Tipo B;score:78
355_sf6|cert:Tipo A;score:72
356_sf6|cert:Tipo C;score:79
357_sf6|cert:Não Certificado;score:8
358_sf6|cert:Tipo A;score:61
359_sf6|cert:Tipo C;score:24
360_sf6|cert:Tipo B;score:49
361_sf6|cert:Tipo B;score:33
362_sf6|cert:Tipo C;score:24
363_sf6|cert:Tipo C;score:4
364_sf6|cert:Tipo B;score:27
365_sf6|cert:Não Certificado;score:1
366_sf6|cert:Tipo B;score:89
367_sf6|cert:Tipo B;score:21
368_sf6|cert:Tipo B;score:27
369_sf6|cert:Tipo B;score:22
370_sf6|cert:Tipo B;score:45
371_sf6|cert:Tipo B;score:16
372_sf6|cert:Tipo C;score:57
373_sf6|cert:Não Certificado;score:99
374_sf6|cert:Tipo A;score:64
375_sf6|cert:Tipo C;score:97
376_sf6|cert:Tipo B;score:61
377_sf6|cert:Tipo B;score:1
378_sf6|cert:Tipo A;score:36
379_sf6|cert:Tipo A;score:21
380_sf6|cert:Não Certificado;score:2
381_sf6|cert:Tipo B;score:32
382_sf6|cert:Tipo B;score:20
383_sf6|cert:Tipo B;score:28
384_sf6|cert:Tipo B;score:59
385_sf6|cert:Tipo A;score:15
386_sf6|cert:Tipo C;score:29
387_sf6|cert:Não Certificado;score:0
388_sf6|cert:Tipo C;score:66
389_sf6|cert:Tipo C;score:24
390_sf6|cert:Não Certificado;score:13
391_sf6|cert:Tipo C;score:73
392_sf6|cert:Tipo B;score:22
393_sf6|cert:Tipo C;score:97
394_sf6|cert:Tipo C;score:36
395_sf6|cert:Tipo B;score:33
396_sf6|cert:Tipo B;score:28
397_sf6|cert:Não Certificado;score:2
398_sf6|cert:Tipo B;score:29
399_sf6|cert:Tipo C;score:43
400_sf6|cert:Tipo B;score:20
401_sf6|cert:Tipo B;score:67
402_sf6|cert:Tipo C;score:92
403_sf6|cert:Não Certificado;score:50
404_sf6|cert:Não Certificado;score:95
405_sf6|cert:Tipo C;score:29
406_sf6|cert:Tipo C;score:18
407_sf6|cert:Tipo B;score:75
408_sf6|cert:Tipo B;score:32
409_sf6|cert:Tipo B;score:49
410_sf6|cert:Tipo C;score:23
411_sf6|cert:Não Certificado;score:53
412_sf6|cert:Tipo B;score:49
413_sf6|cert:Tipo A;score:83
414_sf6|cert:Tipo A;score:21
415_sf6|cert:Não Certificado;score:98
416_sf6|cert:Tipo B;score:22
417_sf6|cert:Tipo B;score:62
418_sf6|cert:Tipo B;score:78
419_sf6|cert:Tipo C;score:39
420_sf6|cert:Tipo C;score:89
421_sf6|cert:Tipo B;score:99
422_sf6|cert:Tipo A;score:96
423_sf6|cert:Tipo A;score:59
424_sf6|cert:Tipo B;score:4
425_sf6|cert:Tipo C;score:22
426_sf6|cert:Tipo C;score:34
427_sf6|cert:Tipo B;score:34
428_sf6|cert:Tipo A;score:13
429_sf6|cert:Não Certificado;score:74
430_sf6|cert:Não Certificado;score:24
431_sf6|cert:Não Certificado;score:42
432_sf6|cert:Tipo B;score:41
433_sf6|cert:Tipo B;score:29
434_sf6|cert:Tipo B;score:92
435_sf6|cert:Tipo C;score:80
436_sf6|cert:Tipo A;score:48
437_sf6|cert:Não Certificado;score:97
438_sf6|cert:Tipo B;score:10
439_sf6|cert:Tipo C;score:55
440_sf6|cert:Tipo B;score:75
441_sf6|cert:Tipo A;score:67
442_sf6|cert:Tipo C;score:9
443_sf6|cert:Tipo B;score:74
444_sf6|cert:Não Certificado;score:94
445_sf6|cert:Não Certificado;score:99
446_sf6|cert:Tipo A;score:92
447_sf6|cert:Tipo A;score:53
448_sf6|cert:Tipo B;score:75
449_sf6|cert:Tipo C;score:48
450_sf6|cert:Tipo A;score:82
451_sf6|cert:Tipo B;score:17
452_sf6|cert:Tipo C;score:90
453_sf6|cert:Tipo C;score:6
454_sf6|cert:Não Certificado;score:88
455_sf6|cert:Tipo B;score:10
456_sf6|cert:Tipo B;score:13
457_sf6|cert:Não Certificado;score:29
458_sf6|cert:Não Certificado;score:80
459_sf6|cert:Tipo B;score:9
460_sf6|cert:Não Certificado;score:83
461_sf6|cert:Tipo A;score:64
462_sf6|cert:Tipo B;score:44
463_sf6|cert:Tipo B;score:9
464_sf6|cert:Tipo B;score:57
465_sf6|cert:Tipo B;score:78
466_sf6|cert:Tipo C;score:90
467_sf6|cert:Tipo B;score:95
468_sf6|cert:Tipo B;score:73
469_sf6|cert:Tipo A;score:75
470_sf6|cert:Não Certificado;score:62
471_sf6|cert:Tipo B;score:40
472_sf6|cert:Tipo B;score:27
473_sf6|cert:Tipo C;score:91
474_sf6|cert:Tipo B;score:87
475_sf6|cert:Tipo A;score:50
476_sf6|cert:Não Certificado;score:18
477_sf6|cert:Tipo C;score:59
478_sf6|cert:Tipo A;score:19
479_sf6|cert:Tipo B;score:83
480_sf6|cert:Tipo B;score:69
481_sf6|cert:Não Certificado;score:75
482_sf6|cert:Não Certificado;score:64
483_sf6|cert:Tipo A;score:10
484_sf6|cert:Tipo A;score:25
485_sf6|cert:Tipo A;score:72
486_sf6|cert:Tipo A;score:92
487_sf6|cert:Tipo A;score:88
488_sf6|cert:Tipo B;score:17
489_sf6|cert:Tipo B;score:54
490_sf6|cert:Tipo B;score:15
491_sf6|cert:Tipo B;score:29
492_sf6|cert:Não Certificado;score:58
493_sf6|cert:Tipo A;score:51
494_sf6|cert:Tipo A;score:80
495_sf6|cert:Tipo A;score:83
496_sf6|cert:Tipo B;score:46
497_sf6|cert:Não Certificado;score:84
498_sf6|cert:Tipo B;score:74
499_sf6|cert:Tipo A;score:1
500_sf6|cert:Tipo C;score:22
501_sf6|cert:Tipo B;score:80
502_sf6|cert:Não Certificado;score:46
503_sf6|cert:Não Certificado;score:32
504_sf6|cert:Tipo B;score:55
505_sf6|cert:Tipo B;score:74
506_sf6|cert:Tipo C;score:88
507_sf6|cert:Tipo B;score:60
508_sf6|cert:Tipo B;score:68
509_sf6|cert:Tipo B;score:31
510_sf6|cert:Tipo B;score:49
511_sf6|cert:Tipo B;score:56
512_sf6|cert:Tipo B;score:72
513_sf6|cert:Tipo A;score:54
514_sf6|cert:Tipo A;score:43
515_sf6|cert:Tipo B;score:12
516_sf6|cert:Tipo C;score:71
517_sf6|cert:Tipo A;score:58
518_sf6|cert:Tipo B;score:24
519_sf6|cert:Tipo A;score:44
520_sf6|cert:Tipo B;score:40
521_sf6|cert:Tipo B;score:43
522_sf6|cert:Tipo A;score:87
523_sf6|cert:Tipo A;score:6
524_sf6|cert:Tipo B;score:1
525_sf6|cert:Tipo B;score:63
526_sf6|cert:Não Certificado;score:34
527_sf6|cert:Tipo B;score:56
528_sf6|cert:Tipo B;score:49
529_sf6|cert:Tipo C;score:53
530_sf6|cert:Não Certificado;score:9
531_sf6|cert:Não Certificado;score:42
532_sf6|cert:Tipo C;score:44
533_sf6|cert:Tipo C;score:60
534_sf6|cert:Não Certificado;score:48
535_sf6|cert:Tipo A;score:37
536_sf6|cert:Tipo B;score:3
537_sf6|cert:Tipo B;score:96
538_sf6|cert:Tipo B;score:26
539_sf6|cert:Não Certificado;score:40
540_sf6|cert:Tipo C;score:4
541_sf6|cert:Tipo A;score:8
542_sf6|cert:Tipo B;score:26
543_sf6|cert:Não Certificado;score:54
544_sf6|cert:Tipo B;score:64
545_sf6|cert:Tipo A;score:93
546_sf6|cert:Tipo B;score:23
547_sf6|cert:Tipo B;score:36
548_sf6|cert:Tipo B;score:92
549_sf6|cert:Tipo B;score:62
550_sf6|cert:Tipo C;score:24
551_sf6|cert:Tipo C;score:82
552_sf6|cert:Tipo B;score:72
553_sf6|cert:Não Certificado;score:50
554_sf6|cert:Tipo B;score:32
555_sf6|cert:Tipo C;score:80
556_sf6|cert:Tipo B;score:99
557_sf6|cert:Tipo A;score:50
558_sf6|cert:Tipo B;score:96
559_sf6|cert:Não Certificado;score:30
560_sf6|cert:Tipo B;score:55
561_sf6|cert:Tipo B;score:72
562_sf6|cert:Tipo A;score:22
563_sf6|cert:Tipo C;score:42
564_sf6|cert:Tipo B;score:39
565_sf6|cert:Não Certificado;score:87
566_sf6|cert:Tipo C;score:99
567_sf6|cert:Não Certificado;score:50
568_sf6|cert:Tipo B;score:39
569_sf6|cert:Tipo B;score:72
570_sf6|cert:Tipo B;score:12
571_sf6|cert:Não Certificado;score:16
572_sf6|cert:Tipo C;score:41
573_sf6|cert:Tipo C;score:45
574_sf6|cert:Tipo A;score:12
575_sf6|cert:Tipo A;score:81
576_sf6|cert:Tipo B;score:73
577_sf6|cert:Tipo C;score:80
578_sf6|cert:Não Certificado;score:34
579_sf6|cert:Não Certificado;score:16
580_sf6|cert:Tipo A;score:3
581_sf6|cert:Tipo B;score:81
582_sf6|cert:Tipo B;score:9
583_sf6|cert:Tipo B;score:45
584_sf6|cert:Tipo B;score:42
585_sf6|cert:Não Certificado;score:61
586_sf6|cert:Tipo C;score:4
587_sf6|cert:Tipo A;score:97
588_sf6|cert:Tipo C;score:32
589_sf6|cert:Tipo A;score:30
590_sf6|cert:Não Certificado;score:20
591_sf6|cert:Tipo C;score:21
592_sf6|cert:Tipo B;score:10
593_sf6|cert:Não Certificado;score:4
594_sf6|cert:Tipo B;score:27
595_sf6|cert:Não Certificado;score:88
596_sf6|cert:Tipo A;score:75
597_sf6|cert:Tipo B;score:53
598_sf6|cert:Tipo C;score:63
599_sf6|cert:Não Certificado;score:80
600_sf6|cert:Tipo B;score:45
601_sf6|cert:Tipo B;score:66
602_sf6|cert:Tipo B;score:17
603_sf6|cert:Não Certificado;score:67
604_sf6|cert:Tipo C;score:93
605_sf6|cert:Tipo A;score:81
606_sf6|cert:Tipo B;score:6
607_sf6|cert:Tipo C;score:64
608_sf6|cert:Tipo B;score:62
609_sf6|cert:Tipo B;score:83
610_sf6|cert:Tipo A;score:36
611_sf6|cert:Tipo B;score:81
612_sf6|cert:Não Certificado;score:68
613_sf6|cert:Não Certificado;score:51
614_sf6|cert:Tipo C;score:69
615_sf6|cert:Tipo A;score:73
616_sf6|cert:Tipo B;score:80
617_sf6|cert:Tipo B;score:98
618_sf6|cert:Tipo C;score:5
619_sf6|cert:Tipo A;score:59
620_sf6|cert:Tipo B;score:54
621_sf6|cert:Não Certificado;score:56
622_sf6|cert:Tipo A;score:9
623_sf6|cert:Tipo A;score:1
624_sf6|cert:Tipo B;score:61
625_sf6|cert:Tipo C;score:27
626_sf6|cert:Não Certificado;score:52
627_sf6|cert:Tipo C;score:63
628_sf6|cert:Tipo A;score:61
629_sf6|cert:Tipo B;score:83
630_sf6|cert:Tipo A;score:0
631_sf6|cert:Tipo B;score:90
632_sf6|cert:Tipo B;score:14
633_sf6|cert:Tipo C;score:2
634_sf6|cert:Tipo C;score:32
635_sf6|cert:Tipo B;score:95
636_sf6|cert:Tipo C;score:59
637_sf6|cert:Tipo A;score:8
638_sf6|cert:Tipo B;score:41
639_sf6|cert:Tipo B;score:53
640_sf6|cert:Tipo B;score:23
641_sf6|cert:Não Certificado;score:50
642_sf6|cert:Tipo B;score:95
643_sf6|cert:Tipo A;score:46
644_sf6|cert:Tipo B;score:4
645_sf6|cert:Tipo A;score:93
646_sf6|cert:Não Certificado;score:14
647_sf6|cert:Tipo A;score:19
648_sf6|cert:Tipo B;score:49
649_sf6|cert:Não Certificado;score:50
650_sf6|cert:Tipo A;score:43
651_sf6|cert:Não Certificado;score:44
652_sf6|cert:Tipo A;score:28
653_sf6|cert:Tipo A;score:38
654_sf6|cert:Tipo B;score:50
655_sf6|cert:Tipo B;score:9
656_sf6|cert:Tipo B;score:97
657_sf6|cert:Tipo B;score:94
658_sf6|cert:Tipo A;score:24
659_sf6|cert:Tipo C;score:92
660_sf6|cert:Tipo B;score:15
661_sf6|cert:Tipo A;score:0
662_sf6|cert:Tipo B;score:98
663_sf6|cert:Tipo B;score:7
664_sf6|cert:Tipo B;score:70
665_sf6|cert:Tipo C;score:95
666_sf6|cert:Tipo B;score:3
667_sf6|cert:Tipo C;score:66
668_sf6|cert:Tipo C;score:26
669_sf6|cert:Tipo A;score:47
670_sf6|cert:Não Certificado;score:38
671_sf6|cert:Tipo B;score:91
672_sf6|cert:Tipo B;score:48
673_sf6|cert:Não Certificado;score:39
674_sf6|cert:Tipo A;score:40
675_sf6|cert:Não Certificado;score:20
676_sf6|cert:Não Certificado;score:32
677_sf6|cert:Tipo C;score:33
678_sf6|cert:Não Certificado;score:89
679_sf6|cert:Não Certificado;score:79
680_sf6|cert:Tipo B;score:48
681_sf6|cert:Não Certificado;score:76
682_sf6|cert:Não Certificado;score:15
683_sf6|cert:Tipo B;score:25
684_sf6|cert:Tipo A;score:19
685_sf6|cert:Tipo A;score:85
686_sf6|cert:Tipo A;score:10
687_sf6|cert:Tipo C;score:22
688_sf6|cert:Tipo B;score:26
689_sf6|cert:Tipo B;score:81
690_sf6|cert:Tipo A;score:52
691_sf6|cert:Tipo B;score:5
692_sf6|cert:Tipo A;score:70
693_sf6|cert:Tipo C;score:73
694_sf6|cert:Tipo A;score:71
695_sf6|cert:Tipo C;score:19
696_sf6|cert:Tipo B;score:64
697_sf6|cert:Tipo C;score:10
698_sf6|cert:Não Certificado;score:87
699_sf6|cert:Tipo A;score:44
700_sf6|cert:Tipo C;score:4
701_sf6|cert:Tipo A;score:7
702_sf6|cert:Tipo C;score:35
703_sf6|cert:Tipo B;score:24
704_sf6|cert:Tipo B;score:44
705_sf6|cert:Não Certificado;score:54
706_sf6|cert:Tipo C;score:11
707_sf6|cert:Tipo C;score:8
708_sf6|cert:Tipo C;score:94
709_sf6|cert:Tipo B;score:73
710_sf6|cert:Tipo B;score:24
711_sf6|cert:Tipo C;score:57
712_sf6|cert:Tipo B;score:28
713_sf6|cert:Tipo C;score:2
714_sf6|cert:Tipo A;score:2
715_sf6|cert:Não Certificado;score:10
716_sf6|cert:Tipo B;score:32
717_sf6|cert:Tipo B;score:69
718_sf6|cert:Tipo A;score:74
719_sf6|cert:Tipo A;score:54
720_sf6|cert:Tipo B;score:6
721_sf6|cert:Tipo B;score:80
722_sf6|cert:Tipo C;score:10
723_sf6|cert:Tipo B;score:90
724_sf6|cert:Tipo C;score:60
725_sf6|cert:Não Certificado;score:14
726_sf6|cert:Tipo A;score:14
727_sf6|cert:Tipo B;score:10
728_sf6|cert:Tipo B;score:4
729_sf6|cert:Tipo B;score:86
730_sf6|cert:Tipo C;score:49
731_sf6|cert:Tipo B;score:19
732_sf6|cert:Tipo B;score:2
733_sf6|cert:Tipo A;score:34
734_sf6|cert:Tipo A;score:95
735_sf6|cert:Não Certificado;score:71
736_sf6|cert:Tipo B;score:31
737_sf6|cert:Tipo A;score:24
738_sf6|cert:Tipo B;score:54
739_sf6|cert:Tipo A;score:96
740_sf6|cert:Tipo A;score:74
741_sf6|cert:Tipo C;score:86
742_sf6|cert:Tipo B;score:46
743_sf6|cert:Tipo B;score:28
744_sf6|cert:Tipo B;score:9
745_sf6|cert:Tipo A;score:76
746_sf6|cert:Tipo B;score:85
747_sf6|cert:Tipo B;score:67
748_sf6|cert:Tipo A;score:46
749_sf6|cert:Tipo A;score:59
750_sf6|cert:Tipo C;score:10
751_sf6|cert:Tipo C;score:67
752_sf6|cert:Tipo B;score:53
753_sf6|cert:Tipo C;score:33
754_sf6|cert:Tipo B;score:76
755_sf6|cert:Tipo C;score:30
756_sf6|cert:Tipo A;score:89
757_sf6|cert:Tipo B;score:30
758_sf6|cert:Não Certificado;score:20
759_sf6|cert:Tipo C;score:1
760_sf6|cert:Tipo B;score:1
761_sf6|cert:Tipo C;score:66
762_sf6|cert:Tipo A;score:67
763_sf6|cert:Tipo A;score:97
764_sf6|cert:Tipo B;score:54
765_sf6|cert:Tipo B;score:90
766_sf6|cert:Tipo B;score:49
767_sf6|cert:Tipo C;score:4
768_sf6|cert:Tipo B;score:29
769_sf6|cert:Não Certificado;score:88
770_sf6|cert:Tipo A;score:38
771_sf6|cert:Tipo C;score:94
772_sf6|cert:Tipo B;score:45
773_sf6|cert:Tipo A;score:8
774_sf6|cert:Não Certificado;score:20
775_sf6|cert:Tipo C;score:80
776_sf6|cert:Tipo B;score:8
777_sf6|cert:Tipo A;score:18
778_sf6|cert:Tipo B;score:71
779_sf6|cert:Tipo B;score:2
780_sf6|cert:Tipo B;score:90
781_sf6|cert:Tipo A;score:6
782_sf6|cert:Tipo B;score:40
783_sf6|cert:Não Certificado;score:23
784_sf6|cert:Tipo B;score:30
785_sf6|cert:Tipo A;score:11
786_sf6|cert:Não Certificado;score:30
787_sf6|cert:Não Certificado;score:31
788_sf6|cert:Tipo C;score:66
789_sf6|cert:Não Certificado;score:66
790_sf6|cert:Tipo A;score:31
791_sf6|cert:Tipo A;score:14
792_sf6|cert:Tipo B;score:63
793_sf6|cert:Não Certificado;score:1
794_sf6|cert:Tipo B;score:50
795_sf6|cert:Tipo A;score:64
796_sf6|cert:Tipo A;score:24
797_sf6|cert:Tipo C;score:96
798_sf6|cert:Não Certificado;score:93
799_sf6|cert:Não Certificado;score:67
800_sf6|cert:Tipo B;score:12
801_sf6|cert:Tipo A;score:7
802_sf6|cert:Não Certificado;score:66
803_sf6|cert:Tipo B;score:92
804_sf6|cert:Não Certificado;score:25
805_sf6|cert:Tipo B;score:89
806_sf6|cert:Tipo A;score:46
807_sf6|cert:Tipo C;score:67
808_sf6|cert:Tipo B;score:5
809_sf6|cert:Tipo B;score:48
810_sf6|cert:Tipo C;score:41
811_sf6|cert:Não Certificado;score:93
812_sf6|cert:Tipo C;score:38
813_sf6|cert:Não Certificado;score:55
814_sf6|cert:Tipo A;score:80
815_sf6|cert:Não Certificado;score:25
816_sf6|cert:Tipo B;score:42
817_sf6|cert:Tipo C;score:44
818_sf6|cert:Tipo A;score:69
819_sf6|cert:Tipo C;score:59
820_sf6|cert:Tipo B;score:41
821_sf6|cert:Tipo A;score:38
822_sf6|cert:Não Certificado;score:37
823_sf6|cert:Não Certificado;score:12
824_sf6|cert:Tipo B;score:53
825_sf6|cert:Tipo B;score:2
826_sf6|cert:Tipo B;score:16
827_sf6|cert:Não Certificado;score:2
828_sf6|cert:Tipo B;score:44
829_sf6|cert:Tipo C;score:5
830_sf6|cert:Tipo A;score:45
831_sf6|cert:Tipo C;score:72
832_sf6|cert:Tipo B;score:45
833_sf6|cert:Tipo B;score:86
834_sf6|cert:Tipo B;score:2
835_sf6|cert:Tipo B;score:40
836_sf6|cert:Não Certificado;score:61
837_sf6|cert:Tipo C;score:3
838_sf6|cert:Não Certificado;score:39
839_sf6|cert:Tipo A;score:60
840_sf6|cert:Tipo B;score:90
841_sf6|cert:Não Certificado;score:85
842_sf6|cert:Não Certificado;score:15
843_sf6|cert:Tipo A;score:87
844_sf6|cert:Não Certificado;score:59
845_sf6|cert:Tipo A;score:2
846_sf6|cert:Tipo A;score:0
847_sf6|cert:Tipo A;score:43
848_sf6|cert:Tipo B;score:80
849_sf6|cert:Tipo B;score:47
850_sf6|cert:Não Certificado;score:49
851_sf6|cert:Tipo C;score:51
852_sf6|cert:Tipo B;score:41
853_sf6|cert:Tipo A;score:76
854_sf6|cert:Tipo A;score:35
855_sf6|cert:Tipo C;score:60
856_sf6|cert:Tipo B;score:16
857_sf6|cert:Não Certificado;score:63
858_sf6|cert:Tipo A;score:3
859_sf6|cert:Não Certificado;score:31
860_sf6|cert:Não Certificado;score:44
861_sf6|cert:Tipo B;score:23
862_sf6|cert:Tipo A;score:83
863_sf6|cert:Tipo C;score:52
864_sf6|cert:Tipo B;score:43
865_sf6|cert:Tipo A;score:91
866_sf6|cert:Tipo B;score:96
867_sf6|cert:Tipo B;score:95
868_sf6|cert:Não Certificado;score:63
869_sf6|cert:Tipo A;score:95
870_sf6|cert:Não Certificado;score:33
871_sf6|cert:Tipo A;score:52
872_sf6|cert:Tipo B;score:56
873_sf6|cert:Tipo A;score:11
874_sf6|cert:Tipo B;score:55
875_sf6|cert:Não Certificado;score:11
876_sf6|cert:Não Certificado;score:51
877_sf6|cert:Tipo C;score:89
878_sf6|cert:Tipo B;score:0
879_sf6|cert:Não Certificado;score:91
880_sf6|cert:Tipo B;score:36
881_sf6|cert:Não Certificado;score:58
882_sf6|cert:Tipo B;score:19
883_sf6|cert:Tipo C;score:34
884_sf6|cert:Tipo A;score:19
885_sf6|cert:Tipo A;score:94
886_sf6|cert:Tipo C;score:65
887_sf6|cert:Tipo C;score:23
888_sf6|cert:Tipo B;score:67
889_sf6|cert:Tipo A;score:84
890_sf6|cert:Tipo A;score:48
891_sf6|cert:Tipo A;score:90
892_sf6|cert:Tipo C;score:73
893_sf6|cert:Não Certificado;score:2
894_sf6|cert:Tipo B;score:8
895_sf6|cert:Tipo A;score:5
896_sf6|cert:Tipo B;score:57
897_sf6|cert:Não Certificado;score:22
898_sf6|cert:Tipo B;score:18
899_sf6|cert:Tipo A;score:19
900_sf6|cert:Tipo A;score:80
901_sf6|cert:Tipo C;score:38
902_sf6|cert:Tipo B;score:80
903_sf6|cert:Tipo B;score:53
904_sf6|cert:Tipo B;score:21
905_sf6|cert:Tipo C;score:22
906_sf6|cert:Tipo A;score:67
907_sf6|cert:Não Certificado;score:99
908_sf6|cert:Tipo A;score:65
909_sf6|cert:Tipo A;score:2
910_sf6|cert:Tipo C;score:69
911_sf6|cert:Tipo B;score:78
912_sf6|cert:Tipo B;score:81
913_sf6|cert:Tipo A;score:55
914_sf6|cert:Tipo A;score:61
915_sf6|cert:Tipo A;score:12
916_sf6|cert:Não Certificado;score:38
917_sf6|cert:Tipo B;score:43
918_sf6|cert:Tipo B;score:44
919_sf6|cert:Não Certificado;score:4
920_sf6|cert:Tipo B;score:68
921_sf6|cert:Não Certificado;score:6
922_sf6|cert:Tipo A;score:42
923_sf6|cert:Tipo A;score:36
924_sf6|cert:Tipo C;score:80
925_sf6|cert:Tipo B;score:54
926_sf6|cert:Tipo C;score:77
927_sf6|cert:Não Certificado;score:71
928_sf6|cert:Tipo B;score:62
929_sf6|cert:Tipo B;score:58
930_sf6|cert:Não Certificado;score:80
931_sf6|cert:Tipo A;score:73
932_sf6|cert:Tipo C;score:72
933_sf6|cert:Tipo C;score:3
934_sf6|cert:Não Certificado;score:26
935_sf6|cert:Tipo A;score:0
936_sf6|cert:Tipo B;score:85
937_sf6|cert:Não Certificado;score:21
938_sf6|cert:Tipo C;score:72
939_sf6|cert:Tipo B;score:0
940_sf6|cert:Tipo B;score:31
941_sf6|cert:Não Certificado;score:70
942_sf6|cert:Não Certificado;score:39
943_sf6|cert:Tipo A;score:43
944_sf6|cert:Tipo B;score:46
945_sf6|cert:Não Certificado;score:53
946_sf6|cert:Tipo B;score:58
947_sf6|cert:Não Certificado;score:1
948_sf6|cert:Não Certificado;score:72
949_sf6|cert:Tipo B;score:30
950_sf6|cert:Não Certificado;score:63
951_sf6|cert:Não Certificado;score:30
952_sf6|cert:Tipo B;score:21
953_sf6|cert:Tipo B;score:50
954_sf6|cert:Tipo C;score:24
955_sf6|cert:Tipo A;score:0
956_sf6|cert:Tipo B;score:27
957_sf6|cert:Tipo C;score:93
958_sf6|cert:Tipo C;score:46
959_sf6|cert:Tipo C;score:90
960_sf6|cert:Tipo B;score:59
961_sf6|cert:Não Certificado;score:48
962_sf6|cert:Não Certificado;score:40
963_sf6|cert:Tipo A;score:82
964_sf6|cert:Não Certificado;score:45
965_sf6|cert:Tipo B;score:20
966_sf6|cert:Tipo C;score:86
967_sf6|cert:Tipo C;score:3
968_sf6|cert:Tipo B;score:67
969_sf6|cert:Tipo C;score:83
970_sf6|cert:Não Certificado;score:89
971_sf6|cert:Tipo A;score:43
972_sf6|cert:Tipo B;score:43
973_sf6|cert:Tipo B;score:19
974_sf6|cert:Tipo B;score:58
975_sf6|cert:Tipo C;score:68
976_sf6|cert:Tipo B;score:68
977_sf6|cert:Tipo B;score:50
978_sf6|cert:Tipo B;score:78
979_sf6|cert:Não Certificado;score:69
980_sf6|cert:Tipo B;score:0
981_sf6|cert:Tipo A;score:0
982_sf6|cert:Tipo C;score:58
983_sf6|cert:Tipo B;score:88
984_sf6|cert:Tipo B;score:84
985_sf6|cert:Tipo B;score:92
986_sf6|cert:Tipo A;score:14
987_sf6|cert:Não Certificado;score:89
988_sf6|cert:Tipo C;score:51
989_sf6|cert:Tipo C;score:35
990_sf6|cert:Tipo A;score:60
991_sf6|cert:Não Certificado;score:81
992_sf6|cert:Tipo B;score:80
993_sf6|cert:Tipo C;score:62
994_sf6|cert:Tipo B;score:72
995_sf6|cert:Tipo C;score:37
996_sf6|cert:Não Certificado;score:42
997_sf6|cert:Tipo B;score:74
998_sf6|cert:Tipo B;score:67
999_sf6|cert:Tipo A;score:57
1000_sf6|cert:Tipo B;score:61
1001_sf6|cert:Tipo A;score:88
1002_sf6|cert:Tipo C;score:35
1003_sf6|cert:Tipo C;score:81
1004_sf6|cert:Tipo B;score:79
1005_sf6|cert:Tipo C;score:75
1006_sf6|cert:Não Certificado;score:57
1007_sf6|cert:Tipo B;score:62
1008_sf6|cert:Tipo B;score:51
1009_sf6|cert:Tipo B;score:12
1010_sf6|cert:Tipo A;score:10
1011_sf6|cert:Tipo A;score:17
1012_sf6|cert:Não Certificado;score:69
1013_sf6|cert:Tipo C;score:24
1014_sf6|cert:Tipo B;score:23
1015_sf6|cert:Não Certificado;score:85
1016_sf6|cert:Tipo B;score:5
1017_sf6|cert:Tipo A;score:5
1018_sf6|cert:Não Certificado;score:8
1019_sf6|cert:Tipo C;score:50
1020_sf6|cert:Tipo C;score:60
1021_sf6|cert:Tipo A;score:54
1022_sf6|cert:Tipo B;score:81
1023_sf6|cert:Não Certificado;score:78
1024_sf6|cert:Tipo B;score:79
1025_sf6|cert:Tipo B;score:29
1026_sf6|cert:Não Certificado;score:72
1027_sf6|cert:Não Certificado;score:1
1028_sf6|cert:Tipo B;score:0
1029_sf6|cert:Não Certificado;score:73
1030_sf6|cert:Não Certificado;score:23
1031_sf6|cert:Não Certificado;score:95
1032_sf6|cert:Tipo B;score:60
1033_sf6|cert:Tipo B;score:55
1034_sf6|cert:Tipo A;score:78
1035_sf6|cert:Não Certificado;score:60
1036_sf6|cert:Tipo C;score:95
1037_sf6|cert:Tipo C;score:19
1038_sf6|cert:Tipo A;score:31
1039_sf6|cert:Tipo A;score:7
1040_sf6|cert:Tipo B;score:71
1041_sf6|cert:Não Certificado;score:42
1042_sf6|cert:Tipo B;score:30
1043_sf6|cert:Tipo B;score:40
1044_sf6|cert:Não Certificado;score:25
1045_sf6|cert:Tipo B;score:17
1046_sf6|cert:Tipo A;score:30
1047_sf6|cert:Tipo C;score:75
1048_sf6|cert:Tipo B;score:33
1049_sf6|cert:Tipo C;score:73
1050_sf6|cert:Tipo B;score:60
1051_sf6|cert:Tipo C;score:68
1052_sf6|cert:Tipo B;score:91
1053_sf6|cert:Não Certificado;score:57
1054_sf6|cert:Tipo C;score:11
1055_sf6|cert:Tipo A;score:85
1056_sf6|cert:Tipo B;score:83
1057_sf6|cert:Não Certificado;score:85
1058_sf6|cert:Tipo C;score:50
1059_sf6|cert:Não Certificado;score:30
1060_sf6|cert:Tipo B;score:48
1061_sf6|cert:Não Certificado;score:44
1062_sf6|cert:Tipo A;score:57
1063_sf6|cert:Tipo B;score:40
1064_sf6|cert:Tipo B;score:29
1065_sf6|cert:Tipo C;score:64
1066_sf6|cert:Tipo C;score:82
1067_sf6|cert:Tipo B;score:21
1068_sf6|cert:Não Certificado;score:90
1069_sf6|cert:Não Certificado;score:35
1070_sf6|cert:Tipo B;score:47
1071_sf6|cert:Tipo C;score:35
1072_sf6|cert:Tipo B;score:14
1073_sf6|cert:Tipo A;score:26
1074_sf6|cert:Tipo B;score:29
1075_sf6|cert:Tipo A;score:80
1076_sf6|cert:Tipo B;score:3
1077_sf6|cert:Tipo B;score:80
1078_sf6|cert:Não Certificado;score:33
1079_sf6|cert:Tipo C;score:91
1080_sf6|cert:Tipo B;score:36
1081_sf6|cert:Não Certificado;score:71
1082_sf6|cert:Tipo C;score:65
1083_sf6|cert:Não Certificado;score:55
1084_sf6|cert:Tipo A;score:81
1085_sf6|cert:Tipo B;score:24
1086_sf6|cert:Tipo A;score:94
1087_sf6|cert:Tipo B;score:55
1088_sf6|cert:Tipo B;score:21
1089_sf6|cert:Tipo A;score:7
1090_sf6|cert:Tipo C;score:3
1091_sf6|cert:Tipo A;score:37
1092_sf6|cert:Tipo C;score:99
1093_sf6|cert:Tipo C;score:55
1094_sf6|cert:Tipo C;score:31
1095_sf6|cert:Não Certificado;score:40
1096_sf6|cert:Tipo B;score:23
1097_sf6|cert:Tipo C;score:42
1098_sf6|cert:Tipo B;score:96
1099_sf6|cert:Tipo B;score:34
1100_sf6|cert:Tipo B;score:56
1101_sf6|cert:Tipo B;score:12
1102_sf6|cert:Tipo B;score:39
1103_sf6|cert:Tipo C;score:4
1104_sf6|cert:Tipo B;score:60
1105_sf6|cert:Tipo C;score:0
1106_sf6|cert:Tipo A;score:89
1107_sf6|cert:Não Certificado;score:28
1108_sf6|cert:Tipo C;score:43
1109_sf6|cert:Tipo B;score:19
1110_sf6|cert:Tipo A;score:46
1111_sf6|cert:Tipo B;score:51
1112_sf6|cert:Tipo B;score:76
1113_sf6|cert:Tipo A;score:58
1114_sf6|cert:Tipo B;score:10
1115_sf6|cert:Tipo B;score:38
1116_sf6|cert:Tipo C;score:89
1117_sf6|cert:Não Certificado;score:49
1118_sf6|cert:Tipo B;score:26
1119_sf6|cert:Tipo A;score:99
1120_sf6|cert:Tipo B;score:86
1121_sf6|cert:Tipo C;score:6
1122_sf6|cert:Não Certificado;score:24
1123_sf6|cert:Não Certificado;score:23
1124_sf6|cert:Tipo A;score:24
1125_sf6|cert:Não Certificado;score:74
1126_sf6|cert:Não Certificado;score:81
1127_sf6|cert:Tipo B;score:38
1128_sf6|cert:Tipo B;score:6
1129_sf6|cert:Tipo C;score:70
1130_sf6|cert:Tipo B;score:84
1131_sf6|cert:Tipo B;score:65
1132_sf6|cert:Tipo A;score:78
1133_sf6|cert:Tipo B;score:51
1134_sf6|cert:Não Certificado;score:30
1135_sf6|cert:Tipo A;score:44
1136_sf6|cert:Tipo B;score:52
1137_sf6|cert:Tipo C;score:1
1138_sf6|cert:Tipo B;score:20
1139_sf6|cert:Não Certificado;score:92
1140_sf6|cert:Tipo A;score:31
1141_sf6|cert:Tipo C;score:34
1142_sf6|cert:Tipo B;score:62
1143_sf6|cert:Tipo B;score:29
1144_sf6|cert:Tipo B;score:93
1145_sf6|cert:Tipo C;score:8
1146_sf6|cert:Não Certificado;score:82
1147_sf6|cert:Tipo B;score:24
1148_sf6|cert:Não Certificado;score:41
1149_sf6|cert:Tipo C;score:70
1150_sf6|cert:Tipo A;score:16
1151_sf6|cert:Tipo B;score:67
1152_sf6|cert:Tipo B;score:69
1153_sf6|cert:Tipo C;score:30
1154_sf6|cert:Tipo A;score:70
1155_sf6|cert:Não Certificado;score:38
1156_sf6|cert:Tipo B;score:85
1157_sf6|cert:Tipo C;score:18
1158_sf6|cert:Tipo B;score:40
1159_sf6|cert:Não Certificado;score:60
1160_sf6|cert:Tipo B;score:95
1161_sf6|cert:Tipo B;score:31
1162_sf6|cert:Tipo A;score:56
1163_sf6|cert:Tipo B;score:91
1164_sf6|cert:Tipo A;score:20
1165_sf6|cert:Tipo C;score:64
1166_sf6|cert:Não Certificado;score:82
1167_sf6|cert:Tipo C;score:56
1168_sf6|cert:Tipo B;score:22
1169_sf6|cert:Não Certificado;score:22
1170_sf6|cert:Não Certificado;score:30
1171_sf6|cert:Tipo A;score:9
1172_sf6|cert:Tipo A;score:81
1173_sf6|cert:Tipo A;score:21
1174_sf6|cert:Não Certificado;score:84
1175_sf6|cert:Tipo A;score:56
1176_sf6|cert:Tipo B;score:53
1177_sf6|cert:Tipo B;score:89
1178_sf6|cert:Tipo B;score:83
1179_sf6|cert:Tipo A;score:3
1180_sf6|cert:Tipo C;score:50
1181_sf6|cert:Tipo C;score:27
1182_sf6|cert:Tipo B;score:74
1183_sf6|cert:Tipo A;score:57
1184_sf6|cert:Tipo B;score:76
1185_sf6|cert:Tipo A;score:59
1186_sf6|cert:Tipo A;score:63
1187_sf6|cert:Tipo A;score:68
1188_sf6|cert:Tipo C;score:1
1189_sf6|cert:Tipo C;score:75
1190_sf6|cert:Não Certificado;score:63
1191_sf6|cert:Tipo C;score:96
1192_sf6|cert:Tipo B;score:27
1193_sf6|cert:Tipo B;score:27
1194_sf6|cert:Tipo A;score:2
1195_sf6|cert:Tipo A;score:39
1196_sf6|cert:Tipo B;score:61
1197_sf6|cert:Tipo C;score:72
1198_sf6|cert:Não Certificado;score:5
1199_sf6|cert:Tipo A;score:5
1200_sf6|cert:Tipo B;score:81
1201_sf6|cert:Tipo C;score:32
1202_sf6|cert:Tipo B;score:70
1203_sf6|cert:Tipo C;score:62
1204_sf6|cert:Tipo A;score:99
1205_sf6|cert:Tipo A;score:16
1206_sf6|cert:Tipo A;score:90
1207_sf6|cert:Tipo A;score:96
1208_sf6|cert:Tipo B;score:77
1209_sf6|cert:Tipo B;score:91
1210_sf6|cert:Tipo B;score:61
1211_sf6|cert:Tipo A;score:37
1212_sf6|cert:Não Certificado;score:45
1213_sf6|cert:Não Certificado;score:85
1214_sf6|cert:Tipo A;score:58
1215_sf6|cert:Tipo A;score:22
1216_sf6|cert:Tipo B;score:3
1217_sf6|cert:Não Certificado;score:53
1218_sf6|cert:Não Certificado;score:89
1219_sf6|cert:Tipo A;score:41
1220_sf6|cert:Não Certificado;score:1
1221_sf6|cert:Tipo B;score:88
1222_sf6|cert:Tipo B;score:36
1223_sf6|cert:Não Certificado;score:65
1224_sf6|cert:Tipo B;score:46
1225_sf6|cert:Tipo A;score:64
1226_sf6|cert:Tipo A;score:16
1227_sf6|cert:Não Certificado;score:63
1228_sf6|cert:Não Certificado;score:34
1229_sf6|cert:Tipo A;score:92
1230_sf6|cert:Não Certificado;score:52
1231_sf6|cert:Tipo C;score:43
1232_sf6|cert:Tipo B;score:59
1233_sf6|cert:Tipo A;score:38
1234_sf6|cert:Tipo C;score:9
1235_sf6|cert:Tipo B;score:3
1236_sf6|cert:Tipo C;score:15
1237_sf6|cert:Tipo C;score:96
1238_sf6|cert:Tipo A;score:18
1239_sf6|cert:Tipo B;score:47
1240_sf6|cert:Tipo B;score:15
1241_sf6|cert:Tipo B;score:39
1242_sf6|cert:Tipo C;score:99
1243_sf6|cert:Tipo A;score:40
1244_sf6|cert:Tipo B;score:43
1245_sf6|cert:Tipo B;score:61
1246_sf6|cert:Tipo A;score:13
1247_sf6|cert:Não Certificado;score:77
1248_sf6|cert:Tipo B;score:24
1249_sf6|cert:Tipo C;score:69
1250_sf6|cert:Tipo B;score:73
1251_sf6|cert:Tipo A;score:66
1252_sf6|cert:Tipo C;score:46
1253_sf6|cert:Não Certificado;score:24
1254_sf6|cert:Não Certificado;score:14
1255_sf6|cert:Tipo A;score:7
1256_sf6|cert:Tipo B;score:88
1257_sf6|cert:Tipo C;score:88
1258_sf6|cert:Não Certificado;score:97
1259_sf6|cert:Não Certificado;score:34
1260_sf6|cert:Tipo C;score:64
1261_sf6|cert:Não Certificado;score:63
1262_sf6|cert:Não Certificado;score:18
1263_sf6|cert:Tipo C;score:71
1264_sf6|cert:Tipo B;score:12
1265_sf6|cert:Tipo A;score:34
1266_sf6|cert:Não Certificado;score:58
1267_sf6|cert:Tipo C;score:65
1268_sf6|cert:Tipo C;score:20
1269_sf6|cert:Tipo C;score:50
1270_sf6|cert:Tipo A;score:81
1271_sf6|cert:Tipo B;score:55
1272_sf6|cert:Tipo B;score:99
1273_sf6|cert:Tipo A;score:32
1274_sf6|cert:Não Certificado;score:92
1275_sf6|cert:Tipo C;score:84
1276_sf6|cert:Não Certificado;score:45
1277_sf6|cert:Tipo A;score:90
1278_sf6|cert:Tipo C;score:89
1279_sf6|cert:Tipo C;score:8
1280_sf6|cert:Tipo B;score:49
1281_sf6|cert:Não Certificado;score:36
1282_sf6|cert:Tipo B;score:29
1283_sf6|cert:Tipo B;score:9
1284_sf6|cert:Tipo B;score:16
1285_sf6|cert:Tipo C;score:30
1286_sf6|cert:Tipo A;score:67
1287_sf6|cert:Tipo C;score:44
1288_sf6|cert:Tipo B;score:6
1289_sf6|cert:Tipo A;score:58
1290_sf6|cert:Tipo A;score:41
1291_sf6|cert:Tipo C;score:33
1292_sf6|cert:Tipo C;score:56
1293_sf6|cert:Tipo A;score:77
1294_sf6|cert:Tipo B;score:6
1295_sf6|cert:Tipo B;score:27
1296_sf6|cert:Tipo B;score:48
1297_sf6|cert:Não Certificado;score:53
1298_sf6|cert:Tipo B;score:92
1299_sf6|cert:Tipo C;score:92
1300_sf6|cert:Não Certificado;score:34
1301_sf6|cert:Não Certificado;score:42
1302_sf6|cert:Não Certificado;score:33
1303_sf6|cert:Tipo B;score:8
1304_sf6|cert:Tipo B;score:57
1305_sf6|cert:Não Certificado;score:19
1306_sf6|cert:Não Certificado;score:33
1307_sf6|cert:Tipo B;score:74
1308_sf6|cert:Tipo B;score:61
1309_sf6|cert:Tipo B;score:29
1310_sf6|cert:Tipo B;score:97
1311_sf6|cert:Tipo B;score:67
1312_sf6|cert:Tipo B;score:19
1313_sf6|cert:Tipo B;score:60
1314_sf6|cert:Não Certificado;score:19
1315_sf6|cert:Tipo C;score:47
1316_sf6|cert:Tipo A;score:90
1317_sf6|cert:Tipo A;score:29
1318_sf6|cert:Tipo C;score:77
1319_sf6|cert:Tipo C;score:1
1320_sf6|cert:Tipo B;score:75
1321_sf6|cert:Tipo A;score:33
1322_sf6|cert:Não Certificado;score:49
1323_sf6|cert:Tipo A;score:63
1324_sf6|cert:Não Certificado;score:97
1325_sf6|cert:Tipo A;score:77
1326_sf6|cert:Tipo A;score:35
1327_sf6|cert:Tipo A;score:65
1328_sf6|cert:Tipo B;score:56
1329_sf6|cert:Não Certificado;score:58
1330_sf6|cert:Tipo C;score:73
1331_sf6|cert:Tipo B;score:17
1332_sf6|cert:Tipo A;score:46
1333_sf6|cert:Tipo B;score:64
1334_sf6|cert:Tipo C;score:66
1335_sf6|cert:Tipo A;score:92
1336_sf6|cert:Tipo B;score:96
1337_sf6|cert:Tipo C;score:42
1338_sf6|cert:Tipo C;score:77
1339_sf6|cert:Tipo B;score:94
1340_sf6|cert:Tipo B;score:16
1341_sf6|cert:Tipo B;score:19
1342_sf6|cert:Tipo B;score:97
1343_sf6|cert:Tipo B;score:46
1344_sf6|cert:Tipo B;score:44
1345_sf6|cert:Tipo B;score:44
1346_sf6|cert:Tipo A;score:43
1347_sf6|cert:Tipo B;score:39
1348_sf6|cert:Não Certificado;score:42
1349_sf6|cert:Tipo A;score:65
1350_sf6|cert:Tipo C;score:87
1351_sf6|cert:Tipo A;score:86
1352_sf6|cert:Tipo B;score:67
1353_sf6|cert:Tipo B;score:0
1354_sf6|cert:Tipo A;score:97
1355_sf6|cert:Não Certificado;score:51
1356_sf6|cert:Tipo A;score:32
1357_sf6|cert:Não Certificado;score:32
1358_sf6|cert:Tipo C;score:74
1359_sf6|cert:Tipo A;score:20
1360_sf6|cert:Tipo B;score:36
1361_sf6|cert:Tipo C;score:66
1362_sf6|cert:Tipo C;score:19
1363_sf6|cert:Não Certificado;score:15
1364_sf6|cert:Tipo C;score:62
1365_sf6|cert:Não Certificado;score:87
1366_sf6|cert:Não Certificado;score:76
1367_sf6|cert:Tipo B;score:37
1368_sf6|cert:Tipo B;score:9
1369_sf6|cert:Não Certificado;score:31
1370_sf6|cert:Tipo B;score:11
1371_sf6|cert:Não Certificado;score:35
1372_sf6|cert:Tipo C;score:84
1373_sf6|cert:Tipo A;score:50
1374_sf6|cert:Tipo B;score:64
1375_sf6|cert:Tipo C;score:66
1376_sf6|cert:Tipo B;score:54
1377_sf6|cert:Tipo A;score:53
1378_sf6|cert:Tipo C;score:19
1379_sf6|cert:Tipo A;score:85
1380_sf6|cert:Tipo A;score:79
1381_sf6|cert:Tipo C;score:58
1382_sf6|cert:Tipo B;score:34
1383_sf6|cert:Não Certificado;score:70
1384_sf6|cert:Tipo B;score:77
1385_sf6|cert:Tipo C;score:61
1386_sf6|cert:Não Certificado;score:62
1387_sf6|cert:Tipo B;score:19
1388_sf6|cert:Não Certificado;score:56
1389_sf6|cert:Tipo C;score:52
1390_sf6|cert:Tipo B;score:95
1391_sf6|cert:Não Certificado;score:43
1392_sf6|cert:Tipo B;score:16
1393_sf6|cert:Não Certificado;score:97
1394_sf6|cert:Tipo A;score:97
1395_sf6|cert:Tipo C;score:46
1396_sf6|cert:Não Certificado;score:49
1397_sf6|cert:Não Certificado;score:5
1398_sf6|cert:Tipo A;score:48
1399_sf6|cert:Tipo C;score:98
1400_sf6|cert:Tipo B;score:39
1401_sf6|cert:Não Certificado;score:13
1402_sf6|cert:Tipo B;score:52
1403_sf6|cert:Tipo A;score:20
1404_sf6|cert:Tipo A;score:58
1405_sf6|cert:Tipo C;score:2
1406_sf6|cert:Tipo C;score:42
1407_sf6|cert:Não Certificado;score:17
1408_sf6|cert:Tipo B;score:12
1409_sf6|cert:Não Certificado;score:95
1410_sf6|cert:Tipo A;score:19
1411_sf6|cert:Tipo B;score:90
1412_sf6|cert:Tipo C;score:72
1413_sf6|cert:Não Certificado;score:43
1414_sf6|cert:Tipo C;score:18
1415_sf6|cert:Tipo A;score:90
1416_sf6|cert:Tipo B;score:13
1417_sf6|cert:Tipo C;score:12
1418_sf6|cert:Não Certificado;score:36
1419_sf6|cert:Tipo B;score:0
1420_sf6|cert:Tipo C;score:82
1421_sf6|cert:Não Certificado;score:44
1422_sf6|cert:Não Certificado;score:30
1423_sf6|cert:Tipo A;score:59
1424_sf6|cert:Tipo B;score:62
1425_sf6|cert:Não Certificado;score:20
1426_sf6|cert:Tipo A;score:32
1427_sf6|cert:Não Certificado;score:2
1428_sf6|cert:Tipo B;score:14
1429_sf6|cert:Tipo B;score:99
1430_sf6|cert:Tipo A;score:21
1431_sf6|cert:Tipo B;score:18
1432_sf6|cert:Tipo B;score:62
1433_sf6|cert:Não Certificado;score:38
1434_sf6|cert:Tipo C;score:95
1435_sf6|cert:Tipo B;score:53
1436_sf6|cert:Tipo A;score:70
1437_sf6|cert:Tipo A;score:46
1438_sf6|cert:Tipo C;score:43
1439_sf6|cert:Tipo B;score:10
1440_sf6|cert:Tipo B;score:46
1441_sf6|cert:Tipo B;score:74
1442_sf6|cert:Tipo C;score:40
1443_sf6|cert:Não Certificado;score:14
1444_sf6|cert:Tipo A;score:63
1445_sf6|cert:Tipo A;score:23
1446_sf6|cert:Tipo B;score:6
1447_sf6|cert:Tipo A;score:21
1448_sf6|cert:Tipo B;score:49
1449_sf6|cert:Tipo B;score:79
1450_sf6|cert:Tipo B;score:85
1451_sf6|cert:Não Certificado;score:75
1452_sf6|cert:Não Certificado;score:28
1453_sf6|cert:Tipo A;score:82
1454_sf6|cert:Não Certificado;score:37
1455_sf6|cert:Tipo C;score:17
1456_sf6|cert:Tipo B;score:81
1457_sf6|cert:Tipo A;score:36
1458_sf6|cert:Tipo A;score:5
1459_sf6|cert:Não Certificado;score:27
1460_sf6|cert:Tipo C;score:47
1461_sf6|cert:Não Certificado;score:59
1462_sf6|cert:Tipo C;score:36
1463_sf6|cert:Tipo B;score:22
1464_sf6|cert:Tipo B;score:57
1465_sf6|cert:Tipo B;score:0
1466_sf6|cert:Tipo A;score:85
1467_sf6|cert:Tipo A;score:75
1468_sf6|cert:Tipo B;score:20
1469_sf6|cert:Tipo A;score:98
1470_sf6|cert:Tipo B;score:27
1471_sf6|cert:Tipo A;score:48
1472_sf6|cert:Tipo B;score:68
1473_sf6|cert:Tipo B;score:98
1474_sf6|cert:Tipo C;score:50
1475_sf6|cert:Tipo B;score:75
1476_sf6|cert:Tipo A;score:1
1477_sf6|cert:Não Certificado;score:96
1478_sf6|cert:Não Certificado;score:84
1479_sf6|cert:Tipo B;score:77
1480_sf6|cert:Tipo B;score:13
1481_sf6|cert:Tipo B;score:11
1482_sf6|cert:Tipo B;score:56
1483_sf6|cert:Tipo B;score:80
1484_sf6|cert:Tipo B;score:10
1485_sf6|cert:Tipo C;score:74
1486_sf6|cert:Não Certificado;score:31
1487_sf6|cert:Não Certificado;score:71
1488_sf6|cert:Tipo B;score:47
1489_sf6|cert:Tipo B;score:92
1490_sf6|cert:Tipo C;score:16
1491_sf6|cert:Tipo C;score:98
1492_sf6|cert:Tipo C;score:48
1493_sf6|cert:Não Certificado;score:6
1494_sf6|cert:Tipo C;score:24
1495_sf6|cert:Tipo C;score:62
1496_sf6|cert:Tipo B;score:80
1497_sf6|cert:Não Certificado;score:25
1498_sf6|cert:Tipo A;score:46
1499_sf6|cert:Tipo B;score:42
1500_sf6|cert:Tipo A;score:47
1501_sf6|cert:Tipo C;score:39
1502_sf6|cert:Tipo A;score:66
1503_sf6|cert:Não Certificado;score:30
1504_sf6|cert:Tipo B;score:22
1505_sf6|cert:Tipo C;score:66
1506_sf6|cert:Tipo A;score:22
1507_sf6|cert:Tipo A;score:87
1508_sf6|cert:Não Certificado;score:66
1509_sf6|cert:Não Certificado;score:21
1510_sf6|cert:Tipo C;score:3
1511_sf6|cert:Tipo B;score:61
1512_sf6|cert:Tipo B;score:14
1513_sf6|cert:Tipo A;score:34
1514_sf6|cert:Tipo B;score:19
1515_sf6|cert:Tipo C;score:54
1516_sf6|cert:Tipo B;score:82
1517_sf6|cert:Tipo C;score:59
1518_sf6|cert:Não Certificado;score:19
1519_sf6|cert:Não Certificado;score:47
1520_sf6|cert:Tipo B;score:47
1521_sf6|cert:Não Certificado;score:64
1522_sf6|cert:Tipo B;score:47
1523_sf6|cert:Não Certificado;score:95
1524_sf6|cert:Tipo C;score:11
1525_sf6|cert:Tipo C;score:32
1526_sf6|cert:Tipo B;score:81
1527_sf6|cert:Tipo A;score:52
1528_sf6|cert:Tipo B;score:20
1529_sf6|cert:Tipo B;score:74
1530_sf6|cert:Não Certificado;score:47
1531_sf6|cert:Tipo C;score:49
1532_sf6|cert:Tipo C;score:93
1533_sf6|cert:Tipo B;score:39
1534_sf6|cert:Tipo A;score:88
1535_sf6|cert:Não Certificado;score:64
1536_sf6|cert:Tipo B;score:24
1537_sf6|cert:Tipo B;score:62
1538_sf6|cert:Tipo C;score:21
1539_sf6|cert:Tipo C;score:98
1540_sf6|cert:Tipo A;score:98
1541_sf6|cert:Tipo C;score:43
1542_sf6|cert:Tipo C;score:26
1543_sf6|cert:Não Certificado;score:91
1544_sf6|cert:Tipo B;score:79
1545_sf6|cert:Tipo A;score:64
1546_sf6|cert:Tipo A;score:3
1547_sf6|cert:Tipo C;score:44
1548_sf6|cert:Tipo B;score:77
1549_sf6|cert:Tipo B;score:9
1550_sf6|cert:Tipo A;score:14
1551_sf6|cert:Tipo A;score:62
1552_sf6|cert:Tipo B;score:37
1553_sf6|cert:Tipo C;score:53
1554_sf6|cert:Não Certificado;score:20
1555_sf6|cert:Tipo C;score:38
1556_sf6|cert:Não Certificado;score:83
1557_sf6|cert:Não Certificado;score:31
1558_sf6|cert:Não Certificado;score:87
1559_sf6|cert:Não Certificado;score:57
1560_sf6|cert:Tipo B;score:46
1561_sf6|cert:Tipo A;score:73
1562_sf6|cert:Tipo B;score:48
1563_sf6|cert:Não Certificado;score:89
1564_sf6|cert:Tipo B;score:89
1565_sf6|cert:Não Certificado;score:37
1566_sf6|cert:Não Certificado;score:37
1567_sf6|cert:Tipo A;score:14
1568_sf6|cert:Tipo B;score:1
1569_sf6|cert:Tipo C;score:14
1570_sf6|cert:Não Certificado;score:91
1571_sf6|cert:Tipo C;score:51
1572_sf6|cert:Não Certificado;score:7
1573_sf6|cert:Tipo A;score:39
1574_sf6|cert:Tipo B;score:95
1575_sf6|cert:Não Certificado;score:33
1576_sf6|cert:Tipo B;score:32
1577_sf6|cert:Tipo B;score:13
1578_sf6|cert:Não Certificado;score:19
1579_sf6|cert:Tipo C;score:27
1580_sf6|cert:Tipo C;score:35
1581_sf6|cert:Não Certificado;score:46
1582_sf6|cert:Tipo C;score:39
1583_sf6|cert:Tipo B;score:50
1584_sf6|cert:Tipo B;score:52
1585_sf6|cert:Tipo B;score:32
1586_sf6|cert:Tipo B;score:4
1587_sf6|cert:Tipo C;score:3
1588_sf6|cert:Tipo B;score:33
1589_sf6|cert:Não Certificado;score:48
1590_sf6|cert:Não Certificado;score:44
1591_sf6|cert:Tipo C;score:74
1592_sf6|cert:Tipo B;score:26
1593_sf6|cert:Não Certificado;score:24
1594_sf6|cert:Tipo B;score:2
1595_sf6|cert:Tipo B;score:57
1596_sf6|cert:Não Certificado;score:37
1597_sf6|cert:Tipo C;score:97
1598_sf6|cert:Não Certificado;score:62
1599_sf6|cert:Tipo B;score:26
1600_sf6|cert:Tipo B;score:91
1601_sf6|cert:Não Certificado;score:52
1602_sf6|cert:Tipo B;score:68
1603_sf6|cert:Tipo B;score:60
1604_sf6|cert:Não Certificado;score:97
1605_sf6|cert:Tipo C;score:23
1606_sf6|cert:Tipo A;score:21
1607_sf6|cert:Tipo A;score:76
1608_sf6|cert:Tipo B;score:28
1609_sf6|cert:Não Certificado;score:92
1610_sf6|cert:Não Certificado;score:7
1611_sf6|cert:Tipo A;score:26
1612_sf6|cert:Tipo B;score:87
1613_sf6|cert:Tipo C;score:71
1614_sf6|cert:Tipo B;score:13
1615_sf6|cert:Tipo A;score:55
1616_sf6|cert:Tipo B;score:24
1617_sf6|cert:Não Certificado;score:78
1618_sf6|cert:Tipo A;score:47
1619_sf6|cert:Tipo A;score:60
1620_sf6|cert:Tipo A;score:56
1621_sf6|cert:Não Certificado;score:99
1622_sf6|cert:Tipo A;score:24
1623_sf6|cert:Tipo A;score:94
1624_sf6|cert:Tipo B;score:50
1625_sf6|cert:Tipo A;score:94
1626_sf6|cert:Tipo B;score:93
1627_sf6|cert:Tipo A;score:66
1628_sf6|cert:Tipo A;score:12
1629_sf6|cert:Não Certificado;score:21
1630_sf6|cert:Não Certificado;score:64
1631_sf6|cert:Tipo C;score:76
1632_sf6|cert:Tipo B;score:7
1633_sf6|cert:Tipo C;score:90
1634_sf6|cert:Não Certificado;score:18
1635_sf6|cert:Tipo C;score:44
1636_sf6|cert:Tipo B;score:43
1637_sf6|cert:Tipo C;score:98
1638_sf6|cert:Tipo C;score:67
1639_sf6|cert:Tipo A;score:17
1640_sf6|cert:Tipo B;score:6
1641_sf6|cert:Não Certificado;score:37
1642_sf6|cert:Tipo A;score:2
1643_sf6|cert:Não Certificado;score:60
1644_sf6|cert:Tipo B;score:77
1645_sf6|cert:Tipo A;score:18
1646_sf6|cert:Tipo A;score:71
1647_sf6|cert:Tipo C;score:56
1648_sf6|cert:Tipo B;score:69
1649_sf6|cert:Não Certificado;score:63
1650_sf6|cert:Tipo A;score:13
1651_sf6|cert:Tipo C;score:58
1652_sf6|cert:Não Certificado;score:32
1653_sf6|cert:Tipo A;score:61
1654_sf6|cert:Não Certificado;score:13
1655_sf6|cert:Tipo A;score:81
1656_sf6|cert:Tipo B;score:37
1657_sf6|cert:Tipo C;score:52
1658_sf6|cert:Não Certificado;score:43
1659_sf6|cert:Tipo A;score:50
1660_sf6|cert:Tipo B;score:17
1661_sf6|cert:Tipo A;score:71
1662_sf6|cert:Tipo C;score:14
1663_sf6|cert:Tipo C;score:46
1664_sf6|cert:Tipo B;score:18
1665_sf6|cert:Tipo A;score:49
1666_sf6|cert:Tipo B;score:57
1667_sf6|cert:Tipo B;score:72
1668_sf6|cert:Não Certificado;score:75
1669_sf6|cert:Tipo B;score:14
1670_sf6|cert:Tipo C;score:85
1671_sf6|cert:Tipo B;score:85
1672_sf6|cert:Tipo B;score:64
1673_sf6|cert:Tipo B;score:30
1674_sf6|cert:Tipo C;score:84
1675_sf6|cert:Tipo A;score:53
1676_sf6|cert:Tipo B;score:57
1677_sf6|cert:Não Certificado;score:4
1678_sf6|cert:Tipo C;score:93
1679_sf6|cert:Não Certificado;score:65
1680_sf6|cert:Tipo B;score:8
1681_sf6|cert:Não Certificado;score:85
1682_sf6|cert:Não Certificado;score:19
1683_sf6|cert:Tipo C;score:97
1684_sf6|cert:Não Certificado;score:67
1685_sf6|cert:Tipo C;score:52
1686_sf6|cert:Tipo C;score:23
1687_sf6|cert:Tipo B;score:17
1688_sf6|cert:Tipo B;score:75
1689_sf6|cert:Tipo A;score:56
1690_sf6|cert:Tipo C;score:20
1691_sf6|cert:Não Certificado;score:3
1692_sf6|cert:Não Certificado;score:46
1693_sf6|cert:Tipo C;score:99
1694_sf6|cert:Tipo A;score:54
1695_sf6|cert:Não Certificado;score:22
1696_sf6|cert:Tipo B;score:28
1697_sf6|cert:Tipo B;score:75
1698_sf6|cert:Tipo B;score:87
1699_sf6|cert:Tipo C;score:66
1700_sf6|cert:Tipo B;score:30
1701_sf6|cert:Não Certificado;score:94
1702_sf6|cert:Tipo A;score:18
1703_sf6|cert:Não Certificado;score:63
1704_sf6|cert:Tipo B;score:35
1705_sf6|cert:Tipo A;score:68
1706_sf6|cert:Tipo B;score:78
1707_sf6|cert:Tipo A;score:71
1708_sf6|cert:Tipo C;score:41
1709_sf6|cert:Tipo B;score:69
1710_sf6|cert:Tipo C;score:44
1711_sf6|cert:Tipo B;score:70
1712_sf6|cert:Tipo B;score:48
1713_sf6|cert:Não Certificado;score:71
1714_sf6|cert:Não Certificado;score:13
1715_sf6|cert:Tipo B;score:49
1716_sf6|cert:Tipo B;score:11
1717_sf6|cert:Não Certificado;score:6
1718_sf6|cert:Tipo B;score:49
1719_sf6|cert:Tipo A;score:80
1720_sf6|cert:Tipo B;score:11
1721_sf6|cert:Tipo C;score:69
1722_sf6|cert:Tipo A;score:90
1723_sf6|cert:Tipo A;score:2
1724_sf6|cert:Tipo A;score:3
1725_sf6|cert:Não Certificado;score:69
1726_sf6|cert:Tipo A;score:33
1727_sf6|cert:Tipo A;score:24
1728_sf6|cert:Tipo B;score:39
1729_sf6|cert:Tipo A;score:39
1730_sf6|cert:Não Certificado;score:3
1731_sf6|cert:Tipo B;score:67
1732_sf6|cert:Tipo C;score:26
1733_sf6|cert:Tipo C;score:73
1734_sf6|cert:Tipo C;score:44
1735_sf6|cert:Tipo C;score:65
1736_sf6|cert:Tipo B;score:68
1737_sf6|cert:Tipo B;score:18
1738_sf6|cert:Tipo A;score:73
1739_sf6|cert:Tipo C;score:92
1740_sf6|cert:Tipo C;score:3
1741_sf6|cert:Tipo C;score:85
1742_sf6|cert:Não Certificado;score:39
1743_sf6|cert:Tipo B;score:47
1744_sf6|cert:Tipo B;score:96
1745_sf6|cert:Tipo C;score:87
1746_sf6|cert:Tipo B;score:55
1747_sf6|cert:Não Certificado;score:64
1748_sf6|cert:Tipo A;score:12
1749_sf6|cert:Tipo C;score:99
1750_sf6|cert:Tipo A;score:26
1751_sf6|cert:Não Certificado;score:55
1752_sf6|cert:Tipo B;score:57
1753_sf6|cert:Tipo B;score:76
1754_sf6|cert:Tipo C;score:57
1755_sf6|cert:Não Certificado;score:30
1756_sf6|cert:Tipo C;score:35
1757_sf6|cert:Tipo C;score:15
1758_sf6|cert:Tipo C;score:92
1759_sf6|cert:Tipo A;score:80
1760_sf6|cert:Tipo B;score:44
1761_sf6|cert:Tipo B;score:43
1762_sf6|cert:Não Certificado;score:33
1763_sf6|cert:Não Certificado;score:20
1764_sf6|cert:Tipo A;score:6
1765_sf6|cert:Tipo C;score:91
1766_sf6|cert:Tipo C;score:75
1767_sf6|cert:Tipo B;score:92
1768_sf6|cert:Tipo B;score:40
1769_sf6|cert:Tipo A;score:11
1770_sf6|cert:Tipo A;score:81
1771_sf6|cert:Tipo A;score:81
1772_sf6|cert:Tipo C;score:0
1773_sf6|cert:Tipo A;score:91
1774_sf6|cert:Tipo A;score:81
1775_sf6|cert:Não Certificado;score:16
1776_sf6|cert:Tipo B;score:89
1777_sf6|cert:Tipo B;score:44
1778_sf6|cert:Tipo A;score:53
1779_sf6|cert:Não Certificado;score:50
1780_sf6|cert:Tipo C;score:45
1781_sf6|cert:Tipo B;score:65
1782_sf6|cert:Tipo C;score:10
1783_sf6|cert:Tipo A;score:19
1784_sf6|cert:Tipo B;score:75
1785_sf6|cert:Tipo C;score:4
1786_sf6|cert:Tipo B;score:97
1787_sf6|cert:Tipo C;score:51
1788_sf6|cert:Tipo C;score:93
1789_sf6|cert:Não Certificado;score:29
1790_sf6|cert:Não Certificado;score:19
1791_sf6|cert:Tipo B;score:89
1792_sf6|cert:Tipo B;score:15
1793_sf6|cert:Não Certificado;score:66
1794_sf6|cert:Tipo C;score:96
1795_sf6|cert:Tipo C;score:44
1796_sf6|cert:Tipo B;score:85
1797_sf6|cert:Tipo A;score:31
1798_sf6|cert:Tipo A;score:49
1799_sf6|cert:Tipo B;score:61
1800_sf6|cert:Tipo B;score:56
1801_sf6|cert:Tipo A;score:8
1802_sf6|cert:Não Certificado;score:61
1803_sf6|cert:Não Certificado;score:7
1804_sf6|cert:Tipo B;score:70
1805_sf6|cert:Tipo B;score:69
1806_sf6|cert:Tipo C;score:66
1807_sf6|cert:Tipo A;score:77
1808_sf6|cert:Tipo B;score:99
1809_sf6|cert:Tipo C;score:53
1810_sf6|cert:Tipo B;score:80
1811_sf6|cert:Tipo C;score:75
1812_sf6|cert:Tipo C;score:54
1813_sf6|cert:Tipo C;score:95
1814_sf6|cert:Não Certificado;score:70
1815_sf6|cert:Não Certificado;score:14
1816_sf6|cert:Tipo B;score:14
1817_sf6|cert:Não Certificado;score:14
1818_sf6|cert:Tipo C;score:53
1819_sf6|cert:Tipo B;score:7
1820_sf6|cert:Não Certificado;score:0
1821_sf6|cert:Tipo A;score:26
1822_sf6|cert:Tipo C;score:45
1823_sf6|cert:Não Certificado;score:93
1824_sf6|cert:Tipo B;score:70
1825_sf6|cert:Tipo A;score:41
1826_sf6|cert:Tipo A;score:69
1827_sf6|cert:Tipo B;score:25
1828_sf6|cert:Tipo C;score:59
1829_sf6|cert:Não Certificado;score:26
1830_sf6|cert:Tipo A;score:19
1831_sf6|cert:Tipo B;score:77
1832_sf6|cert:Tipo B;score:35
1833_sf6|cert:Tipo C;score:90
1834_sf6|cert:Tipo A;score:49
1835_sf6|cert:Tipo A;score:21
1836_sf6|cert:Tipo B;score:77
1837_sf6|cert:Tipo B;score:14
1838_sf6|cert:Não Certificado;score:59
1839_sf6|cert:Tipo A;score:6
1840_sf6|cert:Tipo B;score:21
1841_sf6|cert:Tipo C;score:43
1842_sf6|cert:Tipo C;score:29
1843_sf6|cert:Tipo A;score:90
1844_sf6|cert:Tipo B;score:26
1845_sf6|cert:Tipo C;score:54
1846_sf6|cert:Tipo A;score:0
1847_sf6|cert:Tipo B;score:89
1848_sf6|cert:Tipo B;score:69
1849_sf6|cert:Não Certificado;score:68
1850_sf6|cert:Tipo C;score:85
1851_sf6|cert:Tipo A;score:39
1852_sf6|cert:Tipo B;score:49
1853_sf6|cert:Tipo B;score:91
1854_sf6|cert:Tipo A;score:23
1855_sf6|cert:Não Certificado;score:33
1856_sf6|cert:Tipo B;score:41
1857_sf6|cert:Tipo C;score:65
1858_sf6|cert:Não Certificado;score:60
1859_sf6|cert:Tipo B;score:93
1860_sf6|cert:Tipo A;score:52
1861_sf6|cert:Não Certificado;score:79
1862_sf6|cert:Tipo A;score:46
1863_sf6|cert:Não Certificado;score:32
1864_sf6|cert:Tipo B;score:84
1865_sf6|cert:Não Certificado;score:21
1866_sf6|cert:Não Certificado;score:68
1867_sf6|cert:Não Certificado;score:54
1868_sf6|cert:Tipo A;score:50
1869_sf6|cert:Tipo B;score:68
1870_sf6|cert:Não Certificado;score:22
1871_sf6|cert:Não Certificado;score:40
1872_sf6|cert:Tipo B;score:54
1873_sf6|cert:Tipo C;score:19
1874_sf6|cert:Tipo B;score:88
1875_sf6|cert:Tipo C;score:63
1876_sf6|cert:Tipo C;score:7
1877_sf6|cert:Tipo C;score:24
1878_sf6|cert:Tipo B;score:67
1879_sf6|cert:Tipo A;score:73
1880_sf6|cert:Tipo B;score:32
1881_sf6|cert:Não Certificado;score:91
1882_sf6|cert:Não Certificado;score:92
1883_sf6|cert:Tipo A;score:13
1884_sf6|cert:Tipo A;score:55
1885_sf6|cert:Tipo A;score:8
1886_sf6|cert:Tipo A;score:94
1887_sf6|cert:Tipo A;score:86
1888_sf6|cert:Tipo B;score:72
1889_sf6|cert:Tipo C;score:39
1890_sf6|cert:Não Certificado;score:64
1891_sf6|cert:Não Certificado;score:5
1892_sf6|cert:Tipo C;score:66
1893_sf6|cert:Tipo C;score:50
1894_sf6|cert:Tipo B;score:53
1895_sf6|cert:Tipo A;score:23
1896_sf6|cert:Tipo B;score:32
1897_sf6|cert:Não Certificado;score:74
1898_sf6|cert:Não Certificado;score:25
1899_sf6|cert:Tipo C;score:13
1900_sf6|cert:Não Certificado;score:44
1901_sf6|cert:Tipo B;score:22
1902_sf6|cert:Tipo C;score:11
1903_sf6|cert:Tipo B;score:71
1904_sf6|cert:Tipo B;score:55
1905_sf6|cert:Não Certificado;score:5
1906_sf6|cert:Tipo C;score:32
1907_sf6|cert:Não Certificado;score:23
1908_sf6|cert:Tipo A;score:76
1909_sf6|cert:Tipo C;score:95
1910_sf6|cert:Tipo B;score:54
1911_sf6|cert:Tipo B;score:39
1912_sf6|cert:Tipo B;score:20
1913_sf6|cert:Tipo B;score:36
1914_sf6|cert:Tipo B;score:10
1915_sf6|cert:Tipo A;score:74
1916_sf6|cert:Não Certificado;score:85
1917_sf6|cert:Não Certificado;score:71
1918_sf6|cert:Tipo B;score:44
1919_sf6|cert:Não Certificado;score:65
1920_sf6|cert:Tipo B;score:65
1921_sf6|cert:Tipo C;score:3
1922_sf6|cert:Tipo A;score:11
1923_sf6|cert:Tipo A;score:17
1924_sf6|cert:Tipo B;score:98
1925_sf6|cert:Tipo B;score:71
1926_sf6|cert:Não Certificado;score:35
1927_sf6|cert:Tipo C;score:84
1928_sf6|cert:Tipo B;score:69
1929_sf6|cert:Tipo C;score:76
1930_sf6|cert:Não Certificado;score:34
1931_sf6|cert:Tipo A;score:12
1932_sf6|cert:Tipo B;score:38
1933_sf6|cert:Não Certificado;score:10
1934_sf6|cert:Tipo C;score:10
1935_sf6|cert:Tipo A;score:33
1936_sf6|cert:Tipo B;score:4
1937_sf6|cert:Tipo C;score:80
1938_sf6|cert:Tipo C;score:2
1939_sf6|cert:Tipo B;score:92
1940_sf6|cert:Tipo C;score:70
1941_sf6|cert:Tipo C;score:13
1942_sf6|cert:Tipo C;score:88
1943_sf6|cert:Tipo B;score:6
1944_sf6|cert:Tipo B;score:44
1945_sf6|cert:Tipo C;score:71
1946_sf6|cert:Tipo A;score:77
1947_sf6|cert:Tipo B;score:91
1948_sf6|cert:Tipo A;score:99
1949_sf6|cert:Tipo A;score:98
1950_sf6|cert:Tipo C;score:22
1951_sf6|cert:Não Certificado;score:24
1952_sf6|cert:Tipo B;score:45
1953_sf6|cert:Tipo C;score:78
1954_sf6|cert:Tipo B;score:65
1955_sf6|cert:Tipo A;score:74
1956_sf6|cert:Não Certificado;score:98
1957_sf6|cert:Tipo C;score:88
1958_sf6|cert:Tipo C;score:24
1959_sf6|cert:Não Certificado;score:3
1960_sf6|cert:Tipo B;score:38
1961_sf6|cert:Tipo B;score:57
1962_sf6|cert:Tipo C;score:23
1963_sf6|cert:Tipo C;score:67
1964_sf6|cert:Não Certificado;score:27
1965_sf6|cert:Tipo B;score:97
1966_sf6|cert:Tipo B;score:24
1967_sf6|cert:Tipo B;score:8
1968_sf6|cert:Tipo B;score:22
1969_sf6|cert:Tipo B;score:38
1970_sf6|cert:Tipo C;score:0
1971_sf6|cert:Tipo A;score:54
1972_sf6|cert:Tipo C;score:20
1973_sf6|cert:Tipo C;score:91
1974_sf6|cert:Tipo B;score:94
1975_sf6|cert:Tipo A;score:60
1976_sf6|cert:Tipo B;score:77
1977_sf6|cert:Tipo C;score:7
1978_sf6|cert:Não Certificado;score:10
1979_sf6|cert:Tipo A;score:73
1980_sf6|cert:Tipo B;score:50
1981_sf6|cert:Tipo A;score:41
1982_sf6|cert:Tipo A;score:60
1983_sf6|cert:Não Certificado;score:5
1984_sf6|cert:Tipo B;score:15
1985_sf6|cert:Tipo A;score:32
1986_sf6|cert:Não Certificado;score:80
1987_sf6|cert:Tipo B;score:81
1988_sf6|cert:Tipo A;score:43
1989_sf6|cert:Tipo C;score:19
1990_sf6|cert:Tipo B;score:29
1991_sf6|cert:Tipo C;score:39
1992_sf6|cert:Tipo B;score:63
1993_sf6|cert:Tipo A;score:92
1994_sf6|cert:Tipo C;score:54
1995_sf6|cert:Tipo B;score:48
1996_sf6|cert:Tipo A;score:82
1997_sf6|cert:Tipo A;score:99
1998_sf6|cert:Tipo C;score:5
1999_sf6|cert:Tipo A;score:28
0_sf7|cert:Tipo B;score:62
1_sf7|cert:Tipo B;score:90
2_sf7|cert:Tipo C;score:45
3_sf7|cert:Tipo A;score:32
4_sf7|cert:Tipo A;score:80
5_sf7|cert:Não Certificado;score:30
6_sf7|cert:Tipo C;score:68
7_sf7|cert:Tipo B;score:89
8_sf7|cert:Tipo B;score:80
9_sf7|cert:Tipo B;score:60
10_sf7|cert:Tipo A;score:66
11_sf7|cert:Tipo C;score:28
12_sf7|cert:Tipo C;score:88
13_sf7|cert:Não Certificado;score:99
14_sf7|cert:Não Certificado;score:95
15_sf7|cert:Não Certificado;score:39
16_sf7|cert:Tipo B;score:52
17_sf7|cert:Não Certificado;score:53
18_sf7|cert:Tipo A;score:24
19_sf7|cert:Tipo C;score:35
20_sf7|cert:Não Certificado;score:8
21_sf7|cert:Tipo B;score:81
22_sf7|cert:Tipo B;score:76
23_sf7|cert:Tipo B;score:30
24_sf7|cert:Tipo B;score:7
25_sf7|cert:Tipo C;score:28
26_sf7|cert:Tipo B;score:36
27_sf7|cert:Tipo A;score:63
28_sf7|cert:Tipo A;score:49
29_sf7|cert:Tipo A;score:76
30_sf7|cert:Tipo C;score:38
31_sf7|cert:Tipo C;score:78
32_sf7|cert:Tipo B;score:4
33_sf7|cert:Não Certificado;score:17
34_sf7|cert:Tipo A;score:49
35_sf7|cert:Tipo B;score:53
36_sf7|cert:Não Certificado;score:96
37_sf7|cert:Tipo A;score:13
38_sf7|cert:Tipo C;score:93
39_sf7|cert:Tipo C;score:38
40_sf7|cert:Tipo B;score:25
41_sf7|cert:Tipo A;score:23
42_sf7|cert:Tipo B;score:95
43_sf7|cert:Tipo B;score:64
44_sf7|cert:Não Certificado;score:34
45_sf7|cert:Tipo B;score:21
46_sf7|cert:Tipo B;score:80
47_sf7|cert:Tipo A;score:29
48_sf7|cert:Tipo B;score:31
49_sf7|cert:Tipo B;score:21
50_sf7|cert:Não Certificado;score:31
51_sf7|cert:Tipo A;score:78
52_sf7|cert:Tipo C;score:30
53_sf7|cert:Não Certificado;score:50
54_sf7|cert:Tipo C;score:93
55_sf7|cert:Tipo C;score:14
56_sf7|cert:Tipo B;score:48
57_sf7|cert:Não Certificado;score:75
58_sf7|cert:Tipo A;score:66
59_sf7|cert:Tipo B;score:58
60_sf7|cert:Tipo A;score:87
61_sf7|cert:Não Certificado;score:64
62_sf7|cert:Tipo C;score:45
63_sf7|cert:Tipo C;score:90
64_sf7|cert:Tipo B;score:47
65_sf7|cert:Tipo C;score:8
66_sf7|cert:Tipo C;score:8
67_sf7|cert:Não Certificado;score:54
68_sf7|cert:Não Certificado;score:73
69_sf7|cert:Tipo B;score:82
70_sf7|cert:Não Certificado;score:43
71_sf7|cert:Tipo C;score:54
72_sf7|cert:Tipo B;score:93
73_sf7|cert:Tipo C;score:69
74_sf7|cert:Tipo B;score:21
75_sf7|cert:Tipo B;score:60
76_sf7|cert:Tipo A;score:69
77_sf7|cert:Não Certificado;score:69
78_sf7|cert:Não Certificado;score:56
79_sf7|cert:Não Certificado;score:65
80_sf7|cert:Tipo B;score:32
81_sf7|cert:Tipo A;score:13
82_sf7|cert:Tipo C;score:19
83_sf7|cert:Tipo C;score:63
84_sf7|cert:Tipo B;score:3
85_sf7|cert:Tipo C;score:81
86_sf7|cert:Tipo A;score:23
87_sf7|cert:Tipo A;score:12
88_sf7|cert:Tipo B;score:81
89_sf7|cert:Não Certificado;score:86
90_sf7|cert:Tipo A;score:96
91_sf7|cert:Tipo B;score:70
92_sf7|cert:Tipo C;score:64
93_sf7|cert:Tipo A;score:36
94_sf7|cert:Não Certificado;score:42
95_sf7|cert:Tipo A;score:19
96_sf7|cert:Tipo B;score:28
97_sf7|cert:Não Certificado;score:56
98_sf7|cert:Tipo A;score:29
99_sf7|cert:Tipo C;score:85
100_sf7|cert:Tipo B;score:4
101_sf7|cert:Tipo C;score:88
102_sf7|cert:Não Certificado;score:62
103_sf7|cert:Não Certificado;score:15
104_sf7|cert:Tipo B;score:44
105_sf7|cert:Tipo B;score:76
106_sf7|cert:Não Certificado;score:10
107_sf7|cert:Tipo B;score:98
108_sf7|cert:Não Certificado;score:91
109_sf7|cert:Tipo B;score:75
110_sf7|cert:Tipo B;score:20
111_sf7|cert:Tipo C;score:43
112_sf7|cert:Tipo B;score:17
113_sf7|cert:Tipo C;score:53
114_sf7|cert:Tipo A;score:5
115_sf7|cert:Tipo A;score:56
116_sf7|cert:Tipo A;score:38
117_sf7|cert:Tipo B;score:40
118_sf7|cert:Tipo C;score:75
119_sf7|cert:Não Certificado;score:1
120_sf7|cert:Tipo B;score:56
121_sf7|cert:Tipo B;score:50
122_sf7|cert:Tipo B;score:93
123_sf7|cert:Tipo B;score:85
124_sf7|cert:Tipo B;score:6
125_sf7|cert:Tipo A;score:40
126_sf7|cert:Não Certificado;score:65
127_sf7|cert:Não Certificado;score:11
128_sf7|cert:Tipo B;score:26
129_sf7|cert:Não Certificado;score:52
130_sf7|cert:Tipo C;score:59
131_sf7|cert:Tipo A;score:90
132_sf7|cert:Tipo A;score:20
133_sf7|cert:Não Certificado;score:74
134_sf7|cert:Tipo B;score:75
135_sf7|cert:Tipo A;score:99
136_sf7|cert:Tipo B;score:75
137_sf7|cert:Tipo B;score:25
138_sf7|cert:Tipo A;score:23
139_sf7|cert:Tipo A;score:56
140_sf7|cert:Tipo C;score:39
141_sf7|cert:Tipo B;score:0
142_sf7|cert:Tipo A;score:95
143_sf7|cert:Tipo B;score:38
144_sf7|cert:Tipo B;score:41
145_sf7|cert:Tipo A;score:78
146_sf7|cert:Tipo C;score:5
147_sf7|cert:Não Certificado;score:76
148_sf7|cert:Não Certificado;score:43
149_sf7|cert:Tipo A;score:85
150_sf7|cert:Não Certificado;score:4
151_sf7|cert:Não Certificado;score:41
152_sf7|cert:Tipo B;score:6
153_sf7|cert:Tipo A;score:76
154_sf7|cert:Tipo C;score:0
155_sf7|cert:Tipo C;score:22
156_sf7|cert:Tipo A;score:76
157_sf7|cert:Tipo A;score:36
158_sf7|cert:Tipo A;score:32
159_sf7|cert:Não Certificado;score:7
160_sf7|cert:Tipo B;score:72
161_sf7|cert:Não Certificado;score:4
162_sf7|cert:Tipo C;score:50
163_sf7|cert:Tipo A;score:47
164_sf7|cert:Tipo C;score:90
165_sf7|cert:Tipo B;score:96
166_sf7|cert:Tipo A;score:30
167_sf7|cert:Tipo C;score:5
168_sf7|cert:Tipo B;score:84
169_sf7|cert:Não Certificado;score:37
170_sf7|cert:Não Certificado;score:63
171_sf7|cert:Tipo C;score:0
172_sf7|cert:Tipo A;score:8
173_sf7|cert:Tipo A;score:75
174_sf7|cert:Tipo C;score:20
175_sf7|cert:Tipo C;score:67
176_sf7|cert:Tipo B;score:37
177_sf7|cert:Tipo B;score:42
178_sf7|cert:Não Certificado;score:26
179_sf7|cert:Não Certificado;score:82
180_sf7|cert:Não Certificado;score:95
181_sf7|cert:Tipo C;score:38
182_sf7|cert:Não Certificado;score:93
183_sf7|cert:Tipo A;score:83
184_sf7|cert:Tipo B;score:52
185_sf7|cert:Tipo C;score:16
186_sf7|cert:Tipo B;score:4
187_sf7|cert:Tipo A;score:96
188_sf7|cert:Não Certificado;score:53
189_sf7|cert:Tipo A;score:96
190_sf7|cert:Tipo C;score:99
191_sf7|cert:Tipo C;score:95
192_sf7|cert:Tipo B;score:75
193_sf7|cert:Tipo A;score:21
194_sf7|cert:Não Certificado;score:12
195_sf7|cert:Tipo C;score:64
196_sf7|cert:Tipo B;score:28
197_sf7|cert:Tipo A;score:48
198_sf7|cert:Tipo B;score:44
199_sf7|cert:Não Certificado;score:86
200_sf7|cert:Tipo B;score:66
201_sf7|cert:Tipo B;score:50
202_sf7|cert:Tipo B;score:18
203_sf7|cert:Tipo B;score:80
204_sf7|cert:Tipo C;score:95
205_sf7|cert:Tipo A;score:55
206_sf7|cert:Tipo B;score:19
207_sf7|cert:Tipo B;score:48
208_sf7|cert:Tipo B;score:78
209_sf7|cert:Tipo A;score:67
210_sf7|cert:Tipo A;score:94
211_sf7|cert:Não Certificado;score:48
212_sf7|cert:Tipo B;score:56
213_sf7|cert:Tipo B;score:50
214_sf7|cert:Não Certificado;score:96
215_sf7|cert:Tipo C;score:84
216_sf7|cert:Tipo B;score:73
217_sf7|cert:Não Certificado;score:97
218_sf7|cert:Tipo A;score:76
219_sf7|cert:Não Certificado;score:73
220_sf7|cert:Tipo B;score:97
221_sf7|cert:Tipo B;score:60
222_sf7|cert:Tipo A;score:7
223_sf7|cert:Tipo A;score:68
224_sf7|cert:Tipo B;score:50
225_sf7|cert:Tipo B;score:23
226_sf7|cert:Tipo B;score:48
227_sf7|cert:Tipo C;score:43
228_sf7|cert:Tipo B;score:32
229_sf7|cert:Tipo C;score:52
230_sf7|cert:Tipo A;score:28
231_sf7|cert:Tipo B;score:52
232_sf7|cert:Tipo B;score:97
233_sf7|cert:Tipo A;score:75
234_sf7|cert:Tipo C;score:57
235_sf7|cert:Tipo A;score:74
236_sf7|cert:Tipo B;score:86
237_sf7|cert:Tipo A;score:54
238_sf7|cert:Tipo C;score:47
239_sf7|cert:Não Certificado;score:56
240_sf7|cert:Tipo B;score:78
241_sf7|cert:Tipo A;score:78
242_sf7|cert:Tipo B;score:78
243_sf7|cert:Tipo C;score:61
244_sf7|cert:Tipo B;score:78
245_sf7|cert:Tipo A;score:38
246_sf7|cert:Tipo C;score:47
247_sf7|cert:Tipo A;score:89
248_sf7|cert:Tipo B;score:64
249_sf7|cert:Não Certificado;score:13
250_sf7|cert:Tipo A;score:64
251_sf7|cert:Tipo C;score:90
252_sf7|cert:Tipo C;score:5
253_sf7|cert:Não Certificado;score:36
254_sf7|cert:Não Certificado;score:44
255_sf7|cert:Tipo A;score:8
256_sf7|cert:Tipo B;score:51
257_sf7|cert:Tipo A;score:31
258_sf7|cert:Tipo A;score:19
259_sf7|cert:Tipo B;score:8
260_sf7|cert:Tipo A;score:11
261_sf7|cert:Tipo C;score:61
262_sf7|cert:Tipo B;score:44
263_sf7|cert:Tipo B;score:9
264_sf7|cert:Tipo B;score:11
265_sf7|cert:Tipo C;score:62
266_sf7|cert:Tipo B;score:7
267_sf7|cert:Não Certificado;score:26
268_sf7|cert:Não Certificado;score:97
269_sf7|cert:Tipo B;score:52
270_sf7|cert:Tipo B;score:0
271_sf7|cert:Tipo B;score:96
272_sf7|cert:Tipo B;score:48
273_sf7|cert:Tipo B;score:3
274_sf7|cert:Tipo A;score:95
275_sf7|cert:Não Certificado;score:91
276_sf7|cert:Tipo A;score:55
277_sf7|cert:Tipo A;score:28
278_sf7|cert:Tipo B;score:48
279_sf7|cert:Não Certificado;score:7
280_sf7|cert:Tipo B;score:64
281_sf7|cert:Tipo C;score:46
282_sf7|cert:Tipo B;score:12
283_sf7|cert:Tipo C;score:68
284_sf7|cert:Tipo C;score:55
285_sf7|cert:Tipo C;score:0
286_sf7|cert:Não Certificado;score:27
287_sf7|cert:Tipo B;score:66
288_sf7|cert:Tipo B;score:9
289_sf7|cert:Tipo C;score:3
290_sf7|cert:Tipo A;score:43
291_sf7|cert:Tipo B;score:7
292_sf7|cert:Tipo A;score:71
293_sf7|cert:Tipo C;score:77
294_sf7|cert:Tipo A;score:52
295_sf7|cert:Tipo B;score:84
296_sf7|cert:Tipo B;score:25
297_sf7|cert:Tipo B;score:54
298_sf7|cert:Tipo C;score:10
299_sf7|cert:Tipo B;score:45
300_sf7|cert:Tipo A;score:94
301_sf7|cert:Tipo A;score:92
302_sf7|cert:Tipo B;score:80
303_sf7|cert:Tipo C;score:90
304_sf7|cert:Tipo B;score:98
305_sf7|cert:Tipo A;score:9
306_sf7|cert:Tipo C;score:18
307_sf7|cert:Tipo B;score:34
308_sf7|cert:Tipo B;score:43
309_sf7|cert:Tipo B;score:7
310_sf7|cert:Tipo B;score:9
311_sf7|cert:Tipo B;score:62
312_sf7|cert:Tipo B;score:19
313_sf7|cert:Não Certificado;score:16
314_sf7|cert:Não Certificado;score:90
315_sf7|cert:Tipo C;score:34
316_sf7|cert:Tipo C;score:33
317_sf7|cert:Tipo B;score:5
318_sf7|cert:Tipo C;score:33
319_sf7|cert:Tipo A;score:73
320_sf7|cert:Tipo B;score:8
321_sf7|cert:Não Certificado;score:51
322_sf7|cert:Tipo C;score:84
323_sf7|cert:Não Certificado;score:43
324_sf7|cert:Tipo B;score:74
325_sf7|cert:Tipo B;score:2
326_sf7|cert:Tipo A;score:39
327_sf7|cert:Tipo A;score:27
328_sf7|cert:Tipo B;score:73
329_sf7|cert:Tipo B;score:74
330_sf7|cert:Tipo C;score:39
331_sf7|cert:Tipo C;score:6
332_sf7|cert:Tipo C;score:65
333_sf7|cert:Não Certificado;score:48
334_sf7|cert:Tipo B;score:8
335_sf7|cert:Tipo C;score:26
336_sf7|cert:Tipo B;score:31
337_sf7|cert:Não Certificado;score:57
338_sf7|cert:Tipo A;score:86
339_sf7|cert:Tipo B;score:98
340_sf7|cert:Tipo B;score:89
341_sf7|cert:Tipo A;score:47
342_sf7|cert:Tipo C;score:10
343_sf7|cert:Tipo A;score:94
344_sf7|cert:Tipo B;score:83
345_sf7|cert:Tipo B;score:27
346_sf7|cert:Tipo A;score:60
347_sf7|cert:Tipo C;score:9
348_sf7|cert:Tipo A;score:64
349_sf7|cert:Tipo B;score:53
350_sf7|cert:Tipo A;score:91
351_sf7|cert:Não Certificado;score:12
352_sf7|cert:Tipo B;score:97
353_sf7|cert:Tipo C;score:18
354_sf7|cert:Tipo B;score:78
355_sf7|cert:Tipo A;score:72
356_sf7|cert:Tipo C;score:79
357_sf7|cert:Não Certificado;score:8
358_sf7|cert:Tipo A;score:61
359_sf7|cert:Tipo C;score:24
360_sf7|cert:Tipo B;score:49
361_sf7|cert:Tipo B;score:33
362_sf7|cert:Tipo C;score:24
363_sf7|cert:Tipo C;score:4
364_sf7|cert:Tipo B;score:27
365_sf7|cert:Não Certificado;score:1
366_sf7|cert:Tipo B;score:89
367_sf7|cert:Tipo B;score:21
368_sf7|cert:Tipo B;score:27
369_sf7|cert:Tipo B;score:22
370_sf7|cert:Tipo B;score:45
371_sf7|cert:Tipo B;score:16
372_sf7|cert:Tipo C;score:57
373_sf7|cert:Não Certificado;score:99
374_sf7|cert:Tipo A;score:64
375_sf7|cert:Tipo C;score:97
376_sf7|cert:Tipo B;score:61
377_sf7|cert:Tipo B;score:1
378_sf7|cert:Tipo A;score:36
379_sf7|cert:Tipo A;score:21
380_sf7|cert:Não Certificado;score:2
381_sf7|cert:Tipo B;score:32
382_sf7|cert:Tipo B;score:20
383_sf7|cert:Tipo B;score:28
384_sf7|cert:Tipo B;score:59
385_sf7|cert:Tipo A;score:15
386_sf7|cert:Tipo C;score:29
387_sf7|cert:Não Certificado;score:0
388_sf7|cert:Tipo C;score:66
389_sf7|cert:Tipo C;score:24
390_sf7|cert:Não Certificado;score:13
391_sf7|cert:Tipo C;score:73
392_sf7|cert:Tipo B;score:22
393_sf7|cert:Tipo C;score:97
394_sf7|cert:Tipo C;score:36
395_sf7|cert:Tipo B;score:33
396_sf7|cert:Tipo B;score:28
397_sf7|cert:Não Certificado;score:2
398_sf7|cert:Tipo B;score:29
399_sf7|cert:Tipo C;score:43
400_sf7|cert:Tipo B;score:20
401_sf7|cert:Tipo B;score:67
402_sf7|cert:Tipo C;score:92
403_sf7|cert:Não Certificado;score:50
404_sf7|cert:Não Certificado;score:95
405_sf7|cert:Tipo C;score:29
406_sf7|cert:Tipo C;score:18
407_sf7|cert:Tipo B;score:75
408_sf7|cert:Tipo B;score:32
409_sf7|cert:Tipo B;score:49
410_sf7|cert:Tipo C;score:23
411_sf7|cert:Não Certificado;score:53
412_sf7|cert:Tipo B;score:49
413_sf7|cert:Tipo A;score:83
414_sf7|cert:Tipo A;score:21
415_sf7|cert:Não Certificado;score:98
416_sf7|cert:Tipo B;score:22
417_sf7|cert:Tipo B;score:62
418_sf7|cert:Tipo B;score:78
419_sf7|cert:Tipo C;score:39
420_sf7|cert:Tipo C;score:89
421_sf7|cert:Tipo B;score:99
422_sf7|cert:Tipo A;score:96
423_sf7|cert:Tipo A;score:59
424_sf7|cert:Tipo B;score:4
425_sf7|cert:Tipo C;score:22
426_sf7|cert:Tipo C;score:34
427_sf7|cert:Tipo B;score:34
428_sf7|cert:Tipo A;score:13
429_sf7|cert:Não Certificado;score:74
430_sf7|cert:Não Certificado;score:24
431_sf7|cert:Não Certificado;score:42
432_sf7|cert:Tipo B;score:41
433_sf7|cert:Tipo B;score:29
434_sf7|cert:Tipo B;score:92
435_sf7|cert:Tipo C;score:80
436_sf7|cert:Tipo A;score:48
437_sf7|cert:Não Certificado;score:97
438_sf7|cert:Tipo B;score:10
439_sf7|cert:Tipo C;score:55
440_sf7|cert:Tipo B;score:75
441_sf7|cert:Tipo A;score:67
442_sf7|cert:Tipo C;score:9
443_sf7|cert:Tipo B;score:74
444_sf7|cert:Não Certificado;score:94
445_sf7|cert:Não Certificado;score:99
446_sf7|cert:Tipo A;score:92
447_sf7|cert:Tipo A;score:53
448_sf7|cert:Tipo B;score:75
449_sf7|cert:Tipo C;score:48
450_sf7|cert:Tipo A;score:82
451_sf7|cert:Tipo B;score:17
452_sf7|cert:Tipo C;score:90
453_sf7|cert:Tipo C;score:6
454_sf7|cert:Não Certificado;score:88
455_sf7|cert:Tipo B;score:10
456_sf7|cert:Tipo B;score:13
457_sf7|cert:Não Certificado;score:29
458_sf7|cert:Não Certificado;score:80
459_sf7|cert:Tipo B;score:9
460_sf7|cert:Não Certificado;score:83
461_sf7|cert:Tipo A;score:64
462_sf7|cert:Tipo B;score:44
463_sf7|cert:Tipo B;score:9
464_sf7|cert:Tipo B;score:57
465_sf7|cert:Tipo B;score:78
466_sf7|cert:Tipo C;score:90
467_sf7|cert:Tipo B;score:95
468_sf7|cert:Tipo B;score:73
469_sf7|cert:Tipo A;score:75
470_sf7|cert:Não Certificado;score:62
471_sf7|cert:Tipo B;score:40
472_sf7|cert:Tipo B;score:27
473_sf7|cert:Tipo C;score:91
474_sf7|cert:Tipo B;score:87
475_sf7|cert:Tipo A;score:50
476_sf7|cert:Não Certificado;score:18
477_sf7|cert:Tipo C;score:59
478_sf7|cert:Tipo A;score:19
479_sf7|cert:Tipo B;score:83
480_sf7|cert:Tipo B;score:69
481_sf7|cert:Não Certificado;score:75
482_sf7|cert:Não Certificado;score:64
483_sf7|cert:Tipo A;score:10
484_sf7|cert:Tipo A;score:25
485_sf7|cert:Tipo A;score:72
486_sf7|cert:Tipo A;score:92
487_sf7|cert:Tipo A;score:88
488_sf7|cert:Tipo B;score:17
489_sf7|cert:Tipo B;score:54
490_sf7|cert:Tipo B;score:15
491_sf7|cert:Tipo B;score:29
492_sf7|cert:Não Certificado;score:58
493_sf7|cert:Tipo A;score:51
494_sf7|cert:Tipo A;score:80
495_sf7|cert:Tipo A;score:83
496_sf7|cert:Tipo B;score:46
497_sf7|cert:Não Certificado;score:84
498_sf7|cert:Tipo B;score:74
499_sf7|cert:Tipo A;score:1
500_sf7|cert:Tipo C;score:22
501_sf7|cert:Tipo B;score:80
502_sf7|cert:Não Certificado;score:46
503_sf7|cert:Não Certificado;score:32
504_sf7|cert:Tipo B;score:55
505_sf7|cert:Tipo B;score:74
506_sf7|cert:Tipo C;score:88
507_sf7|cert:Tipo B;score:60
508_sf7|cert:Tipo B;score:68
509_sf7|cert:Tipo B;score:31
510_sf7|cert:Tipo B;score:49
511_sf7|cert:Tipo B;score:56
512_sf7|cert:Tipo B;score:72
513_sf7|cert:Tipo A;score:54
514_sf7|cert:Tipo A;score:43
515_sf7|cert:Tipo B;score:12
516_sf7|cert:Tipo C;score:71
517_sf7|cert:Tipo A;score:58
518_sf7|cert:Tipo B;score:24
519_sf7|cert:Tipo A;score:44
520_sf7|cert:Tipo B;score:40
521_sf7|cert:Tipo B;score:43
522_sf7|cert:Tipo A;score:87
523_sf7|cert:Tipo A;score:6
524_sf7|cert:Tipo B;score:1
525_sf7|cert:Tipo B;score:63
526_sf7|cert:Não Certificado;score:34
527_sf7|cert:Tipo B;score:56
528_sf7|cert:Tipo B;score:49
529_sf7|cert:Tipo C;score:53
530_sf7|cert:Não Certificado;score:9
531_sf7|cert:Não Certificado;score:42
532_sf7|cert:Tipo C;score:44
533_sf7|cert:Tipo C;score:60
534_sf7|cert:Não Certificado;score:48
535_sf7|cert:Tipo A;score:37
536_sf7|cert:Tipo B;score:3
537_sf7|cert:Tipo B;score:96
538_sf7|cert:Tipo B;score:26
539_sf7|cert:Não Certificado;score:40
540_sf7|cert:Tipo C;score:4
541_sf7|cert:Tipo A;score:8
542_sf7|cert:Tipo B;score:26
543_sf7|cert:Não Certificado;score:54
544_sf7|cert:Tipo B;score:64
545_sf7|cert:Tipo A;score:93
546_sf7|cert:Tipo B;score:23
547_sf7|cert:Tipo B;score:36
548_sf7|cert:Tipo B;score:92
549_sf7|cert:Tipo B;score:62
550_sf7|cert:Tipo C;score:24
551_sf7|cert:Tipo C;score:82
552_sf7|cert:Tipo B;score:72
553_sf7|cert:Não Certificado;score:50
554_sf7|cert:Tipo B;score:32
555_sf7|cert:Tipo C;score:80
556_sf7|cert:Tipo B;score:99
557_sf7|cert:Tipo A;score:50
558_sf7|cert:Tipo B;score:96
559_sf7|cert:Não Certificado;score:30
560_sf7|cert:Tipo B;score:55
561_sf7|cert:Tipo B;score:72
562_sf7|cert:Tipo A;score:22
563_sf7|cert:Tipo C;score:42
564_sf7|cert:Tipo B;score:39
565_sf7|cert:Não Certificado;score:87
566_sf7|cert:Tipo C;score:99
567_sf7|cert:Não Certificado;score:50
568_sf7|cert:Tipo B;score:39
569_sf7|cert:Tipo B;score:72
570_sf7|cert:Tipo B;score:12
571_sf7|cert:Não Certificado;score:16
572_sf7|cert:Tipo C;score:41
573_sf7|cert:Tipo C;score:45
574_sf7|cert:Tipo A;score:12
575_sf7|cert:Tipo A;score:81
576_sf7|cert:Tipo B;score:73
577_sf7|cert:Tipo C;score:80
578_sf7|cert:Não Certificado;score:34
579_sf7|cert:Não Certificado;score:16
580_sf7|cert:Tipo A;score:3
581_sf7|cert:Tipo B;score:81
582_sf7|cert:Tipo B;score:9
583_sf7|cert:Tipo B;score:45
584_sf7|cert:Tipo B;score:42
585_sf7|cert:Não Certificado;score:61
586_sf7|cert:Tipo C;score:4
587_sf7|cert:Tipo A;score:97
588_sf7|cert:Tipo C;score:32
589_sf7|cert:Tipo A;score:30
590_sf7|cert:Não Certificado;score:20
591_sf7|cert:Tipo C;score:21
592_sf7|cert:Tipo B;score:10
593_sf7|cert:Não Certificado;score:4
594_sf7|cert:Tipo B;score:27
595_sf7|cert:Não Certificado;score:88
596_sf7|cert:Tipo A;score:75
597_sf7|cert:Tipo B;score:53
598_sf7|cert:Tipo C;score:63
599_sf7|cert:Não Certificado;score:80
600_sf7|cert:Tipo B;score:45
601_sf7|cert:Tipo B;score:66
602_sf7|cert:Tipo B;score:17
603_sf7|cert:Não Certificado;score:67
604_sf7|cert:Tipo C;score:93
605_sf7|cert:Tipo A;score:81
606_sf7|cert:Tipo B;score:6
607_sf7|cert:Tipo C;score:64
608_sf7|cert:Tipo B;score:62
609_sf7|cert:Tipo B;score:83
610_sf7|cert:Tipo A;score:36
611_sf7|cert:Tipo B;score:81
612_sf7|cert:Não Certificado;score:68
613_sf7|cert:Não Certificado;score:51
614_sf7|cert:Tipo C;score:69
615_sf7|cert:Tipo A;score:73
616_sf7|cert:Tipo B;score:80
617_sf7|cert:Tipo B;score:98
618_sf7|cert:Tipo C;score:5
619_sf7|cert:Tipo A;score:59
620_sf7|cert:Tipo B;score:54
621_sf7|cert:Não Certificado;score:56
622_sf7|cert:Tipo A;score:9
623_sf7|cert:Tipo A;score:1
624_sf7|cert:Tipo B;score:61
625_sf7|cert:Tipo C;score:27
626_sf7|cert:Não Certificado;score:52
627_sf7|cert:Tipo C;score:63
628_sf7|cert:Tipo A;score:61
629_sf7|cert:Tipo B;score:83
630_sf7|cert:Tipo A;score:0
631_sf7|cert:Tipo B;score:90
632_sf7|cert:Tipo B;score:14
633_sf7|cert:Tipo C;score:2
634_sf7|cert:Tipo C;score:32
635_sf7|cert:Tipo B;score:95
636_sf7|cert:Tipo C;score:59
637_sf7|cert:Tipo A;score:8
638_sf7|cert:Tipo B;score:41
639_sf7|cert:Tipo B;score:53
640_sf7|cert:Tipo B;score:23
641_sf7|cert:Não Certificado;score:50
642_sf7|cert:Tipo B;score:95
643_sf7|cert:Tipo A;score:46
644_sf7|cert:Tipo B;score:4
645_sf7|cert:Tipo A;score:93
646_sf7|cert:Não Certificado;score:14
647_sf7|cert:Tipo A;score:19
648_sf7|cert:Tipo B;score:49
649_sf7|cert:Não Certificado;score:50
650_sf7|cert:Tipo A;score:43
651_sf7|cert:Não Certificado;score:44
652_sf7|cert:Tipo A;score:28
653_sf7|cert:Tipo A;score:38
654_sf7|cert:Tipo B;score:50
655_sf7|cert:Tipo B;score:9
656_sf7|cert:Tipo B;score:97
657_sf7|cert:Tipo B;score:94
658_sf7|cert:Tipo A;score:24
659_sf7|cert:Tipo C;score:92
660_sf7|cert:Tipo B;score:15
661_sf7|cert:Tipo A;score:0
662_sf7|cert:Tipo B;score:98
663_sf7|cert:Tipo B;score:7
664_sf7|cert:Tipo B;score:70
665_sf7|cert:Tipo C;score:95
666_sf7|cert:Tipo B;score:3
667_sf7|cert:Tipo C;score:66
668_sf7|cert:Tipo C;score:26
669_sf7|cert:Tipo A;score:47
670_sf7|cert:Não Certificado;score:38
671_sf7|cert:Tipo B;score:91
672_sf7|cert:Tipo B;score:48
673_sf7|cert:Não Certificado;score:39
674_sf7|cert:Tipo A;score:40
675_sf7|cert:Não Certificado;score:20
676_sf7|cert:Não Certificado;score:32
677_sf7|cert:Tipo C;score:33
678_sf7|cert:Não Certificado;score:89
679_sf7|cert:Não Certificado;score:79
680_sf7|cert:Tipo B;score:48
681_sf7|cert:Não Certificado;score:76
682_sf7|cert:Não Certificado;score:15
683_sf7|cert:Tipo B;score:25
684_sf7|cert:Tipo A;score:19
685_sf7|cert:Tipo A;score:85
686_sf7|cert:Tipo A;score:10
687_sf7|cert:Tipo C;score:22
688_sf7|cert:Tipo B;score:26
689_sf7|cert:Tipo B;score:81
690_sf7|cert:Tipo A;score:52
691_sf7|cert:Tipo B;score:5
692_sf7|cert:Tipo A;score:70
693_sf7|cert:Tipo C;score:73
694_sf7|cert:Tipo A;score:71
695_sf7|cert:Tipo C;score:19
696_sf7|cert:Tipo B;score:64
697_sf7|cert:Tipo C;score:10
698_sf7|cert:Não Certificado;score:87
699_sf7|cert:Tipo A;score:44
700_sf7|cert:Tipo C;score:4
701_sf7|cert:Tipo A;score:7
702_sf7|cert:Tipo C;score:35
703_sf7|cert:Tipo B;score:24
704_sf7|cert:Tipo B;score:44
705_sf7|cert:Não Certificado;score:54
706_sf7|cert:Tipo C;score:11
707_sf7|cert:Tipo C;score:8
708_sf7|cert:Tipo C;score:94
709_sf7|cert:Tipo B;score:73
710_sf7|cert:Tipo B;score:24
711_sf7|cert:Tipo C;score:57
712_sf7|cert:Tipo B;score:28
713_sf7|cert:Tipo C;score:2
714_sf7|cert:Tipo A;score:2
715_sf7|cert:Não Certificado;score:10
716_sf7|cert:Tipo B;score:32
717_sf7|cert:Tipo B;score:69
718_sf7|cert:Tipo A;score:74
719_sf7|cert:Tipo A;score:54
720_sf7|cert:Tipo B;score:6
721_sf7|cert:Tipo B;score:80
722_sf7|cert:Tipo C;score:10
723_sf7|cert:Tipo B;score:90
724_sf7|cert:Tipo C;score:60
725_sf7|cert:Não Certificado;score:14
726_sf7|cert:Tipo A;score:14
727_sf7|cert:Tipo B;score:10
728_sf7|cert:Tipo B;score:4
729_sf7|cert:Tipo B;score:86
730_sf7|cert:Tipo C;score:49
731_sf7|cert:Tipo B;score:19
732_sf7|cert:Tipo B;score:2
733_sf7|cert:Tipo A;score:34
734_sf7|cert:Tipo A;score:95
735_sf7|cert:Não Certificado;score:71
736_sf7|cert:Tipo B;score:31
737_sf7|cert:Tipo A;score:24
738_sf7|cert:Tipo B;score:54
739_sf7|cert:Tipo A;score:96
740_sf7|cert:Tipo A;score:74
741_sf7|cert:Tipo C;score:86
742_sf7|cert:Tipo B;score:46
743_sf7|cert:Tipo B;score:28
744_sf7|cert:Tipo B;score:9
745_sf7|cert:Tipo A;score:76
746_sf7|cert:Tipo B;score:85
747_sf7|cert:Tipo B;score:67
748_sf7|cert:Tipo A;score:46
749_sf7|cert:Tipo A;score:59
750_sf7|cert:Tipo C;score:10
751_sf7|cert:Tipo C;score:67
752_sf7|cert:Tipo B;score:53
753_sf7|cert:Tipo C;score:33
754_sf7|cert:Tipo B;score:76
755_sf7|cert:Tipo C;score:30
756_sf7|cert:Tipo A;score:89
757_sf7|cert:Tipo B;score:30
758_sf7|cert:Não Certificado;score:20
759_sf7|cert:Tipo C;score:1
760_sf7|cert:Tipo B;score:1
761_sf7|cert:Tipo C;score:66
762_sf7|cert:Tipo A;score:67
763_sf7|cert:Tipo A;score:97
764_sf7|cert:Tipo B;score:54
765_sf7|cert:Tipo B;score:90
766_sf7|cert:Tipo B;score:49
767_sf7|cert:Tipo C;score:4
768_sf7|cert:Tipo B;score:29
769_sf7|cert:Não Certificado;score:88
770_sf7|cert:Tipo A;score:38
771_sf7|cert:Tipo C;score:94
772_sf7|cert:Tipo B;score:45
773_sf7|cert:Tipo A;score:8
774_sf7|cert:Não Certificado;score:20
775_sf7|cert:Tipo C;score:80
776_sf7|cert:Tipo B;score:8
777_sf7|cert:Tipo A;score:18
778_sf7|cert:Tipo B;score:71
779_sf7|cert:Tipo B;score:2
780_sf7|cert:Tipo B;score:90
781_sf7|cert:Tipo A;score:6
782_sf7|cert:Tipo B;score:40
783_sf7|cert:Não Certificado;score:23
784_sf7|cert:Tipo B;score:30
785_sf7|cert:Tipo A;score:11
786_sf7|cert:Não Certificado;score:30
787_sf7|cert:Não Certificado;score:31
788_sf7|cert:Tipo C;score:66
789_sf7|cert:Não Certificado;score:66
790_sf7|cert:Tipo A;score:31
791_sf7|cert:Tipo A;score:14
792_sf7|cert:Tipo B;score:63
793_sf7|cert:Não Certificado;score:1
794_sf7|cert:Tipo B;score:50
795_sf7|cert:Tipo A;score:64
796_sf7|cert:Tipo A;score:24
797_sf7|cert:Tipo C;score:96
798_sf7|cert:Não Certificado;score:93
799_sf7|cert:Não Certificado;score:67
800_sf7|cert:Tipo B;score:12
801_sf7|cert:Tipo A;score:7
802_sf7|cert:Não Certificado;score:66
803_sf7|cert:Tipo B;score:92
804_sf7|cert:Não Certificado;score:25
805_sf7|cert:Tipo B;score:89
806_sf7|cert:Tipo A;score:46
807_sf7|cert:Tipo C;score:67
808_sf7|cert:Tipo B;score:5
809_sf7|cert:Tipo B;score:48
810_sf7|cert:Tipo C;score:41
811_sf7|cert:Não Certificado;score:93
812_sf7|cert:Tipo C;score:38
813_sf7|cert:Não Certificado;score:55
814_sf7|cert:Tipo A;score:80
815_sf7|cert:Não Certificado;score:25
816_sf7|cert:Tipo B;score:42
817_sf7|cert:Tipo C;score:44
818_sf7|cert:Tipo A;score:69
819_sf7|cert:Tipo C;score:59
820_sf7|cert:Tipo B;score:41
821_sf7|cert:Tipo A;score:38
822_sf7|cert:Não Certificado;score:37
823_sf7|cert:Não Certificado;score:12
824_sf7|cert:Tipo B;score:53
825_sf7|cert:Tipo B;score:2
826_sf7|cert:Tipo B;score:16
827_sf7|cert:Não Certificado;score:2
828_sf7|cert:Tipo B;score:44
829_sf7|cert:Tipo C;score:5
830_sf7|cert:Tipo A;score:45
831_sf7|cert:Tipo C;score:72
832_sf7|cert:Tipo B;score:45
833_sf7|cert:Tipo B;score:86
834_sf7|cert:Tipo B;score:2
835_sf7|cert:Tipo B;score:40
836_sf7|cert:Não Certificado;score:61
837_sf7|cert:Tipo C;score:3
838_sf7|cert:Não Certificado;score:39
839_sf7|cert:Tipo A;score:60
840_sf7|cert:Tipo B;score:90
841_sf7|cert:Não Certificado;score:85
842_sf7|cert:Não Certificado;score:15
843_sf7|cert:Tipo A;score:87
844_sf7|cert:Não Certificado;score:59
845_sf7|cert:Tipo A;score:2
846_sf7|cert:Tipo A;score:0
847_sf7|cert:Tipo A;score:43
848_sf7|cert:Tipo B;score:80
849_sf7|cert:Tipo B;score:47
850_sf7|cert:Não Certificado;score:49
851_sf7|cert:Tipo C;score:51
852_sf7|cert:Tipo B;score:41
853_sf7|cert:Tipo A;score:76
854_sf7|cert:Tipo A;score:35
855_sf7|cert:Tipo C;score:60
856_sf7|cert:Tipo B;score:16
857_sf7|cert:Não Certificado;score:63
858_sf7|cert:Tipo A;score:3
859_sf7|cert:Não Certificado;score:31
860_sf7|cert:Não Certificado;score:44
861_sf7|cert:Tipo B;score:23
862_sf7|cert:Tipo A;score:83
863_sf7|cert:Tipo C;score:52
864_sf7|cert:Tipo B;score:43
865_sf7|cert:Tipo A;score:91
866_sf7|cert:Tipo B;score:96
867_sf7|cert:Tipo B;score:95
868_sf7|cert:Não Certificado;score:63
869_sf7|cert:Tipo A;score:95
870_sf7|cert:Não Certificado;score:33
871_sf7|cert:Tipo A;score:52
872_sf7|cert:Tipo B;score:56
873_sf7|cert:Tipo A;score:11
874_sf7|cert:Tipo B;score:55
875_sf7|cert:Não Certificado;score:11
876_sf7|cert:Não Certificado;score:51
877_sf7|cert:Tipo C;score:89
878_sf7|cert:Tipo B;score:0
879_sf7|cert:Não Certificado;score:91
880_sf7|cert:Tipo B;score:36
881_sf7|cert:Não Certificado;score:58
882_sf7|cert:Tipo B;score:19
883_sf7|cert:Tipo C;score:34
884_sf7|cert:Tipo A;score:19
885_sf7|cert:Tipo A;score:94
886_sf7|cert:Tipo C;score:65
887_sf7|cert:Tipo C;score:23
888_sf7|cert:Tipo B;score:67
889_sf7|cert:Tipo A;score:84
890_sf7|cert:Tipo A;score:48
891_sf7|cert:Tipo A;score:90
892_sf7|cert:Tipo C;score:73
893_sf7|cert:Não Certificado;score:2
894_sf7|cert:Tipo B;score:8
895_sf7|cert:Tipo A;score:5
896_sf7|cert:Tipo B;score:57
897_sf7|cert:Não Certificado;score:22
898_sf7|cert:Tipo B;score:18
899_sf7|cert:Tipo A;score:19
900_sf7|cert:Tipo A;score:80
901_sf7|cert:Tipo C;score:38
902_sf7|cert:Tipo B;score:80
903_sf7|cert:Tipo B;score:53
904_sf7|cert:Tipo B;score:21
905_sf7|cert:Tipo C;score:22
906_sf7|cert:Tipo A;score:67
907_sf7|cert:Não Certificado;score:99
908_sf7|cert:Tipo A;score:65
909_sf7|cert:Tipo A;score:2
910_sf7|cert:Tipo C;score:69
911_sf7|cert:Tipo B;score:78
912_sf7|cert:Tipo B;score:81
913_sf7|cert:Tipo A;score:55
914_sf7|cert:Tipo A;score:61
915_sf7|cert:Tipo A;score:12
916_sf7|cert:Não Certificado;score:38
917_sf7|cert:Tipo B;score:43
918_sf7|cert:Tipo B;score:44
919_sf7|cert:Não Certificado;score:4
920_sf7|cert:Tipo B;score:68
921_sf7|cert:Não Certificado;score:6
922_sf7|cert:Tipo A;score:42
923_sf7|cert:Tipo A;score:36
924_sf7|cert:Tipo C;score:80
925_sf7|cert:Tipo B;score:54
926_sf7|cert:Tipo C;score:77
927_sf7|cert:Não Certificado;score:71
928_sf7|cert:Tipo B;score:62
929_sf7|cert:Tipo B;score:58
930_sf7|cert:Não Certificado;score:80
931_sf7|cert:Tipo A;score:73
932_sf7|cert:Tipo C;score:72
933_sf7|cert:Tipo C;score:3
934_sf7|cert:Não Certificado;score:26
935_sf7|cert:Tipo A;score:0
936_sf7|cert:Tipo B;score:85
937_sf7|cert:Não Certificado;score:21
938_sf7|cert:Tipo C;score:72
939_sf7|cert:Tipo B;score:0
940_sf7|cert:Tipo B;score:31
941_sf7|cert:Não Certificado;score:70
942_sf7|cert:Não Certificado;score:39
943_sf7|cert:Tipo A;score:43
944_sf7|cert:Tipo B;score:46
945_sf7|cert:Não Certificado;score:53
946_sf7|cert:Tipo B;score:58
947_sf7|cert:Não Certificado;score:1
948_sf7|cert:Não Certificado;score:72
949_sf7|cert:Tipo B;score:30
950_sf7|cert:Não Certificado;score:63
951_sf7|cert:Não Certificado;score:30
952_sf7|cert:Tipo B;score:21
953_sf7|cert:Tipo B;score:50
954_sf7|cert:Tipo C;score:24
955_sf7|cert:Tipo A;score:0
956_sf7|cert:Tipo B;score:27
957_sf7|cert:Tipo C;score:93
958_sf7|cert:Tipo C;score:46
959_sf7|cert:Tipo C;score:90
960_sf7|cert:Tipo B;score:59
961_sf7|cert:Não Certificado;score:48
962_sf7|cert:Não Certificado;score:40
963_sf7|cert:Tipo A;score:82
964_sf7|cert:Não Certificado;score:45
965_sf7|cert:Tipo B;score:20
966_sf7|cert:Tipo C;score:86
967_sf7|cert:Tipo C;score:3
968_sf7|cert:Tipo B;score:67
969_sf7|cert:Tipo C;score:83
970_sf7|cert:Não Certificado;score:89
971_sf7|cert:Tipo A;score:43
972_sf7|cert:Tipo B;score:43
973_sf7|cert:Tipo B;score:19
974_sf7|cert:Tipo B;score:58
975_sf7|cert:Tipo C;score:68
976_sf7|cert:Tipo B;score:68
977_sf7|cert:Tipo B;score:50
978_sf7|cert:Tipo B;score:78
979_sf7|cert:Não Certificado;score:69
980_sf7|cert:Tipo B;score:0
981_sf7|cert:Tipo A;score:0
982_sf7|cert:Tipo C;score:58
983_sf7|cert:Tipo B;score:88
984_sf7|cert:Tipo B;score:84
985_sf7|cert:Tipo B;score:92
986_sf7|cert:Tipo A;score:14
987_sf7|cert:Não Certificado;score:89
988_sf7|cert:Tipo C;score:51
989_sf7|cert:Tipo C;score:35
990_sf7|cert:Tipo A;score:60
991_sf7|cert:Não Certificado;score:81
992_sf7|cert:Tipo B;score:80
993_sf7|cert:Tipo C;score:62
994_sf7|cert:Tipo B;score:72
995_sf7|cert:Tipo C;score:37
996_sf7|cert:Não Certificado;score:42
997_sf7|cert:Tipo B;score:74
998_sf7|cert:Tipo B;score:67
999_sf7|cert:Tipo A;score:57
1000_sf7|cert:Tipo B;score:61
1001_sf7|cert:Tipo A;score:88
1002_sf7|cert:Tipo C;score:35
1003_sf7|cert:Tipo C;score:81
1004_sf7|cert:Tipo B;score:79
1005_sf7|cert:Tipo C;score:75
1006_sf7|cert:Não Certificado;score:57
1007_sf7|cert:Tipo B;score:62
1008_sf7|cert:Tipo B;score:51
1009_sf7|cert:Tipo B;score:12
1010_sf7|cert:Tipo A;score:10
1011_sf7|cert:Tipo A;score:17
1012_sf7|cert:Não Certificado;score:69
1013_sf7|cert:Tipo C;score:24
1014_sf7|cert:Tipo B;score:23
1015_sf7|cert:Não Certificado;score:85
1016_sf7|cert:Tipo B;score:5
1017_sf7|cert:Tipo A;score:5
1018_sf7|cert:Não Certificado;score:8
1019_sf7|cert:Tipo C;score:50
1020_sf7|cert:Tipo C;score:60
1021_sf7|cert:Tipo A;score:54
1022_sf7|cert:Tipo B;score:81
1023_sf7|cert:Não Certificado;score:78
1024_sf7|cert:Tipo B;score:79
1025_sf7|cert:Tipo B;score:29
1026_sf7|cert:Não Certificado;score:72
1027_sf7|cert:Não Certificado;score:1
1028_sf7|cert:Tipo B;score:0
1029_sf7|cert:Não Certificado;score:73
1030_sf7|cert:Não Certificado;score:23
1031_sf7|cert:Não Certificado;score:95
1032_sf7|cert:Tipo B;score:60
1033_sf7|cert:Tipo B;score:55
1034_sf7|cert:Tipo A;score:78
1035_sf7|cert:Não Certificado;score:60
1036_sf7|cert:Tipo C;score:95
1037_sf7|cert:Tipo C;score:19
1038_sf7|cert:Tipo A;score:31
1039_sf7|cert:Tipo A;score:7
1040_sf7|cert:Tipo B;score:71
1041_sf7|cert:Não Certificado;score:42
1042_sf7|cert:Tipo B;score:30
1043_sf7|cert:Tipo B;score:40
1044_sf7|cert:Não Certificado;score:25
1045_sf7|cert:Tipo B;score:17
1046_sf7|cert:Tipo A;score:30
1047_sf7|cert:Tipo C;score:75
1048_sf7|cert:Tipo B;score:33
1049_sf7|cert:Tipo C;score:73
1050_sf7|cert:Tipo B;score:60
1051_sf7|cert:Tipo C;score:68
1052_sf7|cert:Tipo B;score:91
1053_sf7|cert:Não Certificado;score:57
1054_sf7|cert:Tipo C;score:11
1055_sf7|cert:Tipo A;score:85
1056_sf7|cert:Tipo B;score:83
1057_sf7|cert:Não Certificado;score:85
1058_sf7|cert:Tipo C;score:50
1059_sf7|cert:Não Certificado;score:30
1060_sf7|cert:Tipo B;score:48
1061_sf7|cert:Não Certificado;score:44
1062_sf7|cert:Tipo A;score:57
1063_sf7|cert:Tipo B;score:40
1064_sf7|cert:Tipo B;score:29
1065_sf7|cert:Tipo C;score:64
1066_sf7|cert:Tipo C;score:82
1067_sf7|cert:Tipo B;score:21
1068_sf7|cert:Não Certificado;score:90
1069_sf7|cert:Não Certificado;score:35
1070_sf7|cert:Tipo B;score:47
1071_sf7|cert:Tipo C;score:35
1072_sf7|cert:Tipo B;score:14
1073_sf7|cert:Tipo A;score:26
1074_sf7|cert:Tipo B;score:29
1075_sf7|cert:Tipo A;score:80
1076_sf7|cert:Tipo B;score:3
1077_sf7|cert:Tipo B;score:80
1078_sf7|cert:Não Certificado;score:33
1079_sf7|cert:Tipo C;score:91
1080_sf7|cert:Tipo B;score:36
1081_sf7|cert:Não Certificado;score:71
1082_sf7|cert:Tipo C;score:65
1083_sf7|cert:Não Certificado;score:55
1084_sf7|cert:Tipo A;score:81
1085_sf7|cert:Tipo B;score:24
1086_sf7|cert:Tipo A;score:94
1087_sf7|cert:Tipo B;score:55
1088_sf7|cert:Tipo B;score:21
1089_sf7|cert:Tipo A;score:7
1090_sf7|cert:Tipo C;score:3
1091_sf7|cert:Tipo A;score:37
1092_sf7|cert:Tipo C;score:99
1093_sf7|cert:Tipo C;score:55
1094_sf7|cert:Tipo C;score:31
1095_sf7|cert:Não Certificado;score:40
1096_sf7|cert:Tipo B;score:23
1097_sf7|cert:Tipo C;score:42
1098_sf7|cert:Tipo B;score:96
1099_sf7|cert:Tipo B;score:34
1100_sf7|cert:Tipo B;score:56
1101_sf7|cert:Tipo B;score:12
1102_sf7|cert:Tipo B;score:39
1103_sf7|cert:Tipo C;score:4
1104_sf7|cert:Tipo B;score:60
1105_sf7|cert:Tipo C;score:0
1106_sf7|cert:Tipo A;score:89
1107_sf7|cert:Não Certificado;score:28
1108_sf7|cert:Tipo C;score:43
1109_sf7|cert:Tipo B;score:19
1110_sf7|cert:Tipo A;score:46
1111_sf7|cert:Tipo B;score:51
1112_sf7|cert:Tipo B;score:76
1113_sf7|cert:Tipo A;score:58
1114_sf7|cert:Tipo B;score:10
1115_sf7|cert:Tipo B;score:38
1116_sf7|cert:Tipo C;score:89
1117_sf7|cert:Não Certificado;score:49
1118_sf7|cert:Tipo B;score:26
1119_sf7|cert:Tipo A;score:99
1120_sf7|cert:Tipo B;score:86
1121_sf7|cert:Tipo C;score:6
1122_sf7|cert:Não Certificado;score:24
1123_sf7|cert:Não Certificado;score:23
1124_sf7|cert:Tipo A;score:24
1125_sf7|cert:Não Certificado;score:74
1126_sf7|cert:Não Certificado;score:81
1127_sf7|cert:Tipo B;score:38
1128_sf7|cert:Tipo B;score:6
1129_sf7|cert:Tipo C;score:70
1130_sf7|cert:Tipo B;score:84
1131_sf7|cert:Tipo B;score:65
1132_sf7|cert:Tipo A;score:78
1133_sf7|cert:Tipo B;score:51
1134_sf7|cert:Não Certificado;score:30
1135_sf7|cert:Tipo A;score:44
1136_sf7|cert:Tipo B;score:52
1137_sf7|cert:Tipo C;score:1
1138_sf7|cert:Tipo B;score:20
1139_sf7|cert:Não Certificado;score:92
1140_sf7|cert:Tipo A;score:31
1141_sf7|cert:Tipo C;score:34
1142_sf7|cert:Tipo B;score:62
1143_sf7|cert:Tipo B;score:29
1144_sf7|cert:Tipo B;score:93
1145_sf7|cert:Tipo C;score:8
1146_sf7|cert:Não Certificado;score:82
1147_sf7|cert:Tipo B;score:24
1148_sf7|cert:Não Certificado;score:41
1149_sf7|cert:Tipo C;score:70
1150_sf7|cert:Tipo A;score:16
1151_sf7|cert:Tipo B;score:67
1152_sf7|cert:Tipo B;score:69
1153_sf7|cert:Tipo C;score:30
1154_sf7|cert:Tipo A;score:70
1155_sf7|cert:Não Certificado;score:38
1156_sf7|cert:Tipo B;score:85
1157_sf7|cert:Tipo C;score:18
1158_sf7|cert:Tipo B;score:40
1159_sf7|cert:Não Certificado;score:60
1160_sf7|cert:Tipo B;score:95
1161_sf7|cert:Tipo B;score:31
1162_sf7|cert:Tipo A;score:56
1163_sf7|cert:Tipo B;score:91
1164_sf7|cert:Tipo A;score:20
1165_sf7|cert:Tipo C;score:64
1166_sf7|cert:Não Certificado;score:82
1167_sf7|cert:Tipo C;score:56
1168_sf7|cert:Tipo B;score:22
1169_sf7|cert:Não Certificado;score:22
1170_sf7|cert:Não Certificado;score:30
1171_sf7|cert:Tipo A;score:9
1172_sf7|cert:Tipo A;score:81
1173_sf7|cert:Tipo A;score:21
1174_sf7|cert:Não Certificado;score:84
1175_sf7|cert:Tipo A;score:56
1176_sf7|cert:Tipo B;score:53
1177_sf7|cert:Tipo B;score:89
1178_sf7|cert:Tipo B;score:83
1179_sf7|cert:Tipo A;score:3
1180_sf7|cert:Tipo C;score:50
1181_sf7|cert:Tipo C;score:27
1182_sf7|cert:Tipo B;score:74
1183_sf7|cert:Tipo A;score:57
1184_sf7|cert:Tipo B;score:76
1185_sf7|cert:Tipo A;score:59
1186_sf7|cert:Tipo A;score:63
1187_sf7|cert:Tipo A;score:68
1188_sf7|cert:Tipo C;score:1
1189_sf7|cert:Tipo C;score:75
1190_sf7|cert:Não Certificado;score:63
1191_sf7|cert:Tipo C;score:96
1192_sf7|cert:Tipo B;score:27
1193_sf7|cert:Tipo B;score:27
1194_sf7|cert:Tipo A;score:2
1195_sf7|cert:Tipo A;score:39
1196_sf7|cert:Tipo B;score:61
1197_sf7|cert:Tipo C;score:72
1198_sf7|cert:Não Certificado;score:5
1199_sf7|cert:Tipo A;score:5
1200_sf7|cert:Tipo B;score:81
1201_sf7|cert:Tipo C;score:32
1202_sf7|cert:Tipo B;score:70
1203_sf7|cert:Tipo C;score:62
1204_sf7|cert:Tipo A;score:99
1205_sf7|cert:Tipo A;score:16
1206_sf7|cert:Tipo A;score:90
1207_sf7|cert:Tipo A;score:96
1208_sf7|cert:Tipo B;score:77
1209_sf7|cert:Tipo B;score:91
1210_sf7|cert:Tipo B;score:61
1211_sf7|cert:Tipo A;score:37
1212_sf7|cert:Não Certificado;score:45
1213_sf7|cert:Não Certificado;score:85
1214_sf7|cert:Tipo A;score:58
1215_sf7|cert:Tipo A;score:22
1216_sf7|cert:Tipo B;score:3
1217_sf7|cert:Não Certificado;score:53
1218_sf7|cert:Não Certificado;score:89
1219_sf7|cert:Tipo A;score:41
1220_sf7|cert:Não Certificado;score:1
1221_sf7|cert:Tipo B;score:88
1222_sf7|cert:Tipo B;score:36
1223_sf7|cert:Não Certificado;score:65
1224_sf7|cert:Tipo B;score:46
1225_sf7|cert:Tipo A;score:64
1226_sf7|cert:Tipo A;score:16
1227_sf7|cert:Não Certificado;score:63
1228_sf7|cert:Não Certificado;score:34
1229_sf7|cert:Tipo A;score:92
1230_sf7|cert:Não Certificado;score:52
1231_sf7|cert:Tipo C;score:43
1232_sf7|cert:Tipo B;score:59
1233_sf7|cert:Tipo A;score:38
1234_sf7|cert:Tipo C;score:9
1235_sf7|cert:Tipo B;score:3
1236_sf7|cert:Tipo C;score:15
1237_sf7|cert:Tipo C;score:96
1238_sf7|cert:Tipo A;score:18
1239_sf7|cert:Tipo B;score:47
1240_sf7|cert:Tipo B;score:15
1241_sf7|cert:Tipo B;score:39
1242_sf7|cert:Tipo C;score:99
1243_sf7|cert:Tipo A;score:40
1244_sf7|cert:Tipo B;score:43
1245_sf7|cert:Tipo B;score:61
1246_sf7|cert:Tipo A;score:13
1247_sf7|cert:Não Certificado;score:77
1248_sf7|cert:Tipo B;score:24
1249_sf7|cert:Tipo C;score:69
1250_sf7|cert:Tipo B;score:73
1251_sf7|cert:Tipo A;score:66
1252_sf7|cert:Tipo C;score:46
1253_sf7|cert:Não Certificado;score:24
1254_sf7|cert:Não Certificado;score:14
1255_sf7|cert:Tipo A;score:7
1256_sf7|cert:Tipo B;score:88
1257_sf7|cert:Tipo C;score:88
1258_sf7|cert:Não Certificado;score:97
1259_sf7|cert:Não Certificado;score:34
1260_sf7|cert:Tipo C;score:64
1261_sf7|cert:Não Certificado;score:63
1262_sf7|cert:Não Certificado;score:18
1263_sf7|cert:Tipo C;score:71
1264_sf7|cert:Tipo B;score:12
1265_sf7|cert:Tipo A;score:34
1266_sf7|cert:Não Certificado;score:58
1267_sf7|cert:Tipo C;score:65
1268_sf7|cert:Tipo C;score:20
1269_sf7|cert:Tipo C;score:50
1270_sf7|cert:Tipo A;score:81
1271_sf7|cert:Tipo B;score:55
1272_sf7|cert:Tipo B;score:99
1273_sf7|cert:Tipo A;score:32
1274_sf7|cert:Não Certificado;score:92
1275_sf7|cert:Tipo C;score:84
1276_sf7|cert:Não Certificado;score:45
1277_sf7|cert:Tipo A;score:90
1278_sf7|cert:Tipo C;score:89
1279_sf7|cert:Tipo C;score:8
1280_sf7|cert:Tipo B;score:49
1281_sf7|cert:Não Certificado;score:36
1282_sf7|cert:Tipo B;score:29
1283_sf7|cert:Tipo B;score:9
1284_sf7|cert:Tipo B;score:16
1285_sf7|cert:Tipo C;score:30
1286_sf7|cert:Tipo A;score:67
1287_sf7|cert:Tipo C;score:44
1288_sf7|cert:Tipo B;score:6
1289_sf7|cert:Tipo A;score:58
1290_sf7|cert:Tipo A;score:41
1291_sf7|cert:Tipo C;score:33
1292_sf7|cert:Tipo C;score:56
1293_sf7|cert:Tipo A;score:77
1294_sf7|cert:Tipo B;score:6
1295_sf7|cert:Tipo B;score:27
1296_sf7|cert:Tipo B;score:48
1297_sf7|cert:Não Certificado;score:53
1298_sf7|cert:Tipo B;score:92
1299_sf7|cert:Tipo C;score:92
1300_sf7|cert:Não Certificado;score:34
1301_sf7|cert:Não Certificado;score:42
1302_sf7|cert:Não Certificado;score:33
1303_sf7|cert:Tipo B;score:8
1304_sf7|cert:Tipo B;score:57
1305_sf7|cert:Não Certificado;score:19
1306_sf7|cert:Não Certificado;score:33
1307_sf7|cert:Tipo B;score:74
1308_sf7|cert:Tipo B;score:61
1309_sf7|cert:Tipo B;score:29
1310_sf7|cert:Tipo B;score:97
1311_sf7|cert:Tipo B;score:67
1312_sf7|cert:Tipo B;score:19
1313_sf7|cert:Tipo B;score:60
1314_sf7|cert:Não Certificado;score:19
1315_sf7|cert:Tipo C;score:47
1316_sf7|cert:Tipo A;score:90
1317_sf7|cert:Tipo A;score:29
1318_sf7|cert:Tipo C;score:77
1319_sf7|cert:Tipo C;score:1
1320_sf7|cert:Tipo B;score:75
1321_sf7|cert:Tipo A;score:33
1322_sf7|cert:Não Certificado;score:49
1323_sf7|cert:Tipo A;score:63
1324_sf7|cert:Não Certificado;score:97
1325_sf7|cert:Tipo A;score:77
1326_sf7|cert:Tipo A;score:35
1327_sf7|cert:Tipo A;score:65
1328_sf7|cert:Tipo B;score:56
1329_sf7|cert:Não Certificado;score:58
1330_sf7|cert:Tipo C;score:73
1331_sf7|cert:Tipo B;score:17
1332_sf7|cert:Tipo A;score:46
1333_sf7|cert:Tipo B;score:64
1334_sf7|cert:Tipo C;score:66
1335_sf7|cert:Tipo A;score:92
1336_sf7|cert:Tipo B;score:96
1337_sf7|cert:Tipo C;score:42
1338_sf7|cert:Tipo C;score:77
1339_sf7|cert:Tipo B;score:94
1340_sf7|cert:Tipo B;score:16
1341_sf7|cert:Tipo B;score:19
1342_sf7|cert:Tipo B;score:97
1343_sf7|cert:Tipo B;score:46
1344_sf7|cert:Tipo B;score:44
1345_sf7|cert:Tipo B;score:44
1346_sf7|cert:Tipo A;score:43
1347_sf7|cert:Tipo B;score:39
1348_sf7|cert:Não Certificado;score:42
1349_sf7|cert:Tipo A;score:65
1350_sf7|cert:Tipo C;score:87
1351_sf7|cert:Tipo A;score:86
1352_sf7|cert:Tipo B;score:67
1353_sf7|cert:Tipo B;score:0
1354_sf7|cert:Tipo A;score:97
1355_sf7|cert:Não Certificado;score:51
1356_sf7|cert:Tipo A;score:32
1357_sf7|cert:Não Certificado;score:32
1358_sf7|cert:Tipo C;score:74
1359_sf7|cert:Tipo A;score:20
1360_sf7|cert:Tipo B;score:36
1361_sf7|cert:Tipo C;score:66
1362_sf7|cert:Tipo C;score:19
1363_sf7|cert:Não Certificado;score:15
1364_sf7|cert:Tipo C;score:62
1365_sf7|cert:Não Certificado;score:87
1366_sf7|cert:Não Certificado;score:76
1367_sf7|cert:Tipo B;score:37
1368_sf7|cert:Tipo B;score:9
1369_sf7|cert:Não Certificado;score:31
1370_sf7|cert:Tipo B;score:11
1371_sf7|cert:Não Certificado;score:35
1372_sf7|cert:Tipo C;score:84
1373_sf7|cert:Tipo A;score:50
1374_sf7|cert:Tipo B;score:64
1375_sf7|cert:Tipo C;score:66
1376_sf7|cert:Tipo B;score:54
1377_sf7|cert:Tipo A;score:53
1378_sf7|cert:Tipo C;score:19
1379_sf7|cert:Tipo A;score:85
1380_sf7|cert:Tipo A;score:79
1381_sf7|cert:Tipo C;score:58
1382_sf7|cert:Tipo B;score:34
1383_sf7|cert:Não Certificado;score:70
1384_sf7|cert:Tipo B;score:77
1385_sf7|cert:Tipo C;score:61
1386_sf7|cert:Não Certificado;score:62
1387_sf7|cert:Tipo B;score:19
1388_sf7|cert:Não Certificado;score:56
1389_sf7|cert:Tipo C;score:52
1390_sf7|cert:Tipo B;score:95
1391_sf7|cert:Não Certificado;score:43
1392_sf7|cert:Tipo B;score:16
1393_sf7|cert:Não Certificado;score:97
1394_sf7|cert:Tipo A;score:97
1395_sf7|cert:Tipo C;score:46
1396_sf7|cert:Não Certificado;score:49
1397_sf7|cert:Não Certificado;score:5
1398_sf7|cert:Tipo A;score:48
1399_sf7|cert:Tipo C;score:98
1400_sf7|cert:Tipo B;score:39
1401_sf7|cert:Não Certificado;score:13
1402_sf7|cert:Tipo B;score:52
1403_sf7|cert:Tipo A;score:20
1404_sf7|cert:Tipo A;score:58
1405_sf7|cert:Tipo C;score:2
1406_sf7|cert:Tipo C;score:42
1407_sf7|cert:Não Certificado;score:17
1408_sf7|cert:Tipo B;score:12
1409_sf7|cert:Não Certificado;score:95
1410_sf7|cert:Tipo A;score:19
1411_sf7|cert:Tipo B;score:90
1412_sf7|cert:Tipo C;score:72
1413_sf7|cert:Não Certificado;score:43
1414_sf7|cert:Tipo C;score:18
1415_sf7|cert:Tipo A;score:90
1416_sf7|cert:Tipo B;score:13
1417_sf7|cert:Tipo C;score:12
1418_sf7|cert:Não Certificado;score:36
1419_sf7|cert:Tipo B;score:0
1420_sf7|cert:Tipo C;score:82
1421_sf7|cert:Não Certificado;score:44
1422_sf7|cert:Não Certificado;score:30
1423_sf7|cert:Tipo A;score:59
1424_sf7|cert:Tipo B;score:62
1425_sf7|cert:Não Certificado;score:20
1426_sf7|cert:Tipo A;score:32
1427_sf7|cert:Não Certificado;score:2
1428_sf7|cert:Tipo B;score:14
1429_sf7|cert:Tipo B;score:99
1430_sf7|cert:Tipo A;score:21
1431_sf7|cert:Tipo B;score:18
1432_sf7|cert:Tipo B;score:62
1433_sf7|cert:Não Certificado;score:38
1434_sf7|cert:Tipo C;score:95
1435_sf7|cert:Tipo B;score:53
1436_sf7|cert:Tipo A;score:70
1437_sf7|cert:Tipo A;score:46
1438_sf7|cert:Tipo C;score:43
1439_sf7|cert:Tipo B;score:10
1440_sf7|cert:Tipo B;score:46
1441_sf7|cert:Tipo B;score:74
1442_sf7|cert:Tipo C;score:40
1443_sf7|cert:Não Certificado;score:14
1444_sf7|cert:Tipo A;score:63
1445_sf7|cert:Tipo A;score:23
1446_sf7|cert:Tipo B;score:6
1447_sf7|cert:Tipo A;score:21
1448_sf7|cert:Tipo B;score:49
1449_sf7|cert:Tipo B;score:79
1450_sf7|cert:Tipo B;score:85
1451_sf7|cert:Não Certificado;score:75
1452_sf7|cert:Não Certificado;score:28
1453_sf7|cert:Tipo A;score:82
1454_sf7|cert:Não Certificado;score:37
1455_sf7|cert:Tipo C;score:17
1456_sf7|cert:Tipo B;score:81
1457_sf7|cert:Tipo A;score:36
1458_sf7|cert:Tipo A;score:5
1459_sf7|cert:Não Certificado;score:27
1460_sf7|cert:Tipo C;score:47
1461_sf7|cert:Não Certificado;score:59
1462_sf7|cert:Tipo C;score:36
1463_sf7|cert:Tipo B;score:22
1464_sf7|cert:Tipo B;score:57
1465_sf7|cert:Tipo B;score:0
1466_sf7|cert:Tipo A;score:85
1467_sf7|cert:Tipo A;score:75
1468_sf7|cert:Tipo B;score:20
1469_sf7|cert:Tipo A;score:98
1470_sf7|cert:Tipo B;score:27
1471_sf7|cert:Tipo A;score:48
1472_sf7|cert:Tipo B;score:68
1473_sf7|cert:Tipo B;score:98
1474_sf7|cert:Tipo C;score:50
1475_sf7|cert:Tipo B;score:75
1476_sf7|cert:Tipo A;score:1
1477_sf7|cert:Não Certificado;score:96
1478_sf7|cert:Não Certificado;score:84
1479_sf7|cert:Tipo B;score:77
1480_sf7|cert:Tipo B;score:13
1481_sf7|cert:Tipo B;score:11
1482_sf7|cert:Tipo B;score:56
1483_sf7|cert:Tipo B;score:80
1484_sf7|cert:Tipo B;score:10
1485_sf7|cert:Tipo C;score:74
1486_sf7|cert:Não Certificado;score:31
1487_sf7|cert:Não Certificado;score:71
1488_sf7|cert:Tipo B;score:47
1489_sf7|cert:Tipo B;score:92
1490_sf7|cert:Tipo C;score:16
1491_sf7|cert:Tipo C;score:98
1492_sf7|cert:Tipo C;score:48
1493_sf7|cert:Não Certificado;score:6
1494_sf7|cert:Tipo C;score:24
1495_sf7|cert:Tipo C;score:62
1496_sf7|cert:Tipo B;score:80
1497_sf7|cert:Não Certificado;score:25
1498_sf7|cert:Tipo A;score:46
1499_sf7|cert:Tipo B;score:42
1500_sf7|cert:Tipo A;score:47
1501_sf7|cert:Tipo C;score:39
1502_sf7|cert:Tipo A;score:66
1503_sf7|cert:Não Certificado;score:30
1504_sf7|cert:Tipo B;score:22
1505_sf7|cert:Tipo C;score:66
1506_sf7|cert:Tipo A;score:22
1507_sf7|cert:Tipo A;score:87
1508_sf7|cert:Não Certificado;score:66
1509_sf7|cert:Não Certificado;score:21
1510_sf7|cert:Tipo C;score:3
1511_sf7|cert:Tipo B;score:61
1512_sf7|cert:Tipo B;score:14
1513_sf7|cert:Tipo A;score:34
1514_sf7|cert:Tipo B;score:19
1515_sf7|cert:Tipo C;score:54
1516_sf7|cert:Tipo B;score:82
1517_sf7|cert:Tipo C;score:59
1518_sf7|cert:Não Certificado;score:19
1519_sf7|cert:Não Certificado;score:47
1520_sf7|cert:Tipo B;score:47
1521_sf7|cert:Não Certificado;score:64
1522_sf7|cert:Tipo B;score:47
1523_sf7|cert:Não Certificado;score:95
1524_sf7|cert:Tipo C;score:11
1525_sf7|cert:Tipo C;score:32
1526_sf7|cert:Tipo B;score:81
1527_sf7|cert:Tipo A;score:52
1528_sf7|cert:Tipo B;score:20
1529_sf7|cert:Tipo B;score:74
1530_sf7|cert:Não Certificado;score:47
1531_sf7|cert:Tipo C;score:49
1532_sf7|cert:Tipo C;score:93
1533_sf7|cert:Tipo B;score:39
1534_sf7|cert:Tipo A;score:88
1535_sf7|cert:Não Certificado;score:64
1536_sf7|cert:Tipo B;score:24
1537_sf7|cert:Tipo B;score:62
1538_sf7|cert:Tipo C;score:21
1539_sf7|cert:Tipo C;score:98
1540_sf7|cert:Tipo A;score:98
1541_sf7|cert:Tipo C;score:43
1542_sf7|cert:Tipo C;score:26
1543_sf7|cert:Não Certificado;score:91
1544_sf7|cert:Tipo B;score:79
1545_sf7|cert:Tipo A;score:64
1546_sf7|cert:Tipo A;score:3
1547_sf7|cert:Tipo C;score:44
1548_sf7|cert:Tipo B;score:77
1549_sf7|cert:Tipo B;score:9
1550_sf7|cert:Tipo A;score:14
1551_sf7|cert:Tipo A;score:62
1552_sf7|cert:Tipo B;score:37
1553_sf7|cert:Tipo C;score:53
1554_sf7|cert:Não Certificado;score:20
1555_sf7|cert:Tipo C;score:38
1556_sf7|cert:Não Certificado;score:83
1557_sf7|cert:Não Certificado;score:31
1558_sf7|cert:Não Certificado;score:87
1559_sf7|cert:Não Certificado;score:57
1560_sf7|cert:Tipo B;score:46
1561_sf7|cert:Tipo A;score:73
1562_sf7|cert:Tipo B;score:48
1563_sf7|cert:Não Certificado;score:89
1564_sf7|cert:Tipo B;score:89
1565_sf7|cert:Não Certificado;score:37
1566_sf7|cert:Não Certificado;score:37
1567_sf7|cert:Tipo A;score:14
1568_sf7|cert:Tipo B;score:1
1569_sf7|cert:Tipo C;score:14
1570_sf7|cert:Não Certificado;score:91
1571_sf7|cert:Tipo C;score:51
1572_sf7|cert:Não Certificado;score:7
1573_sf7|cert:Tipo A;score:39
1574_sf7|cert:Tipo B;score:95
1575_sf7|cert:Não Certificado;score:33
1576_sf7|cert:Tipo B;score:32
1577_sf7|cert:Tipo B;score:13
1578_sf7|cert:Não Certificado;score:19
1579_sf7|cert:Tipo C;score:27
1580_sf7|cert:Tipo C;score:35
1581_sf7|cert:Não Certificado;score:46
1582_sf7|cert:Tipo C;score:39
1583_sf7|cert:Tipo B;score:50
1584_sf7|cert:Tipo B;score:52
1585_sf7|cert:Tipo B;score:32
1586_sf7|cert:Tipo B;score:4
1587_sf7|cert:Tipo C;score:3
1588_sf7|cert:Tipo B;score:33
1589_sf7|cert:Não Certificado;score:48
1590_sf7|cert:Não Certificado;score:44
1591_sf7|cert:Tipo C;score:74
1592_sf7|cert:Tipo B;score:26
1593_sf7|cert:Não Certificado;score:24
1594_sf7|cert:Tipo B;score:2
1595_sf7|cert:Tipo B;score:57
1596_sf7|cert:Não Certificado;score:37
1597_sf7|cert:Tipo C;score:97
1598_sf7|cert:Não Certificado;score:62
1599_sf7|cert:Tipo B;score:26
1600_sf7|cert:Tipo B;score:91
1601_sf7|cert:Não Certificado;score:52
1602_sf7|cert:Tipo B;score:68
1603_sf7|cert:Tipo B;score:60
1604_sf7|cert:Não Certificado;score:97
1605_sf7|cert:Tipo C;score:23
1606_sf7|cert:Tipo A;score:21
1607_sf7|cert:Tipo A;score:76
1608_sf7|cert:Tipo B;score:28
1609_sf7|cert:Não Certificado;score:92
1610_sf7|cert:Não Certificado;score:7
1611_sf7|cert:Tipo A;score:26
1612_sf7|cert:Tipo B;score:87
1613_sf7|cert:Tipo C;score:71
1614_sf7|cert:Tipo B;score:13
1615_sf7|cert:Tipo A;score:55
1616_sf7|cert:Tipo B;score:24
1617_sf7|cert:Não Certificado;score:78
1618_sf7|cert:Tipo A;score:47
1619_sf7|cert:Tipo A;score:60
1620_sf7|cert:Tipo A;score:56
1621_sf7|cert:Não Certificado;score:99
1622_sf7|cert:Tipo A;score:24
1623_sf7|cert:Tipo A;score:94
1624_sf7|cert:Tipo B;score:50
1625_sf7|cert:Tipo A;score:94
1626_sf7|cert:Tipo B;score:93
1627_sf7|cert:Tipo A;score:66
1628_sf7|cert:Tipo A;score:12
1629_sf7|cert:Não Certificado;score:21
1630_sf7|cert:Não Certificado;score:64
1631_sf7|cert:Tipo C;score:76
1632_sf7|cert:Tipo B;score:7
1633_sf7|cert:Tipo C;score:90
1634_sf7|cert:Não Certificado;score:18
1635_sf7|cert:Tipo C;score:44
1636_sf7|cert:Tipo B;score:43
1637_sf7|cert:Tipo C;score:98
1638_sf7|cert:Tipo C;score:67
1639_sf7|cert:Tipo A;score:17
1640_sf7|cert:Tipo B;score:6
1641_sf7|cert:Não Certificado;score:37
1642_sf7|cert:Tipo A;score:2
1643_sf7|cert:Não Certificado;score:60
1644_sf7|cert:Tipo B;score:77
1645_sf7|cert:Tipo A;score:18
1646_sf7|cert:Tipo A;score:71
1647_sf7|cert:Tipo C;score:56
1648_sf7|cert:Tipo B;score:69
1649_sf7|cert:Não Certificado;score:63
1650_sf7|cert:Tipo A;score:13
1651_sf7|cert:Tipo C;score:58
1652_sf7|cert:Não Certificado;score:32
1653_sf7|cert:Tipo A;score:61
1654_sf7|cert:Não Certificado;score:13
1655_sf7|cert:Tipo A;score:81
1656_sf7|cert:Tipo B;score:37
1657_sf7|cert:Tipo C;score:52
1658_sf7|cert:Não Certificado;score:43
1659_sf7|cert:Tipo A;score:50
1660_sf7|cert:Tipo B;score:17
1661_sf7|cert:Tipo A;score:71
1662_sf7|cert:Tipo C;score:14
1663_sf7|cert:Tipo C;score:46
1664_sf7|cert:Tipo B;score:18
1665_sf7|cert:Tipo A;score:49
1666_sf7|cert:Tipo B;score:57
1667_sf7|cert:Tipo B;score:72
1668_sf7|cert:Não Certificado;score:75
1669_sf7|cert:Tipo B;score:14
1670_sf7|cert:Tipo C;score:85
1671_sf7|cert:Tipo B;score:85
1672_sf7|cert:Tipo B;score:64
1673_sf7|cert:Tipo B;score:30
1674_sf7|cert:Tipo C;score:84
1675_sf7|cert:Tipo A;score:53
1676_sf7|cert:Tipo B;score:57
1677_sf7|cert:Não Certificado;score:4
1678_sf7|cert:Tipo C;score:93
1679_sf7|cert:Não Certificado;score:65
1680_sf7|cert:Tipo B;score:8
1681_sf7|cert:Não Certificado;score:85
1682_sf7|cert:Não Certificado;score:19
1683_sf7|cert:Tipo C;score:97
1684_sf7|cert:Não Certificado;score:67
1685_sf7|cert:Tipo C;score:52
1686_sf7|cert:Tipo C;score:23
1687_sf7|cert:Tipo B;score:17
1688_sf7|cert:Tipo B;score:75
1689_sf7|cert:Tipo A;score:56
1690_sf7|cert:Tipo C;score:20
1691_sf7|cert:Não Certificado;score:3
1692_sf7|cert:Não Certificado;score:46
1693_sf7|cert:Tipo C;score:99
1694_sf7|cert:Tipo A;score:54
1695_sf7|cert:Não Certificado;score:22
1696_sf7|cert:Tipo B;score:28
1697_sf7|cert:Tipo B;score:75
1698_sf7|cert:Tipo B;score:87
1699_sf7|cert:Tipo C;score:66
1700_sf7|cert:Tipo B;score:30
1701_sf7|cert:Não Certificado;score:94
1702_sf7|cert:Tipo A;score:18
1703_sf7|cert:Não Certificado;score:63
1704_sf7|cert:Tipo B;score:35
1705_sf7|cert:Tipo A;score:68
1706_sf7|cert:Tipo B;score:78
1707_sf7|cert:Tipo A;score:71
1708_sf7|cert:Tipo C;score:41
1709_sf7|cert:Tipo B;score:69
1710_sf7|cert:Tipo C;score:44
1711_sf7|cert:Tipo B;score:70
1712_sf7|cert:Tipo B;score:48
1713_sf7|cert:Não Certificado;score:71
1714_sf7|cert:Não Certificado;score:13
1715_sf7|cert:Tipo B;score:49
1716_sf7|cert:Tipo B;score:11
1717_sf7|cert:Não Certificado;score:6
1718_sf7|cert:Tipo B;score:49
1719_sf7|cert:Tipo A;score:80
1720_sf7|cert:Tipo B;score:11
1721_sf7|cert:Tipo C;score:69
1722_sf7|cert:Tipo A;score:90
1723_sf7|cert:Tipo A;score:2
1724_sf7|cert:Tipo A;score:3
1725_sf7|cert:Não Certificado;score:69
1726_sf7|cert:Tipo A;score:33
1727_sf7|cert:Tipo A;score:24
1728_sf7|cert:Tipo B;score:39
1729_sf7|cert:Tipo A;score:39
1730_sf7|cert:Não Certificado;score:3
1731_sf7|cert:Tipo B;score:67
1732_sf7|cert:Tipo C;score:26
1733_sf7|cert:Tipo C;score:73
1734_sf7|cert:Tipo C;score:44
1735_sf7|cert:Tipo C;score:65
1736_sf7|cert:Tipo B;score:68
1737_sf7|cert:Tipo B;score:18
1738_sf7|cert:Tipo A;score:73
1739_sf7|cert:Tipo C;score:92
1740_sf7|cert:Tipo C;score:3
1741_sf7|cert:Tipo C;score:85
1742_sf7|cert:Não Certificado;score:39
1743_sf7|cert:Tipo B;score:47
1744_sf7|cert:Tipo B;score:96
1745_sf7|cert:Tipo C;score:87
1746_sf7|cert:Tipo B;score:55
1747_sf7|cert:Não Certificado;score:64
1748_sf7|cert:Tipo A;score:12
1749_sf7|cert:Tipo C;score:99
1750_sf7|cert:Tipo A;score:26
1751_sf7|cert:Não Certificado;score:55
1752_sf7|cert:Tipo B;score:57
1753_sf7|cert:Tipo B;score:76
1754_sf7|cert:Tipo C;score:57
1755_sf7|cert:Não Certificado;score:30
1756_sf7|cert:Tipo C;score:35
1757_sf7|cert:Tipo C;score:15
1758_sf7|cert:Tipo C;score:92
1759_sf7|cert:Tipo A;score:80
1760_sf7|cert:Tipo B;score:44
1761_sf7|cert:Tipo B;score:43
1762_sf7|cert:Não Certificado;score:33
1763_sf7|cert:Não Certificado;score:20
1764_sf7|cert:Tipo A;score:6
1765_sf7|cert:Tipo C;score:91
1766_sf7|cert:Tipo C;score:75
1767_sf7|cert:Tipo B;score:92
1768_sf7|cert:Tipo B;score:40
1769_sf7|cert:Tipo A;score:11
1770_sf7|cert:Tipo A;score:81
1771_sf7|cert:Tipo A;score:81
1772_sf7|cert:Tipo C;score:0
1773_sf7|cert:Tipo A;score:91
1774_sf7|cert:Tipo A;score:81
1775_sf7|cert:Não Certificado;score:16
1776_sf7|cert:Tipo B;score:89
1777_sf7|cert:Tipo B;score:44
1778_sf7|cert:Tipo A;score:53
1779_sf7|cert:Não Certificado;score:50
1780_sf7|cert:Tipo C;score:45
1781_sf7|cert:Tipo B;score:65
1782_sf7|cert:Tipo C;score:10
1783_sf7|cert:Tipo A;score:19
1784_sf7|cert:Tipo B;score:75
1785_sf7|cert:Tipo C;score:4
1786_sf7|cert:Tipo B;score:97
1787_sf7|cert:Tipo C;score:51
1788_sf7|cert:Tipo C;score:93
1789_sf7|cert:Não Certificado;score:29
1790_sf7|cert:Não Certificado;score:19
1791_sf7|cert:Tipo B;score:89
1792_sf7|cert:Tipo B;score:15
1793_sf7|cert:Não Certificado;score:66
1794_sf7|cert:Tipo C;score:96
1795_sf7|cert:Tipo C;score:44
1796_sf7|cert:Tipo B;score:85
1797_sf7|cert:Tipo A;score:31
1798_sf7|cert:Tipo A;score:49
1799_sf7|cert:Tipo B;score:61
1800_sf7|cert:Tipo B;score:56
1801_sf7|cert:Tipo A;score:8
1802_sf7|cert:Não Certificado;score:61
1803_sf7|cert:Não Certificado;score:7
1804_sf7|cert:Tipo B;score:70
1805_sf7|cert:Tipo B;score:69
1806_sf7|cert:Tipo C;score:66
1807_sf7|cert:Tipo A;score:77
1808_sf7|cert:Tipo B;score:99
1809_sf7|cert:Tipo C;score:53
1810_sf7|cert:Tipo B;score:80
1811_sf7|cert:Tipo C;score:75
1812_sf7|cert:Tipo C;score:54
1813_sf7|cert:Tipo C;score:95
1814_sf7|cert:Não Certificado;score:70
1815_sf7|cert:Não Certificado;score:14
1816_sf7|cert:Tipo B;score:14
1817_sf7|cert:Não Certificado;score:14
1818_sf7|cert:Tipo C;score:53
1819_sf7|cert:Tipo B;score:7
1820_sf7|cert:Não Certificado;score:0
1821_sf7|cert:Tipo A;score:26
1822_sf7|cert:Tipo C;score:45
1823_sf7|cert:Não Certificado;score:93
1824_sf7|cert:Tipo B;score:70
1825_sf7|cert:Tipo A;score:41
1826_sf7|cert:Tipo A;score:69
1827_sf7|cert:Tipo B;score:25
1828_sf7|cert:Tipo C;score:59
1829_sf7|cert:Não Certificado;score:26
1830_sf7|cert:Tipo A;score:19
1831_sf7|cert:Tipo B;score:77
1832_sf7|cert:Tipo B;score:35
1833_sf7|cert:Tipo C;score:90
1834_sf7|cert:Tipo A;score:49
1835_sf7|cert:Tipo A;score:21
1836_sf7|cert:Tipo B;score:77
1837_sf7|cert:Tipo B;score:14
1838_sf7|cert:Não Certificado;score:59
1839_sf7|cert:Tipo A;score:6
1840_sf7|cert:Tipo B;score:21
1841_sf7|cert:Tipo C;score:43
1842_sf7|cert:Tipo C;score:29
1843_sf7|cert:Tipo A;score:90
1844_sf7|cert:Tipo B;score:26
1845_sf7|cert:Tipo C;score:54
1846_sf7|cert:Tipo A;score:0
1847_sf7|cert:Tipo B;score:89
1848_sf7|cert:Tipo B;score:69
1849_sf7|cert:Não Certificado;score:68
1850_sf7|cert:Tipo C;score:85
1851_sf7|cert:Tipo A;score:39
1852_sf7|cert:Tipo B;score:49
1853_sf7|cert:Tipo B;score:91
1854_sf7|cert:Tipo A;score:23
1855_sf7|cert:Não Certificado;score:33
1856_sf7|cert:Tipo B;score:41
1857_sf7|cert:Tipo C;score:65
1858_sf7|cert:Não Certificado;score:60
1859_sf7|cert:Tipo B;score:93
1860_sf7|cert:Tipo A;score:52
1861_sf7|cert:Não Certificado;score:79
1862_sf7|cert:Tipo A;score:46
1863_sf7|cert:Não Certificado;score:32
1864_sf7|cert:Tipo B;score:84
1865_sf7|cert:Não Certificado;score:21
1866_sf7|cert:Não Certificado;score:68
1867_sf7|cert:Não Certificado;score:54
1868_sf7|cert:Tipo A;score:50
1869_sf7|cert:Tipo B;score:68
1870_sf7|cert:Não Certificado;score:22
1871_sf7|cert:Não Certificado;score:40
1872_sf7|cert:Tipo B;score:54
1873_sf7|cert:Tipo C;score:19
1874_sf7|cert:Tipo B;score:88
1875_sf7|cert:Tipo C;score:63
1876_sf7|cert:Tipo C;score:7
1877_sf7|cert:Tipo C;score:24
1878_sf7|cert:Tipo B;score:67
1879_sf7|cert:Tipo A;score:73
1880_sf7|cert:Tipo B;score:32
1881_sf7|cert:Não Certificado;score:91
1882_sf7|cert:Não Certificado;score:92
1883_sf7|cert:Tipo A;score:13
1884_sf7|cert:Tipo A;score:55
1885_sf7|cert:Tipo A;score:8
1886_sf7|cert:Tipo A;score:94
1887_sf7|cert:Tipo A;score:86
1888_sf7|cert:Tipo B;score:72
1889_sf7|cert:Tipo C;score:39
1890_sf7|cert:Não Certificado;score:64
1891_sf7|cert:Não Certificado;score:5
1892_sf7|cert:Tipo C;score:66
1893_sf7|cert:Tipo C;score:50
1894_sf7|cert:Tipo B;score:53
1895_sf7|cert:Tipo A;score:23
1896_sf7|cert:Tipo B;score:32
1897_sf7|cert:Não Certificado;score:74
1898_sf7|cert:Não Certificado;score:25
1899_sf7|cert:Tipo C;score:13
1900_sf7|cert:Não Certificado;score:44
1901_sf7|cert:Tipo B;score:22
1902_sf7|cert:Tipo C;score:11
1903_sf7|cert:Tipo B;score:71
1904_sf7|cert:Tipo B;score:55
1905_sf7|cert:Não Certificado;score:5
1906_sf7|cert:Tipo C;score:32
1907_sf7|cert:Não Certificado;score:23
1908_sf7|cert:Tipo A;score:76
1909_sf7|cert:Tipo C;score:95
1910_sf7|cert:Tipo B;score:54
1911_sf7|cert:Tipo B;score:39
1912_sf7|cert:Tipo B;score:20
1913_sf7|cert:Tipo B;score:36
1914_sf7|cert:Tipo B;score:10
1915_sf7|cert:Tipo A;score:74
1916_sf7|cert:Não Certificado;score:85
1917_sf7|cert:Não Certificado;score:71
1918_sf7|cert:Tipo B;score:44
1919_sf7|cert:Não Certificado;score:65
1920_sf7|cert:Tipo B;score:65
1921_sf7|cert:Tipo C;score:3
1922_sf7|cert:Tipo A;score:11
1923_sf7|cert:Tipo A;score:17
1924_sf7|cert:Tipo B;score:98
1925_sf7|cert:Tipo B;score:71
1926_sf7|cert:Não Certificado;score:35
1927_sf7|cert:Tipo C;score:84
1928_sf7|cert:Tipo B;score:69
1929_sf7|cert:Tipo C;score:76
1930_sf7|cert:Não Certificado;score:34
1931_sf7|cert:Tipo A;score:12
1932_sf7|cert:Tipo B;score:38
1933_sf7|cert:Não Certificado;score:10
1934_sf7|cert:Tipo C;score:10
1935_sf7|cert:Tipo A;score:33
1936_sf7|cert:Tipo B;score:4
1937_sf7|cert:Tipo C;score:80
1938_sf7|cert:Tipo C;score:2
1939_sf7|cert:Tipo B;score:92
1940_sf7|cert:Tipo C;score:70
1941_sf7|cert:Tipo C;score:13
1942_sf7|cert:Tipo C;score:88
1943_sf7|cert:Tipo B;score:6
1944_sf7|cert:Tipo B;score:44
1945_sf7|cert:Tipo C;score:71
1946_sf7|cert:Tipo A;score:77
1947_sf7|cert:Tipo B;score:91
1948_sf7|cert:Tipo A;score:99
1949_sf7|cert:Tipo A;score:98
1950_sf7|cert:Tipo C;score:22
1951_sf7|cert:Não Certificado;score:24
1952_sf7|cert:Tipo B;score:45
1953_sf7|cert:Tipo C;score:78
1954_sf7|cert:Tipo B;score:65
1955_sf7|cert:Tipo A;score:74
1956_sf7|cert:Não Certificado;score:98
1957_sf7|cert:Tipo C;score:88
1958_sf7|cert:Tipo C;score:24
1959_sf7|cert:Não Certificado;score:3
1960_sf7|cert:Tipo B;score:38
1961_sf7|cert:Tipo B;score:57
1962_sf7|cert:Tipo C;score:23
1963_sf7|cert:Tipo C;score:67
1964_sf7|cert:Não Certificado;score:27
1965_sf7|cert:Tipo B;score:97
1966_sf7|cert:Tipo B;score:24
1967_sf7|cert:Tipo B;score:8
1968_sf7|cert:Tipo B;score:22
1969_sf7|cert:Tipo B;score:38
1970_sf7|cert:Tipo C;score:0
1971_sf7|cert:Tipo A;score:54
1972_sf7|cert:Tipo C;score:20
1973_sf7|cert:Tipo C;score:91
1974_sf7|cert:Tipo B;score:94
1975_sf7|cert:Tipo A;score:60
1976_sf7|cert:Tipo B;score:77
1977_sf7|cert:Tipo C;score:7
1978_sf7|cert:Não Certificado;score:10
1979_sf7|cert:Tipo A;score:73
1980_sf7|cert:Tipo B;score:50
1981_sf7|cert:Tipo A;score:41
1982_sf7|cert:Tipo A;score:60
1983_sf7|cert:Não Certificado;score:5
1984_sf7|cert:Tipo B;score:15
1985_sf7|cert:Tipo A;score:32
1986_sf7|cert:Não Certificado;score:80
1987_sf7|cert:Tipo B;score:81
1988_sf7|cert:Tipo A;score:43
1989_sf7|cert:Tipo C;score:19
1990_sf7|cert:Tipo B;score:29
1991_sf7|cert:Tipo C;score:39
1992_sf7|cert:Tipo B;score:63
1993_sf7|cert:Tipo A;score:92
1994_sf7|cert:Tipo C;score:54
1995_sf7|cert:Tipo B;score:48
1996_sf7|cert:Tipo A;score:82
1997_sf7|cert:Tipo A;score:99
1998_sf7|cert:Tipo C;score:5
1999_sf7|cert:Tipo A;score:28
0_sf8|cert:Tipo B;score:62
1_sf8|cert:Tipo B;score:90
2_sf8|cert:Tipo C;score:45
3_sf8|cert:Tipo A;score:32
4_sf8|cert:Tipo A;score:80
5_sf8|cert:Não Certificado;score:30
6_sf8|cert:Tipo C;score:68
7_sf8|cert:Tipo B;score:89
8_sf8|cert:Tipo B;score:80
9_sf8|cert:Tipo B;score:60
10_sf8|cert:Tipo A;score:66
11_sf8|cert:Tipo C;score:28
12_sf8|cert:Tipo C;score:88
13_sf8|cert:Não Certificado;score:99
14_sf8|cert:Não Certificado;score:95
15_sf8|cert:Não Certificado;score:39
16_sf8|cert:Tipo B;score:52
17_sf8|cert:Não Certificado;score:53
18_sf8|cert:Tipo A;score:24
19_sf8|cert:Tipo C;score:35
20_sf8|cert:Não Certificado;score:8
21_sf8|cert:Tipo B;score:81
22_sf8|cert:Tipo B;score:76
23_sf8|cert:Tipo B;score:30
24_sf8|cert:Tipo B;score:7
25_sf8|cert:Tipo C;score:28
26_sf8|cert:Tipo B;score:36
27_sf8|cert:Tipo A;score:63
28_sf8|cert:Tipo A;score:49
29_sf8|cert:Tipo A;score:76
30_sf8|cert:Tipo C;score:38
31_sf8|cert:Tipo C;score:78
32_sf8|cert:Tipo B;score:4
33_sf8|cert:Não Certificado;score:17
34_sf8|cert:Tipo A;score:49
35_sf8|cert:Tipo B;score:53
36_sf8|cert:Não Certificado;score:96
37_sf8|cert:Tipo A;score:13
38_sf8|cert:Tipo C;score:93
39_sf8|cert:Tipo C;score:38
40_sf8|cert:Tipo B;score:25
41_sf8|cert:Tipo A;score:23
42_sf8|cert:Tipo B;score:95
43_sf8|cert:Tipo B;score:64
44_sf8|cert:Não Certificado;score:34
45_sf8|cert:Tipo B;score:21
46_sf8|cert:Tipo B;score:80
47_sf8|cert:Tipo A;score:29
48_sf8|cert:Tipo B;score:31
49_sf8|cert:Tipo B;score:21
50_sf8|cert:Não Certificado;score:31
51_sf8|cert:Tipo A;score:78
52_sf8|cert:Tipo C;score:30
53_sf8|cert:Não Certificado;score:50
54_sf8|cert:Tipo C;score:93
55_sf8|cert:Tipo C;score:14
56_sf8|cert:Tipo B;score:48
57_sf8|cert:Não Certificado;score:75
58_sf8|cert:Tipo A;score:66
59_sf8|cert:Tipo B;score:58
60_sf8|cert:Tipo A;score:87
61_sf8|cert:Não Certificado;score:64
62_sf8|cert:Tipo C;score:45
63_sf8|cert:Tipo C;score:90
64_sf8|cert:Tipo B;score:47
65_sf8|cert:Tipo C;score:8
66_sf8|cert:Tipo C;score:8
67_sf8|cert:Não Certificado;score:54
68_sf8|cert:Não Certificado;score:73
69_sf8|cert:Tipo B;score:82
70_sf8|cert:Não Certificado;score:43
71_sf8|cert:Tipo C;score:54
72_sf8|cert:Tipo B;score:93
73_sf8|cert:Tipo C;score:69
74_sf8|cert:Tipo B;score:21
75_sf8|cert:Tipo B;score:60
76_sf8|cert:Tipo A;score:69
77_sf8|cert:Não Certificado;score:69
78_sf8|cert:Não Certificado;score:56
79_sf8|cert:Não Certificado;score:65
80_sf8|cert:Tipo B;score:32
81_sf8|cert:Tipo A;score:13
82_sf8|cert:Tipo C;score:19
83_sf8|cert:Tipo C;score:63
84_sf8|cert:Tipo B;score:3
85_sf8|cert:Tipo C;score:81
86_sf8|cert:Tipo A;score:23
87_sf8|cert:Tipo A;score:12
88_sf8|cert:Tipo B;score:81
89_sf8|cert:Não Certificado;score:86
90_sf8|cert:Tipo A;score:96
91_sf8|cert:Tipo B;score:70
92_sf8|cert:Tipo C;score:64
93_sf8|cert:Tipo A;score:36
94_sf8|cert:Não Certificado;score:42
95_sf8|cert:Tipo A;score:19
96_sf8|cert:Tipo B;score:28
97_sf8|cert:Não Certificado;score:56
98_sf8|cert:Tipo A;score:29
99_sf8|cert:Tipo C;score:85
100_sf8|cert:Tipo B;score:4
101_sf8|cert:Tipo C;score:88
102_sf8|cert:Não Certificado;score:62
103_sf8|cert:Não Certificado;score:15
104_sf8|cert:Tipo B;score:44
105_sf8|cert:Tipo B;score:76
106_sf8|cert:Não Certificado;score:10
107_sf8|cert:Tipo B;score:98
108_sf8|cert:Não Certificado;score:91
109_sf8|cert:Tipo B;score:75
110_sf8|cert:Tipo B;score:20
111_sf8|cert:Tipo C;score:43
112_sf8|cert:Tipo B;score:17
113_sf8|cert:Tipo C;score:53
114_sf8|cert:Tipo A;score:5
115_sf8|cert:Tipo A;score:56
116_sf8|cert:Tipo A;score:38
117_sf8|cert:Tipo B;score:40
118_sf8|cert:Tipo C;score:75
119_sf8|cert:Não Certificado;score:1
120_sf8|cert:Tipo B;score:56
121_sf8|cert:Tipo B;score:50
122_sf8|cert:Tipo B;score:93
123_sf8|cert:Tipo B;score:85
124_sf8|cert:Tipo B;score:6
125_sf8|cert:Tipo A;score:40
126_sf8|cert:Não Certificado;score:65
127_sf8|cert:Não Certificado;score:11
128_sf8|cert:Tipo B;score:26
129_sf8|cert:Não Certificado;score:52
130_sf8|cert:Tipo C;score:59
131_sf8|cert:Tipo A;score:90
132_sf8|cert:Tipo A;score:20
133_sf8|cert:Não Certificado;score:74
134_sf8|cert:Tipo B;score:75
135_sf8|cert:Tipo A;score:99
136_sf8|cert:Tipo B;score:75
137_sf8|cert:Tipo B;score:25
138_sf8|cert:Tipo A;score:23
139_sf8|cert:Tipo A;score:56
140_sf8|cert:Tipo C;score:39
141_sf8|cert:Tipo B;score:0
142_sf8|cert:Tipo A;score:95
143_sf8|cert:Tipo B;score:38
144_sf8|cert:Tipo B;score:41
145_sf8|cert:Tipo A;score:78
146_sf8|cert:Tipo C;score:5
147_sf8|cert:Não Certificado;score:76
148_sf8|cert:Não Certificado;score:43
149_sf8|cert:Tipo A;score:85
150_sf8|cert:Não Certificado;score:4
151_sf8|cert:Não Certificado;score:41
152_sf8|cert:Tipo B;score:6
153_sf8|cert:Tipo A;score:76
154_sf8|cert:Tipo C;score:0
155_sf8|cert:Tipo C;score:22
156_sf8|cert:Tipo A;score:76
157_sf8|cert:Tipo A;score:36
158_sf8|cert:Tipo A;score:32
159_sf8|cert:Não Certificado;score:7
160_sf8|cert:Tipo B;score:72
161_sf8|cert:Não Certificado;score:4
162_sf8|cert:Tipo C;score:50
163_sf8|cert:Tipo A;score:47
164_sf8|cert:Tipo C;score:90
165_sf8|cert:Tipo B;score:96
166_sf8|cert:Tipo A;score:30
167_sf8|cert:Tipo C;score:5
168_sf8|cert:Tipo B;score:84
169_sf8|cert:Não Certificado;score:37
170_sf8|cert:Não Certificado;score:63
171_sf8|cert:Tipo C;score:0
172_sf8|cert:Tipo A;score:8
173_sf8|cert:Tipo A;score:75
174_sf8|cert:Tipo C;score:20
175_sf8|cert:Tipo C;score:67
176_sf8|cert:Tipo B;score:37
177_sf8|cert:Tipo B;score:42
178_sf8|cert:Não Certificado;score:26
179_sf8|cert:Não Certificado;score:82
180_sf8|cert:Não Certificado;score:95
181_sf8|cert:Tipo C;score:38
182_sf8|cert:Não Certificado;score:93
183_sf8|cert:Tipo A;score:83
184_sf8|cert:Tipo B;score:52
185_sf8|cert:Tipo C;score:16
186_sf8|cert:Tipo B;score:4
187_sf8|cert:Tipo A;score:96
188_sf8|cert:Não Certificado;score:53
189_sf8|cert:Tipo A;score:96
190_sf8|cert:Tipo C;score:99
191_sf8|cert:Tipo C;score:95
192_sf8|cert:Tipo B;score:75
193_sf8|cert:Tipo A;score:21
194_sf8|cert:Não Certificado;score:12
195_sf8|cert:Tipo C;score:64
196_sf8|cert:Tipo B;score:28
197_sf8|cert:Tipo A;score:48
198_sf8|cert:Tipo B;score:44
199_sf8|cert:Não Certificado;score:86
200_sf8|cert:Tipo B;score:66
201_sf8|cert:Tipo B;score:50
202_sf8|cert:Tipo B;score:18
203_sf8|cert:Tipo B;score:80
204_sf8|cert:Tipo C;score:95
205_sf8|cert:Tipo A;score:55
206_sf8|cert:Tipo B;score:19
207_sf8|cert:Tipo B;score:48
208_sf8|cert:Tipo B;score:78
209_sf8|cert:Tipo A;score:67
210_sf8|cert:Tipo A;score:94
211_sf8|cert:Não Certificado;score:48
212_sf8|cert:Tipo B;score:56
213_sf8|cert:Tipo B;score:50
214_sf8|cert:Não Certificado;score:96
215_sf8|cert:Tipo C;score:84
216_sf8|cert:Tipo B;score:73
217_sf8|cert:Não Certificado;score:97
218_sf8|cert:Tipo A;score:76
219_sf8|cert:Não Certificado;score:73
220_sf8|cert:Tipo B;score:97
221_sf8|cert:Tipo B;score:60
222_sf8|cert:Tipo A;score:7
223_sf8|cert:Tipo A;score:68
224_sf8|cert:Tipo B;score:50
225_sf8|cert:Tipo B;score:23
226_sf8|cert:Tipo B;score:48
227_sf8|cert:Tipo C;score:43
228_sf8|cert:Tipo B;score:32
229_sf8|cert:Tipo C;score:52
230_sf8|cert:Tipo A;score:28
231_sf8|cert:Tipo B;score:52
232_sf8|cert:Tipo B;score:97
233_sf8|cert:Tipo A;score:75
234_sf8|cert:Tipo C;score:57
235_sf8|cert:Tipo A;score:74
236_sf8|cert:Tipo B;score:86
237_sf8|cert:Tipo A;score:54
238_sf8|cert:Tipo C;score:47
239_sf8|cert:Não Certificado;score:56
240_sf8|cert:Tipo B;score:78
241_sf8|cert:Tipo A;score:78
242_sf8|cert:Tipo B;score:78
243_sf8|cert:Tipo C;score:61
244_sf8|cert:Tipo B;score:78
245_sf8|cert:Tipo A;score:38
246_sf8|cert:Tipo C;score:47
247_sf8|cert:Tipo A;score:89
248_sf8|cert:Tipo B;score:64
249_sf8|cert:Não Certificado;score:13
250_sf8|cert:Tipo A;score:64
251_sf8|cert:Tipo C;score:90
252_sf8|cert:Tipo C;score:5
253_sf8|cert:Não Certificado;score:36
254_sf8|cert:Não Certificado;score:44
255_sf8|cert:Tipo A;score:8
256_sf8|cert:Tipo B;score:51
257_sf8|cert:Tipo A;score:31
258_sf8|cert:Tipo A;score:19
259_sf8|cert:Tipo B;score:8
260_sf8|cert:Tipo A;score:11
261_sf8|cert:Tipo C;score:61
262_sf8|cert:Tipo B;score:44
263_sf8|cert:Tipo B;score:9
264_sf8|cert:Tipo B;score:11
265_sf8|cert:Tipo C;score:62
266_sf8|cert:Tipo B;score:7
267_sf8|cert:Não Certificado;score:26
268_sf8|cert:Não Certificado;score:97
269_sf8|cert:Tipo B;score:52
270_sf8|cert:Tipo B;score:0
271_sf8|cert:Tipo B;score:96
272_sf8|cert:Tipo B;score:48
273_sf8|cert:Tipo B;score:3
274_sf8|cert:Tipo A;score:95
275_sf8|cert:Não Certificado;score:91
276_sf8|cert:Tipo A;score:55
277_sf8|cert:Tipo A;score:28
278_sf8|cert:Tipo B;score:48
279_sf8|cert:Não Certificado;score:7
280_sf8|cert:Tipo B;score:64
281_sf8|cert:Tipo C;score:46
282_sf8|cert:Tipo B;score:12
283_sf8|cert:Tipo C;score:68
284_sf8|cert:Tipo C;score:55
285_sf8|cert:Tipo C;score:0
286_sf8|cert:Não Certificado;score:27
287_sf8|cert:Tipo B;score:66
288_sf8|cert:Tipo B;score:9
289_sf8|cert:Tipo C;score:3
290_sf8|cert:Tipo A;score:43
291_sf8|cert:Tipo B;score:7
292_sf8|cert:Tipo A;score:71
293_sf8|cert:Tipo C;score:77
294_sf8|cert:Tipo A;score:52
295_sf8|cert:Tipo B;score:84
296_sf8|cert:Tipo B;score:25
297_sf8|cert:Tipo B;score:54
298_sf8|cert:Tipo C;score:10
299_sf8|cert:Tipo B;score:45
300_sf8|cert:Tipo A;score:94
301_sf8|cert:Tipo A;score:92
302_sf8|cert:Tipo B;score:80
303_sf8|cert:Tipo C;score:90
304_sf8|cert:Tipo B;score:98
305_sf8|cert:Tipo A;score:9
306_sf8|cert:Tipo C;score:18
307_sf8|cert:Tipo B;score:34
308_sf8|cert:Tipo B;score:43
309_sf8|cert:Tipo B;score:7
310_sf8|cert:Tipo B;score:9
311_sf8|cert:Tipo B;score:62
312_sf8|cert:Tipo B;score:19
313_sf8|cert:Não Certificado;score:16
314_sf8|cert:Não Certificado;score:90
315_sf8|cert:Tipo C;score:34
316_sf8|cert:Tipo C;score:33
317_sf8|cert:Tipo B;score:5
318_sf8|cert:Tipo C;score:33
319_sf8|cert:Tipo A;score:73
320_sf8|cert:Tipo B;score:8
321_sf8|cert:Não Certificado;score:51
322_sf8|cert:Tipo C;score:84
323_sf8|cert:Não Certificado;score:43
324_sf8|cert:Tipo B;score:74
325_sf8|cert:Tipo B;score:2
326_sf8|cert:Tipo A;score:39
327_sf8|cert:Tipo A;score:27
328_sf8|cert:Tipo B;score:73
329_sf8|cert:Tipo B;score:74
330_sf8|cert:Tipo C;score:39
331_sf8|cert:Tipo C;score:6
332_sf8|cert:Tipo C;score:65
333_sf8|cert:Não Certificado;score:48
334_sf8|cert:Tipo B;score:8
335_sf8|cert:Tipo C;score:26
336_sf8|cert:Tipo B;score:31
337_sf8|cert:Não Certificado;score:57
338_sf8|cert:Tipo A;score:86
339_sf8|cert:Tipo B;score:98
340_sf8|cert:Tipo B;score:89
341_sf8|cert:Tipo A;score:47
342_sf8|cert:Tipo C;score:10
343_sf8|cert:Tipo A;score:94
344_sf8|cert:Tipo B;score:83
345_sf8|cert:Tipo B;score:27
346_sf8|cert:Tipo A;score:60
347_sf8|cert:Tipo C;score:9
348_sf8|cert:Tipo A;score:64
349_sf8|cert:Tipo B;score:53
350_sf8|cert:Tipo A;score:91
351_sf8|cert:Não Certificado;score:12
352_sf8|cert:Tipo B;score:97
353_sf8|cert:Tipo C;score:18
354_sf8|cert:Tipo B;score:78
355_sf8|cert:Tipo A;score:72
356_sf8|cert:Tipo C;score:79
357_sf8|cert:Não Certificado;score:8
358_sf8|cert:Tipo A;score:61
359_sf8|cert:Tipo C;score:24
360_sf8|cert:Tipo B;score:49
361_sf8|cert:Tipo B;score:33
362_sf8|cert:Tipo C;score:24
363_sf8|cert:Tipo C;score:4
364_sf8|cert:Tipo B;score:27
365_sf8|cert:Não Certificado;score:1
366_sf8|cert:Tipo B;score:89
367_sf8|cert:Tipo B;score:21
368_sf8|cert:Tipo B;score:27
369_sf8|cert:Tipo B;score:22
370_sf8|cert:Tipo B;score:45
371_sf8|cert:Tipo B;score:16
372_sf8|cert:Tipo C;score:57
373_sf8|cert:Não Certificado;score:99
374_sf8|cert:Tipo A;score:64
375_sf8|cert:Tipo C;score:97
376_sf8|cert:Tipo B;score:61
377_sf8|cert:Tipo B;score:1
378_sf8|cert:Tipo A;score:36
379_sf8|cert:Tipo A;score:21
380_sf8|cert:Não Certificado;score:2
381_sf8|cert:Tipo B;score:32
382_sf8|cert:Tipo B;score:20
383_sf8|cert:Tipo B;score:28
384_sf8|cert:Tipo B;score:59
385_sf8|cert:Tipo A;score:15
386_sf8|cert:Tipo C;score:29
387_sf8|cert:Não Certificado;score:0
388_sf8|cert:Tipo C;score:66
389_sf8|cert:Tipo C;score:24
390_sf8|cert:Não Certificado;score:13
391_sf8|cert:Tipo C;score:73
392_sf8|cert:Tipo B;score:22
393_sf8|cert:Tipo C;score:97
394_sf8|cert:Tipo C;score:36
395_sf8|cert:Tipo B;score:33
396_sf8|cert:Tipo B;score:28
397_sf8|cert:Não Certificado;score:2
398_sf8|cert:Tipo B;score:29
399_sf8|cert:Tipo C;score:43
400_sf8|cert:Tipo B;score:20
401_sf8|cert:Tipo B;score:67
402_sf8|cert:Tipo C;score:92
403_sf8|cert:Não Certificado;score:50
404_sf8|cert:Não Certificado;score:95
405_sf8|cert:Tipo C;score:29
406_sf8|cert:Tipo C;score:18
407_sf8|cert:Tipo B;score:75
408_sf8|cert:Tipo B;score:32
409_sf8|cert:Tipo B;score:49
410_sf8|cert:Tipo C;score:23
411_sf8|cert:Não Certificado;score:53
412_sf8|cert:Tipo B;score:49
413_sf8|cert:Tipo A;score:83
414_sf8|cert:Tipo A;score:21
415_sf8|cert:Não Certificado;score:98
416_sf8|cert:Tipo B;score:22
417_sf8|cert:Tipo B;score:62
418_sf8|cert:Tipo B;score:78
419_sf8|cert:Tipo C;score:39
420_sf8|cert:Tipo C;score:89
421_sf8|cert:Tipo B;score:99
422_sf8|cert:Tipo A;score:96
423_sf8|cert:Tipo A;score:59
424_sf8|cert:Tipo B;score:4
425_sf8|cert:Tipo C;score:22
426_sf8|cert:Tipo C;score:34
427_sf8|cert:Tipo B;score:34
428_sf8|cert:Tipo A;score:13
429_sf8|cert:Não Certificado;score:74
430_sf8|cert:Não Certificado;score:24
431_sf8|cert:Não Certificado;score:42
432_sf8|cert:Tipo B;score:41
433_sf8|cert:Tipo B;score:29
434_sf8|cert:Tipo B;score:92
435_sf8|cert:Tipo C;score:80
436_sf8|cert:Tipo A;score:48
437_sf8|cert:Não Certificado;score:97
438_sf8|cert:Tipo B;score:10
439_sf8|cert:Tipo C;score:55
440_sf8|cert:Tipo B;score:75
441_sf8|cert:Tipo A;score:67
442_sf8|cert:Tipo C;score:9
443_sf8|cert:Tipo B;score:74
444_sf8|cert:Não Certificado;score:94
445_sf8|cert:Não Certificado;score:99
446_sf8|cert:Tipo A;score:92
447_sf8|cert:Tipo A;score:53
448_sf8|cert:Tipo B;score:75
449_sf8|cert:Tipo C;score:48
450_sf8|cert:Tipo A;score:82
451_sf8|cert:Tipo B;score:17
452_sf8|cert:Tipo C;score:90
453_sf8|cert:Tipo C;score:6
454_sf8|cert:Não Certificado;score:88
455_sf8|cert:Tipo B;score:10
456_sf8|cert:Tipo B;score:13
457_sf8|cert:Não Certificado;score:29
458_sf8|cert:Não Certificado;score:80
459_sf8|cert:Tipo B;score:9
460_sf8|cert:Não Certificado;score:83
461_sf8|cert:Tipo A;score:64
462_sf8|cert:Tipo B;score:44
463_sf8|cert:Tipo B;score:9
464_sf8|cert:Tipo B;score:57
465_sf8|cert:Tipo B;score:78
466_sf8|cert:Tipo C;score:90
467_sf8|cert:Tipo B;score:95
468_sf8|cert:Tipo B;score:73
469_sf8|cert:Tipo A;score:75
470_sf8|cert:Não Certificado;score:62
471_sf8|cert:Tipo B;score:40
472_sf8|cert:Tipo B;score:27
473_sf8|cert:Tipo C;score:91
474_sf8|cert:Tipo B;score:87
475_sf8|cert:Tipo A;score:50
476_sf8|cert:Não Certificado;score:18
477_sf8|cert:Tipo C;score:59
478_sf8|cert:Tipo A;score:19
479_sf8|cert:Tipo B;score:83
480_sf8|cert:Tipo B;score:69
481_sf8|cert:Não Certificado;score:75
482_sf8|cert:Não Certificado;score:64
483_sf8|cert:Tipo A;score:10
484_sf8|cert:Tipo A;score:25
485_sf8|cert:Tipo A;score:72
486_sf8|cert:Tipo A;score:92
487_sf8|cert:Tipo A;score:88
488_sf8|cert:Tipo B;score:17
489_sf8|cert:Tipo B;score:54
490_sf8|cert:Tipo B;score:15
491_sf8|cert:Tipo B;score:29
492_sf8|cert:Não Certificado;score:58
493_sf8|cert:Tipo A;score:51
494_sf8|cert:Tipo A;score:80
495_sf8|cert:Tipo A;score:83
496_sf8|cert:Tipo B;score:46
497_sf8|cert:Não Certificado;score:84
498_sf8|cert:Tipo B;score:74
499_sf8|cert:Tipo A;score:1
500_sf8|cert:Tipo C;score:22
501_sf8|cert:Tipo B;score:80
502_sf8|cert:Não Certificado;score:46
503_sf8|cert:Não Certificado;score:32
504_sf8|cert:Tipo B;score:55
505_sf8|cert:Tipo B;score:74
506_sf8|cert:Tipo C;score:88
507_sf8|cert:Tipo B;score:60
508_sf8|cert:Tipo B;score:68
509_sf8|cert:Tipo B;score:31
510_sf8|cert:Tipo B;score:49
511_sf8|cert:Tipo B;score:56
512_sf8|cert:Tipo B;score:72
513_sf8|cert:Tipo A;score:54
514_sf8|cert:Tipo A;score:43
515_sf8|cert:Tipo B;score:12
516_sf8|cert:Tipo C;score:71
517_sf8|cert:Tipo A;score:58
518_sf8|cert:Tipo B;score:24
519_sf8|cert:Tipo A;score:44
520_sf8|cert:Tipo B;score:40
521_sf8|cert:Tipo B;score:43
522_sf8|cert:Tipo A;score:87
523_sf8|cert:Tipo A;score:6
524_sf8|cert:Tipo B;score:1
525_sf8|cert:Tipo B;score:63
526_sf8|cert:Não Certificado;score:34
527_sf8|cert:Tipo B;score:56
528_sf8|cert:Tipo B;score:49
529_sf8|cert:Tipo C;score:53
530_sf8|cert:Não Certificado;score:9
531_sf8|cert:Não Certificado;score:42
532_sf8|cert:Tipo C;score:44
533_sf8|cert:Tipo C;score:60
534_sf8|cert:Não Certificado;score:48
535_sf8|cert:Tipo A;score:37
536_sf8|cert:Tipo B;score:3
537_sf8|cert:Tipo B;score:96
538_sf8|cert:Tipo B;score:26
539_sf8|cert:Não Certificado;score:40
540_sf8|cert:Tipo C;score:4
541_sf8|cert:Tipo A;score:8
542_sf8|cert:Tipo B;score:26
543_sf8|cert:Não Certificado;score:54
544_sf8|cert:Tipo B;score:64
545_sf8|cert:Tipo A;score:93
546_sf8|cert:Tipo B;score:23
547_sf8|cert:Tipo B;score:36
548_sf8|cert:Tipo B;score:92
549_sf8|cert:Tipo B;score:62
550_sf8|cert:Tipo C;score:24
551_sf8|cert:Tipo C;score:82
552_sf8|cert:Tipo B;score:72
553_sf8|cert:Não Certificado;score:50
554_sf8|cert:Tipo B;score:32
555_sf8|cert:Tipo C;score:80
556_sf8|cert:Tipo B;score:99
557_sf8|cert:Tipo A;score:50
558_sf8|cert:Tipo B;score:96
559_sf8|cert:Não Certificado;score:30
560_sf8|cert:Tipo B;score:55
561_sf8|cert:Tipo B;score:72
562_sf8|cert:Tipo A;score:22
563_sf8|cert:Tipo C;score:42
564_sf8|cert:Tipo B;score:39
565_sf8|cert:Não Certificado;score:87
566_sf8|cert:Tipo C;score:99
567_sf8|cert:Não Certificado;score:50
568_sf8|cert:Tipo B;score:39
569_sf8|cert:Tipo B;score:72
570_sf8|cert:Tipo B;score:12
571_sf8|cert:Não Certificado;score:16
572_sf8|cert:Tipo C;score:41
573_sf8|cert:Tipo C;score:45
574_sf8|cert:Tipo A;score:12
575_sf8|cert:Tipo A;score:81
576_sf8|cert:Tipo B;score:73
577_sf8|cert:Tipo C;score:80
578_sf8|cert:Não Certificado;score:34
579_sf8|cert:Não Certificado;score:16
580_sf8|cert:Tipo A;score:3
581_sf8|cert:Tipo B;score:81
582_sf8|cert:Tipo B;score:9
583_sf8|cert:Tipo B;score:45
584_sf8|cert:Tipo B;score:42
585_sf8|cert:Não Certificado;score:61
586_sf8|cert:Tipo C;score:4
587_sf8|cert:Tipo A;score:97
588_sf8|cert:Tipo C;score:32
589_sf8|cert:Tipo A;score:30
590_sf8|cert:Não Certificado;score:20
591_sf8|cert:Tipo C;score:21
592_sf8|cert:Tipo B;score:10
593_sf8|cert:Não Certificado;score:4
594_sf8|cert:Tipo B;score:27
595_sf8|cert:Não Certificado;score:88
596_sf8|cert:Tipo A;score:75
597_sf8|cert:Tipo B;score:53
598_sf8|cert:Tipo C;score:63
599_sf8|cert:Não Certificado;score:80
600_sf8|cert:Tipo B;score:45
601_sf8|cert:Tipo B;score:66
602_sf8|cert:Tipo B;score:17
603_sf8|cert:Não Certificado;score:67
604_sf8|cert:Tipo C;score:93
605_sf8|cert:Tipo A;score:81
606_sf8|cert:Tipo B;score:6
607_sf8|cert:Tipo C;score:64
608_sf8|cert:Tipo B;score:62
609_sf8|cert:Tipo B;score:83
610_sf8|cert:Tipo A;score:36
611_sf8|cert:Tipo B;score:81
612_sf8|cert:Não Certificado;score:68
613_sf8|cert:Não Certificado;score:51
614_sf8|cert:Tipo C;score:69
615_sf8|cert:Tipo A;score:73
616_sf8|cert:Tipo B;score:80
617_sf8|cert:Tipo B;score:98
618_sf8|cert:Tipo C;score:5
619_sf8|cert:Tipo A;score:59
620_sf8|cert:Tipo B;score:54
621_sf8|cert:Não Certificado;score:56
622_sf8|cert:Tipo A;score:9
623_sf8|cert:Tipo A;score:1
624_sf8|cert:Tipo B;score:61
625_sf8|cert:Tipo C;score:27
626_sf8|cert:Não Certificado;score:52
627_sf8|cert:Tipo C;score:63
628_sf8|cert:Tipo A;score:61
629_sf8|cert:Tipo B;score:83
630_sf8|cert:Tipo A;score:0
631_sf8|cert:Tipo B;score:90
632_sf8|cert:Tipo B;score:14
633_sf8|cert:Tipo C;score:2
634_sf8|cert:Tipo C;score:32
635_sf8|cert:Tipo B;score:95
636_sf8|cert:Tipo C;score:59
637_sf8|cert:Tipo A;score:8
638_sf8|cert:Tipo B;score:41
639_sf8|cert:Tipo B;score:53
640_sf8|cert:Tipo B;score:23
641_sf8|cert:Não Certificado;score:50
642_sf8|cert:Tipo B;score:95
643_sf8|cert:Tipo A;score:46
644_sf8|cert:Tipo B;score:4
645_sf8|cert:Tipo A;score:93
646_sf8|cert:Não Certificado;score:14
647_sf8|cert:Tipo A;score:19
648_sf8|cert:Tipo B;score:49
649_sf8|cert:Não Certificado;score:50
650_sf8|cert:Tipo A;score:43
651_sf8|cert:Não Certificado;score:44
652_sf8|cert:Tipo A;score:28
653_sf8|cert:Tipo A;score:38
654_sf8|cert:Tipo B;score:50
655_sf8|cert:Tipo B;score:9
656_sf8|cert:Tipo B;score:97
657_sf8|cert:Tipo B;score:94
658_sf8|cert:Tipo A;score:24
659_sf8|cert:Tipo C;score:92
660_sf8|cert:Tipo B;score:15
661_sf8|cert:Tipo A;score:0
662_sf8|cert:Tipo B;score:98
663_sf8|cert:Tipo B;score:7
664_sf8|cert:Tipo B;score:70
665_sf8|cert:Tipo C;score:95
666_sf8|cert:Tipo B;score:3
667_sf8|cert:Tipo C;score:66
668_sf8|cert:Tipo C;score:26
669_sf8|cert:Tipo A;score:47
670_sf8|cert:Não Certificado;score:38
671_sf8|cert:Tipo B;score:91
672_sf8|cert:Tipo B;score:48
673_sf8|cert:Não Certificado;score:39
674_sf8|cert:Tipo A;score:40
675_sf8|cert:Não Certificado;score:20
676_sf8|cert:Não Certificado;score:32
677_sf8|cert:Tipo C;score:33
678_sf8|cert:Não Certificado;score:89
679_sf8|cert:Não Certificado;score:79
680_sf8|cert:Tipo B;score:48
681_sf8|cert:Não Certificado;score:76
682_sf8|cert:Não Certificado;score:15
683_sf8|cert:Tipo B;score:25
684_sf8|cert:Tipo A;score:19
685_sf8|cert:Tipo A;score:85
686_sf8|cert:Tipo A;score:10
687_sf8|cert:Tipo C;score:22
688_sf8|cert:Tipo B;score:26
689_sf8|cert:Tipo B;score:81
690_sf8|cert:Tipo A;score:52
691_sf8|cert:Tipo B;score:5
692_sf8|cert:Tipo A;score:70
693_sf8|cert:Tipo C;score:73
694_sf8|cert:Tipo A;score:71
695_sf8|cert:Tipo C;score:19
696_sf8|cert:Tipo B;score:64
697_sf8|cert:Tipo C;score:10
698_sf8|cert:Não Certificado;score:87
699_sf8|cert:Tipo A;score:44
700_sf8|cert:Tipo C;score:4
701_sf8|cert:Tipo A;score:7
702_sf8|cert:Tipo C;score:35
703_sf8|cert:Tipo B;score:24
704_sf8|cert:Tipo B;score:44
705_sf8|cert:Não Certificado;score:54
706_sf8|cert:Tipo C;score:11
707_sf8|cert:Tipo C;score:8
708_sf8|cert:Tipo C;score:94
709_sf8|cert:Tipo B;score:73
710_sf8|cert:Tipo B;score:24
711_sf8|cert:Tipo C;score:57
712_sf8|cert:Tipo B;score:28
713_sf8|cert:Tipo C;score:2
714_sf8|cert:Tipo A;score:2
715_sf8|cert:Não Certificado;score:10
716_sf8|cert:Tipo B;score:32
717_sf8|cert:Tipo B;score:69
718_sf8|cert:Tipo A;score:74
719_sf8|cert:Tipo A;score:54
720_sf8|cert:Tipo B;score:6
721_sf8|cert:Tipo B;score:80
722_sf8|cert:Tipo C;score:10
723_sf8|cert:Tipo B;score:90
724_sf8|cert:Tipo C;score:60
725_sf8|cert:Não Certificado;score:14
726_sf8|cert:Tipo A;score:14
727_sf8|cert:Tipo B;score:10
728_sf8|cert:Tipo B;score:4
729_sf8|cert:Tipo B;score:86
730_sf8|cert:Tipo C;score:49
731_sf8|cert:Tipo B;score:19
732_sf8|cert:Tipo B;score:2
733_sf8|cert:Tipo A;score:34
734_sf8|cert:Tipo A;score:95
735_sf8|cert:Não Certificado;score:71
736_sf8|cert:Tipo B;score:31
737_sf8|cert:Tipo A;score:24
738_sf8|cert:Tipo B;score:54
739_sf8|cert:Tipo A;score:96
740_sf8|cert:Tipo A;score:74
741_sf8|cert:Tipo C;score:86
742_sf8|cert:Tipo B;score:46
743_sf8|cert:Tipo B;score:28
744_sf8|cert:Tipo B;score:9
745_sf8|cert:Tipo A;score:76
746_sf8|cert:Tipo B;score:85
747_sf8|cert:Tipo B;score:67
748_sf8|cert:Tipo A;score:46
749_sf8|cert:Tipo A;score:59
750_sf8|cert:Tipo C;score:10
751_sf8|cert:Tipo C;score:67
752_sf8|cert:Tipo B;score:53
753_sf8|cert:Tipo C;score:33
754_sf8|cert:Tipo B;score:76
755_sf8|cert:Tipo C;score:30
756_sf8|cert:Tipo A;score:89
757_sf8|cert:Tipo B;score:30
758_sf8|cert:Não Certificado;score:20
759_sf8|cert:Tipo C;score:1
760_sf8|cert:Tipo B;score:1
761_sf8|cert:Tipo C;score:66
762_sf8|cert:Tipo A;score:67
763_sf8|cert:Tipo A;score:97
764_sf8|cert:Tipo B;score:54
765_sf8|cert:Tipo B;score:90
766_sf8|cert:Tipo B;score:49
767_sf8|cert:Tipo C;score:4
768_sf8|cert:Tipo B;score:29
769_sf8|cert:Não Certificado;score:88
770_sf8|cert:Tipo A;score:38
771_sf8|cert:Tipo C;score:94
772_sf8|cert:Tipo B;score:45
773_sf8|cert:Tipo A;score:8
774_sf8|cert:Não Certificado;score:20
775_sf8|cert:Tipo C;score:80
776_sf8|cert:Tipo B;score:8
777_sf8|cert:Tipo A;score:18
778_sf8|cert:Tipo B;score:71
779_sf8|cert:Tipo B;score:2
780_sf8|cert:Tipo B;score:90
781_sf8|cert:Tipo A;score:6
782_sf8|cert:Tipo B;score:40
783_sf8|cert:Não Certificado;score:23
784_sf8|cert:Tipo B;score:30
785_sf8|cert:Tipo A;score:11
786_sf8|cert:Não Certificado;score:30
787_sf8|cert:Não Certificado;score:31
788_sf8|cert:Tipo C;score:66
789_sf8|cert:Não Certificado;score:66
790_sf8|cert:Tipo A;score:31
791_sf8|cert:Tipo A;score:14
792_sf8|cert:Tipo B;score:63
793_sf8|cert:Não Certificado;score:1
794_sf8|cert:Tipo B;score:50
795_sf8|cert:Tipo A;score:64
796_sf8|cert:Tipo A;score:24
797_sf8|cert:Tipo C;score:96
798_sf8|cert:Não Certificado;score:93
799_sf8|cert:Não Certificado;score:67
800_sf8|cert:Tipo B;score:12
801_sf8|cert:Tipo A;score:7
802_sf8|cert:Não Certificado;score:66
803_sf8|cert:Tipo B;score:92
804_sf8|cert:Não Certificado;score:25
805_sf8|cert:Tipo B;score:89
806_sf8|cert:Tipo A;score:46
807_sf8|cert:Tipo C;score:67
808_sf8|cert:Tipo B;score:5
809_sf8|cert:Tipo B;score:48
810_sf8|cert:Tipo C;score:41
811_sf8|cert:Não Certificado;score:93
812_sf8|cert:Tipo C;score:38
813_sf8|cert:Não Certificado;score:55
814_sf8|cert:Tipo A;score:80
815_sf8|cert:Não Certificado;score:25
816_sf8|cert:Tipo B;score:42
817_sf8|cert:Tipo C;score:44
818_sf8|cert:Tipo A;score:69
819_sf8|cert:Tipo C;score:59
820_sf8|cert:Tipo B;score:41
821_sf8|cert:Tipo A;score:38
822_sf8|cert:Não Certificado;score:37
823_sf8|cert:Não Certificado;score:12
824_sf8|cert:Tipo B;score:53
825_sf8|cert:Tipo B;score:2
826_sf8|cert:Tipo B;score:16
827_sf8|cert:Não Certificado;score:2
828_sf8|cert:Tipo B;score:44
829_sf8|cert:Tipo C;score:5
830_sf8|cert:Tipo A;score:45
831_sf8|cert:Tipo C;score:72
832_sf8|cert:Tipo B;score:45
833_sf8|cert:Tipo B;score:86
834_sf8|cert:Tipo B;score:2
835_sf8|cert:Tipo B;score:40
836_sf8|cert:Não Certificado;score:61
837_sf8|cert:Tipo C;score:3
838_sf8|cert:Não Certificado;score:39
839_sf8|cert:Tipo A;score:60
840_sf8|cert:Tipo B;score:90
841_sf8|cert:Não Certificado;score:85
842_sf8|cert:Não Certificado;score:15
843_sf8|cert:Tipo A;score:87
844_sf8|cert:Não Certificado;score:59
845_sf8|cert:Tipo A;score:2
846_sf8|cert:Tipo A;score:0
847_sf8|cert:Tipo A;score:43
848_sf8|cert:Tipo B;score:80
849_sf8|cert:Tipo B;score:47
850_sf8|cert:Não Certificado;score:49
851_sf8|cert:Tipo C;score:51
852_sf8|cert:Tipo B;score:41
853_sf8|cert:Tipo A;score:76
854_sf8|cert:Tipo A;score:35
855_sf8|cert:Tipo C;score:60
856_sf8|cert:Tipo B;score:16
857_sf8|cert:Não Certificado;score:63
858_sf8|cert:Tipo A;score:3
859_sf8|cert:Não Certificado;score:31
860_sf8|cert:Não Certificado;score:44
861_sf8|cert:Tipo B;score:23
862_sf8|cert:Tipo A;score:83
863_sf8|cert:Tipo C;score:52
864_sf8|cert:Tipo B;score:43
865_sf8|cert:Tipo A;score:91
866_sf8|cert:Tipo B;score:96
867_sf8|cert:Tipo B;score:95
868_sf8|cert:Não Certificado;score:63
869_sf8|cert:Tipo A;score:95
870_sf8|cert:Não Certificado;score:33
871_sf8|cert:Tipo A;score:52
872_sf8|cert:Tipo B;score:56
873_sf8|cert:Tipo A;score:11
874_sf8|cert:Tipo B;score:55
875_sf8|cert:Não Certificado;score:11
876_sf8|cert:Não Certificado;score:51
877_sf8|cert:Tipo C;score:89
878_sf8|cert:Tipo B;score:0
879_sf8|cert:Não Certificado;score:91
880_sf8|cert:Tipo B;score:36
881_sf8|cert:Não Certificado;score:58
882_sf8|cert:Tipo B;score:19
883_sf8|cert:Tipo C;score:34
884_sf8|cert:Tipo A;score:19
885_sf8|cert:Tipo A;score:94
886_sf8|cert:Tipo C;score:65
887_sf8|cert:Tipo C;score:23
888_sf8|cert:Tipo B;score:67
889_sf8|cert:Tipo A;score:84
890_sf8|cert:Tipo A;score:48
891_sf8|cert:Tipo A;score:90
892_sf8|cert:Tipo C;score:73
893_sf8|cert:Não Certificado;score:2
894_sf8|cert:Tipo B;score:8
895_sf8|cert:Tipo A;score:5
896_sf8|cert:Tipo B;score:57
897_sf8|cert:Não Certificado;score:22
898_sf8|cert:Tipo B;score:18
899_sf8|cert:Tipo A;score:19
900_sf8|cert:Tipo A;score:80
901_sf8|cert:Tipo C;score:38
902_sf8|cert:Tipo B;score:80
903_sf8|cert:Tipo B;score:53
904_sf8|cert:Tipo B;score:21
905_sf8|cert:Tipo C;score:22
906_sf8|cert:Tipo A;score:67
907_sf8|cert:Não Certificado;score:99
908_sf8|cert:Tipo A;score:65
909_sf8|cert:Tipo A;score:2
910_sf8|cert:Tipo C;score:69
911_sf8|cert:Tipo B;score:78
912_sf8|cert:Tipo B;score:81
913_sf8|cert:Tipo A;score:55
914_sf8|cert:Tipo A;score:61
915_sf8|cert:Tipo A;score:12
916_sf8|cert:Não Certificado;score:38
917_sf8|cert:Tipo B;score:43
918_sf8|cert:Tipo B;score:44
919_sf8|cert:Não Certificado;score:4
920_sf8|cert:Tipo B;score:68
921_sf8|cert:Não Certificado;score:6
922_sf8|cert:Tipo A;score:42
923_sf8|cert:Tipo A;score:36
924_sf8|cert:Tipo C;score:80
925_sf8|cert:Tipo B;score:54
926_sf8|cert:Tipo C;score:77
927_sf8|cert:Não Certificado;score:71
928_sf8|cert:Tipo B;score:62
929_sf8|cert:Tipo B;score:58
930_sf8|cert:Não Certificado;score:80
931_sf8|cert:Tipo A;score:73
932_sf8|cert:Tipo C;score:72
933_sf8|cert:Tipo C;score:3
934_sf8|cert:Não Certificado;score:26
935_sf8|cert:Tipo A;score:0
936_sf8|cert:Tipo B;score:85
937_sf8|cert:Não Certificado;score:21
938_sf8|cert:Tipo C;score:72
939_sf8|cert:Tipo B;score:0
940_sf8|cert:Tipo B;score:31
941_sf8|cert:Não Certificado;score:70
942_sf8|cert:Não Certificado;score:39
943_sf8|cert:Tipo A;score:43
944_sf8|cert:Tipo B;score:46
945_sf8|cert:Não Certificado;score:53
946_sf8|cert:Tipo B;score:58
947_sf8|cert:Não Certificado;score:1
948_sf8|cert:Não Certificado;score:72
949_sf8|cert:Tipo B;score:30
950_sf8|cert:Não Certificado;score:63
951_sf8|cert:Não Certificado;score:30
952_sf8|cert:Tipo B;score:21
953_sf8|cert:Tipo B;score:50
954_sf8|cert:Tipo C;score:24
955_sf8|cert:Tipo A;score:0
956_sf8|cert:Tipo B;score:27
957_sf8|cert:Tipo C;score:93
958_sf8|cert:Tipo C;score:46
959_sf8|cert:Tipo C;score:90
960_sf8|cert:Tipo B;score:59
961_sf8|cert:Não Certificado;score:48
962_sf8|cert:Não Certificado;score:40
963_sf8|cert:Tipo A;score:82
964_sf8|cert:Não Certificado;score:45
965_sf8|cert:Tipo B;score:20
966_sf8|cert:Tipo C;score:86
967_sf8|cert:Tipo C;score:3
968_sf8|cert:Tipo B;score:67
969_sf8|cert:Tipo C;score:83
970_sf8|cert:Não Certificado;score:89
971_sf8|cert:Tipo A;score:43
972_sf8|cert:Tipo B;score:43
973_sf8|cert:Tipo B;score:19
974_sf8|cert:Tipo B;score:58
975_sf8|cert:Tipo C;score:68
976_sf8|cert:Tipo B;score:68
977_sf8|cert:Tipo B;score:50
978_sf8|cert:Tipo B;score:78
979_sf8|cert:Não Certificado;score:69
980_sf8|cert:Tipo B;score:0
981_sf8|cert:Tipo A;score:0
982_sf8|cert:Tipo C;score:58
983_sf8|cert:Tipo B;score:88
984_sf8|cert:Tipo B;score:84
985_sf8|cert:Tipo B;score:92
986_sf8|cert:Tipo A;score:14
987_sf8|cert:Não Certificado;score:89
988_sf8|cert:Tipo C;score:51
989_sf8|cert:Tipo C;score:35
990_sf8|cert:Tipo A;score:60
991_sf8|cert:Não Certificado;score:81
992_sf8|cert:Tipo B;score:80
993_sf8|cert:Tipo C;score:62
994_sf8|cert:Tipo B;score:72
995_sf8|cert:Tipo C;score:37
996_sf8|cert:Não Certificado;score:42
997_sf8|cert:Tipo B;score:74
998_sf8|cert:Tipo B;score:67
999_sf8|cert:Tipo A;score:57
1000_sf8|cert:Tipo B;score:61
1001_sf8|cert:Tipo A;score:88
1002_sf8|cert:Tipo C;score:35
1003_sf8|cert:Tipo C;score:81
1004_sf8|cert:Tipo B;score:79
1005_sf8|cert:Tipo C;score:75
1006_sf8|cert:Não Certificado;score:57
1007_sf8|cert:Tipo B;score:62
1008_sf8|cert:Tipo B;score:51
1009_sf8|cert:Tipo B;score:12
1010_sf8|cert:Tipo A;score:10
1011_sf8|cert:Tipo A;score:17
1012_sf8|cert:Não Certificado;score:69
1013_sf8|cert:Tipo C;score:24
1014_sf8|cert:Tipo B;score:23
1015_sf8|cert:Não Certificado;score:85
1016_sf8|cert:Tipo B;score:5
1017_sf8|cert:Tipo A;score:5
1018_sf8|cert:Não Certificado;score:8
1019_sf8|cert:Tipo C;score:50
1020_sf8|cert:Tipo C;score:60
1021_sf8|cert:Tipo A;score:54
1022_sf8|cert:Tipo B;score:81
1023_sf8|cert:Não Certificado;score:78
1024_sf8|cert:Tipo B;score:79
1025_sf8|cert:Tipo B;score:29
1026_sf8|cert:Não Certificado;score:72
1027_sf8|cert:Não Certificado;score:1
1028_sf8|cert:Tipo B;score:0
1029_sf8|cert:Não Certificado;score:73
1030_sf8|cert:Não Certificado;score:23
1031_sf8|cert:Não Certificado;score:95
1032_sf8|cert:Tipo B;score:60
1033_sf8|cert:Tipo B;score:55
1034_sf8|cert:Tipo A;score:78
1035_sf8|cert:Não Certificado;score:60
1036_sf8|cert:Tipo C;score:95
1037_sf8|cert:Tipo C;score:19
1038_sf8|cert:Tipo A;score:31
1039_sf8|cert:Tipo A;score:7
1040_sf8|cert:Tipo B;score:71
1041_sf8|cert:Não Certificado;score:42
1042_sf8|cert:Tipo B;score:30
1043_sf8|cert:Tipo B;score:40
1044_sf8|cert:Não Certificado;score:25
1045_sf8|cert:Tipo B;score:17
1046_sf8|cert:Tipo A;score:30
1047_sf8|cert:Tipo C;score:75
1048_sf8|cert:Tipo B;score:33
1049_sf8|cert:Tipo C;score:73
1050_sf8|cert:Tipo B;score:60
1051_sf8|cert:Tipo C;score:68
1052_sf8|cert:Tipo B;score:91
1053_sf8|cert:Não Certificado;score:57
1054_sf8|cert:Tipo C;score:11
1055_sf8|cert:Tipo A;score:85
1056_sf8|cert:Tipo B;score:83
1057_sf8|cert:Não Certificado;score:85
1058_sf8|cert:Tipo C;score:50
1059_sf8|cert:Não Certificado;score:30
1060_sf8|cert:Tipo B;score:48
1061_sf8|cert:Não Certificado;score:44
1062_sf8|cert:Tipo A;score:57
1063_sf8|cert:Tipo B;score:40
1064_sf8|cert:Tipo B;score:29
1065_sf8|cert:Tipo C;score:64
1066_sf8|cert:Tipo C;score:82
1067_sf8|cert:Tipo B;score:21
1068_sf8|cert:Não Certificado;score:90
1069_sf8|cert:Não Certificado;score:35
1070_sf8|cert:Tipo B;score:47
1071_sf8|cert:Tipo C;score:35
1072_sf8|cert:Tipo B;score:14
1073_sf8|cert:Tipo A;score:26
1074_sf8|cert:Tipo B;score:29
1075_sf8|cert:Tipo A;score:80
1076_sf8|cert:Tipo B;score:3
1077_sf8|cert:Tipo B;score:80
1078_sf8|cert:Não Certificado;score:33
1079_sf8|cert:Tipo C;score:91
1080_sf8|cert:Tipo B;score:36
1081_sf8|cert:Não Certificado;score:71
1082_sf8|cert:Tipo C;score:65
1083_sf8|cert:Não Certificado;score:55
1084_sf8|cert:Tipo A;score:81
1085_sf8|cert:Tipo B;score:24
1086_sf8|cert:Tipo A;score:94
1087_sf8|cert:Tipo B;score:55
1088_sf8|cert:Tipo B;score:21
1089_sf8|cert:Tipo A;score:7
1090_sf8|cert:Tipo C;score:3
1091_sf8|cert:Tipo A;score:37
1092_sf8|cert:Tipo C;score:99
1093_sf8|cert:Tipo C;score:55
1094_sf8|cert:Tipo C;score:31
1095_sf8|cert:Não Certificado;score:40
1096_sf8|cert:Tipo B;score:23
1097_sf8|cert:Tipo C;score:42
1098_sf8|cert:Tipo B;score:96
1099_sf8|cert:Tipo B;score:34
1100_sf8|cert:Tipo B;score:56
1101_sf8|cert:Tipo B;score:12
1102_sf8|cert:Tipo B;score:39
1103_sf8|cert:Tipo C;score:4
1104_sf8|cert:Tipo B;score:60
1105_sf8|cert:Tipo C;score:0
1106_sf8|cert:Tipo A;score:89
1107_sf8|cert:Não Certificado;score:28
1108_sf8|cert:Tipo C;score:43
1109_sf8|cert:Tipo B;score:19
1110_sf8|cert:Tipo A;score:46
1111_sf8|cert:Tipo B;score:51
1112_sf8|cert:Tipo B;score:76
1113_sf8|cert:Tipo A;score:58
1114_sf8|cert:Tipo B;score:10
1115_sf8|cert:Tipo B;score:38
1116_sf8|cert:Tipo C;score:89
1117_sf8|cert:Não Certificado;score:49
1118_sf8|cert:Tipo B;score:26
1119_sf8|cert:Tipo A;score:99
1120_sf8|cert:Tipo B;score:86
1121_sf8|cert:Tipo C;score:6
1122_sf8|cert:Não Certificado;score:24
1123_sf8|cert:Não Certificado;score:23
1124_sf8|cert:Tipo A;score:24
1125_sf8|cert:Não Certificado;score:74
1126_sf8|cert:Não Certificado;score:81
1127_sf8|cert:Tipo B;score:38
1128_sf8|cert:Tipo B;score:6
1129_sf8|cert:Tipo C;score:70
1130_sf8|cert:Tipo B;score:84
1131_sf8|cert:Tipo B;score:65
1132_sf8|cert:Tipo A;score:78
1133_sf8|cert:Tipo B;score:51
1134_sf8|cert:Não Certificado;score:30
1135_sf8|cert:Tipo A;score:44
1136_sf8|cert:Tipo B;score:52
1137_sf8|cert:Tipo C;score:1
1138_sf8|cert:Tipo B;score:20
1139_sf8|cert:Não Certificado;score:92
1140_sf8|cert:Tipo A;score:31
1141_sf8|cert:Tipo C;score:34
1142_sf8|cert:Tipo B;score:62
1143_sf8|cert:Tipo B;score:29
1144_sf8|cert:Tipo B;score:93
1145_sf8|cert:Tipo C;score:8
1146_sf8|cert:Não Certificado;score:82
1147_sf8|cert:Tipo B;score:24
1148_sf8|cert:Não Certificado;score:41
1149_sf8|cert:Tipo C;score:70
1150_sf8|cert:Tipo A;score:16
1151_sf8|cert:Tipo B;score:67
1152_sf8|cert:Tipo B;score:69
1153_sf8|cert:Tipo C;score:30
1154_sf8|cert:Tipo A;score:70
1155_sf8|cert:Não Certificado;score:38
1156_sf8|cert:Tipo B;score:85
1157_sf8|cert:Tipo C;score:18
1158_sf8|cert:Tipo B;score:40
1159_sf8|cert:Não Certificado;score:60
1160_sf8|cert:Tipo B;score:95
1161_sf8|cert:Tipo B;score:31
1162_sf8|cert:Tipo A;score:56
1163_sf8|cert:Tipo B;score:91
1164_sf8|cert:Tipo A;score:20
1165_sf8|cert:Tipo C;score:64
1166_sf8|cert:Não Certificado;score:82
1167_sf8|cert:Tipo C;score:56
1168_sf8|cert:Tipo B;score:22
1169_sf8|cert:Não Certificado;score:22
1170_sf8|cert:Não Certificado;score:30
1171_sf8|cert:Tipo A;score:9
1172_sf8|cert:Tipo A;score:81
1173_sf8|cert:Tipo A;score:21
1174_sf8|cert:Não Certificado;score:84
1175_sf8|cert:Tipo A;score:56
1176_sf8|cert:Tipo B;score:53
1177_sf8|cert:Tipo B;score:89
1178_sf8|cert:Tipo B;score:83
1179_sf8|cert:Tipo A;score:3
1180_sf8|cert:Tipo C;score:50
1181_sf8|cert:Tipo C;score:27
1182_sf8|cert:Tipo B;score:74
1183_sf8|cert:Tipo A;score:57
1184_sf8|cert:Tipo B;score:76
1185_sf8|cert:Tipo A;score:59
1186_sf8|cert:Tipo A;score:63
1187_sf8|cert:Tipo A;score:68
1188_sf8|cert:Tipo C;score:1
1189_sf8|cert:Tipo C;score:75
1190_sf8|cert:Não Certificado;score:63
1191_sf8|cert:Tipo C;score:96
1192_sf8|cert:Tipo B;score:27
1193_sf8|cert:Tipo B;score:27
1194_sf8|cert:Tipo A;score:2
1195_sf8|cert:Tipo A;score:39
1196_sf8|cert:Tipo B;score:61
1197_sf8|cert:Tipo C;score:72
1198_sf8|cert:Não Certificado;score:5
1199_sf8|cert:Tipo A;score:5
1200_sf8|cert:Tipo B;score:81
1201_sf8|cert:Tipo C;score:32
1202_sf8|cert:Tipo B;score:70
1203_sf8|cert:Tipo C;score:62
1204_sf8|cert:Tipo A;score:99
1205_sf8|cert:Tipo A;score:16
1206_sf8|cert:Tipo A;score:90
1207_sf8|cert:Tipo A;score:96
1208_sf8|cert:Tipo B;score:77
1209_sf8|cert:Tipo B;score:91
1210_sf8|cert:Tipo B;score:61
1211_sf8|cert:Tipo A;score:37
1212_sf8|cert:Não Certificado;score:45
1213_sf8|cert:Não Certificado;score:85
1214_sf8|cert:Tipo A;score:58
1215_sf8|cert:Tipo A;score:22
1216_sf8|cert:Tipo B;score:3
1217_sf8|cert:Não Certificado;score:53
1218_sf8|cert:Não Certificado;score:89
1219_sf8|cert:Tipo A;score:41
1220_sf8|cert:Não Certificado;score:1
1221_sf8|cert:Tipo B;score:88
1222_sf8|cert:Tipo B;score:36
1223_sf8|cert:Não Certificado;score:65
1224_sf8|cert:Tipo B;score:46
1225_sf8|cert:Tipo A;score:64
1226_sf8|cert:Tipo A;score:16
1227_sf8|cert:Não Certificado;score:63
1228_sf8|cert:Não Certificado;score:34
1229_sf8|cert:Tipo A;score:92
1230_sf8|cert:Não Certificado;score:52
1231_sf8|cert:Tipo C;score:43
1232_sf8|cert:Tipo B;score:59
1233_sf8|cert:Tipo A;score:38
1234_sf8|cert:Tipo C;score:9
1235_sf8|cert:Tipo B;score:3
1236_sf8|cert:Tipo C;score:15
1237_sf8|cert:Tipo C;score:96
1238_sf8|cert:Tipo A;score:18
1239_sf8|cert:Tipo B;score:47
1240_sf8|cert:Tipo B;score:15
1241_sf8|cert:Tipo B;score:39
1242_sf8|cert:Tipo C;score:99
1243_sf8|cert:Tipo A;score:40
1244_sf8|cert:Tipo B;score:43
1245_sf8|cert:Tipo B;score:61
1246_sf8|cert:Tipo A;score:13
1247_sf8|cert:Não Certificado;score:77
1248_sf8|cert:Tipo B;score:24
1249_sf8|cert:Tipo C;score:69
1250_sf8|cert:Tipo B;score:73
1251_sf8|cert:Tipo A;score:66
1252_sf8|cert:Tipo C;score:46
1253_sf8|cert:Não Certificado;score:24
1254_sf8|cert:Não Certificado;score:14
1255_sf8|cert:Tipo A;score:7
1256_sf8|cert:Tipo B;score:88
1257_sf8|cert:Tipo C;score:88
1258_sf8|cert:Não Certificado;score:97
1259_sf8|cert:Não Certificado;score:34
1260_sf8|cert:Tipo C;score:64
1261_sf8|cert:Não Certificado;score:63
1262_sf8|cert:Não Certificado;score:18
1263_sf8|cert:Tipo C;score:71
1264_sf8|cert:Tipo B;score:12
1265_sf8|cert:Tipo A;score:34
1266_sf8|cert:Não Certificado;score:58
1267_sf8|cert:Tipo C;score:65
1268_sf8|cert:Tipo C;score:20
1269_sf8|cert:Tipo C;score:50
1270_sf8|cert:Tipo A;score:81
1271_sf8|cert:Tipo B;score:55
1272_sf8|cert:Tipo B;score:99
1273_sf8|cert:Tipo A;score:32
1274_sf8|cert:Não Certificado;score:92
1275_sf8|cert:Tipo C;score:84
1276_sf8|cert:Não Certificado;score:45
1277_sf8|cert:Tipo A;score:90
1278_sf8|cert:Tipo C;score:89
1279_sf8|cert:Tipo C;score:8
1280_sf8|cert:Tipo B;score:49
1281_sf8|cert:Não Certificado;score:36
1282_sf8|cert:Tipo B;score:29
1283_sf8|cert:Tipo B;score:9
1284_sf8|cert:Tipo B;score:16
1285_sf8|cert:Tipo C;score:30
1286_sf8|cert:Tipo A;score:67
1287_sf8|cert:Tipo C;score:44
1288_sf8|cert:Tipo B;score:6
1289_sf8|cert:Tipo A;score:58
1290_sf8|cert:Tipo A;score:41
1291_sf8|cert:Tipo C;score:33
1292_sf8|cert:Tipo C;score:56
1293_sf8|cert:Tipo A;score:77
1294_sf8|cert:Tipo B;score:6
1295_sf8|cert:Tipo B;score:27
1296_sf8|cert:Tipo B;score:48
1297_sf8|cert:Não Certificado;score:53
1298_sf8|cert:Tipo B;score:92
1299_sf8|cert:Tipo C;score:92
1300_sf8|cert:Não Certificado;score:34
1301_sf8|cert:Não Certificado;score:42
1302_sf8|cert:Não Certificado;score:33
1303_sf8|cert:Tipo B;score:8
1304_sf8|cert:Tipo B;score:57
1305_sf8|cert:Não Certificado;score:19
1306_sf8|cert:Não Certificado;score:33
1307_sf8|cert:Tipo B;score:74
1308_sf8|cert:Tipo B;score:61
1309_sf8|cert:Tipo B;score:29
1310_sf8|cert:Tipo B;score:97
1311_sf8|cert:Tipo B;score:67
1312_sf8|cert:Tipo B;score:19
1313_sf8|cert:Tipo B;score:60
1314_sf8|cert:Não Certificado;score:19
1315_sf8|cert:Tipo C;score:47
1316_sf8|cert:Tipo A;score:90
1317_sf8|cert:Tipo A;score:29
1318_sf8|cert:Tipo C;score:77
1319_sf8|cert:Tipo C;score:1
1320_sf8|cert:Tipo B;score:75
1321_sf8|cert:Tipo A;score:33
1322_sf8|cert:Não Certificado;score:49
1323_sf8|cert:Tipo A;score:63
1324_sf8|cert:Não Certificado;score:97
1325_sf8|cert:Tipo A;score:77
1326_sf8|cert:Tipo A;score:35
1327_sf8|cert:Tipo A;score:65
1328_sf8|cert:Tipo B;score:56
1329_sf8|cert:Não Certificado;score:58
1330_sf8|cert:Tipo C;score:73
1331_sf8|cert:Tipo B;score:17
1332_sf8|cert:Tipo A;score:46
1333_sf8|cert:Tipo B;score:64
1334_sf8|cert:Tipo C;score:66
1335_sf8|cert:Tipo A;score:92
1336_sf8|cert:Tipo B;score:96
1337_sf8|cert:Tipo C;score:42
1338_sf8|cert:Tipo C;score:77
1339_sf8|cert:Tipo B;score:94
1340_sf8|cert:Tipo B;score:16
1341_sf8|cert:Tipo B;score:19
1342_sf8|cert:Tipo B;score:97
1343_sf8|cert:Tipo B;score:46
1344_sf8|cert:Tipo B;score:44
1345_sf8|cert:Tipo B;score:44
1346_sf8|cert:Tipo A;score:43
1347_sf8|cert:Tipo B;score:39
1348_sf8|cert:Não Certificado;score:42
1349_sf8|cert:Tipo A;score:65
1350_sf8|cert:Tipo C;score:87
1351_sf8|cert:Tipo A;score:86
1352_sf8|cert:Tipo B;score:67
1353_sf8|cert:Tipo B;score:0
1354_sf8|cert:Tipo A;score:97
1355_sf8|cert:Não Certificado;score:51
1356_sf8|cert:Tipo A;score:32
1357_sf8|cert:Não Certificado;score:32
1358_sf8|cert:Tipo C;score:74
1359_sf8|cert:Tipo A;score:20
1360_sf8|cert:Tipo B;score:36
1361_sf8|cert:Tipo C;score:66
1362_sf8|cert:Tipo C;score:19
1363_sf8|cert:Não Certificado;score:15
1364_sf8|cert:Tipo C;score:62
1365_sf8|cert:Não Certificado;score:87
1366_sf8|cert:Não Certificado;score:76
1367_sf8|cert:Tipo B;score:37
1368_sf8|cert:Tipo B;score:9
1369_sf8|cert:Não Certificado;score:31
1370_sf8|cert:Tipo B;score:11
1371_sf8|cert:Não Certificado;score:35
1372_sf8|cert:Tipo C;score:84
1373_sf8|cert:Tipo A;score:50
1374_sf8|cert:Tipo B;score:64
1375_sf8|cert:Tipo C;score:66
1376_sf8|cert:Tipo B;score:54
1377_sf8|cert:Tipo A;score:53
1378_sf8|cert:Tipo C;score:19
1379_sf8|cert:Tipo A;score:85
1380_sf8|cert:Tipo A;score:79
1381_sf8|cert:Tipo C;score:58
1382_sf8|cert:Tipo B;score:34
1383_sf8|cert:Não Certificado;score:70
1384_sf8|cert:Tipo B;score:77
1385_sf8|cert:Tipo C;score:61
1386_sf8|cert:Não Certificado;score:62
1387_sf8|cert:Tipo B;score:19
1388_sf8|cert:Não Certificado;score:56
1389_sf8|cert:Tipo C;score:52
1390_sf8|cert:Tipo B;score:95
1391_sf8|cert:Não Certificado;score:43
1392_sf8|cert:Tipo B;score:16
1393_sf8|cert:Não Certificado;score:97
1394_sf8|cert:Tipo A;score:97
1395_sf8|cert:Tipo C;score:46
1396_sf8|cert:Não Certificado;score:49
1397_sf8|cert:Não Certificado;score:5
1398_sf8|cert:Tipo A;score:48
1399_sf8|cert:Tipo C;score:98
1400_sf8|cert:Tipo B;score:39
1401_sf8|cert:Não Certificado;score:13
1402_sf8|cert:Tipo B;score:52
1403_sf8|cert:Tipo A;score:20
1404_sf8|cert:Tipo A;score:58
1405_sf8|cert:Tipo C;score:2
1406_sf8|cert:Tipo C;score:42
1407_sf8|cert:Não Certificado;score:17
1408_sf8|cert:Tipo B;score:12
1409_sf8|cert:Não Certificado;score:95
1410_sf8|cert:Tipo A;score:19
1411_sf8|cert:Tipo B;score:90
1412_sf8|cert:Tipo C;score:72
1413_sf8|cert:Não Certificado;score:43
1414_sf8|cert:Tipo C;score:18
1415_sf8|cert:Tipo A;score:90
1416_sf8|cert:Tipo B;score:13
1417_sf8|cert:Tipo C;score:12
1418_sf8|cert:Não Certificado;score:36
1419_sf8|cert:Tipo B;score:0
1420_sf8|cert:Tipo C;score:82
1421_sf8|cert:Não Certificado;score:44
1422_sf8|cert:Não Certificado;score:30
1423_sf8|cert:Tipo A;score:59
1424_sf8|cert:Tipo B;score:62
1425_sf8|cert:Não Certificado;score:20
1426_sf8|cert:Tipo A;score:32
1427_sf8|cert:Não Certificado;score:2
1428_sf8|cert:Tipo B;score:14
1429_sf8|cert:Tipo B;score:99
1430_sf8|cert:Tipo A;score:21
1431_sf8|cert:Tipo B;score:18
1432_sf8|cert:Tipo B;score:62
1433_sf8|cert:Não Certificado;score:38
1434_sf8|cert:Tipo C;score:95
1435_sf8|cert:Tipo B;score:53
1436_sf8|cert:Tipo A;score:70
1437_sf8|cert:Tipo A;score:46
1438_sf8|cert:Tipo C;score:43
1439_sf8|cert:Tipo B;score:10
1440_sf8|cert:Tipo B;score:46
1441_sf8|cert:Tipo B;score:74
1442_sf8|cert:Tipo C;score:40
1443_sf8|cert:Não Certificado;score:14
1444_sf8|cert:Tipo A;score:63
1445_sf8|cert:Tipo A;score:23
1446_sf8|cert:Tipo B;score:6
1447_sf8|cert:Tipo A;score:21
1448_sf8|cert:Tipo B;score:49
1449_sf8|cert:Tipo B;score:79
1450_sf8|cert:Tipo B;score:85
1451_sf8|cert:Não Certificado;score:75
1452_sf8|cert:Não Certificado;score:28
1453_sf8|cert:Tipo A;score:82
1454_sf8|cert:Não Certificado;score:37
1455_sf8|cert:Tipo C;score:17
1456_sf8|cert:Tipo B;score:81
1457_sf8|cert:Tipo A;score:36
1458_sf8|cert:Tipo A;score:5
1459_sf8|cert:Não Certificado;score:27
1460_sf8|cert:Tipo C;score:47
1461_sf8|cert:Não Certificado;score:59
1462_sf8|cert:Tipo C;score:36
1463_sf8|cert:Tipo B;score:22
1464_sf8|cert:Tipo B;score:57
1465_sf8|cert:Tipo B;score:0
1466_sf8|cert:Tipo A;score:85
1467_sf8|cert:Tipo A;score:75
1468_sf8|cert:Tipo B;score:20
1469_sf8|cert:Tipo A;score:98
1470_sf8|cert:Tipo B;score:27
1471_sf8|cert:Tipo A;score:48
1472_sf8|cert:Tipo B;score:68
1473_sf8|cert:Tipo B;score:98
1474_sf8|cert:Tipo C;score:50
1475_sf8|cert:Tipo B;score:75
1476_sf8|cert:Tipo A;score:1
1477_sf8|cert:Não Certificado;score:96
1478_sf8|cert:Não Certificado;score:84
1479_sf8|cert:Tipo B;score:77
1480_sf8|cert:Tipo B;score:13
1481_sf8|cert:Tipo B;score:11
1482_sf8|cert:Tipo B;score:56
1483_sf8|cert:Tipo B;score:80
1484_sf8|cert:Tipo B;score:10
1485_sf8|cert:Tipo C;score:74
1486_sf8|cert:Não Certificado;score:31
1487_sf8|cert:Não Certificado;score:71
1488_sf8|cert:Tipo B;score:47
1489_sf8|cert:Tipo B;score:92
1490_sf8|cert:Tipo C;score:16
1491_sf8|cert:Tipo C;score:98
1492_sf8|cert:Tipo C;score:48
1493_sf8|cert:Não Certificado;score:6
1494_sf8|cert:Tipo C;score:24
1495_sf8|cert:Tipo C;score:62
1496_sf8|cert:Tipo B;score:80
1497_sf8|cert:Não Certificado;score:25
1498_sf8|cert:Tipo A;score:46
1499_sf8|cert:Tipo B;score:42
1500_sf8|cert:Tipo A;score:47
1501_sf8|cert:Tipo C;score:39
1502_sf8|cert:Tipo A;score:66
1503_sf8|cert:Não Certificado;score:30
1504_sf8|cert:Tipo B;score:22
1505_sf8|cert:Tipo C;score:66
1506_sf8|cert:Tipo A;score:22
1507_sf8|cert:Tipo A;score:87
1508_sf8|cert:Não Certificado;score:66
1509_sf8|cert:Não Certificado;score:21
1510_sf8|cert:Tipo C;score:3
1511_sf8|cert:Tipo B;score:61
1512_sf8|cert:Tipo B;score:14
1513_sf8|cert:Tipo A;score:34
1514_sf8|cert:Tipo B;score:19
1515_sf8|cert:Tipo C;score:54
1516_sf8|cert:Tipo B;score:82
1517_sf8|cert:Tipo C;score:59
1518_sf8|cert:Não Certificado;score:19
1519_sf8|cert:Não Certificado;score:47
1520_sf8|cert:Tipo B;score:47
1521_sf8|cert:Não Certificado;score:64
1522_sf8|cert:Tipo B;score:47
1523_sf8|cert:Não Certificado;score:95
1524_sf8|cert:Tipo C;score:11
1525_sf8|cert:Tipo C;score:32
1526_sf8|cert:Tipo B;score:81
1527_sf8|cert:Tipo A;score:52
1528_sf8|cert:Tipo B;score:20
1529_sf8|cert:Tipo B;score:74
1530_sf8|cert:Não Certificado;score:47
1531_sf8|cert:Tipo C;score:49
1532_sf8|cert:Tipo C;score:93
1533_sf8|cert:Tipo B;score:39
1534_sf8|cert:Tipo A;score:88
1535_sf8|cert:Não Certificado;score:64
1536_sf8|cert:Tipo B;score:24
1537_sf8|cert:Tipo B;score:62
1538_sf8|cert:Tipo C;score:21
1539_sf8|cert:Tipo C;score:98
1540_sf8|cert:Tipo A;score:98
1541_sf8|cert:Tipo C;score:43
1542_sf8|cert:Tipo C;score:26
1543_sf8|cert:Não Certificado;score:91
1544_sf8|cert:Tipo B;score:79
1545_sf8|cert:Tipo A;score:64
1546_sf8|cert:Tipo A;score:3
1547_sf8|cert:Tipo C;score:44
1548_sf8|cert:Tipo B;score:77
1549_sf8|cert:Tipo B;score:9
1550_sf8|cert:Tipo A;score:14
1551_sf8|cert:Tipo A;score:62
1552_sf8|cert:Tipo B;score:37
1553_sf8|cert:Tipo C;score:53
1554_sf8|cert:Não Certificado;score:20
1555_sf8|cert:Tipo C;score:38
1556_sf8|cert:Não Certificado;score:83
1557_sf8|cert:Não Certificado;score:31
1558_sf8|cert:Não Certificado;score:87
1559_sf8|cert:Não Certificado;score:57
1560_sf8|cert:Tipo B;score:46
1561_sf8|cert:Tipo A;score:73
1562_sf8|cert:Tipo B;score:48
1563_sf8|cert:Não Certificado;score:89
1564_sf8|cert:Tipo B;score:89
1565_sf8|cert:Não Certificado;score:37
1566_sf8|cert:Não Certificado;score:37
1567_sf8|cert:Tipo A;score:14
1568_sf8|cert:Tipo B;score:1
1569_sf8|cert:Tipo C;score:14
1570_sf8|cert:Não Certificado;score:91
1571_sf8|cert:Tipo C;score:51
1572_sf8|cert:Não Certificado;score:7
1573_sf8|cert:Tipo A;score:39
1574_sf8|cert:Tipo B;score:95
1575_sf8|cert:Não Certificado;score:33
1576_sf8|cert:Tipo B;score:32
1577_sf8|cert:Tipo B;score:13
1578_sf8|cert:Não Certificado;score:19
1579_sf8|cert:Tipo C;score:27
1580_sf8|cert:Tipo C;score:35
1581_sf8|cert:Não Certificado;score:46
1582_sf8|cert:Tipo C;score:39
1583_sf8|cert:Tipo B;score:50
1584_sf8|cert:Tipo B;score:52
1585_sf8|cert:Tipo B;score:32
1586_sf8|cert:Tipo B;score:4
1587_sf8|cert:Tipo C;score:3
1588_sf8|cert:Tipo B;score:33
1589_sf8|cert:Não Certificado;score:48
1590_sf8|cert:Não Certificado;score:44
1591_sf8|cert:Tipo C;score:74
1592_sf8|cert:Tipo B;score:26
1593_sf8|cert:Não Certificado;score:24
1594_sf8|cert:Tipo B;score:2
1595_sf8|cert:Tipo B;score:57
1596_sf8|cert:Não Certificado;score:37
1597_sf8|cert:Tipo C;score:97
1598_sf8|cert:Não Certificado;score:62
1599_sf8|cert:Tipo B;score:26
1600_sf8|cert:Tipo B;score:91
1601_sf8|cert:Não Certificado;score:52
1602_sf8|cert:Tipo B;score:68
1603_sf8|cert:Tipo B;score:60
1604_sf8|cert:Não Certificado;score:97
1605_sf8|cert:Tipo C;score:23
1606_sf8|cert:Tipo A;score:21
1607_sf8|cert:Tipo A;score:76
1608_sf8|cert:Tipo B;score:28
1609_sf8|cert:Não Certificado;score:92
1610_sf8|cert:Não Certificado;score:7
1611_sf8|cert:Tipo A;score:26
1612_sf8|cert:Tipo B;score:87
1613_sf8|cert:Tipo C;score:71
1614_sf8|cert:Tipo B;score:13
1615_sf8|cert:Tipo A;score:55
1616_sf8|cert:Tipo B;score:24
1617_sf8|cert:Não Certificado;score:78
1618_sf8|cert:Tipo A;score:47
1619_sf8|cert:Tipo A;score:60
1620_sf8|cert:Tipo A;score:56
1621_sf8|cert:Não Certificado;score:99
1622_sf8|cert:Tipo A;score:24
1623_sf8|cert:Tipo A;score:94
1624_sf8|cert:Tipo B;score:50
1625_sf8|cert:Tipo A;score:94
1626_sf8|cert:Tipo B;score:93
1627_sf8|cert:Tipo A;score:66
1628_sf8|cert:Tipo A;score:12
1629_sf8|cert:Não Certificado;score:21
1630_sf8|cert:Não Certificado;score:64
1631_sf8|cert:Tipo C;score:76
1632_sf8|cert:Tipo B;score:7
1633_sf8|cert:Tipo C;score:90
1634_sf8|cert:Não Certificado;score:18
1635_sf8|cert:Tipo C;score:44
1636_sf8|cert:Tipo B;score:43
1637_sf8|cert:Tipo C;score:98
1638_sf8|cert:Tipo C;score:67
1639_sf8|cert:Tipo A;score:17
1640_sf8|cert:Tipo B;score:6
1641_sf8|cert:Não Certificado;score:37
1642_sf8|cert:Tipo A;score:2
1643_sf8|cert:Não Certificado;score:60
1644_sf8|cert:Tipo B;score:77
1645_sf8|cert:Tipo A;score:18
1646_sf8|cert:Tipo A;score:71
1647_sf8|cert:Tipo C;score:56
1648_sf8|cert:Tipo B;score:69
1649_sf8|cert:Não Certificado;score:63
1650_sf8|cert:Tipo A;score:13
1651_sf8|cert:Tipo C;score:58
1652_sf8|cert:Não Certificado;score:32
1653_sf8|cert:Tipo A;score:61
1654_sf8|cert:Não Certificado;score:13
1655_sf8|cert:Tipo A;score:81
1656_sf8|cert:Tipo B;score:37
1657_sf8|cert:Tipo C;score:52
1658_sf8|cert:Não Certificado;score:43
1659_sf8|cert:Tipo A;score:50
1660_sf8|cert:Tipo B;score:17
1661_sf8|cert:Tipo A;score:71
1662_sf8|cert:Tipo C;score:14
1663_sf8|cert:Tipo C;score:46
1664_sf8|cert:Tipo B;score:18
1665_sf8|cert:Tipo A;score:49
1666_sf8|cert:Tipo B;score:57
1667_sf8|cert:Tipo B;score:72
1668_sf8|cert:Não Certificado;score:75
1669_sf8|cert:Tipo B;score:14
1670_sf8|cert:Tipo C;score:85
1671_sf8|cert:Tipo B;score:85
1672_sf8|cert:Tipo B;score:64
1673_sf8|cert:Tipo B;score:30
1674_sf8|cert:Tipo C;score:84
1675_sf8|cert:Tipo A;score:53
1676_sf8|cert:Tipo B;score:57
1677_sf8|cert:Não Certificado;score:4
1678_sf8|cert:Tipo C;score:93
1679_sf8|cert:Não Certificado;score:65
1680_sf8|cert:Tipo B;score:8
1681_sf8|cert:Não Certificado;score:85
1682_sf8|cert:Não Certificado;score:19
1683_sf8|cert:Tipo C;score:97
1684_sf8|cert:Não Certificado;score:67
1685_sf8|cert:Tipo C;score:52
1686_sf8|cert:Tipo C;score:23
1687_sf8|cert:Tipo B;score:17
1688_sf8|cert:Tipo B;score:75
1689_sf8|cert:Tipo A;score:56
1690_sf8|cert:Tipo C;score:20
1691_sf8|cert:Não Certificado;score:3
1692_sf8|cert:Não Certificado;score:46
1693_sf8|cert:Tipo C;score:99
1694_sf8|cert:Tipo A;score:54
1695_sf8|cert:Não Certificado;score:22
1696_sf8|cert:Tipo B;score:28
1697_sf8|cert:Tipo B;score:75
1698_sf8|cert:Tipo B;score:87
1699_sf8|cert:Tipo C;score:66
1700_sf8|cert:Tipo B;score:30
1701_sf8|cert:Não Certificado;score:94
1702_sf8|cert:Tipo A;score:18
1703_sf8|cert:Não Certificado;score:63
1704_sf8|cert:Tipo B;score:35
1705_sf8|cert:Tipo A;score:68
1706_sf8|cert:Tipo B;score:78
1707_sf8|cert:Tipo A;score:71
1708_sf8|cert:Tipo C;score:41
1709_sf8|cert:Tipo B;score:69
1710_sf8|cert:Tipo C;score:44
1711_sf8|cert:Tipo B;score:70
1712_sf8|cert:Tipo B;score:48
1713_sf8|cert:Não Certificado;score:71
1714_sf8|cert:Não Certificado;score:13
1715_sf8|cert:Tipo B;score:49
1716_sf8|cert:Tipo B;score:11
1717_sf8|cert:Não Certificado;score:6
1718_sf8|cert:Tipo B;score:49
1719_sf8|cert:Tipo A;score:80
1720_sf8|cert:Tipo B;score:11
1721_sf8|cert:Tipo C;score:69
1722_sf8|cert:Tipo A;score:90
1723_sf8|cert:Tipo A;score:2
1724_sf8|cert:Tipo A;score:3
1725_sf8|cert:Não Certificado;score:69
1726_sf8|cert:Tipo A;score:33
1727_sf8|cert:Tipo A;score:24
1728_sf8|cert:Tipo B;score:39
1729_sf8|cert:Tipo A;score:39
1730_sf8|cert:Não Certificado;score:3
1731_sf8|cert:Tipo B;score:67
1732_sf8|cert:Tipo C;score:26
1733_sf8|cert:Tipo C;score:73
1734_sf8|cert:Tipo C;score:44
1735_sf8|cert:Tipo C;score:65
1736_sf8|cert:Tipo B;score:68
1737_sf8|cert:Tipo B;score:18
1738_sf8|cert:Tipo A;score:73
1739_sf8|cert:Tipo C;score:92
1740_sf8|cert:Tipo C;score:3
1741_sf8|cert:Tipo C;score:85
1742_sf8|cert:Não Certificado;score:39
1743_sf8|cert:Tipo B;score:47
1744_sf8|cert:Tipo B;score:96
1745_sf8|cert:Tipo C;score:87
1746_sf8|cert:Tipo B;score:55
1747_sf8|cert:Não Certificado;score:64
1748_sf8|cert:Tipo A;score:12
1749_sf8|cert:Tipo C;score:99
1750_sf8|cert:Tipo A;score:26
1751_sf8|cert:Não Certificado;score:55
1752_sf8|cert:Tipo B;score:57
1753_sf8|cert:Tipo B;score:76
1754_sf8|cert:Tipo C;score:57
1755_sf8|cert:Não Certificado;score:30
1756_sf8|cert:Tipo C;score:35
1757_sf8|cert:Tipo C;score:15
1758_sf8|cert:Tipo C;score:92
1759_sf8|cert:Tipo A;score:80
1760_sf8|cert:Tipo B;score:44
1761_sf8|cert:Tipo B;score:43
1762_sf8|cert:Não Certificado;score:33
1763_sf8|cert:Não Certificado;score:20
1764_sf8|cert:Tipo A;score:6
1765_sf8|cert:Tipo C;score:91
1766_sf8|cert:Tipo C;score:75
1767_sf8|cert:Tipo B;score:92
1768_sf8|cert:Tipo B;score:40
1769_sf8|cert:Tipo A;score:11
1770_sf8|cert:Tipo A;score:81
1771_sf8|cert:Tipo A;score:81
1772_sf8|cert:Tipo C;score:0
1773_sf8|cert:Tipo A;score:91
1774_sf8|cert:Tipo A;score:81
1775_sf8|cert:Não Certificado;score:16
1776_sf8|cert:Tipo B;score:89
1777_sf8|cert:Tipo B;score:44
1778_sf8|cert:Tipo A;score:53
1779_sf8|cert:Não Certificado;score:50
1780_sf8|cert:Tipo C;score:45
1781_sf8|cert:Tipo B;score:65
1782_sf8|cert:Tipo C;score:10
1783_sf8|cert:Tipo A;score:19
1784_sf8|cert:Tipo B;score:75
1785_sf8|cert:Tipo C;score:4
1786_sf8|cert:Tipo B;score:97
1787_sf8|cert:Tipo C;score:51
1788_sf8|cert:Tipo C;score:93
1789_sf8|cert:Não Certificado;score:29
1790_sf8|cert:Não Certificado;score:19
1791_sf8|cert:Tipo B;score:89
1792_sf8|cert:Tipo B;score:15
1793_sf8|cert:Não Certificado;score:66
1794_sf8|cert:Tipo C;score:96
1795_sf8|cert:Tipo C;score:44
1796_sf8|cert:Tipo B;score:85
1797_sf8|cert:Tipo A;score:31
1798_sf8|cert:Tipo A;score:49
1799_sf8|cert:Tipo B;score:61
1800_sf8|cert:Tipo B;score:56
1801_sf8|cert:Tipo A;score:8
1802_sf8|cert:Não Certificado;score:61
1803_sf8|cert:Não Certificado;score:7
1804_sf8|cert:Tipo B;score:70
1805_sf8|cert:Tipo B;score:69
1806_sf8|cert:Tipo C;score:66
1807_sf8|cert:Tipo A;score:77
1808_sf8|cert:Tipo B;score:99
1809_sf8|cert:Tipo C;score:53
1810_sf8|cert:Tipo B;score:80
1811_sf8|cert:Tipo C;score:75
1812_sf8|cert:Tipo C;score:54
1813_sf8|cert:Tipo C;score:95
1814_sf8|cert:Não Certificado;score:70
1815_sf8|cert:Não Certificado;score:14
1816_sf8|cert:Tipo B;score:14
1817_sf8|cert:Não Certificado;score:14
1818_sf8|cert:Tipo C;score:53
1819_sf8|cert:Tipo B;score:7
1820_sf8|cert:Não Certificado;score:0
1821_sf8|cert:Tipo A;score:26
1822_sf8|cert:Tipo C;score:45
1823_sf8|cert:Não Certificado;score:93
1824_sf8|cert:Tipo B;score:70
1825_sf8|cert:Tipo A;score:41
1826_sf8|cert:Tipo A;score:69
1827_sf8|cert:Tipo B;score:25
1828_sf8|cert:Tipo C;score:59
1829_sf8|cert:Não Certificado;score:26
1830_sf8|cert:Tipo A;score:19
1831_sf8|cert:Tipo B;score:77
1832_sf8|cert:Tipo B;score:35
1833_sf8|cert:Tipo C;score:90
1834_sf8|cert:Tipo A;score:49
1835_sf8|cert:Tipo A;score:21
1836_sf8|cert:Tipo B;score:77
1837_sf8|cert:Tipo B;score:14
1838_sf8|cert:Não Certificado;score:59
1839_sf8|cert:Tipo A;score:6
1840_sf8|cert:Tipo B;score:21
1841_sf8|cert:Tipo C;score:43
1842_sf8|cert:Tipo C;score:29
1843_sf8|cert:Tipo A;score:90
1844_sf8|cert:Tipo B;score:26
1845_sf8|cert:Tipo C;score:54
1846_sf8|cert:Tipo A;score:0
1847_sf8|cert:Tipo B;score:89
1848_sf8|cert:Tipo B;score:69
1849_sf8|cert:Não Certificado;score:68
1850_sf8|cert:Tipo C;score:85
1851_sf8|cert:Tipo A;score:39
1852_sf8|cert:Tipo B;score:49
1853_sf8|cert:Tipo B;score:91
1854_sf8|cert:Tipo A;score:23
1855_sf8|cert:Não Certificado;score:33
1856_sf8|cert:Tipo B;score:41
1857_sf8|cert:Tipo C;score:65
1858_sf8|cert:Não Certificado;score:60
1859_sf8|cert:Tipo B;score:93
1860_sf8|cert:Tipo A;score:52
1861_sf8|cert:Não Certificado;score:79
1862_sf8|cert:Tipo A;score:46
1863_sf8|cert:Não Certificado;score:32
1864_sf8|cert:Tipo B;score:84
1865_sf8|cert:Não Certificado;score:21
1866_sf8|cert:Não Certificado;score:68
1867_sf8|cert:Não Certificado;score:54
1868_sf8|cert:Tipo A;score:50
1869_sf8|cert:Tipo B;score:68
1870_sf8|cert:Não Certificado;score:22
1871_sf8|cert:Não Certificado;score:40
1872_sf8|cert:Tipo B;score:54
1873_sf8|cert:Tipo C;score:19
1874_sf8|cert:Tipo B;score:88
1875_sf8|cert:Tipo C;score:63
1876_sf8|cert:Tipo C;score:7
1877_sf8|cert:Tipo C;score:24
1878_sf8|cert:Tipo B;score:67
1879_sf8|cert:Tipo A;score:73
1880_sf8|cert:Tipo B;score:32
1881_sf8|cert:Não Certificado;score:91
1882_sf8|cert:Não Certificado;score:92
1883_sf8|cert:Tipo A;score:13
1884_sf8|cert:Tipo A;score:55
1885_sf8|cert:Tipo A;score:8
1886_sf8|cert:Tipo A;score:94
1887_sf8|cert:Tipo A;score:86
1888_sf8|cert:Tipo B;score:72
1889_sf8|cert:Tipo C;score:39
1890_sf8|cert:Não Certificado;score:64
1891_sf8|cert:Não Certificado;score:5
1892_sf8|cert:Tipo C;score:66
1893_sf8|cert:Tipo C;score:50
1894_sf8|cert:Tipo B;score:53
1895_sf8|cert:Tipo A;score:23
1896_sf8|cert:Tipo B;score:32
1897_sf8|cert:Não Certificado;score:74
1898_sf8|cert:Não Certificado;score:25
1899_sf8|cert:Tipo C;score:13
1900_sf8|cert:Não Certificado;score:44
1901_sf8|cert:Tipo B;score:22
1902_sf8|cert:Tipo C;score:11
1903_sf8|cert:Tipo B;score:71
1904_sf8|cert:Tipo B;score:55
1905_sf8|cert:Não Certificado;score:5
1906_sf8|cert:Tipo C;score:32
1907_sf8|cert:Não Certificado;score:23
1908_sf8|cert:Tipo A;score:76
1909_sf8|cert:Tipo C;score:95
1910_sf8|cert:Tipo B;score:54
1911_sf8|cert:Tipo B;score:39
1912_sf8|cert:Tipo B;score:20
1913_sf8|cert:Tipo B;score:36
1914_sf8|cert:Tipo B;score:10
1915_sf8|cert:Tipo A;score:74
1916_sf8|cert:Não Certificado;score:85
1917_sf8|cert:Não Certificado;score:71
1918_sf8|cert:Tipo B;score:44
1919_sf8|cert:Não Certificado;score:65
1920_sf8|cert:Tipo B;score:65
1921_sf8|cert:Tipo C;score:3
1922_sf8|cert:Tipo A;score:11
1923_sf8|cert:Tipo A;score:17
1924_sf8|cert:Tipo B;score:98
1925_sf8|cert:Tipo B;score:71
1926_sf8|cert:Não Certificado;score:35
1927_sf8|cert:Tipo C;score:84
1928_sf8|cert:Tipo B;score:69
1929_sf8|cert:Tipo C;score:76
1930_sf8|cert:Não Certificado;score:34
1931_sf8|cert:Tipo A;score:12
1932_sf8|cert:Tipo B;score:38
1933_sf8|cert:Não Certificado;score:10
1934_sf8|cert:Tipo C;score:10
1935_sf8|cert:Tipo A;score:33
1936_sf8|cert:Tipo B;score:4
1937_sf8|cert:Tipo C;score:80
1938_sf8|cert:Tipo C;score:2
1939_sf8|cert:Tipo B;score:92
1940_sf8|cert:Tipo C;score:70
1941_sf8|cert:Tipo C;score:13
1942_sf8|cert:Tipo C;score:88
1943_sf8|cert:Tipo B;score:6
1944_sf8|cert:Tipo B;score:44
1945_sf8|cert:Tipo C;score:71
1946_sf8|cert:Tipo A;score:77
1947_sf8|cert:Tipo B;score:91
1948_sf8|cert:Tipo A;score:99
1949_sf8|cert:Tipo A;score:98
1950_sf8|cert:Tipo C;score:22
1951_sf8|cert:Não Certificado;score:24
1952_sf8|cert:Tipo B;score:45
1953_sf8|cert:Tipo C;score:78
1954_sf8|cert:Tipo B;score:65
1955_sf8|cert:Tipo A;score:74
1956_sf8|cert:Não Certificado;score:98
1957_sf8|cert:Tipo C;score:88
1958_sf8|cert:Tipo C;score:24
1959_sf8|cert:Não Certificado;score:3
1960_sf8|cert:Tipo B;score:38
1961_sf8|cert:Tipo B;score:57
1962_sf8|cert:Tipo C;score:23
1963_sf8|cert:Tipo C;score:67
1964_sf8|cert:Não Certificado;score:27
1965_sf8|cert:Tipo B;score:97
1966_sf8|cert:Tipo B;score:24
1967_sf8|cert:Tipo B;score:8
1968_sf8|cert:Tipo B;score:22
1969_sf8|cert:Tipo B;score:38
1970_sf8|cert:Tipo C;score:0
1971_sf8|cert:Tipo A;score:54
1972_sf8|cert:Tipo C;score:20
1973_sf8|cert:Tipo C;score:91
1974_sf8|cert:Tipo B;score:94
1975_sf8|cert:Tipo A;score:60
1976_sf8|cert:Tipo B;score:77
1977_sf8|cert:Tipo C;score:7
1978_sf8|cert:Não Certificado;score:10
1979_sf8|cert:Tipo A;score:73
1980_sf8|cert:Tipo B;score:50
1981_sf8|cert:Tipo A;score:41
1982_sf8|cert:Tipo A;score:60
1983_sf8|cert:Não Certificado;score:5
1984_sf8|cert:Tipo B;score:15
1985_sf8|cert:Tipo A;score:32
1986_sf8|cert:Não Certificado;score:80
1987_sf8|cert:Tipo B;score:81
1988_sf8|cert:Tipo A;score:43
1989_sf8|cert:Tipo C;score:19
1990_sf8|cert:Tipo B;score:29
1991_sf8|cert:Tipo C;score:39
1992_sf8|cert:Tipo B;score:63
1993_sf8|cert:Tipo A;score:92
1994_sf8|cert:Tipo C;score:54
1995_sf8|cert:Tipo B;score:48
1996_sf8|cert:Tipo A;score:82
1997_sf8|cert:Tipo A;score:99
1998_sf8|cert:Tipo C;score:5
1999_sf8|cert:Tipo A;score:28
0_sf9|cert:Tipo B;score:62
1_sf9|cert:Tipo B;score:90
2_sf9|cert:Tipo C;score:45
3_sf9|cert:Tipo A;score:32
4_sf9|cert:Tipo A;score:80
5_sf9|cert:Não Certificado;score:30
6_sf9|cert:Tipo C;score:68
7_sf9|cert:Tipo B;score:89
8_sf9|cert:Tipo B;score:80
9_sf9|cert:Tipo B;score:60
10_sf9|cert:Tipo A;score:66
11_sf9|cert:Tipo C;score:28
12_sf9|cert:Tipo C;score:88
13_sf9|cert:Não Certificado;score:99
14_sf9|cert:Não Certificado;score:95
15_sf9|cert:Não Certificado;score:39
16_sf9|cert:Tipo B;score:52
17_sf9|cert:Não Certificado;score:53
18_sf9|cert:Tipo A;score:24
19_sf9|cert:Tipo C;score:35
20_sf9|cert:Não Certificado;score:8
21_sf9|cert:Tipo B;score:81
22_sf9|cert:Tipo B;score:76
23_sf9|cert:Tipo B;score:30
24_sf9|cert:Tipo B;score:7
25_sf9|cert:Tipo C;score:28
26_sf9|cert:Tipo B;score:36
27_sf9|cert:Tipo A;score:63
28_sf9|cert:Tipo A;score:49
29_sf9|cert:Tipo A;score:76
30_sf9|cert:Tipo C;score:38
31_sf9|cert:Tipo C;score:78
32_sf9|cert:Tipo B;score:4
33_sf9|cert:Não Certificado;score:17
34_sf9|cert:Tipo A;score:49
35_sf9|cert:Tipo B;score:53
36_sf9|cert:Não Certificado;score:96
37_sf9|cert:Tipo A;score:13
38_sf9|cert:Tipo C;score:93
39_sf9|cert:Tipo C;score:38
40_sf9|cert:Tipo B;score:25
41_sf9|cert:Tipo A;score:23
42_sf9|cert:Tipo B;score:95
43_sf9|cert:Tipo B;score:64
44_sf9|cert:Não Certificado;score:34
45_sf9|cert:Tipo B;score:21
46_sf9|cert:Tipo B;score:80
47_sf9|cert:Tipo A;score:29
48_sf9|cert:Tipo B;score:31
49_sf9|cert:Tipo B;score:21
50_sf9|cert:Não Certificado;score:31
51_sf9|cert:Tipo A;score:78
52_sf9|cert:Tipo C;score:30
53_sf9|cert:Não Certificado;score:50
54_sf9|cert:Tipo C;score:93
55_sf9|cert:Tipo C;score:14
56_sf9|cert:Tipo B;score:48
57_sf9|cert:Não Certificado;score:75
58_sf9|cert:Tipo A;score:66
59_sf9|cert:Tipo B;score:58
60_sf9|cert:Tipo A;score:87
61_sf9|cert:Não Certificado;score:64
62_sf9|cert:Tipo C;score:45
63_sf9|cert:Tipo C;score:90
64_sf9|cert:Tipo B;score:47
65_sf9|cert:Tipo C;score:8
66_sf9|cert:Tipo C;score:8
67_sf9|cert:Não Certificado;score:54
68_sf9|cert:Não Certificado;score:73
69_sf9|cert:Tipo B;score:82
70_sf9|cert:Não Certificado;score:43
71_sf9|cert:Tipo C;score:54
72_sf9|cert:Tipo B;score:93
73_sf9|cert:Tipo C;score:69
74_sf9|cert:Tipo B;score:21
75_sf9|cert:Tipo B;score:60
76_sf9|cert:Tipo A;score:69
77_sf9|cert:Não Certificado;score:69
78_sf9|cert:Não Certificado;score:56
79_sf9|cert:Não Certificado;score:65
80_sf9|cert:Tipo B;score:32
81_sf9|cert:Tipo A;score:13
82_sf9|cert:Tipo C;score:19
83_sf9|cert:Tipo C;score:63
84_sf9|cert:Tipo B;score:3
85_sf9|cert:Tipo C;score:81
86_sf9|cert:Tipo A;score:23
87_sf9|cert:Tipo A;score:12
88_sf9|cert:Tipo B;score:81
89_sf9|cert:Não Certificado;score:86
90_sf9|cert:Tipo A;score:96
91_sf9|cert:Tipo B;score:70
92_sf9|cert:Tipo C;score:64
93_sf9|cert:Tipo A;score:36
94_sf9|cert:Não Certificado;score:42
95_sf9|cert:Tipo A;score:19
96_sf9|cert:Tipo B;score:28
97_sf9|cert:Não Certificado;score:56
98_sf9|cert:Tipo A;score:29
99_sf9|cert:Tipo C;score:85
100_sf9|cert:Tipo B;score:4
101_sf9|cert:Tipo C;score:88
102_sf9|cert:Não Certificado;score:62
103_sf9|cert:Não Certificado;score:15
104_sf9|cert:Tipo B;score:44
105_sf9|cert:Tipo B;score:76
106_sf9|cert:Não Certificado;score:10
107_sf9|cert:Tipo B;score:98
108_sf9|cert:Não Certificado;score:91
109_sf9|cert:Tipo B;score:75
110_sf9|cert:Tipo B;score:20
111_sf9|cert:Tipo C;score:43
112_sf9|cert:Tipo B;score:17
113_sf9|cert:Tipo C;score:53
114_sf9|cert:Tipo A;score:5
115_sf9|cert:Tipo A;score:56
116_sf9|cert:Tipo A;score:38
117_sf9|cert:Tipo B;score:40
118_sf9|cert:Tipo C;score:75
119_sf9|cert:Não Certificado;score:1
120_sf9|cert:Tipo B;score:56
121_sf9|cert:Tipo B;score:50
122_sf9|cert:Tipo B;score:93
123_sf9|cert:Tipo B;score:85
124_sf9|cert:Tipo B;score:6
125_sf9|cert:Tipo A;score:40
126_sf9|cert:Não Certificado;score:65
127_sf9|cert:Não Certificado;score:11
128_sf9|cert:Tipo B;score:26
129_sf9|cert:Não Certificado;score:52
130_sf9|cert:Tipo C;score:59
131_sf9|cert:Tipo A;score:90
132_sf9|cert:Tipo A;score:20
133_sf9|cert:Não Certificado;score:74
134_sf9|cert:Tipo B;score:75
135_sf9|cert:Tipo A;score:99
136_sf9|cert:Tipo B;score:75
137_sf9|cert:Tipo B;score:25
138_sf9|cert:Tipo A;score:23
139_sf9|cert:Tipo A;score:56
140_sf9|cert:Tipo C;score:39
141_sf9|cert:Tipo B;score:0
142_sf9|cert:Tipo A;score:95
143_sf9|cert:Tipo B;score:38
144_sf9|cert:Tipo B;score:41
145_sf9|cert:Tipo A;score:78
146_sf9|cert:Tipo C;score:5
147_sf9|cert:Não Certificado;score:76
148_sf9|cert:Não Certificado;score:43
149_sf9|cert:Tipo A;score:85
150_sf9|cert:Não Certificado;score:4
151_sf9|cert:Não Certificado;score:41
152_sf9|cert:Tipo B;score:6
153_sf9|cert:Tipo A;score:76
154_sf9|cert:Tipo C;score:0
155_sf9|cert:Tipo C;score:22
156_sf9|cert:Tipo A;score:76
157_sf9|cert:Tipo A;score:36
158_sf9|cert:Tipo A;score:32
159_sf9|cert:Não Certificado;score:7
160_sf9|cert:Tipo B;score:72
161_sf9|cert:Não Certificado;score:4
162_sf9|cert:Tipo C;score:50
163_sf9|cert:Tipo A;score:47
164_sf9|cert:Tipo C;score:90
165_sf9|cert:Tipo B;score:96
166_sf9|cert:Tipo A;score:30
167_sf9|cert:Tipo C;score:5
168_sf9|cert:Tipo B;score:84
169_sf9|cert:Não Certificado;score:37
170_sf9|cert:Não Certificado;score:63
171_sf9|cert:Tipo C;score:0
172_sf9|cert:Tipo A;score:8
173_sf9|cert:Tipo A;score:75
174_sf9|cert:Tipo C;score:20
175_sf9|cert:Tipo C;score:67
176_sf9|cert:Tipo B;score:37
177_sf9|cert:Tipo B;score:42
178_sf9|cert:Não Certificado;score:26
179_sf9|cert:Não Certificado;score:82
180_sf9|cert:Não Certificado;score:95
181_sf9|cert:Tipo C;score:38
182_sf9|cert:Não Certificado;score:93
183_sf9|cert:Tipo A;score:83
184_sf9|cert:Tipo B;score:52
185_sf9|cert:Tipo C;score:16
186_sf9|cert:Tipo B;score:4
187_sf9|cert:Tipo A;score:96
188_sf9|cert:Não Certificado;score:53
189_sf9|cert:Tipo A;score:96
190_sf9|cert:Tipo C;score:99
191_sf9|cert:Tipo C;score:95
192_sf9|cert:Tipo B;score:75
193_sf9|cert:Tipo A;score:21
194_sf9|cert:Não Certificado;score:12
195_sf9|cert:Tipo C;score:64
196_sf9|cert:Tipo B;score:28
197_sf9|cert:Tipo A;score:48
198_sf9|cert:Tipo B;score:44
199_sf9|cert:Não Certificado;score:86
200_sf9|cert:Tipo B;score:66
201_sf9|cert:Tipo B;score:50
202_sf9|cert:Tipo B;score:18
203_sf9|cert:Tipo B;score:80
204_sf9|cert:Tipo C;score:95
205_sf9|cert:Tipo A;score:55
206_sf9|cert:Tipo B;score:19
207_sf9|cert:Tipo B;score:48
208_sf9|cert:Tipo B;score:78
209_sf9|cert:Tipo A;score:67
210_sf9|cert:Tipo A;score:94
211_sf9|cert:Não Certificado;score:48
212_sf9|cert:Tipo B;score:56
213_sf9|cert:Tipo B;score:50
214_sf9|cert:Não Certificado;score:96
215_sf9|cert:Tipo C;score:84
216_sf9|cert:Tipo B;score:73
217_sf9|cert:Não Certificado;score:97
218_sf9|cert:Tipo A;score:76
219_sf9|cert:Não Certificado;score:73
220_sf9|cert:Tipo B;score:97
221_sf9|cert:Tipo B;score:60
222_sf9|cert:Tipo A;score:7
223_sf9|cert:Tipo A;score:68
224_sf9|cert:Tipo B;score:50
225_sf9|cert:Tipo B;score:23
226_sf9|cert:Tipo B;score:48
227_sf9|cert:Tipo C;score:43
228_sf9|cert:Tipo B;score:32
229_sf9|cert:Tipo C;score:52
230_sf9|cert:Tipo A;score:28
231_sf9|cert:Tipo B;score:52
232_sf9|cert:Tipo B;score:97
233_sf9|cert:Tipo A;score:75
234_sf9|cert:Tipo C;score:57
235_sf9|cert:Tipo A;score:74
236_sf9|cert:Tipo B;score:86
237_sf9|cert:Tipo A;score:54
238_sf9|cert:Tipo C;score:47
239_sf9|cert:Não Certificado;score:56
240_sf9|cert:Tipo B;score:78
241_sf9|cert:Tipo A;score:78
242_sf9|cert:Tipo B;score:78
243_sf9|cert:Tipo C;score:61
244_sf9|cert:Tipo B;score:78
245_sf9|cert:Tipo A;score:38
246_sf9|cert:Tipo C;score:47
247_sf9|cert:Tipo A;score:89
248_sf9|cert:Tipo B;score:64
249_sf9|cert:Não Certificado;score:13
250_sf9|cert:Tipo A;score:64
251_sf9|cert:Tipo C;score:90
252_sf9|cert:Tipo C;score:5
253_sf9|cert:Não Certificado;score:36
254_sf9|cert:Não Certificado;score:44
255_sf9|cert:Tipo A;score:8
256_sf9|cert:Tipo B;score:51
257_sf9|cert:Tipo A;score:31
258_sf9|cert:Tipo A;score:19
259_sf9|cert:Tipo B;score:8
260_sf9|cert:Tipo A;score:11
261_sf9|cert:Tipo C;score:61
262_sf9|cert:Tipo B;score:44
263_sf9|cert:Tipo B;score:9
264_sf9|cert:Tipo B;score:11
265_sf9|cert:Tipo C;score:62
266_sf9|cert:Tipo B;score:7
267_sf9|cert:Não Certificado;score:26
268_sf9|cert:Não Certificado;score:97
269_sf9|cert:Tipo B;score:52
270_sf9|cert:Tipo B;score:0
271_sf9|cert:Tipo B;score:96
272_sf9|cert:Tipo B;score:48
273_sf9|cert:Tipo B;score:3
274_sf9|cert:Tipo A;score:95
275_sf9|cert:Não Certificado;score:91
276_sf9|cert:Tipo A;score:55
277_sf9|cert:Tipo A;score:28
278_sf9|cert:Tipo B;score:48
279_sf9|cert:Não Certificado;score:7
280_sf9|cert:Tipo B;score:64
281_sf9|cert:Tipo C;score:46
282_sf9|cert:Tipo B;score:12
283_sf9|cert:Tipo C;score:68
284_sf9|cert:Tipo C;score:55
285_sf9|cert:Tipo C;score:0
286_sf9|cert:Não Certificado;score:27
287_sf9|cert:Tipo B;score:66
288_sf9|cert:Tipo B;score:9
289_sf9|cert:Tipo C;score:3
290_sf9|cert:Tipo A;score:43
291_sf9|cert:Tipo B;score:7
292_sf9|cert:Tipo A;score:71
293_sf9|cert:Tipo C;score:77
294_sf9|cert:Tipo A;score:52
295_sf9|cert:Tipo B;score:84
296_sf9|cert:Tipo B;score:25
297_sf9|cert:Tipo B;score:54
298_sf9|cert:Tipo C;score:10
299_sf9|cert:Tipo B;score:45
300_sf9|cert:Tipo A;score:94
301_sf9|cert:Tipo A;score:92
302_sf9|cert:Tipo B;score:80
303_sf9|cert:Tipo C;score:90
304_sf9|cert:Tipo B;score:98
305_sf9|cert:Tipo A;score:9
306_sf9|cert:Tipo C;score:18
307_sf9|cert:Tipo B;score:34
308_sf9|cert:Tipo B;score:43
309_sf9|cert:Tipo B;score:7
310_sf9|cert:Tipo B;score:9
311_sf9|cert:Tipo B;score:62
312_sf9|cert:Tipo B;score:19
313_sf9|cert:Não Certificado;score:16
314_sf9|cert:Não Certificado;score:90
315_sf9|cert:Tipo C;score:34
316_sf9|cert:Tipo C;score:33
317_sf9|cert:Tipo B;score:5
318_sf9|cert:Tipo C;score:33
319_sf9|cert:Tipo A;score:73
320_sf9|cert:Tipo B;score:8
321_sf9|cert:Não Certificado;score:51
322_sf9|cert:Tipo C;score:84
323_sf9|cert:Não Certificado;score:43
324_sf9|cert:Tipo B;score:74
325_sf9|cert:Tipo B;score:2
326_sf9|cert:Tipo A;score:39
327_sf9|cert:Tipo A;score:27
328_sf9|cert:Tipo B;score:73
329_sf9|cert:Tipo B;score:74
330_sf9|cert:Tipo C;score:39
331_sf9|cert:Tipo C;score:6
332_sf9|cert:Tipo C;score:65
333_sf9|cert:Não Certificado;score:48
334_sf9|cert:Tipo B;score:8
335_sf9|cert:Tipo C;score:26
336_sf9|cert:Tipo B;score:31
337_sf9|cert:Não Certificado;score:57
338_sf9|cert:Tipo A;score:86
339_sf9|cert:Tipo B;score:98
340_sf9|cert:Tipo B;score:89
341_sf9|cert:Tipo A;score:47
342_sf9|cert:Tipo C;score:10
343_sf9|cert:Tipo A;score:94
344_sf9|cert:Tipo B;score:83
345_sf9|cert:Tipo B;score:27
346_sf9|cert:Tipo A;score:60
347_sf9|cert:Tipo C;score:9
348_sf9|cert:Tipo A;score:64
349_sf9|cert:Tipo B;score:53
350_sf9|cert:Tipo A;score:91
351_sf9|cert:Não Certificado;score:12
352_sf9|cert:Tipo B;score:97
353_sf9|cert:Tipo C;score:18
354_sf9|cert:Tipo B;score:78
355_sf9|cert:Tipo A;score:72
356_sf9|cert:Tipo C;score:79
357_sf9|cert:Não Certificado;score:8
358_sf9|cert:Tipo A;score:61
359_sf9|cert:Tipo C;score:24
360_sf9|cert:Tipo B;score:49
361_sf9|cert:Tipo B;score:33
362_sf9|cert:Tipo C;score:24
363_sf9|cert:Tipo C;score:4
364_sf9|cert:Tipo B;score:27
365_sf9|cert:Não Certificado;score:1
366_sf9|cert:Tipo B;score:89
367_sf9|cert:Tipo B;score:21
368_sf9|cert:Tipo B;score:27
369_sf9|cert:Tipo B;score:22
370_sf9|cert:Tipo B;score:45
371_sf9|cert:Tipo B;score:16
372_sf9|cert:Tipo C;score:57
373_sf9|cert:Não Certificado;score:99
374_sf9|cert:Tipo A;score:64
375_sf9|cert:Tipo C;score:97
376_sf9|cert:Tipo B;score:61
377_sf9|cert:Tipo B;score:1
378_sf9|cert:Tipo A;score:36
379_sf9|cert:Tipo A;score:21
380_sf9|cert:Não Certificado;score:2
381_sf9|cert:Tipo B;score:32
382_sf9|cert:Tipo B;score:20
383_sf9|cert:Tipo B;score:28
384_sf9|cert:Tipo B;score:59
385_sf9|cert:Tipo A;score:15
386_sf9|cert:Tipo C;score:29
387_sf9|cert:Não Certificado;score:0
388_sf9|cert:Tipo C;score:66
389_sf9|cert:Tipo C;score:24
390_sf9|cert:Não Certificado;score:13
391_sf9|cert:Tipo C;score:73
392_sf9|cert:Tipo B;score:22
393_sf9|cert:Tipo C;score:97
394_sf9|cert:Tipo C;score:36
395_sf9|cert:Tipo B;score:33
396_sf9|cert:Tipo B;score:28
397_sf9|cert:Não Certificado;score:2
398_sf9|cert:Tipo B;score:29
399_sf9|cert:Tipo C;score:43
400_sf9|cert:Tipo B;score:20
401_sf9|cert:Tipo B;score:67
402_sf9|cert:Tipo C;score:92
403_sf9|cert:Não Certificado;score:50
404_sf9|cert:Não Certificado;score:95
405_sf9|cert:Tipo C;score:29
406_sf9|cert:Tipo C;score:18
407_sf9|cert:Tipo B;score:75
408_sf9|cert:Tipo B;score:32
409_sf9|cert:Tipo B;score:49
410_sf9|cert:Tipo C;score:23
411_sf9|cert:Não Certificado;score:53
412_sf9|cert:Tipo B;score:49
413_sf9|cert:Tipo A;score:83
414_sf9|cert:Tipo A;score:21
415_sf9|cert:Não Certificado;score:98
416_sf9|cert:Tipo B;score:22
417_sf9|cert:Tipo B;score:62
418_sf9|cert:Tipo B;score:78
419_sf9|cert:Tipo C;score:39
420_sf9|cert:Tipo C;score:89
421_sf9|cert:Tipo B;score:99
422_sf9|cert:Tipo A;score:96
423_sf9|cert:Tipo A;score:59
424_sf9|cert:Tipo B;score:4
425_sf9|cert:Tipo C;score:22
426_sf9|cert:Tipo C;score:34
427_sf9|cert:Tipo B;score:34
428_sf9|cert:Tipo A;score:13
429_sf9|cert:Não Certificado;score:74
430_sf9|cert:Não Certificado;score:24
431_sf9|cert:Não Certificado;score:42
432_sf9|cert:Tipo B;score:41
433_sf9|cert:Tipo B;score:29
434_sf9|cert:Tipo B;score:92
435_sf9|cert:Tipo C;score:80
436_sf9|cert:Tipo A;score:48
437_sf9|cert:Não Certificado;score:97
438_sf9|cert:Tipo B;score:10
439_sf9|cert:Tipo C;score:55
440_sf9|cert:Tipo B;score:75
441_sf9|cert:Tipo A;score:67
442_sf9|cert:Tipo C;score:9
443_sf9|cert:Tipo B;score:74
444_sf9|cert:Não Certificado;score:94
445_sf9|cert:Não Certificado;score:99
446_sf9|cert:Tipo A;score:92
447_sf9|cert:Tipo A;score:53
448_sf9|cert:Tipo B;score:75
449_sf9|cert:Tipo C;score:48
450_sf9|cert:Tipo A;score:82
451_sf9|cert:Tipo B;score:17
452_sf9|cert:Tipo C;score:90
453_sf9|cert:Tipo C;score:6
454_sf9|cert:Não Certificado;score:88
455_sf9|cert:Tipo B;score:10
456_sf9|cert:Tipo B;score:13
457_sf9|cert:Não Certificado;score:29
458_sf9|cert:Não Certificado;score:80
459_sf9|cert:Tipo B;score:9
460_sf9|cert:Não Certificado;score:83
461_sf9|cert:Tipo A;score:64
462_sf9|cert:Tipo B;score:44
463_sf9|cert:Tipo B;score:9
464_sf9|cert:Tipo B;score:57
465_sf9|cert:Tipo B;score:78
466_sf9|cert:Tipo C;score:90
467_sf9|cert:Tipo B;score:95
468_sf9|cert:Tipo B;score:73
469_sf9|cert:Tipo A;score:75
470_sf9|cert:Não Certificado;score:62
471_sf9|cert:Tipo B;score:40
472_sf9|cert:Tipo B;score:27
473_sf9|cert:Tipo C;score:91
474_sf9|cert:Tipo B;score:87
475_sf9|cert:Tipo A;score:50
476_sf9|cert:Não Certificado;score:18
477_sf9|cert:Tipo C;score:59
478_sf9|cert:Tipo A;score:19
479_sf9|cert:Tipo B;score:83
480_sf9|cert:Tipo B;score:69
481_sf9|cert:Não Certificado;score:75
482_sf9|cert:Não Certificado;score:64
483_sf9|cert:Tipo A;score:10
484_sf9|cert:Tipo A;score:25
485_sf9|cert:Tipo A;score:72
486_sf9|cert:Tipo A;score:92
487_sf9|cert:Tipo A;score:88
488_sf9|cert:Tipo B;score:17
489_sf9|cert:Tipo B;score:54
490_sf9|cert:Tipo B;score:15
491_sf9|cert:Tipo B;score:29
492_sf9|cert:Não Certificado;score:58
493_sf9|cert:Tipo A;score:51
494_sf9|cert:Tipo A;score:80
495_sf9|cert:Tipo A;score:83
496_sf9|cert:Tipo B;score:46
497_sf9|cert:Não Certificado;score:84
498_sf9|cert:Tipo B;score:74
499_sf9|cert:Tipo A;score:1
500_sf9|cert:Tipo C;score:22
501_sf9|cert:Tipo B;score:80
502_sf9|cert:Não Certificado;score:46
503_sf9|cert:Não Certificado;score:32
504_sf9|cert:Tipo B;score:55
505_sf9|cert:Tipo B;score:74
506_sf9|cert:Tipo C;score:88
507_sf9|cert:Tipo B;score:60
508_sf9|cert:Tipo B;score:68
509_sf9|cert:Tipo B;score:31
510_sf9|cert:Tipo B;score:49
511_sf9|cert:Tipo B;score:56
512_sf9|cert:Tipo B;score:72
513_sf9|cert:Tipo A;score:54
514_sf9|cert:Tipo A;score:43
515_sf9|cert:Tipo B;score:12
516_sf9|cert:Tipo C;score:71
517_sf9|cert:Tipo A;score:58
518_sf9|cert:Tipo B;score:24
519_sf9|cert:Tipo A;score:44
520_sf9|cert:Tipo B;score:40
521_sf9|cert:Tipo B;score:43
522_sf9|cert:Tipo A;score:87
523_sf9|cert:Tipo A;score:6
524_sf9|cert:Tipo B;score:1
525_sf9|cert:Tipo B;score:63
526_sf9|cert:Não Certificado;score:34
527_sf9|cert:Tipo B;score:56
528_sf9|cert:Tipo B;score:49
529_sf9|cert:Tipo C;score:53
530_sf9|cert:Não Certificado;score:9
531_sf9|cert:Não Certificado;score:42
532_sf9|cert:Tipo C;score:44
533_sf9|cert:Tipo C;score:60
534_sf9|cert:Não Certificado;score:48
535_sf9|cert:Tipo A;score:37
536_sf9|cert:Tipo B;score:3
537_sf9|cert:Tipo B;score:96
538_sf9|cert:Tipo B;score:26
539_sf9|cert:Não Certificado;score:40
540_sf9|cert:Tipo C;score:4
541_sf9|cert:Tipo A;score:8
542_sf9|cert:Tipo B;score:26
543_sf9|cert:Não Certificado;score:54
544_sf9|cert:Tipo B;score:64
545_sf9|cert:Tipo A;score:93
546_sf9|cert:Tipo B;score:23
547_sf9|cert:Tipo B;score:36
548_sf9|cert:Tipo B;score:92
549_sf9|cert:Tipo B;score:62
550_sf9|cert:Tipo C;score:24
551_sf9|cert:Tipo C;score:82
552_sf9|cert:Tipo B;score:72
553_sf9|cert:Não Certificado;score:50
554_sf9|cert:Tipo B;score:32
555_sf9|cert:Tipo C;score:80
556_sf9|cert:Tipo B;score:99
557_sf9|cert:Tipo A;score:50
558_sf9|cert:Tipo B;score:96
559_sf9|cert:Não Certificado;score:30
560_sf9|cert:Tipo B;score:55
561_sf9|cert:Tipo B;score:72
562_sf9|cert:Tipo A;score:22
563_sf9|cert:Tipo C;score:42
564_sf9|cert:Tipo B;score:39
565_sf9|cert:Não Certificado;score:87
566_sf9|cert:Tipo C;score:99
567_sf9|cert:Não Certificado;score:50
568_sf9|cert:Tipo B;score:39
569_sf9|cert:Tipo B;score:72
570_sf9|cert:Tipo B;score:12
571_sf9|cert:Não Certificado;score:16
572_sf9|cert:Tipo C;score:41
573_sf9|cert:Tipo C;score:45
574_sf9|cert:Tipo A;score:12
575_sf9|cert:Tipo A;score:81
576_sf9|cert:Tipo B;score:73
577_sf9|cert:Tipo C;score:80
578_sf9|cert:Não Certificado;score:34
579_sf9|cert:Não Certificado;score:16
580_sf9|cert:Tipo A;score:3
581_sf9|cert:Tipo B;score:81
582_sf9|cert:Tipo B;score:9
583_sf9|cert:Tipo B;score:45
584_sf9|cert:Tipo B;score:42
585_sf9|cert:Não Certificado;score:61
586_sf9|cert:Tipo C;score:4
587_sf9|cert:Tipo A;score:97
588_sf9|cert:Tipo C;score:32
589_sf9|cert:Tipo A;score:30
590_sf9|cert:Não Certificado;score:20
591_sf9|cert:Tipo C;score:21
592_sf9|cert:Tipo B;score:10
593_sf9|cert:Não Certificado;score:4
594_sf9|cert:Tipo B;score:27
595_sf9|cert:Não Certificado;score:88
596_sf9|cert:Tipo A;score:75
597_sf9|cert:Tipo B;score:53
598_sf9|cert:Tipo C;score:63
599_sf9|cert:Não Certificado;score:80
600_sf9|cert:Tipo B;score:45
601_sf9|cert:Tipo B;score:66
602_sf9|cert:Tipo B;score:17
603_sf9|cert:Não Certificado;score:67
604_sf9|cert:Tipo C;score:93
605_sf9|cert:Tipo A;score:81
606_sf9|cert:Tipo B;score:6
607_sf9|cert:Tipo C;score:64
608_sf9|cert:Tipo B;score:62
609_sf9|cert:Tipo B;score:83
610_sf9|cert:Tipo A;score:36
611_sf9|cert:Tipo B;score:81
612_sf9|cert:Não Certificado;score:68
613_sf9|cert:Não Certificado;score:51
614_sf9|cert:Tipo C;score:69
615_sf9|cert:Tipo A;score:73
616_sf9|cert:Tipo B;score:80
617_sf9|cert:Tipo B;score:98
618_sf9|cert:Tipo C;score:5
619_sf9|cert:Tipo A;score:59
620_sf9|cert:Tipo B;score:54
621_sf9|cert:Não Certificado;score:56
622_sf9|cert:Tipo A;score:9
623_sf9|cert:Tipo A;score:1
624_sf9|cert:Tipo B;score:61
625_sf9|cert:Tipo C;score:27
626_sf9|cert:Não Certificado;score:52
627_sf9|cert:Tipo C;score:63
628_sf9|cert:Tipo A;score:61
629_sf9|cert:Tipo B;score:83
630_sf9|cert:Tipo A;score:0
631_sf9|cert:Tipo B;score:90
632_sf9|cert:Tipo B;score:14
633_sf9|cert:Tipo C;score:2
634_sf9|cert:Tipo C;score:32
635_sf9|cert:Tipo B;score:95
636_sf9|cert:Tipo C;score:59
637_sf9|cert:Tipo A;score:8
638_sf9|cert:Tipo B;score:41
639_sf9|cert:Tipo B;score:53
640_sf9|cert:Tipo B;score:23
641_sf9|cert:Não Certificado;score:50
642_sf9|cert:Tipo B;score:95
643_sf9|cert:Tipo A;score:46
644_sf9|cert:Tipo B;score:4
645_sf9|cert:Tipo A;score:93
646_sf9|cert:Não Certificado;score:14
647_sf9|cert:Tipo A;score:19
648_sf9|cert:Tipo B;score:49
649_sf9|cert:Não Certificado;score:50
650_sf9|cert:Tipo A;score:43
651_sf9|cert:Não Certificado;score:44
652_sf9|cert:Tipo A;score:28
653_sf9|cert:Tipo A;score:38
654_sf9|cert:Tipo B;score:50
655_sf9|cert:Tipo B;score:9
656_sf9|cert:Tipo B;score:97
657_sf9|cert:Tipo B;score:94
658_sf9|cert:Tipo A;score:24
659_sf9|cert:Tipo C;score:92
660_sf9|cert:Tipo B;score:15
661_sf9|cert:Tipo A;score:0
662_sf9|cert:Tipo B;score:98
663_sf9|cert:Tipo B;score:7
664_sf9|cert:Tipo B;score:70
665_sf9|cert:Tipo C;score:95
666_sf9|cert:Tipo B;score:3
667_sf9|cert:Tipo C;score:66
668_sf9|cert:Tipo C;score:26
669_sf9|cert:Tipo A;score:47
670_sf9|cert:Não Certificado;score:38
671_sf9|cert:Tipo B;score:91
672_sf9|cert:Tipo B;score:48
673_sf9|cert:Não Certificado;score:39
674_sf9|cert:Tipo A;score:40
675_sf9|cert:Não Certificado;score:20
676_sf9|cert:Não Certificado;score:32
677_sf9|cert:Tipo C;score:33
678_sf9|cert:Não Certificado;score:89
679_sf9|cert:Não Certificado;score:79
680_sf9|cert:Tipo B;score:48
681_sf9|cert:Não Certificado;score:76
682_sf9|cert:Não Certificado;score:15
683_sf9|cert:Tipo B;score:25
684_sf9|cert:Tipo A;score:19
685_sf9|cert:Tipo A;score:85
686_sf9|cert:Tipo A;score:10
687_sf9|cert:Tipo C;score:22
688_sf9|cert:Tipo B;score:26
689_sf9|cert:Tipo B;score:81
690_sf9|cert:Tipo A;score:52
691_sf9|cert:Tipo B;score:5
692_sf9|cert:Tipo A;score:70
693_sf9|cert:Tipo C;score:73
694_sf9|cert:Tipo A;score:71
695_sf9|cert:Tipo C;score:19
696_sf9|cert:Tipo B;score:64
697_sf9|cert:Tipo C;score:10
698_sf9|cert:Não Certificado;score:87
699_sf9|cert:Tipo A;score:44
700_sf9|cert:Tipo C;score:4
701_sf9|cert:Tipo A;score:7
702_sf9|cert:Tipo C;score:35
703_sf9|cert:Tipo B;score:24
704_sf9|cert:Tipo B;score:44
705_sf9|cert:Não Certificado;score:54
706_sf9|cert:Tipo C;score:11
707_sf9|cert:Tipo C;score:8
708_sf9|cert:Tipo C;score:94
709_sf9|cert:Tipo B;score:73
710_sf9|cert:Tipo B;score:24
711_sf9|cert:Tipo C;score:57
712_sf9|cert:Tipo B;score:28
713_sf9|cert:Tipo C;score:2
714_sf9|cert:Tipo A;score:2
715_sf9|cert:Não Certificado;score:10
716_sf9|cert:Tipo B;score:32
717_sf9|cert:Tipo B;score:69
718_sf9|cert:Tipo A;score:74
719_sf9|cert:Tipo A;score:54
720_sf9|cert:Tipo B;score:6
721_sf9|cert:Tipo B;score:80
722_sf9|cert:Tipo C;score:10
723_sf9|cert:Tipo B;score:90
724_sf9|cert:Tipo C;score:60
725_sf9|cert:Não Certificado;score:14
726_sf9|cert:Tipo A;score:14
727_sf9|cert:Tipo B;score:10
728_sf9|cert:Tipo B;score:4
729_sf9|cert:Tipo B;score:86
730_sf9|cert:Tipo C;score:49
731_sf9|cert:Tipo B;score:19
732_sf9|cert:Tipo B;score:2
733_sf9|cert:Tipo A;score:34
734_sf9|cert:Tipo A;score:95
735_sf9|cert:Não Certificado;score:71
736_sf9|cert:Tipo B;score:31
737_sf9|cert:Tipo A;score:24
738_sf9|cert:Tipo B;score:54
739_sf9|cert:Tipo A;score:96
740_sf9|cert:Tipo A;score:74
741_sf9|cert:Tipo C;score:86
742_sf9|cert:Tipo B;score:46
743_sf9|cert:Tipo B;score:28
744_sf9|cert:Tipo B;score:9
745_sf9|cert:Tipo A;score:76
746_sf9|cert:Tipo B;score:85
747_sf9|cert:Tipo B;score:67
748_sf9|cert:Tipo A;score:46
749_sf9|cert:Tipo A;score:59
750_sf9|cert:Tipo C;score:10
751_sf9|cert:Tipo C;score:67
752_sf9|cert:Tipo B;score:53
753_sf9|cert:Tipo C;score:33
754_sf9|cert:Tipo B;score:76
755_sf9|cert:Tipo C;score:30
756_sf9|cert:Tipo A;score:89
757_sf9|cert:Tipo B;score:30
758_sf9|cert:Não Certificado;score:20
759_sf9|cert:Tipo C;score:1
760_sf9|cert:Tipo B;score:1
761_sf9|cert:Tipo C;score:66
762_sf9|cert:Tipo A;score:67
763_sf9|cert:Tipo A;score:97
764_sf9|cert:Tipo B;score:54
765_sf9|cert:Tipo B;score:90
766_sf9|cert:Tipo B;score:49
767_sf9|cert:Tipo C;score:4
768_sf9|cert:Tipo B;score:29
769_sf9|cert:Não Certificado;score:88
770_sf9|cert:Tipo A;score:38
771_sf9|cert:Tipo C;score:94
772_sf9|cert:Tipo B;score:45
773_sf9|cert:Tipo A;score:8
774_sf9|cert:Não Certificado;score:20
775_sf9|cert:Tipo C;score:80
776_sf9|cert:Tipo B;score:8
777_sf9|cert:Tipo A;score:18
778_sf9|cert:Tipo B;score:71
779_sf9|cert:Tipo B;score:2
780_sf9|cert:Tipo B;score:90
781_sf9|cert:Tipo A;score:6
782_sf9|cert:Tipo B;score:40
783_sf9|cert:Não Certificado;score:23
784_sf9|cert:Tipo B;score:30
785_sf9|cert:Tipo A;score:11
786_sf9|cert:Não Certificado;score:30
787_sf9|cert:Não Certificado;score:31
788_sf9|cert:Tipo C;score:66
789_sf9|cert:Não Certificado;score:66
790_sf9|cert:Tipo A;score:31
791_sf9|cert:Tipo A;score:14
792_sf9|cert:Tipo B;score:63
793_sf9|cert:Não Certificado;score:1
794_sf9|cert:Tipo B;score:50
795_sf9|cert:Tipo A;score:64
796_sf9|cert:Tipo A;score:24
797_sf9|cert:Tipo C;score:96
798_sf9|cert:Não Certificado;score:93
799_sf9|cert:Não Certificado;score:67
800_sf9|cert:Tipo B;score:12
801_sf9|cert:Tipo A;score:7
802_sf9|cert:Não Certificado;score:66
803_sf9|cert:Tipo B;score:92
804_sf9|cert:Não Certificado;score:25
805_sf9|cert:Tipo B;score:89
806_sf9|cert:Tipo A;score:46
807_sf9|cert:Tipo C;score:67
808_sf9|cert:Tipo B;score:5
809_sf9|cert:Tipo B;score:48
810_sf9|cert:Tipo C;score:41
811_sf9|cert:Não Certificado;score:93
812_sf9|cert:Tipo C;score:38
813_sf9|cert:Não Certificado;score:55
814_sf9|cert:Tipo A;score:80
815_sf9|cert:Não Certificado;score:25
816_sf9|cert:Tipo B;score:42
817_sf9|cert:Tipo C;score:44
818_sf9|cert:Tipo A;score:69
819_sf9|cert:Tipo C;score:59
820_sf9|cert:Tipo B;score:41
821_sf9|cert:Tipo A;score:38
822_sf9|cert:Não Certificado;score:37
823_sf9|cert:Não Certificado;score:12
824_sf9|cert:Tipo B;score:53
825_sf9|cert:Tipo B;score:2
826_sf9|cert:Tipo B;score:16
827_sf9|cert:Não Certificado;score:2
828_sf9|cert:Tipo B;score:44
829_sf9|cert:Tipo C;score:5
830_sf9|cert:Tipo A;score:45
831_sf9|cert:Tipo C;score:72
832_sf9|cert:Tipo B;score:45
833_sf9|cert:Tipo B;score:86
834_sf9|cert:Tipo B;score:2
835_sf9|cert:Tipo B;score:40
836_sf9|cert:Não Certificado;score:61
837_sf9|cert:Tipo C;score:3
838_sf9|cert:Não Certificado;score:39
839_sf9|cert:Tipo A;score:60
840_sf9|cert:Tipo B;score:90
841_sf9|cert:Não Certificado;score:85
842_sf9|cert:Não Certificado;score:15
843_sf9|cert:Tipo A;score:87
844_sf9|cert:Não Certificado;score:59
845_sf9|cert:Tipo A;score:2
846_sf9|cert:Tipo A;score:0
847_sf9|cert:Tipo A;score:43
848_sf9|cert:Tipo B;score:80
849_sf9|cert:Tipo B;score:47
850_sf9|cert:Não Certificado;score:49
851_sf9|cert:Tipo C;score:51
852_sf9|cert:Tipo B;score:41
853_sf9|cert:Tipo A;score:76
854_sf9|cert:Tipo A;score:35
855_sf9|cert:Tipo C;score:60
856_sf9|cert:Tipo B;score:16
857_sf9|cert:Não Certificado;score:63
858_sf9|cert:Tipo A;score:3
859_sf9|cert:Não Certificado;score:31
860_sf9|cert:Não Certificado;score:44
861_sf9|cert:Tipo B;score:23
862_sf9|cert:Tipo A;score:83
863_sf9|cert:Tipo C;score:52
864_sf9|cert:Tipo B;score:43
865_sf9|cert:Tipo A;score:91
866_sf9|cert:Tipo B;score:96
867_sf9|cert:Tipo B;score:95
868_sf9|cert:Não Certificado;score:63
869_sf9|cert:Tipo A;score:95
870_sf9|cert:Não Certificado;score:33
871_sf9|cert:Tipo A;score:52
872_sf9|cert:Tipo B;score:56
873_sf9|cert:Tipo A;score:11
874_sf9|cert:Tipo B;score:55
875_sf9|cert:Não Certificado;score:11
876_sf9|cert:Não Certificado;score:51
877_sf9|cert:Tipo C;score:89
878_sf9|cert:Tipo B;score:0
879_sf9|cert:Não Certificado;score:91
880_sf9|cert:Tipo B;score:36
881_sf9|cert:Não Certificado;score:58
882_sf9|cert:Tipo B;score:19
883_sf9|cert:Tipo C;score:34
884_sf9|cert:Tipo A;score:19
885_sf9|cert:Tipo A;score:94
886_sf9|cert:Tipo C;score:65
887_sf9|cert:Tipo C;score:23
888_sf9|cert:Tipo B;score:67
889_sf9|cert:Tipo A;score:84
890_sf9|cert:Tipo A;score:48
891_sf9|cert:Tipo A;score:90
892_sf9|cert:Tipo C;score:73
893_sf9|cert:Não Certificado;score:2
894_sf9|cert:Tipo B;score:8
895_sf9|cert:Tipo A;score:5
896_sf9|cert:Tipo B;score:57
897_sf9|cert:Não Certificado;score:22
898_sf9|cert:Tipo B;score:18
899_sf9|cert:Tipo A;score:19
900_sf9|cert:Tipo A;score:80
901_sf9|cert:Tipo C;score:38
902_sf9|cert:Tipo B;score:80
903_sf9|cert:Tipo B;score:53
904_sf9|cert:Tipo B;score:21
905_sf9|cert:Tipo C;score:22
906_sf9|cert:Tipo A;score:67
907_sf9|cert:Não Certificado;score:99
908_sf9|cert:Tipo A;score:65
909_sf9|cert:Tipo A;score:2
910_sf9|cert:Tipo C;score:69
911_sf9|cert:Tipo B;score:78
912_sf9|cert:Tipo B;score:81
913_sf9|cert:Tipo A;score:55
914_sf9|cert:Tipo A;score:61
915_sf9|cert:Tipo A;score:12
916_sf9|cert:Não Certificado;score:38
917_sf9|cert:Tipo B;score:43
918_sf9|cert:Tipo B;score:44
919_sf9|cert:Não Certificado;score:4
920_sf9|cert:Tipo B;score:68
921_sf9|cert:Não Certificado;score:6
922_sf9|cert:Tipo A;score:42
923_sf9|cert:Tipo A;score:36
924_sf9|cert:Tipo C;score:80
925_sf9|cert:Tipo B;score:54
926_sf9|cert:Tipo C;score:77
927_sf9|cert:Não Certificado;score:71
928_sf9|cert:Tipo B;score:62
929_sf9|cert:Tipo B;score:58
930_sf9|cert:Não Certificado;score:80
931_sf9|cert:Tipo A;score:73
932_sf9|cert:Tipo C;score:72
933_sf9|cert:Tipo C;score:3
934_sf9|cert:Não Certificado;score:26
935_sf9|cert:Tipo A;score:0
936_sf9|cert:Tipo B;score:85
937_sf9|cert:Não Certificado;score:21
938_sf9|cert:Tipo C;score:72
939_sf9|cert:Tipo B;score:0
940_sf9|cert:Tipo B;score:31
941_sf9|cert:Não Certificado;score:70
942_sf9|cert:Não Certificado;score:39
943_sf9|cert:Tipo A;score:43
944_sf9|cert:Tipo B;score:46
945_sf9|cert:Não Certificado;score:53
946_sf9|cert:Tipo B;score:58
947_sf9|cert:Não Certificado;score:1
948_sf9|cert:Não Certificado;score:72
949_sf9|cert:Tipo B;score:30
950_sf9|cert:Não Certificado;score:63
951_sf9|cert:Não Certificado;score:30
952_sf9|cert:Tipo B;score:21
953_sf9|cert:Tipo B;score:50
954_sf9|cert:Tipo C;score:24
955_sf9|cert:Tipo A;score:0
956_sf9|cert:Tipo B;score:27
957_sf9|cert:Tipo C;score:93
958_sf9|cert:Tipo C;score:46
959_sf9|cert:Tipo C;score:90
960_sf9|cert:Tipo B;score:59
961_sf9|cert:Não Certificado;score:48
962_sf9|cert:Não Certificado;score:40
963_sf9|cert:Tipo A;score:82
964_sf9|cert:Não Certificado;score:45
965_sf9|cert:Tipo B;score:20
966_sf9|cert:Tipo C;score:86
967_sf9|cert:Tipo C;score:3
968_sf9|cert:Tipo B;score:67
969_sf9|cert:Tipo C;score:83
970_sf9|cert:Não Certificado;score:89
971_sf9|cert:Tipo A;score:43
972_sf9|cert:Tipo B;score:43
973_sf9|cert:Tipo B;score:19
974_sf9|cert:Tipo B;score:58
975_sf9|cert:Tipo C;score:68
976_sf9|cert:Tipo B;score:68
977_sf9|cert:Tipo B;score:50
978_sf9|cert:Tipo B;score:78
979_sf9|cert:Não Certificado;score:69
980_sf9|cert:Tipo B;score:0
981_sf9|cert:Tipo A;score:0
982_sf9|cert:Tipo C;score:58
983_sf9|cert:Tipo B;score:88
984_sf9|cert:Tipo B;score:84
985_sf9|cert:Tipo B;score:92
986_sf9|cert:Tipo A;score:14
987_sf9|cert:Não Certificado;score:89
988_sf9|cert:Tipo C;score:51
989_sf9|cert:Tipo C;score:35
990_sf9|cert:Tipo A;score:60
991_sf9|cert:Não Certificado;score:81
992_sf9|cert:Tipo B;score:80
993_sf9|cert:Tipo C;score:62
994_sf9|cert:Tipo B;score:72
995_sf9|cert:Tipo C;score:37
996_sf9|cert:Não Certificado;score:42
997_sf9|cert:Tipo B;score:74
998_sf9|cert:Tipo B;score:67
999_sf9|cert:Tipo A;score:57
1000_sf9|cert:Tipo B;score:61
1001_sf9|cert:Tipo A;score:88
1002_sf9|cert:Tipo C;score:35
1003_sf9|cert:Tipo C;score:81
1004_sf9|cert:Tipo B;score:79
1005_sf9|cert:Tipo C;score:75
1006_sf9|cert:Não Certificado;score:57
1007_sf9|cert:Tipo B;score:62
1008_sf9|cert:Tipo B;score:51
1009_sf9|cert:Tipo B;score:12
1010_sf9|cert:Tipo A;score:10
1011_sf9|cert:Tipo A;score:17
1012_sf9|cert:Não Certificado;score:69
1013_sf9|cert:Tipo C;score:24
1014_sf9|cert:Tipo B;score:23
1015_sf9|cert:Não Certificado;score:85
1016_sf9|cert:Tipo B;score:5
1017_sf9|cert:Tipo A;score:5
1018_sf9|cert:Não Certificado;score:8
1019_sf9|cert:Tipo C;score:50
1020_sf9|cert:Tipo C;score:60
1021_sf9|cert:Tipo A;score:54
1022_sf9|cert:Tipo B;score:81
1023_sf9|cert:Não Certificado;score:78
1024_sf9|cert:Tipo B;score:79
1025_sf9|cert:Tipo B;score:29
1026_sf9|cert:Não Certificado;score:72
1027_sf9|cert:Não Certificado;score:1
1028_sf9|cert:Tipo B;score:0
1029_sf9|cert:Não Certificado;score:73
1030_sf9|cert:Não Certificado;score:23
1031_sf9|cert:Não Certificado;score:95
1032_sf9|cert:Tipo B;score:60
1033_sf9|cert:Tipo B;score:55
1034_sf9|cert:Tipo A;score:78
1035_sf9|cert:Não Certificado;score:60
1036_sf9|cert:Tipo C;score:95
1037_sf9|cert:Tipo C;score:19
1038_sf9|cert:Tipo A;score:31
1039_sf9|cert:Tipo A;score:7
1040_sf9|cert:Tipo B;score:71
1041_sf9|cert:Não Certificado;score:42
1042_sf9|cert:Tipo B;score:30
1043_sf9|cert:Tipo B;score:40
1044_sf9|cert:Não Certificado;score:25
1045_sf9|cert:Tipo B;score:17
1046_sf9|cert:Tipo A;score:30
1047_sf9|cert:Tipo C;score:75
1048_sf9|cert:Tipo B;score:33
1049_sf9|cert:Tipo C;score:73
1050_sf9|cert:Tipo B;score:60
1051_sf9|cert:Tipo C;score:68
1052_sf9|cert:Tipo B;score:91
1053_sf9|cert:Não Certificado;score:57
1054_sf9|cert:Tipo C;score:11
1055_sf9|cert:Tipo A;score:85
1056_sf9|cert:Tipo B;score:83
1057_sf9|cert:Não Certificado;score:85
1058_sf9|cert:Tipo C;score:50
1059_sf9|cert:Não Certificado;score:30
1060_sf9|cert:Tipo B;score:48
1061_sf9|cert:Não Certificado;score:44
1062_sf9|cert:Tipo A;score:57
1063_sf9|cert:Tipo B;score:40
1064_sf9|cert:Tipo B;score:29
1065_sf9|cert:Tipo C;score:64
1066_sf9|cert:Tipo C;score:82
1067_sf9|cert:Tipo B;score:21
1068_sf9|cert:Não Certificado;score:90
1069_sf9|cert:Não Certificado;score:35
1070_sf9|cert:Tipo B;score:47
1071_sf9|cert:Tipo C;score:35
1072_sf9|cert:Tipo B;score:14
1073_sf9|cert:Tipo A;score:26
1074_sf9|cert:Tipo B;score:29
1075_sf9|cert:Tipo A;score:80
1076_sf9|cert:Tipo B;score:3
1077_sf9|cert:Tipo B;score:80
1078_sf9|cert:Não Certificado;score:33
1079_sf9|cert:Tipo C;score:91
1080_sf9|cert:Tipo B;score:36
1081_sf9|cert:Não Certificado;score:71
1082_sf9|cert:Tipo C;score:65
1083_sf9|cert:Não Certificado;score:55
1084_sf9|cert:Tipo A;score:81
1085_sf9|cert:Tipo B;score:24
1086_sf9|cert:Tipo A;score:94
1087_sf9|cert:Tipo B;score:55
1088_sf9|cert:Tipo B;score:21
1089_sf9|cert:Tipo A;score:7
1090_sf9|cert:Tipo C;score:3
1091_sf9|cert:Tipo A;score:37
1092_sf9|cert:Tipo C;score:99
1093_sf9|cert:Tipo C;score:55
1094_sf9|cert:Tipo C;score:31
1095_sf9|cert:Não Certificado;score:40
1096_sf9|cert:Tipo B;score:23
1097_sf9|cert:Tipo C;score:42
1098_sf9|cert:Tipo B;score:96
1099_sf9|cert:Tipo B;score:34
1100_sf9|cert:Tipo B;score:56
1101_sf9|cert:Tipo B;score:12
1102_sf9|cert:Tipo B;score:39
1103_sf9|cert:Tipo C;score:4
1104_sf9|cert:Tipo B;score:60
1105_sf9|cert:Tipo C;score:0
1106_sf9|cert:Tipo A;score:89
1107_sf9|cert:Não Certificado;score:28
1108_sf9|cert:Tipo C;score:43
1109_sf9|cert:Tipo B;score:19
1110_sf9|cert:Tipo A;score:46
1111_sf9|cert:Tipo B;score:51
1112_sf9|cert:Tipo B;score:76
1113_sf9|cert:Tipo A;score:58
1114_sf9|cert:Tipo B;score:10
1115_sf9|cert:Tipo B;score:38
1116_sf9|cert:Tipo C;score:89
1117_sf9|cert:Não Certificado;score:49
1118_sf9|cert:Tipo B;score:26
1119_sf9|cert:Tipo A;score:99
1120_sf9|cert:Tipo B;score:86
1121_sf9|cert:Tipo C;score:6
1122_sf9|cert:Não Certificado;score:24
1123_sf9|cert:Não Certificado;score:23
1124_sf9|cert:Tipo A;score:24
1125_sf9|cert:Não Certificado;score:74
1126_sf9|cert:Não Certificado;score:81
1127_sf9|cert:Tipo B;score:38
1128_sf9|cert:Tipo B;score:6
1129_sf9|cert:Tipo C;score:70
1130_sf9|cert:Tipo B;score:84
1131_sf9|cert:Tipo B;score:65
1132_sf9|cert:Tipo A;score:78
1133_sf9|cert:Tipo B;score:51
1134_sf9|cert:Não Certificado;score:30
1135_sf9|cert:Tipo A;score:44
1136_sf9|cert:Tipo B;score:52
1137_sf9|cert:Tipo C;score:1
1138_sf9|cert:Tipo B;score:20
1139_sf9|cert:Não Certificado;score:92
1140_sf9|cert:Tipo A;score:31
1141_sf9|cert:Tipo C;score:34
1142_sf9|cert:Tipo B;score:62
1143_sf9|cert:Tipo B;score:29
1144_sf9|cert:Tipo B;score:93
1145_sf9|cert:Tipo C;score:8
1146_sf9|cert:Não Certificado;score:82
1147_sf9|cert:Tipo B;score:24
1148_sf9|cert:Não Certificado;score:41
1149_sf9|cert:Tipo C;score:70
1150_sf9|cert:Tipo A;score:16
1151_sf9|cert:Tipo B;score:67
1152_sf9|cert:Tipo B;score:69
1153_sf9|cert:Tipo C;score:30
1154_sf9|cert:Tipo A;score:70
1155_sf9|cert:Não Certificado;score:38
1156_sf9|cert:Tipo B;score:85
1157_sf9|cert:Tipo C;score:18
1158_sf9|cert:Tipo B;score:40
1159_sf9|cert:Não Certificado;score:60
1160_sf9|cert:Tipo B;score:95
1161_sf9|cert:Tipo B;score:31
1162_sf9|cert:Tipo A;score:56
1163_sf9|cert:Tipo B;score:91
1164_sf9|cert:Tipo A;score:20
1165_sf9|cert:Tipo C;score:64
1166_sf9|cert:Não Certificado;score:82
1167_sf9|cert:Tipo C;score:56
1168_sf9|cert:Tipo B;score:22
1169_sf9|cert:Não Certificado;score:22
1170_sf9|cert:Não Certificado;score:30
1171_sf9|cert:Tipo A;score:9
1172_sf9|cert:Tipo A;score:81
1173_sf9|cert:Tipo A;score:21
1174_sf9|cert:Não Certificado;score:84
1175_sf9|cert:Tipo A;score:56
1176_sf9|cert:Tipo B;score:53
1177_sf9|cert:Tipo B;score:89
1178_sf9|cert:Tipo B;score:83
1179_sf9|cert:Tipo A;score:3
1180_sf9|cert:Tipo C;score:50
1181_sf9|cert:Tipo C;score:27
1182_sf9|cert:Tipo B;score:74
1183_sf9|cert:Tipo A;score:57
1184_sf9|cert:Tipo B;score:76
1185_sf9|cert:Tipo A;score:59
1186_sf9|cert:Tipo A;score:63
1187_sf9|cert:Tipo A;score:68
1188_sf9|cert:Tipo C;score:1
1189_sf9|cert:Tipo C;score:75
1190_sf9|cert:Não Certificado;score:63
1191_sf9|cert:Tipo C;score:96
1192_sf9|cert:Tipo B;score:27
1193_sf9|cert:Tipo B;score:27
1194_sf9|cert:Tipo A;score:2
1195_sf9|cert:Tipo A;score:39
1196_sf9|cert:Tipo B;score:61
1197_sf9|cert:Tipo C;score:72
1198_sf9|cert:Não Certificado;score:5
1199_sf9|cert:Tipo A;score:5
1200_sf9|cert:Tipo B;score:81
1201_sf9|cert:Tipo C;score:32
1202_sf9|cert:Tipo B;score:70
1203_sf9|cert:Tipo C;score:62
1204_sf9|cert:Tipo A;score:99
1205_sf9|cert:Tipo A;score:16
1206_sf9|cert:Tipo A;score:90
1207_sf9|cert:Tipo A;score:96
1208_sf9|cert:Tipo B;score:77
1209_sf9|cert:Tipo B;score:91
1210_sf9|cert:Tipo B;score:61
1211_sf9|cert:Tipo A;score:37
1212_sf9|cert:Não Certificado;score:45
1213_sf9|cert:Não Certificado;score:85
1214_sf9|cert:Tipo A;score:58
1215_sf9|cert:Tipo A;score:22
1216_sf9|cert:Tipo B;score:3
1217_sf9|cert:Não Certificado;score:53
1218_sf9|cert:Não Certificado;score:89
1219_sf9|cert:Tipo A;score:41
1220_sf9|cert:Não Certificado;score:1
1221_sf9|cert:Tipo B;score:88
1222_sf9|cert:Tipo B;score:36
1223_sf9|cert:Não Certificado;score:65
1224_sf9|cert:Tipo B;score:46
1225_sf9|cert:Tipo A;score:64
1226_sf9|cert:Tipo A;score:16
1227_sf9|cert:Não Certificado;score:63
1228_sf9|cert:Não Certificado;score:34
1229_sf9|cert:Tipo A;score:92
1230_sf9|cert:Não Certificado;score:52
1231_sf9|cert:Tipo C;score:43
1232_sf9|cert:Tipo B;score:59
1233_sf9|cert:Tipo A;score:38
1234_sf9|cert:Tipo C;score:9
1235_sf9|cert:Tipo B;score:3
1236_sf9|cert:Tipo C;score:15
1237_sf9|cert:Tipo C;score:96
1238_sf9|cert:Tipo A;score:18
1239_sf9|cert:Tipo B;score:47
1240_sf9|cert:Tipo B;score:15
1241_sf9|cert:Tipo B;score:39
1242_sf9|cert:Tipo C;score:99
1243_sf9|cert:Tipo A;score:40
1244_sf9|cert:Tipo B;score:43
1245_sf9|cert:Tipo B;score:61
1246_sf9|cert:Tipo A;score:13
1247_sf9|cert:Não Certificado;score:77
1248_sf9|cert:Tipo B;score:24
1249_sf9|cert:Tipo C;score:69
1250_sf9|cert:Tipo B;score:73
1251_sf9|cert:Tipo A;score:66
1252_sf9|cert:Tipo C;score:46
1253_sf9|cert:Não Certificado;score:24
1254_sf9|cert:Não Certificado;score:14
1255_sf9|cert:Tipo A;score:7
1256_sf9|cert:Tipo B;score:88
1257_sf9|cert:Tipo C;score:88
1258_sf9|cert:Não Certificado;score:97
1259_sf9|cert:Não Certificado;score:34
1260_sf9|cert:Tipo C;score:64
1261_sf9|cert:Não Certificado;score:63
1262_sf9|cert:Não Certificado;score:18
1263_sf9|cert:Tipo C;score:71
1264_sf9|cert:Tipo B;score:12
1265_sf9|cert:Tipo A;score:34
1266_sf9|cert:Não Certificado;score:58
1267_sf9|cert:Tipo C;score:65
1268_sf9|cert:Tipo C;score:20
1269_sf9|cert:Tipo C;score:50
1270_sf9|cert:Tipo A;score:81
1271_sf9|cert:Tipo B;score:55
1272_sf9|cert:Tipo B;score:99
1273_sf9|cert:Tipo A;score:32
1274_sf9|cert:Não Certificado;score:92
1275_sf9|cert:Tipo C;score:84
1276_sf9|cert:Não Certificado;score:45
1277_sf9|cert:Tipo A;score:90
1278_sf9|cert:Tipo C;score:89
1279_sf9|cert:Tipo C;score:8
1280_sf9|cert:Tipo B;score:49
1281_sf9|cert:Não Certificado;score:36
1282_sf9|cert:Tipo B;score:29
1283_sf9|cert:Tipo B;score:9
1284_sf9|cert:Tipo B;score:16
1285_sf9|cert:Tipo C;score:30
1286_sf9|cert:Tipo A;score:67
1287_sf9|cert:Tipo C;score:44
1288_sf9|cert:Tipo B;score:6
1289_sf9|cert:Tipo A;score:58
1290_sf9|cert:Tipo A;score:41
1291_sf9|cert:Tipo C;score:33
1292_sf9|cert:Tipo C;score:56
1293_sf9|cert:Tipo A;score:77
1294_sf9|cert:Tipo B;score:6
1295_sf9|cert:Tipo B;score:27
1296_sf9|cert:Tipo B;score:48
1297_sf9|cert:Não Certificado;score:53
1298_sf9|cert:Tipo B;score:92
1299_sf9|cert:Tipo C;score:92
1300_sf9|cert:Não Certificado;score:34
1301_sf9|cert:Não Certificado;score:42
1302_sf9|cert:Não Certificado;score:33
1303_sf9|cert:Tipo B;score:8
1304_sf9|cert:Tipo B;score:57
1305_sf9|cert:Não Certificado;score:19
1306_sf9|cert:Não Certificado;score:33
1307_sf9|cert:Tipo B;score:74
1308_sf9|cert:Tipo B;score:61
1309_sf9|cert:Tipo B;score:29
1310_sf9|cert:Tipo B;score:97
1311_sf9|cert:Tipo B;score:67
1312_sf9|cert:Tipo B;score:19
1313_sf9|cert:Tipo B;score:60
1314_sf9|cert:Não Certificado;score:19
1315_sf9|cert:Tipo C;score:47
1316_sf9|cert:Tipo A;score:90
1317_sf9|cert:Tipo A;score:29
1318_sf9|cert:Tipo C;score:77
1319_sf9|cert:Tipo C;score:1
1320_sf9|cert:Tipo B;score:75
1321_sf9|cert:Tipo A;score:33
1322_sf9|cert:Não Certificado;score:49
1323_sf9|cert:Tipo A;score:63
1324_sf9|cert:Não Certificado;score:97
1325_sf9|cert:Tipo A;score:77
1326_sf9|cert:Tipo A;score:35
1327_sf9|cert:Tipo A;score:65
1328_sf9|cert:Tipo B;score:56
1329_sf9|cert:Não Certificado;score:58
1330_sf9|cert:Tipo C;score:73
1331_sf9|cert:Tipo B;score:17
1332_sf9|cert:Tipo A;score:46
1333_sf9|cert:Tipo B;score:64
1334_sf9|cert:Tipo C;score:66
1335_sf9|cert:Tipo A;score:92
1336_sf9|cert:Tipo B;score:96
1337_sf9|cert:Tipo C;score:42
1338_sf9|cert:Tipo C;score:77
1339_sf9|cert:Tipo B;score:94
1340_sf9|cert:Tipo B;score:16
1341_sf9|cert:Tipo B;score:19
1342_sf9|cert:Tipo B;score:97
1343_sf9|cert:Tipo B;score:46
1344_sf9|cert:Tipo B;score:44
1345_sf9|cert:Tipo B;score:44
1346_sf9|cert:Tipo A;score:43
1347_sf9|cert:Tipo B;score:39
1348_sf9|cert:Não Certificado;score:42
1349_sf9|cert:Tipo A;score:65
1350_sf9|cert:Tipo C;score:87
1351_sf9|cert:Tipo A;score:86
1352_sf9|cert:Tipo B;score:67
1353_sf9|cert:Tipo B;score:0
1354_sf9|cert:Tipo A;score:97
1355_sf9|cert:Não Certificado;score:51
1356_sf9|cert:Tipo A;score:32
1357_sf9|cert:Não Certificado;score:32
1358_sf9|cert:Tipo C;score:74
1359_sf9|cert:Tipo A;score:20
1360_sf9|cert:Tipo B;score:36
1361_sf9|cert:Tipo C;score:66
1362_sf9|cert:Tipo C;score:19
1363_sf9|cert:Não Certificado;score:15
1364_sf9|cert:Tipo C;score:62
1365_sf9|cert:Não Certificado;score:87
1366_sf9|cert:Não Certificado;score:76
1367_sf9|cert:Tipo B;score:37
1368_sf9|cert:Tipo B;score:9
1369_sf9|cert:Não Certificado;score:31
1370_sf9|cert:Tipo B;score:11
1371_sf9|cert:Não Certificado;score:35
1372_sf9|cert:Tipo C;score:84
1373_sf9|cert:Tipo A;score:50
1374_sf9|cert:Tipo B;score:64
1375_sf9|cert:Tipo C;score:66
1376_sf9|cert:Tipo B;score:54
1377_sf9|cert:Tipo A;score:53
1378_sf9|cert:Tipo C;score:19
1379_sf9|cert:Tipo A;score:85
1380_sf9|cert:Tipo A;score:79
1381_sf9|cert:Tipo C;score:58
1382_sf9|cert:Tipo B;score:34
1383_sf9|cert:Não Certificado;score:70
1384_sf9|cert:Tipo B;score:77
1385_sf9|cert:Tipo C;score:61
1386_sf9|cert:Não Certificado;score:62
1387_sf9|cert:Tipo B;score:19
1388_sf9|cert:Não Certificado;score:56
1389_sf9|cert:Tipo C;score:52
1390_sf9|cert:Tipo B;score:95
1391_sf9|cert:Não Certificado;score:43
1392_sf9|cert:Tipo B;score:16
1393_sf9|cert:Não Certificado;score:97
1394_sf9|cert:Tipo A;score:97
1395_sf9|cert:Tipo C;score:46
1396_sf9|cert:Não Certificado;score:49
1397_sf9|cert:Não Certificado;score:5
1398_sf9|cert:Tipo A;score:48
1399_sf9|cert:Tipo C;score:98
1400_sf9|cert:Tipo B;score:39
1401_sf9|cert:Não Certificado;score:13
1402_sf9|cert:Tipo B;score:52
1403_sf9|cert:Tipo A;score:20
1404_sf9|cert:Tipo A;score:58
1405_sf9|cert:Tipo C;score:2
1406_sf9|cert:Tipo C;score:42
1407_sf9|cert:Não Certificado;score:17
1408_sf9|cert:Tipo B;score:12
1409_sf9|cert:Não Certificado;score:95
1410_sf9|cert:Tipo A;score:19
1411_sf9|cert:Tipo B;score:90
1412_sf9|cert:Tipo C;score:72
1413_sf9|cert:Não Certificado;score:43
1414_sf9|cert:Tipo C;score:18
1415_sf9|cert:Tipo A;score:90
1416_sf9|cert:Tipo B;score:13
1417_sf9|cert:Tipo C;score:12
1418_sf9|cert:Não Certificado;score:36
1419_sf9|cert:Tipo B;score:0
1420_sf9|cert:Tipo C;score:82
1421_sf9|cert:Não Certificado;score:44
1422_sf9|cert:Não Certificado;score:30
1423_sf9|cert:Tipo A;score:59
1424_sf9|cert:Tipo B;score:62
1425_sf9|cert:Não Certificado;score:20
1426_sf9|cert:Tipo A;score:32
1427_sf9|cert:Não Certificado;score:2
1428_sf9|cert:Tipo B;score:14
1429_sf9|cert:Tipo B;score:99
1430_sf9|cert:Tipo A;score:21
1431_sf9|cert:Tipo B;score:18
1432_sf9|cert:Tipo B;score:62
1433_sf9|cert:Não Certificado;score:38
1434_sf9|cert:Tipo C;score:95
1435_sf9|cert:Tipo B;score:53
1436_sf9|cert:Tipo A;score:70
1437_sf9|cert:Tipo A;score:46
1438_sf9|cert:Tipo C;score:43
1439_sf9|cert:Tipo B;score:10
1440_sf9|cert:Tipo B;score:46
1441_sf9|cert:Tipo B;score:74
1442_sf9|cert:Tipo C;score:40
1443_sf9|cert:Não Certificado;score:14
1444_sf9|cert:Tipo A;score:63
1445_sf9|cert:Tipo A;score:23
1446_sf9|cert:Tipo B;score:6
1447_sf9|cert:Tipo A;score:21
1448_sf9|cert:Tipo B;score:49
1449_sf9|cert:Tipo B;score:79
1450_sf9|cert:Tipo B;score:85
1451_sf9|cert:Não Certificado;score:75
1452_sf9|cert:Não Certificado;score:28
1453_sf9|cert:Tipo A;score:82
1454_sf9|cert:Não Certificado;score:37
1455_sf9|cert:Tipo C;score:17
1456_sf9|cert:Tipo B;score:81
1457_sf9|cert:Tipo A;score:36
1458_sf9|cert:Tipo A;score:5
1459_sf9|cert:Não Certificado;score:27
1460_sf9|cert:Tipo C;score:47
1461_sf9|cert:Não Certificado;score:59
1462_sf9|cert:Tipo C;score:36
1463_sf9|cert:Tipo B;score:22
1464_sf9|cert:Tipo B;score:57
1465_sf9|cert:Tipo B;score:0
1466_sf9|cert:Tipo A;score:85
1467_sf9|cert:Tipo A;score:75
1468_sf9|cert:Tipo B;score:20
1469_sf9|cert:Tipo A;score:98
1470_sf9|cert:Tipo B;score:27
1471_sf9|cert:Tipo A;score:48
1472_sf9|cert:Tipo B;score:68
1473_sf9|cert:Tipo B;score:98
1474_sf9|cert:Tipo C;score:50
1475_sf9|cert:Tipo B;score:75
1476_sf9|cert:Tipo A;score:1
1477_sf9|cert:Não Certificado;score:96
1478_sf9|cert:Não Certificado;score:84
1479_sf9|cert:Tipo B;score:77
1480_sf9|cert:Tipo B;score:13
1481_sf9|cert:Tipo B;score:11
1482_sf9|cert:Tipo B;score:56
1483_sf9|cert:Tipo B;score:80
1484_sf9|cert:Tipo B;score:10
1485_sf9|cert:Tipo C;score:74
1486_sf9|cert:Não Certificado;score:31
1487_sf9|cert:Não Certificado;score:71
1488_sf9|cert:Tipo B;score:47
1489_sf9|cert:Tipo B;score:92
1490_sf9|cert:Tipo C;score:16
1491_sf9|cert:Tipo C;score:98
1492_sf9|cert:Tipo C;score:48
1493_sf9|cert:Não Certificado;score:6
1494_sf9|cert:Tipo C;score:24
1495_sf9|cert:Tipo C;score:62
1496_sf9|cert:Tipo B;score:80
1497_sf9|cert:Não Certificado;score:25
1498_sf9|cert:Tipo A;score:46
1499_sf9|cert:Tipo B;score:42
1500_sf9|cert:Tipo A;score:47
1501_sf9|cert:Tipo C;score:39
1502_sf9|cert:Tipo A;score:66
1503_sf9|cert:Não Certificado;score:30
1504_sf9|cert:Tipo B;score:22
1505_sf9|cert:Tipo C;score:66
1506_sf9|cert:Tipo A;score:22
1507_sf9|cert:Tipo A;score:87
1508_sf9|cert:Não Certificado;score:66
1509_sf9|cert:Não Certificado;score:21
1510_sf9|cert:Tipo C;score:3
1511_sf9|cert:Tipo B;score:61
1512_sf9|cert:Tipo B;score:14
1513_sf9|cert:Tipo A;score:34
1514_sf9|cert:Tipo B;score:19
1515_sf9|cert:Tipo C;score:54
1516_sf9|cert:Tipo B;score:82
1517_sf9|cert:Tipo C;score:59
1518_sf9|cert:Não Certificado;score:19
1519_sf9|cert:Não Certificado;score:47
1520_sf9|cert:Tipo B;score:47
1521_sf9|cert:Não Certificado;score:64
1522_sf9|cert:Tipo B;score:47
1523_sf9|cert:Não Certificado;score:95
1524_sf9|cert:Tipo C;score:11
1525_sf9|cert:Tipo C;score:32
1526_sf9|cert:Tipo B;score:81
1527_sf9|cert:Tipo A;score:52
1528_sf9|cert:Tipo B;score:20
1529_sf9|cert:Tipo B;score:74
1530_sf9|cert:Não Certificado;score:47
1531_sf9|cert:Tipo C;score:49
1532_sf9|cert:Tipo C;score:93
1533_sf9|cert:Tipo B;score:39
1534_sf9|cert:Tipo A;score:88
1535_sf9|cert:Não Certificado;score:64
1536_sf9|cert:Tipo B;score:24
1537_sf9|cert:Tipo B;score:62
1538_sf9|cert:Tipo C;score:21
1539_sf9|cert:Tipo C;score:98
1540_sf9|cert:Tipo A;score:98
1541_sf9|cert:Tipo C;score:43
1542_sf9|cert:Tipo C;score:26
1543_sf9|cert:Não Certificado;score:91
1544_sf9|cert:Tipo B;score:79
1545_sf9|cert:Tipo A;score:64
1546_sf9|cert:Tipo A;score:3
1547_sf9|cert:Tipo C;score:44
1548_sf9|cert:Tipo B;score:77
1549_sf9|cert:Tipo B;score:9
1550_sf9|cert:Tipo A;score:14
1551_sf9|cert:Tipo A;score:62
1552_sf9|cert:Tipo B;score:37
1553_sf9|cert:Tipo C;score:53
1554_sf9|cert:Não Certificado;score:20
1555_sf9|cert:Tipo C;score:38
1556_sf9|cert:Não Certificado;score:83
1557_sf9|cert:Não Certificado;score:31
1558_sf9|cert:Não Certificado;score:87
1559_sf9|cert:Não Certificado;score:57
1560_sf9|cert:Tipo B;score:46
1561_sf9|cert:Tipo A;score:73
1562_sf9|cert:Tipo B;score:48
1563_sf9|cert:Não Certificado;score:89
1564_sf9|cert:Tipo B;score:89
1565_sf9|cert:Não Certificado;score:37
1566_sf9|cert:Não Certificado;score:37
1567_sf9|cert:Tipo A;score:14
1568_sf9|cert:Tipo B;score:1
1569_sf9|cert:Tipo C;score:14
1570_sf9|cert:Não Certificado;score:91
1571_sf9|cert:Tipo C;score:51
1572_sf9|cert:Não Certificado;score:7
1573_sf9|cert:Tipo A;score:39
1574_sf9|cert:Tipo B;score:95
1575_sf9|cert:Não Certificado;score:33
1576_sf9|cert:Tipo B;score:32
1577_sf9|cert:Tipo B;score:13
1578_sf9|cert:Não Certificado;score:19
1579_sf9|cert:Tipo C;score:27
1580_sf9|cert:Tipo C;score:35
1581_sf9|cert:Não Certificado;score:46
1582_sf9|cert:Tipo C;score:39
1583_sf9|cert:Tipo B;score:50
1584_sf9|cert:Tipo B;score:52
1585_sf9|cert:Tipo B;score:32
1586_sf9|cert:Tipo B;score:4
1587_sf9|cert:Tipo C;score:3
1588_sf9|cert:Tipo B;score:33
1589_sf9|cert:Não Certificado;score:48
1590_sf9|cert:Não Certificado;score:44
1591_sf9|cert:Tipo C;score:74
1592_sf9|cert:Tipo B;score:26
1593_sf9|cert:Não Certificado;score:24
1594_sf9|cert:Tipo B;score:2
1595_sf9|cert:Tipo B;score:57
1596_sf9|cert:Não Certificado;score:37
1597_sf9|cert:Tipo C;score:97
1598_sf9|cert:Não Certificado;score:62
1599_sf9|cert:Tipo B;score:26
1600_sf9|cert:Tipo B;score:91
1601_sf9|cert:Não Certificado;score:52
1602_sf9|cert:Tipo B;score:68
1603_sf9|cert:Tipo B;score:60
1604_sf9|cert:Não Certificado;score:97
1605_sf9|cert:Tipo C;score:23
1606_sf9|cert:Tipo A;score:21
1607_sf9|cert:Tipo A;score:76
1608_sf9|cert:Tipo B;score:28
1609_sf9|cert:Não Certificado;score:92
1610_sf9|cert:Não Certificado;score:7
1611_sf9|cert:Tipo A;score:26
1612_sf9|cert:Tipo B;score:87
1613_sf9|cert:Tipo C;score:71
1614_sf9|cert:Tipo B;score:13
1615_sf9|cert:Tipo A;score:55
1616_sf9|cert:Tipo B;score:24
1617_sf9|cert:Não Certificado;score:78
1618_sf9|cert:Tipo A;score:47
1619_sf9|cert:Tipo A;score:60
1620_sf9|cert:Tipo A;score:56
1621_sf9|cert:Não Certificado;score:99
1622_sf9|cert:Tipo A;score:24
1623_sf9|cert:Tipo A;score:94
1624_sf9|cert:Tipo B;score:50
1625_sf9|cert:Tipo A;score:94
1626_sf9|cert:Tipo B;score:93
1627_sf9|cert:Tipo A;score:66
1628_sf9|cert:Tipo A;score:12
1629_sf9|cert:Não Certificado;score:21
1630_sf9|cert:Não Certificado;score:64
1631_sf9|cert:Tipo C;score:76
1632_sf9|cert:Tipo B;score:7
1633_sf9|cert:Tipo C;score:90
1634_sf9|cert:Não Certificado;score:18
1635_sf9|cert:Tipo C;score:44
1636_sf9|cert:Tipo B;score:43
1637_sf9|cert:Tipo C;score:98
1638_sf9|cert:Tipo C;score:67
1639_sf9|cert:Tipo A;score:17
1640_sf9|cert:Tipo B;score:6
1641_sf9|cert:Não Certificado;score:37
1642_sf9|cert:Tipo A;score:2
1643_sf9|cert:Não Certificado;score:60
1644_sf9|cert:Tipo B;score:77
1645_sf9|cert:Tipo A;score:18
1646_sf9|cert:Tipo A;score:71
1647_sf9|cert:Tipo C;score:56
1648_sf9|cert:Tipo B;score:69
1649_sf9|cert:Não Certificado;score:63
1650_sf9|cert:Tipo A;score:13
1651_sf9|cert:Tipo C;score:58
1652_sf9|cert:Não Certificado;score:32
1653_sf9|cert:Tipo A;score:61
1654_sf9|cert:Não Certificado;score:13
1655_sf9|cert:Tipo A;score:81
1656_sf9|cert:Tipo B;score:37
1657_sf9|cert:Tipo C;score:52
1658_sf9|cert:Não Certificado;score:43
1659_sf9|cert:Tipo A;score:50
1660_sf9|cert:Tipo B;score:17
1661_sf9|cert:Tipo A;score:71
1662_sf9|cert:Tipo C;score:14
1663_sf9|cert:Tipo C;score:46
1664_sf9|cert:Tipo B;score:18
1665_sf9|cert:Tipo A;score:49
1666_sf9|cert:Tipo B;score:57
1667_sf9|cert:Tipo B;score:72
1668_sf9|cert:Não Certificado;score:75
1669_sf9|cert:Tipo B;score:14
1670_sf9|cert:Tipo C;score:85
1671_sf9|cert:Tipo B;score:85
1672_sf9|cert:Tipo B;score:64
1673_sf9|cert:Tipo B;score:30
1674_sf9|cert:Tipo C;score:84
1675_sf9|cert:Tipo A;score:53
1676_sf9|cert:Tipo B;score:57
1677_sf9|cert:Não Certificado;score:4
1678_sf9|cert:Tipo C;score:93
1679_sf9|cert:Não Certificado;score:65
1680_sf9|cert:Tipo B;score:8
1681_sf9|cert:Não Certificado;score:85
1682_sf9|cert:Não Certificado;score:19
1683_sf9|cert:Tipo C;score:97
1684_sf9|cert:Não Certificado;score:67
1685_sf9|cert:Tipo C;score:52
1686_sf9|cert:Tipo C;score:23
1687_sf9|cert:Tipo B;score:17
1688_sf9|cert:Tipo B;score:75
1689_sf9|cert:Tipo A;score:56
1690_sf9|cert:Tipo C;score:20
1691_sf9|cert:Não Certificado;score:3
1692_sf9|cert:Não Certificado;score:46
1693_sf9|cert:Tipo C;score:99
1694_sf9|cert:Tipo A;score:54
1695_sf9|cert:Não Certificado;score:22
1696_sf9|cert:Tipo B;score:28
1697_sf9|cert:Tipo B;score:75
1698_sf9|cert:Tipo B;score:87
1699_sf9|cert:Tipo C;score:66
1700_sf9|cert:Tipo B;score:30
1701_sf9|cert:Não Certificado;score:94
1702_sf9|cert:Tipo A;score:18
1703_sf9|cert:Não Certificado;score:63
1704_sf9|cert:Tipo B;score:35
1705_sf9|cert:Tipo A;score:68
1706_sf9|cert:Tipo B;score:78
1707_sf9|cert:Tipo A;score:71
1708_sf9|cert:Tipo C;score:41
1709_sf9|cert:Tipo B;score:69
1710_sf9|cert:Tipo C;score:44
1711_sf9|cert:Tipo B;score:70
1712_sf9|cert:Tipo B;score:48
1713_sf9|cert:Não Certificado;score:71
1714_sf9|cert:Não Certificado;score:13
1715_sf9|cert:Tipo B;score:49
1716_sf9|cert:Tipo B;score:11
1717_sf9|cert:Não Certificado;score:6
1718_sf9|cert:Tipo B;score:49
1719_sf9|cert:Tipo A;score:80
1720_sf9|cert:Tipo B;score:11
1721_sf9|cert:Tipo C;score:69
1722_sf9|cert:Tipo A;score:90
1723_sf9|cert:Tipo A;score:2
1724_sf9|cert:Tipo A;score:3
1725_sf9|cert:Não Certificado;score:69
1726_sf9|cert:Tipo A;score:33
1727_sf9|cert:Tipo A;score:24
1728_sf9|cert:Tipo B;score:39
1729_sf9|cert:Tipo A;score:39
1730_sf9|cert:Não Certificado;score:3
1731_sf9|cert:Tipo B;score:67
1732_sf9|cert:Tipo C;score:26
1733_sf9|cert:Tipo C;score:73
1734_sf9|cert:Tipo C;score:44
1735_sf9|cert:Tipo C;score:65
1736_sf9|cert:Tipo B;score:68
1737_sf9|cert:Tipo B;score:18
1738_sf9|cert:Tipo A;score:73
1739_sf9|cert:Tipo C;score:92
1740_sf9|cert:Tipo C;score:3
1741_sf9|cert:Tipo C;score:85
1742_sf9|cert:Não Certificado;score:39
1743_sf9|cert:Tipo B;score:47
1744_sf9|cert:Tipo B;score:96
1745_sf9|cert:Tipo C;score:87
1746_sf9|cert:Tipo B;score:55
1747_sf9|cert:Não Certificado;score:64
1748_sf9|cert:Tipo A;score:12
1749_sf9|cert:Tipo C;score:99
1750_sf9|cert:Tipo A;score:26
1751_sf9|cert:Não Certificado;score:55
1752_sf9|cert:Tipo B;score:57
1753_sf9|cert:Tipo B;score:76
1754_sf9|cert:Tipo C;score:57
1755_sf9|cert:Não Certificado;score:30
1756_sf9|cert:Tipo C;score:35
1757_sf9|cert:Tipo C;score:15
1758_sf9|cert:Tipo C;score:92
1759_sf9|cert:Tipo A;score:80
1760_sf9|cert:Tipo B;score:44
1761_sf9|cert:Tipo B;score:43
1762_sf9|cert:Não Certificado;score:33
1763_sf9|cert:Não Certificado;score:20
1764_sf9|cert:Tipo A;score:6
1765_sf9|cert:Tipo C;score:91
1766_sf9|cert:Tipo C;score:75
1767_sf9|cert:Tipo B;score:92
1768_sf9|cert:Tipo B;score:40
1769_sf9|cert:Tipo A;score:11
1770_sf9|cert:Tipo A;score:81
1771_sf9|cert:Tipo A;score:81
1772_sf9|cert:Tipo C;score:0
1773_sf9|cert:Tipo A;score:91
1774_sf9|cert:Tipo A;score:81
1775_sf9|cert:Não Certificado;score:16
1776_sf9|cert:Tipo B;score:89
1777_sf9|cert:Tipo B;score:44
1778_sf9|cert:Tipo A;score:53
1779_sf9|cert:Não Certificado;score:50
1780_sf9|cert:Tipo C;score:45
1781_sf9|cert:Tipo B;score:65
1782_sf9|cert:Tipo C;score:10
1783_sf9|cert:Tipo A;score:19
1784_sf9|cert:Tipo B;score:75
1785_sf9|cert:Tipo C;score:4
1786_sf9|cert:Tipo B;score:97
1787_sf9|cert:Tipo C;score:51
1788_sf9|cert:Tipo C;score:93
1789_sf9|cert:Não Certificado;score:29
1790_sf9|cert:Não Certificado;score:19
1791_sf9|cert:Tipo B;score:89
1792_sf9|cert:Tipo B;score:15
1793_sf9|cert:Não Certificado;score:66
1794_sf9|cert:Tipo C;score:96
1795_sf9|cert:Tipo C;score:44
1796_sf9|cert:Tipo B;score:85
1797_sf9|cert:Tipo A;score:31
1798_sf9|cert:Tipo A;score:49
1799_sf9|cert:Tipo B;score:61
1800_sf9|cert:Tipo B;score:56
1801_sf9|cert:Tipo A;score:8
1802_sf9|cert:Não Certificado;score:61
1803_sf9|cert:Não Certificado;score:7
1804_sf9|cert:Tipo B;score:70
1805_sf9|cert:Tipo B;score:69
1806_sf9|cert:Tipo C;score:66
1807_sf9|cert:Tipo A;score:77
1808_sf9|cert:Tipo B;score:99
1809_sf9|cert:Tipo C;score:53
1810_sf9|cert:Tipo B;score:80
1811_sf9|cert:Tipo C;score:75
1812_sf9|cert:Tipo C;score:54
1813_sf9|cert:Tipo C;score:95
1814_sf9|cert:Não Certificado;score:70
1815_sf9|cert:Não Certificado;score:14
1816_sf9|cert:Tipo B;score:14
1817_sf9|cert:Não Certificado;score:14
1818_sf9|cert:Tipo C;score:53
1819_sf9|cert:Tipo B;score:7
1820_sf9|cert:Não Certificado;score:0
1821_sf9|cert:Tipo A;score:26
1822_sf9|cert:Tipo C;score:45
1823_sf9|cert:Não Certificado;score:93
1824_sf9|cert:Tipo B;score:70
1825_sf9|cert:Tipo A;score:41
1826_sf9|cert:Tipo A;score:69
1827_sf9|cert:Tipo B;score:25
1828_sf9|cert:Tipo C;score:59
1829_sf9|cert:Não Certificado;score:26
1830_sf9|cert:Tipo A;score:19
1831_sf9|cert:Tipo B;score:77
1832_sf9|cert:Tipo B;score:35
1833_sf9|cert:Tipo C;score:90
1834_sf9|cert:Tipo A;score:49
1835_sf9|cert:Tipo A;score:21
1836_sf9|cert:Tipo B;score:77
1837_sf9|cert:Tipo B;score:14
1838_sf9|cert:Não Certificado;score:59
1839_sf9|cert:Tipo A;score:6
1840_sf9|cert:Tipo B;score:21
1841_sf9|cert:Tipo C;score:43
1842_sf9|cert:Tipo C;score:29
1843_sf9|cert:Tipo A;score:90
1844_sf9|cert:Tipo B;score:26
1845_sf9|cert:Tipo C;score:54
1846_sf9|cert:Tipo A;score:0
1847_sf9|cert:Tipo B;score:89
1848_sf9|cert:Tipo B;score:69
1849_sf9|cert:Não Certificado;score:68
1850_sf9|cert:Tipo C;score:85
1851_sf9|cert:Tipo A;score:39
1852_sf9|cert:Tipo B;score:49
1853_sf9|cert:Tipo B;score:91
1854_sf9|cert:Tipo A;score:23
1855_sf9|cert:Não Certificado;score:33
1856_sf9|cert:Tipo B;score:41
1857_sf9|cert:Tipo C;score:65
1858_sf9|cert:Não Certificado;score:60
1859_sf9|cert:Tipo B;score:93
1860_sf9|cert:Tipo A;score:52
1861_sf9|cert:Não Certificado;score:79
1862_sf9|cert:Tipo A;score:46
1863_sf9|cert:Não Certificado;score:32
1864_sf9|cert:Tipo B;score:84
1865_sf9|cert:Não Certificado;score:21
1866_sf9|cert:Não Certificado;score:68
1867_sf9|cert:Não Certificado;score:54
1868_sf9|cert:Tipo A;score:50
1869_sf9|cert:Tipo B;score:68
1870_sf9|cert:Não Certificado;score:22
1871_sf9|cert:Não Certificado;score:40
1872_sf9|cert:Tipo B;score:54
1873_sf9|cert:Tipo C;score:19
1874_sf9|cert:Tipo B;score:88
1875_sf9|cert:Tipo C;score:63
1876_sf9|cert:Tipo C;score:7
1877_sf9|cert:Tipo C;score:24
1878_sf9|cert:Tipo B;score:67
1879_sf9|cert:Tipo A;score:73
1880_sf9|cert:Tipo B;score:32
1881_sf9|cert:Não Certificado;score:91
1882_sf9|cert:Não Certificado;score:92
1883_sf9|cert:Tipo A;score:13
1884_sf9|cert:Tipo A;score:55
1885_sf9|cert:Tipo A;score:8
1886_sf9|cert:Tipo A;score:94
1887_sf9|cert:Tipo A;score:86
1888_sf9|cert:Tipo B;score:72
1889_sf9|cert:Tipo C;score:39
1890_sf9|cert:Não Certificado;score:64
1891_sf9|cert:Não Certificado;score:5
1892_sf9|cert:Tipo C;score:66
1893_sf9|cert:Tipo C;score:50
1894_sf9|cert:Tipo B;score:53
1895_sf9|cert:Tipo A;score:23
1896_sf9|cert:Tipo B;score:32
1897_sf9|cert:Não Certificado;score:74
1898_sf9|cert:Não Certificado;score:25
1899_sf9|cert:Tipo C;score:13
1900_sf9|cert:Não Certificado;score:44
1901_sf9|cert:Tipo B;score:22
1902_sf9|cert:Tipo C;score:11
1903_sf9|cert:Tipo B;score:71
1904_sf9|cert:Tipo B;score:55
1905_sf9|cert:Não Certificado;score:5
1906_sf9|cert:Tipo C;score:32
1907_sf9|cert:Não Certificado;score:23
1908_sf9|cert:Tipo A;score:76
1909_sf9|cert:Tipo C;score:95
1910_sf9|cert:Tipo B;score:54
1911_sf9|cert:Tipo B;score:39
1912_sf9|cert:Tipo B;score:20
1913_sf9|cert:Tipo B;score:36
1914_sf9|cert:Tipo B;score:10
1915_sf9|cert:Tipo A;score:74
1916_sf9|cert:Não Certificado;score:85
1917_sf9|cert:Não Certificado;score:71
1918_sf9|cert:Tipo B;score:44
1919_sf9|cert:Não Certificado;score:65
1920_sf9|cert:Tipo B;score:65
1921_sf9|cert:Tipo C;score:3
1922_sf9|cert:Tipo A;score:11
1923_sf9|cert:Tipo A;score:17
1924_sf9|cert:Tipo B;score:98
1925_sf9|cert:Tipo B;score:71
1926_sf9|cert:Não Certificado;score:35
1927_sf9|cert:Tipo C;score:84
1928_sf9|cert:Tipo B;score:69
1929_sf9|cert:Tipo C;score:76
1930_sf9|cert:Não Certificado;score:34
1931_sf9|cert:Tipo A;score:12
1932_sf9|cert:Tipo B;score:38
1933_sf9|cert:Não Certificado;score:10
1934_sf9|cert:Tipo C;score:10
1935_sf9|cert:Tipo A;score:33
1936_sf9|cert:Tipo B;score:4
1937_sf9|cert:Tipo C;score:80
1938_sf9|cert:Tipo C;score:2
1939_sf9|cert:Tipo B;score:92
1940_sf9|cert:Tipo C;score:70
1941_sf9|cert:Tipo C;score:13
1942_sf9|cert:Tipo C;score:88
1943_sf9|cert:Tipo B;score:6
1944_sf9|cert:Tipo B;score:44
1945_sf9|cert:Tipo C;score:71
1946_sf9|cert:Tipo A;score:77
1947_sf9|cert:Tipo B;score:91
1948_sf9|cert:Tipo A;score:99
1949_sf9|cert:Tipo A;score:98
1950_sf9|cert:Tipo C;score:22
1951_sf9|cert:Não Certificado;score:24
1952_sf9|cert:Tipo B;score:45
1953_sf9|cert:Tipo C;score:78
1954_sf9|cert:Tipo B;score:65
1955_sf9|cert:Tipo A;score:74
1956_sf9|cert:Não Certificado;score:98
1957_sf9|cert:Tipo C;score:88
1958_sf9|cert:Tipo C;score:24
1959_sf9|cert:Não Certificado;score:3
1960_sf9|cert:Tipo B;score:38
1961_sf9|cert:Tipo B;score:57
1962_sf9|cert:Tipo C;score:23
1963_sf9|cert:Tipo C;score:67
1964_sf9|cert:Não Certificado;score:27
1965_sf9|cert:Tipo B;score:97
1966_sf9|cert:Tipo B;score:24
1967_sf9|cert:Tipo B;score:8
1968_sf9|cert:Tipo B;score:22
1969_sf9|cert:Tipo B;score:38
1970_sf9|cert:Tipo C;score:0
1971_sf9|cert:Tipo A;score:54
1972_sf9|cert:Tipo C;score:20
1973_sf9|cert:Tipo C;score:91
1974_sf9|cert:Tipo B;score:94
1975_sf9|cert:Tipo A;score:60
1976_sf9|cert:Tipo B;score:77
1977_sf9|cert:Tipo C;score:7
1978_sf9|cert:Não Certificado;score:10
1979_sf9|cert:Tipo A;score:73
1980_sf9|cert:Tipo B;score:50
1981_sf9|cert:Tipo A;score:41
1982_sf9|cert:Tipo A;score:60
1983_sf9|cert:Não Certificado;score:5
1984_sf9|cert:Tipo B;score:15
1985_sf9|cert:Tipo A;score:32
1986_sf9|cert:Não Certificado;score:80
1987_sf9|cert:Tipo B;score:81
1988_sf9|cert:Tipo A;score:43
1989_sf9|cert:Tipo C;score:19
1990_sf9|cert:Tipo B;score:29
1991_sf9|cert:Tipo C;score:39
1992_sf9|cert:Tipo B;score:63
1993_sf9|cert:Tipo A;score:92
1994_sf9|cert:Tipo C;score:54
1995_sf9|cert:Tipo B;score:48
1996_sf9|cert:Tipo A;score:82
1997_sf9|cert:Tipo A;score:99
1998_sf9|cert:Tipo C;score:5
1999_sf9|cert:Tipo A;score:28
0_sf10|cert:Tipo B;score:62
1_sf10|cert:Tipo B;score:90
2_sf10|cert:Tipo C;score:45
3_sf10|cert:Tipo A;score:32
4_sf10|cert:Tipo A;score:80
5_sf10|cert:Não Certificado;score:30
6_sf10|cert:Tipo C;score:68
7_sf10|cert:Tipo B;score:89
8_sf10|cert:Tipo B;score:80
9_sf10|cert:Tipo B;score:60
10_sf10|cert:Tipo A;score:66
11_sf10|cert:Tipo C;score:28
12_sf10|cert:Tipo C;score:88
13_sf10|cert:Não Certificado;score:99
14_sf10|cert:Não Certificado;score:95
15_sf10|cert:Não Certificado;score:39
16_sf10|cert:Tipo B;score:52
17_sf10|cert:Não Certificado;score:53
18_sf10|cert:Tipo A;score:24
19_sf10|cert:Tipo C;score:35
20_sf10|cert:Não Certificado;score:8
21_sf10|cert:Tipo B;score:81
22_sf10|cert:Tipo B;score:76
23_sf10|cert:Tipo B;score:30
24_sf10|cert:Tipo B;score:7
25_sf10|cert:Tipo C;score:28
26_sf10|cert:Tipo B;score:36
27_sf10|cert:Tipo A;score:63
28_sf10|cert:Tipo A;score:49
29_sf10|cert:Tipo A;score:76
30_sf10|cert:Tipo C;score:38
31_sf10|cert:Tipo C;score:78
32_sf10|cert:Tipo B;score:4
33_sf10|cert:Não Certificado;score:17
34_sf10|cert:Tipo A;score:49
35_sf10|cert:Tipo B;score:53
36_sf10|cert:Não Certificado;score:96
37_sf10|cert:Tipo A;score:13
38_sf10|cert:Tipo C;score:93
39_sf10|cert:Tipo C;score:38
40_sf10|cert:Tipo B;score:25
41_sf10|cert:Tipo A;score:23
42_sf10|cert:Tipo B;score:95
43_sf10|cert:Tipo B;score:64
44_sf10|cert:Não Certificado;score:34
45_sf10|cert:Tipo B;score:21
46_sf10|cert:Tipo B;score:80
47_sf10|cert:Tipo A;score:29
48_sf10|cert:Tipo B;score:31
49_sf10|cert:Tipo B;score:21
50_sf10|cert:Não Certificado;score:31
51_sf10|cert:Tipo A;score:78
52_sf10|cert:Tipo C;score:30
53_sf10|cert:Não Certificado;score:50
54_sf10|cert:Tipo C;score:93
55_sf10|cert:Tipo C;score:14
56_sf10|cert:Tipo B;score:48
57_sf10|cert:Não Certificado;score:75
58_sf10|cert:Tipo A;score:66
59_sf10|cert:Tipo B;score:58
60_sf10|cert:Tipo A;score:87
61_sf10|cert:Não Certificado;score:64
62_sf10|cert:Tipo C;score:45
63_sf10|cert:Tipo C;score:90
64_sf10|cert:Tipo B;score:47
65_sf10|cert:Tipo C;score:8
66_sf10|cert:Tipo C;score:8
67_sf10|cert:Não Certificado;score:54
68_sf10|cert:Não Certificado;score:73
69_sf10|cert:Tipo B;score:82
70_sf10|cert:Não Certificado;score:43
71_sf10|cert:Tipo C;score:54
72_sf10|cert:Tipo B;score:93
73_sf10|cert:Tipo C;score:69
74_sf10|cert:Tipo B;score:21
75_sf10|cert:Tipo B;score:60
76_sf10|cert:Tipo A;score:69
77_sf10|cert:Não Certificado;score:69
78_sf10|cert:Não Certificado;score:56
79_sf10|cert:Não Certificado;score:65
80_sf10|cert:Tipo B;score:32
81_sf10|cert:Tipo A;score:13
82_sf10|cert:Tipo C;score:19
83_sf10|cert:Tipo C;score:63
84_sf10|cert:Tipo B;score:3
85_sf10|cert:Tipo C;score:81
86_sf10|cert:Tipo A;score:23
87_sf10|cert:Tipo A;score:12
88_sf10|cert:Tipo B;score:81
89_sf10|cert:Não Certificado;score:86
90_sf10|cert:Tipo A;score:96
91_sf10|cert:Tipo B;score:70
92_sf10|cert:Tipo C;score:64
93_sf10|cert:Tipo A;score:36
94_sf10|cert:Não Certificado;score:42
95_sf10|cert:Tipo A;score:19
96_sf10|cert:Tipo B;score:28
97_sf10|cert:Não Certificado;score:56
98_sf10|cert:Tipo A;score:29
99_sf10|cert:Tipo C;score:85
100_sf10|cert:Tipo B;score:4
101_sf10|cert:Tipo C;score:88
102_sf10|cert:Não Certificado;score:62
103_sf10|cert:Não Certificado;score:15
104_sf10|cert:Tipo B;score:44
105_sf10|cert:Tipo B;score:76
106_sf10|cert:Não Certificado;score:10
107_sf10|cert:Tipo B;score:98
108_sf10|cert:Não Certificado;score:91
109_sf10|cert:Tipo B;score:75
110_sf10|cert:Tipo B;score:20
111_sf10|cert:Tipo C;score:43
112_sf10|cert:Tipo B;score:17
113_sf10|cert:Tipo C;score:53
114_sf10|cert:Tipo A;score:5
115_sf10|cert:Tipo A;score:56
116_sf10|cert:Tipo A;score:38
117_sf10|cert:Tipo B;score:40
118_sf10|cert:Tipo C;score:75
119_sf10|cert:Não Certificado;score:1
120_sf10|cert:Tipo B;score:56
121_sf10|cert:Tipo B;score:50
122_sf10|cert:Tipo B;score:93
123_sf10|cert:Tipo B;score:85
124_sf10|cert:Tipo B;score:6
125_sf10|cert:Tipo A;score:40
126_sf10|cert:Não Certificado;score:65
127_sf10|cert:Não Certificado;score:11
128_sf10|cert:Tipo B;score:26
129_sf10|cert:Não Certificado;score:52
130_sf10|cert:Tipo C;score:59
131_sf10|cert:Tipo A;score:90
132_sf10|cert:Tipo A;score:20
133_sf10|cert:Não Certificado;score:74
134_sf10|cert:Tipo B;score:75
135_sf10|cert:Tipo A;score:99
136_sf10|cert:Tipo B;score:75
137_sf10|cert:Tipo B;score:25
138_sf10|cert:Tipo A;score:23
139_sf10|cert:Tipo A;score:56
140_sf10|cert:Tipo C;score:39
141_sf10|cert:Tipo B;score:0
142_sf10|cert:Tipo A;score:95
143_sf10|cert:Tipo B;score:38
144_sf10|cert:Tipo B;score:41
145_sf10|cert:Tipo A;score:78
146_sf10|cert:Tipo C;score:5
147_sf10|cert:Não Certificado;score:76
148_sf10|cert:Não Certificado;score:43
149_sf10|cert:Tipo A;score:85
150_sf10|cert:Não Certificado;score:4
151_sf10|cert:Não Certificado;score:41
152_sf10|cert:Tipo B;score:6
153_sf10|cert:Tipo A;score:76
154_sf10|cert:Tipo C;score:0
155_sf10|cert:Tipo C;score:22
156_sf10|cert:Tipo A;score:76
157_sf10|cert:Tipo A;score:36
158_sf10|cert:Tipo A;score:32
159_sf10|cert:Não Certificado;score:7
160_sf10|cert:Tipo B;score:72
161_sf10|cert:Não Certificado;score:4
162_sf10|cert:Tipo C;score:50
163_sf10|cert:Tipo A;score:47
164_sf10|cert:Tipo C;score:90
165_sf10|cert:Tipo B;score:96
166_sf10|cert:Tipo A;score:30
167_sf10|cert:Tipo C;score:5
168_sf10|cert:Tipo B;score:84
169_sf10|cert:Não Certificado;score:37
170_sf10|cert:Não Certificado;score:63
171_sf10|cert:Tipo C;score:0
172_sf10|cert:Tipo A;score:8
173_sf10|cert:Tipo A;score:75
174_sf10|cert:Tipo C;score:20
175_sf10|cert:Tipo C;score:67
176_sf10|cert:Tipo B;score:37
177_sf10|cert:Tipo B;score:42
178_sf10|cert:Não Certificado;score:26
179_sf10|cert:Não Certificado;score:82
180_sf10|cert:Não Certificado;score:95
181_sf10|cert:Tipo C;score:38
182_sf10|cert:Não Certificado;score:93
183_sf10|cert:Tipo A;score:83
184_sf10|cert:Tipo B;score:52
185_sf10|cert:Tipo C;score:16
186_sf10|cert:Tipo B;score:4
187_sf10|cert:Tipo A;score:96
188_sf10|cert:Não Certificado;score:53
189_sf10|cert:Tipo A;score:96
190_sf10|cert:Tipo C;score:99
191_sf10|cert:Tipo C;score:95
192_sf10|cert:Tipo B;score:75
193_sf10|cert:Tipo A;score:21
194_sf10|cert:Não Certificado;score:12
195_sf10|cert:Tipo C;score:64
196_sf10|cert:Tipo B;score:28
197_sf10|cert:Tipo A;score:48
198_sf10|cert:Tipo B;score:44
199_sf10|cert:Não Certificado;score:86
200_sf10|cert:Tipo B;score:66
201_sf10|cert:Tipo B;score:50
202_sf10|cert:Tipo B;score:18
203_sf10|cert:Tipo B;score:80
204_sf10|cert:Tipo C;score:95
205_sf10|cert:Tipo A;score:55
206_sf10|cert:Tipo B;score:19
207_sf10|cert:Tipo B;score:48
208_sf10|cert:Tipo B;score:78
209_sf10|cert:Tipo A;score:67
210_sf10|cert:Tipo A;score:94
211_sf10|cert:Não Certificado;score:48
212_sf10|cert:Tipo B;score:56
213_sf10|cert:Tipo B;score:50
214_sf10|cert:Não Certificado;score:96
215_sf10|cert:Tipo C;score:84
216_sf10|cert:Tipo B;score:73
217_sf10|cert:Não Certificado;score:97
218_sf10|cert:Tipo A;score:76
219_sf10|cert:Não Certificado;score:73
220_sf10|cert:Tipo B;score:97
221_sf10|cert:Tipo B;score:60
222_sf10|cert:Tipo A;score:7
223_sf10|cert:Tipo A;score:68
224_sf10|cert:Tipo B;score:50
225_sf10|cert:Tipo B;score:23
226_sf10|cert:Tipo B;score:48
227_sf10|cert:Tipo C;score:43
228_sf10|cert:Tipo B;score:32
229_sf10|cert:Tipo C;score:52
230_sf10|cert:Tipo A;score:28
231_sf10|cert:Tipo B;score:52
232_sf10|cert:Tipo B;score:97
233_sf10|cert:Tipo A;score:75
234_sf10|cert:Tipo C;score:57
235_sf10|cert:Tipo A;score:74
236_sf10|cert:Tipo B;score:86
237_sf10|cert:Tipo A;score:54
238_sf10|cert:Tipo C;score:47
239_sf10|cert:Não Certificado;score:56
240_sf10|cert:Tipo B;score:78
241_sf10|cert:Tipo A;score:78
242_sf10|cert:Tipo B;score:78
243_sf10|cert:Tipo C;score:61
244_sf10|cert:Tipo B;score:78
245_sf10|cert:Tipo A;score:38
246_sf10|cert:Tipo C;score:47
247_sf10|cert:Tipo A;score:89
248_sf10|cert:Tipo B;score:64
249_sf10|cert:Não Certificado;score:13
250_sf10|cert:Tipo A;score:64
251_sf10|cert:Tipo C;score:90
252_sf10|cert:Tipo C;score:5
253_sf10|cert:Não Certificado;score:36
254_sf10|cert:Não Certificado;score:44
255_sf10|cert:Tipo A;score:8
256_sf10|cert:Tipo B;score:51
257_sf10|cert:Tipo A;score:31
258_sf10|cert:Tipo A;score:19
259_sf10|cert:Tipo B;score:8
260_sf10|cert:Tipo A;score:11
261_sf10|cert:Tipo C;score:61
262_sf10|cert:Tipo B;score:44
263_sf10|cert:Tipo B;score:9
264_sf10|cert:Tipo B;score:11
265_sf10|cert:Tipo C;score:62
266_sf10|cert:Tipo B;score:7
267_sf10|cert:Não Certificado;score:26
268_sf10|cert:Não Certificado;score:97
269_sf10|cert:Tipo B;score:52
270_sf10|cert:Tipo B;score:0
271_sf10|cert:Tipo B;score:96
272_sf10|cert:Tipo B;score:48
273_sf10|cert:Tipo B;score:3
274_sf10|cert:Tipo A;score:95
275_sf10|cert:Não Certificado;score:91
276_sf10|cert:Tipo A;score:55
277_sf10|cert:Tipo A;score:28
278_sf10|cert:Tipo B;score:48
279_sf10|cert:Não Certificado;score:7
280_sf10|cert:Tipo B;score:64
281_sf10|cert:Tipo C;score:46
282_sf10|cert:Tipo B;score:12
283_sf10|cert:Tipo C;score:68
284_sf10|cert:Tipo C;score:55
285_sf10|cert:Tipo C;score:0
286_sf10|cert:Não Certificado;score:27
287_sf10|cert:Tipo B;score:66
288_sf10|cert:Tipo B;score:9
289_sf10|cert:Tipo C;score:3
290_sf10|cert:Tipo A;score:43
291_sf10|cert:Tipo B;score:7
292_sf10|cert:Tipo A;score:71
293_sf10|cert:Tipo C;score:77
294_sf10|cert:Tipo A;score:52
295_sf10|cert:Tipo B;score:84
296_sf10|cert:Tipo B;score:25
297_sf10|cert:Tipo B;score:54
298_sf10|cert:Tipo C;score:10
299_sf10|cert:Tipo B;score:45
300_sf10|cert:Tipo A;score:94
301_sf10|cert:Tipo A;score:92
302_sf10|cert:Tipo B;score:80
303_sf10|cert:Tipo C;score:90
304_sf10|cert:Tipo B;score:98
305_sf10|cert:Tipo A;score:9
306_sf10|cert:Tipo C;score:18
307_sf10|cert:Tipo B;score:34
308_sf10|cert:Tipo B;score:43
309_sf10|cert:Tipo B;score:7
310_sf10|cert:Tipo B;score:9
311_sf10|cert:Tipo B;score:62
312_sf10|cert:Tipo B;score:19
313_sf10|cert:Não Certificado;score:16
314_sf10|cert:Não Certificado;score:90
315_sf10|cert:Tipo C;score:34
316_sf10|cert:Tipo C;score:33
317_sf10|cert:Tipo B;score:5
318_sf10|cert:Tipo C;score:33
319_sf10|cert:Tipo A;score:73
320_sf10|cert:Tipo B;score:8
321_sf10|cert:Não Certificado;score:51
322_sf10|cert:Tipo C;score:84
323_sf10|cert:Não Certificado;score:43
324_sf10|cert:Tipo B;score:74
325_sf10|cert:Tipo B;score:2
326_sf10|cert:Tipo A;score:39
327_sf10|cert:Tipo A;score:27
328_sf10|cert:Tipo B;score:73
329_sf10|cert:Tipo B;score:74
330_sf10|cert:Tipo C;score:39
331_sf10|cert:Tipo C;score:6
332_sf10|cert:Tipo C;score:65
333_sf10|cert:Não Certificado;score:48
334_sf10|cert:Tipo B;score:8
335_sf10|cert:Tipo C;score:26
336_sf10|cert:Tipo B;score:31
337_sf10|cert:Não Certificado;score:57
338_sf10|cert:Tipo A;score:86
339_sf10|cert:Tipo B;score:98
340_sf10|cert:Tipo B;score:89
341_sf10|cert:Tipo A;score:47
342_sf10|cert:Tipo C;score:10
343_sf10|cert:Tipo A;score:94
344_sf10|cert:Tipo B;score:83
345_sf10|cert:Tipo B;score:27
346_sf10|cert:Tipo A;score:60
347_sf10|cert:Tipo C;score:9
348_sf10|cert:Tipo A;score:64
349_sf10|cert:Tipo B;score:53
350_sf10|cert:Tipo A;score:91
351_sf10|cert:Não Certificado;score:12
352_sf10|cert:Tipo B;score:97
353_sf10|cert:Tipo C;score:18
354_sf10|cert:Tipo B;score:78
355_sf10|cert:Tipo A;score:72
356_sf10|cert:Tipo C;score:79
357_sf10|cert:Não Certificado;score:8
358_sf10|cert:Tipo A;score:61
359_sf10|cert:Tipo C;score:24
360_sf10|cert:Tipo B;score:49
361_sf10|cert:Tipo B;score:33
362_sf10|cert:Tipo C;score:24
363_sf10|cert:Tipo C;score:4
364_sf10|cert:Tipo B;score:27
365_sf10|cert:Não Certificado;score:1
366_sf10|cert:Tipo B;score:89
367_sf10|cert:Tipo B;score:21
368_sf10|cert:Tipo B;score:27
369_sf10|cert:Tipo B;score:22
370_sf10|cert:Tipo B;score:45
371_sf10|cert:Tipo B;score:16
372_sf10|cert:Tipo C;score:57
373_sf10|cert:Não Certificado;score:99
374_sf10|cert:Tipo A;score:64
375_sf10|cert:Tipo C;score:97
376_sf10|cert:Tipo B;score:61
377_sf10|cert:Tipo B;score:1
378_sf10|cert:Tipo A;score:36
379_sf10|cert:Tipo A;score:21
380_sf10|cert:Não Certificado;score:2
381_sf10|cert:Tipo B;score:32
382_sf10|cert:Tipo B;score:20
383_sf10|cert:Tipo B;score:28
384_sf10|cert:Tipo B;score:59
385_sf10|cert:Tipo A;score:15
386_sf10|cert:Tipo C;score:29
387_sf10|cert:Não Certificado;score:0
388_sf10|cert:Tipo C;score:66
389_sf10|cert:Tipo C;score:24
390_sf10|cert:Não Certificado;score:13
391_sf10|cert:Tipo C;score:73
392_sf10|cert:Tipo B;score:22
393_sf10|cert:Tipo C;score:97
394_sf10|cert:Tipo C;score:36
395_sf10|cert:Tipo B;score:33
396_sf10|cert:Tipo B;score:28
397_sf10|cert:Não Certificado;score:2
398_sf10|cert:Tipo B;score:29
399_sf10|cert:Tipo C;score:43
400_sf10|cert:Tipo B;score:20
401_sf10|cert:Tipo B;score:67
402_sf10|cert:Tipo C;score:92
403_sf10|cert:Não Certificado;score:50
404_sf10|cert:Não Certificado;score:95
405_sf10|cert:Tipo C;score:29
406_sf10|cert:Tipo C;score:18
407_sf10|cert:Tipo B;score:75
408_sf10|cert:Tipo B;score:32
409_sf10|cert:Tipo B;score:49
410_sf10|cert:Tipo C;score:23
411_sf10|cert:Não Certificado;score:53
412_sf10|cert:Tipo B;score:49
413_sf10|cert:Tipo A;score:83
414_sf10|cert:Tipo A;score:21
415_sf10|cert:Não Certificado;score:98
416_sf10|cert:Tipo B;score:22
417_sf10|cert:Tipo B;score:62
418_sf10|cert:Tipo B;score:78
419_sf10|cert:Tipo C;score:39
420_sf10|cert:Tipo C;score:89
421_sf10|cert:Tipo B;score:99
422_sf10|cert:Tipo A;score:96
423_sf10|cert:Tipo A;score:59
424_sf10|cert:Tipo B;score:4
425_sf10|cert:Tipo C;score:22
426_sf10|cert:Tipo C;score:34
427_sf10|cert:Tipo B;score:34
428_sf10|cert:Tipo A;score:13
429_sf10|cert:Não Certificado;score:74
430_sf10|cert:Não Certificado;score:24
431_sf10|cert:Não Certificado;score:42
432_sf10|cert:Tipo B;score:41
433_sf10|cert:Tipo B;score:29
434_sf10|cert:Tipo B;score:92
435_sf10|cert:Tipo C;score:80
436_sf10|cert:Tipo A;score:48
437_sf10|cert:Não Certificado;score:97
438_sf10|cert:Tipo B;score:10
439_sf10|cert:Tipo C;score:55
440_sf10|cert:Tipo B;score:75
441_sf10|cert:Tipo A;score:67
442_sf10|cert:Tipo C;score:9
443_sf10|cert:Tipo B;score:74
444_sf10|cert:Não Certificado;score:94
445_sf10|cert:Não Certificado;score:99
446_sf10|cert:Tipo A;score:92
447_sf10|cert:Tipo A;score:53
448_sf10|cert:Tipo B;score:75
449_sf10|cert:Tipo C;score:48
450_sf10|cert:Tipo A;score:82
451_sf10|cert:Tipo B;score:17
452_sf10|cert:Tipo C;score:90
453_sf10|cert:Tipo C;score:6
454_sf10|cert:Não Certificado;score:88
455_sf10|cert:Tipo B;score:10
456_sf10|cert:Tipo B;score:13
457_sf10|cert:Não Certificado;score:29
458_sf10|cert:Não Certificado;score:80
459_sf10|cert:Tipo B;score:9
460_sf10|cert:Não Certificado;score:83
461_sf10|cert:Tipo A;score:64
462_sf10|cert:Tipo B;score:44
463_sf10|cert:Tipo B;score:9
464_sf10|cert:Tipo B;score:57
465_sf10|cert:Tipo B;score:78
466_sf10|cert:Tipo C;score:90
467_sf10|cert:Tipo B;score:95
468_sf10|cert:Tipo B;score:73
469_sf10|cert:Tipo A;score:75
470_sf10|cert:Não Certificado;score:62
471_sf10|cert:Tipo B;score:40
472_sf10|cert:Tipo B;score:27
473_sf10|cert:Tipo C;score:91
474_sf10|cert:Tipo B;score:87
475_sf10|cert:Tipo A;score:50
476_sf10|cert:Não Certificado;score:18
477_sf10|cert:Tipo C;score:59
478_sf10|cert:Tipo A;score:19
479_sf10|cert:Tipo B;score:83
480_sf10|cert:Tipo B;score:69
481_sf10|cert:Não Certificado;score:75
482_sf10|cert:Não Certificado;score:64
483_sf10|cert:Tipo A;score:10
484_sf10|cert:Tipo A;score:25
485_sf10|cert:Tipo A;score:72
486_sf10|cert:Tipo A;score:92
487_sf10|cert:Tipo A;score:88
488_sf10|cert:Tipo B;score:17
489_sf10|cert:Tipo B;score:54
490_sf10|cert:Tipo B;score:15
491_sf10|cert:Tipo B;score:29
492_sf10|cert:Não Certificado;score:58
493_sf10|cert:Tipo A;score:51
494_sf10|cert:Tipo A;score:80
495_sf10|cert:Tipo A;score:83
496_sf10|cert:Tipo B;score:46
497_sf10|cert:Não Certificado;score:84
498_sf10|cert:Tipo B;score:74
499_sf10|cert:Tipo A;score:1
500_sf10|cert:Tipo C;score:22
501_sf10|cert:Tipo B;score:80
502_sf10|cert:Não Certificado;score:46
503_sf10|cert:Não Certificado;score:32
504_sf10|cert:Tipo B;score:55
505_sf10|cert:Tipo B;score:74
506_sf10|cert:Tipo C;score:88
507_sf10|cert:Tipo B;score:60
508_sf10|cert:Tipo B;score:68
509_sf10|cert:Tipo B;score:31
510_sf10|cert:Tipo B;score:49
511_sf10|cert:Tipo B;score:56
512_sf10|cert:Tipo B;score:72
513_sf10|cert:Tipo A;score:54
514_sf10|cert:Tipo A;score:43
515_sf10|cert:Tipo B;score:12
516_sf10|cert:Tipo C;score:71
517_sf10|cert:Tipo A;score:58
518_sf10|cert:Tipo B;score:24
519_sf10|cert:Tipo A;score:44
520_sf10|cert:Tipo B;score:40
521_sf10|cert:Tipo B;score:43
522_sf10|cert:Tipo A;score:87
523_sf10|cert:Tipo A;score:6
524_sf10|cert:Tipo B;score:1
525_sf10|cert:Tipo B;score:63
526_sf10|cert:Não Certificado;score:34
527_sf10|cert:Tipo B;score:56
528_sf10|cert:Tipo B;score:49
529_sf10|cert:Tipo C;score:53
530_sf10|cert:Não Certificado;score:9
531_sf10|cert:Não Certificado;score:42
532_sf10|cert:Tipo C;score:44
533_sf10|cert:Tipo C;score:60
534_sf10|cert:Não Certificado;score:48
535_sf10|cert:Tipo A;score:37
536_sf10|cert:Tipo B;score:3
537_sf10|cert:Tipo B;score:96
538_sf10|cert:Tipo B;score:26
539_sf10|cert:Não Certificado;score:40
540_sf10|cert:Tipo C;score:4
541_sf10|cert:Tipo A;score:8
542_sf10|cert:Tipo B;score:26
543_sf10|cert:Não Certificado;score:54
544_sf10|cert:Tipo B;score:64
545_sf10|cert:Tipo A;score:93
546_sf10|cert:Tipo B;score:23
547_sf10|cert:Tipo B;score:36
548_sf10|cert:Tipo B;score:92
549_sf10|cert:Tipo B;score:62
550_sf10|cert:Tipo C;score:24
551_sf10|cert:Tipo C;score:82
552_sf10|cert:Tipo B;score:72
553_sf10|cert:Não Certificado;score:50
554_sf10|cert:Tipo B;score:32
555_sf10|cert:Tipo C;score:80
556_sf10|cert:Tipo B;score:99
557_sf10|cert:Tipo A;score:50
558_sf10|cert:Tipo B;score:96
559_sf10|cert:Não Certificado;score:30
560_sf10|cert:Tipo B;score:55
561_sf10|cert:Tipo B;score:72
562_sf10|cert:Tipo A;score:22
563_sf10|cert:Tipo C;score:42
564_sf10|cert:Tipo B;score:39
565_sf10|cert:Não Certificado;score:87
566_sf10|cert:Tipo C;score:99
567_sf10|cert:Não Certificado;score:50
568_sf10|cert:Tipo B;score:39
569_sf10|cert:Tipo B;score:72
570_sf10|cert:Tipo B;score:12
571_sf10|cert:Não Certificado;score:16
572_sf10|cert:Tipo C;score:41
573_sf10|cert:Tipo C;score:45
574_sf10|cert:Tipo A;score:12
575_sf10|cert:Tipo A;score:81
576_sf10|cert:Tipo B;score:73
577_sf10|cert:Tipo C;score:80
578_sf10|cert:Não Certificado;score:34
579_sf10|cert:Não Certificado;score:16
580_sf10|cert:Tipo A;score:3
581_sf10|cert:Tipo B;score:81
582_sf10|cert:Tipo B;score:9
583_sf10|cert:Tipo B;score:45
584_sf10|cert:Tipo B;score:42
585_sf10|cert:Não Certificado;score:61
586_sf10|cert:Tipo C;score:4
587_sf10|cert:Tipo A;score:97
588_sf10|cert:Tipo C;score:32
589_sf10|cert:Tipo A;score:30
590_sf10|cert:Não Certificado;score:20
591_sf10|cert:Tipo C;score:21
592_sf10|cert:Tipo B;score:10
593_sf10|cert:Não Certificado;score:4
594_sf10|cert:Tipo B;score:27
595_sf10|cert:Não Certificado;score:88
596_sf10|cert:Tipo A;score:75
597_sf10|cert:Tipo B;score:53
598_sf10|cert:Tipo C;score:63
599_sf10|cert:Não Certificado;score:80
600_sf10|cert:Tipo B;score:45
601_sf10|cert:Tipo B;score:66
602_sf10|cert:Tipo B;score:17
603_sf10|cert:Não Certificado;score:67
604_sf10|cert:Tipo C;score:93
605_sf10|cert:Tipo A;score:81
606_sf10|cert:Tipo B;score:6
607_sf10|cert:Tipo C;score:64
608_sf10|cert:Tipo B;score:62
609_sf10|cert:Tipo B;score:83
610_sf10|cert:Tipo A;score:36
611_sf10|cert:Tipo B;score:81
612_sf10|cert:Não Certificado;score:68
613_sf10|cert:Não Certificado;score:51
614_sf10|cert:Tipo C;score:69
615_sf10|cert:Tipo A;score:73
616_sf10|cert:Tipo B;score:80
617_sf10|cert:Tipo B;score:98
618_sf10|cert:Tipo C;score:5
619_sf10|cert:Tipo A;score:59
620_sf10|cert:Tipo B;score:54
621_sf10|cert:Não Certificado;score:56
622_sf10|cert:Tipo A;score:9
623_sf10|cert:Tipo A;score:1
624_sf10|cert:Tipo B;score:61
625_sf10|cert:Tipo C;score:27
626_sf10|cert:Não Certificado;score:52
627_sf10|cert:Tipo C;score:63
628_sf10|cert:Tipo A;score:61
629_sf10|cert:Tipo B;score:83
630_sf10|cert:Tipo A;score:0
631_sf10|cert:Tipo B;score:90
632_sf10|cert:Tipo B;score:14
633_sf10|cert:Tipo C;score:2
634_sf10|cert:Tipo C;score:32
635_sf10|cert:Tipo B;score:95
636_sf10|cert:Tipo C;score:59
637_sf10|cert:Tipo A;score:8
638_sf10|cert:Tipo B;score:41
639_sf10|cert:Tipo B;score:53
640_sf10|cert:Tipo B;score:23
641_sf10|cert:Não Certificado;score:50
642_sf10|cert:Tipo B;score:95
643_sf10|cert:Tipo A;score:46
644_sf10|cert:Tipo B;score:4
645_sf10|cert:Tipo A;score:93
646_sf10|cert:Não Certificado;score:14
647_sf10|cert:Tipo A;score:19
648_sf10|cert:Tipo B;score:49
649_sf10|cert:Não Certificado;score:50
650_sf10|cert:Tipo A;score:43
651_sf10|cert:Não Certificado;score:44
652_sf10|cert:Tipo A;score:28
653_sf10|cert:Tipo A;score:38
654_sf10|cert:Tipo B;score:50
655_sf10|cert:Tipo B;score:9
656_sf10|cert:Tipo B;score:97
657_sf10|cert:Tipo B;score:94
658_sf10|cert:Tipo A;score:24
659_sf10|cert:Tipo C;score:92
660_sf10|cert:Tipo B;score:15
661_sf10|cert:Tipo A;score:0
662_sf10|cert:Tipo B;score:98
663_sf10|cert:Tipo B;score:7
664_sf10|cert:Tipo B;score:70
665_sf10|cert:Tipo C;score:95
666_sf10|cert:Tipo B;score:3
667_sf10|cert:Tipo C;score:66
668_sf10|cert:Tipo C;score:26
669_sf10|cert:Tipo A;score:47
670_sf10|cert:Não Certificado;score:38
671_sf10|cert:Tipo B;score:91
672_sf10|cert:Tipo B;score:48
673_sf10|cert:Não Certificado;score:39
674_sf10|cert:Tipo A;score:40
675_sf10|cert:Não Certificado;score:20
676_sf10|cert:Não Certificado;score:32
677_sf10|cert:Tipo C;score:33
678_sf10|cert:Não Certificado;score:89
679_sf10|cert:Não Certificado;score:79
680_sf10|cert:Tipo B;score:48
681_sf10|cert:Não Certificado;score:76
682_sf10|cert:Não Certificado;score:15
683_sf10|cert:Tipo B;score:25
684_sf10|cert:Tipo A;score:19
685_sf10|cert:Tipo A;score:85
686_sf10|cert:Tipo A;score:10
687_sf10|cert:Tipo C;score:22
688_sf10|cert:Tipo B;score:26
689_sf10|cert:Tipo B;score:81
690_sf10|cert:Tipo A;score:52
691_sf10|cert:Tipo B;score:5
692_sf10|cert:Tipo A;score:70
693_sf10|cert:Tipo C;score:73
694_sf10|cert:Tipo A;score:71
695_sf10|cert:Tipo C;score:19
696_sf10|cert:Tipo B;score:64
697_sf10|cert:Tipo C;score:10
698_sf10|cert:Não Certificado;score:87
699_sf10|cert:Tipo A;score:44
700_sf10|cert:Tipo C;score:4
701_sf10|cert:Tipo A;score:7
702_sf10|cert:Tipo C;score:35
703_sf10|cert:Tipo B;score:24
704_sf10|cert:Tipo B;score:44
705_sf10|cert:Não Certificado;score:54
706_sf10|cert:Tipo C;score:11
707_sf10|cert:Tipo C;score:8
708_sf10|cert:Tipo C;score:94
709_sf10|cert:Tipo B;score:73
710_sf10|cert:Tipo B;score:24
711_sf10|cert:Tipo C;score:57
712_sf10|cert:Tipo B;score:28
713_sf10|cert:Tipo C;score:2
714_sf10|cert:Tipo A;score:2
715_sf10|cert:Não Certificado;score:10
716_sf10|cert:Tipo B;score:32
717_sf10|cert:Tipo B;score:69
718_sf10|cert:Tipo A;score:74
719_sf10|cert:Tipo A;score:54
720_sf10|cert:Tipo B;score:6
721_sf10|cert:Tipo B;score:80
722_sf10|cert:Tipo C;score:10
723_sf10|cert:Tipo B;score:90
724_sf10|cert:Tipo C;score:60
725_sf10|cert:Não Certificado;score:14
726_sf10|cert:Tipo A;score:14
727_sf10|cert:Tipo B;score:10
728_sf10|cert:Tipo B;score:4
729_sf10|cert:Tipo B;score:86
730_sf10|cert:Tipo C;score:49
731_sf10|cert:Tipo B;score:19
732_sf10|cert:Tipo B;score:2
733_sf10|cert:Tipo A;score:34
734_sf10|cert:Tipo A;score:95
735_sf10|cert:Não Certificado;score:71
736_sf10|cert:Tipo B;score:31
737_sf10|cert:Tipo A;score:24
738_sf10|cert:Tipo B;score:54
739_sf10|cert:Tipo A;score:96
740_sf10|cert:Tipo A;score:74
741_sf10|cert:Tipo C;score:86
742_sf10|cert:Tipo B;score:46
743_sf10|cert:Tipo B;score:28
744_sf10|cert:Tipo B;score:9
745_sf10|cert:Tipo A;score:76
746_sf10|cert:Tipo B;score:85
747_sf10|cert:Tipo B;score:67
748_sf10|cert:Tipo A;score:46
749_sf10|cert:Tipo A;score:59
750_sf10|cert:Tipo C;score:10
751_sf10|cert:Tipo C;score:67
752_sf10|cert:Tipo B;score:53
753_sf10|cert:Tipo C;score:33
754_sf10|cert:Tipo B;score:76
755_sf10|cert:Tipo C;score:30
756_sf10|cert:Tipo A;score:89
757_sf10|cert:Tipo B;score:30
758_sf10|cert:Não Certificado;score:20
759_sf10|cert:Tipo C;score:1
760_sf10|cert:Tipo B;score:1
761_sf10|cert:Tipo C;score:66
762_sf10|cert:Tipo A;score:67
763_sf10|cert:Tipo A;score:97
764_sf10|cert:Tipo B;score:54
765_sf10|cert:Tipo B;score:90
766_sf10|cert:Tipo B;score:49
767_sf10|cert:Tipo C;score:4
768_sf10|cert:Tipo B;score:29
769_sf10|cert:Não Certificado;score:88
770_sf10|cert:Tipo A;score:38
771_sf10|cert:Tipo C;score:94
772_sf10|cert:Tipo B;score:45
773_sf10|cert:Tipo A;score:8
774_sf10|cert:Não Certificado;score:20
775_sf10|cert:Tipo C;score:80
776_sf10|cert:Tipo B;score:8
777_sf10|cert:Tipo A;score:18
778_sf10|cert:Tipo B;score:71
779_sf10|cert:Tipo B;score:2
780_sf10|cert:Tipo B;score:90
781_sf10|cert:Tipo A;score:6
782_sf10|cert:Tipo B;score:40
783_sf10|cert:Não Certificado;score:23
784_sf10|cert:Tipo B;score:30
785_sf10|cert:Tipo A;score:11
786_sf10|cert:Não Certificado;score:30
787_sf10|cert:Não Certificado;score:31
788_sf10|cert:Tipo C;score:66
789_sf10|cert:Não Certificado;score:66
790_sf10|cert:Tipo A;score:31
791_sf10|cert:Tipo A;score:14
792_sf10|cert:Tipo B;score:63
793_sf10|cert:Não Certificado;score:1
794_sf10|cert:Tipo B;score:50
795_sf10|cert:Tipo A;score:64
796_sf10|cert:Tipo A;score:24
797_sf10|cert:Tipo C;score:96
798_sf10|cert:Não Certificado;score:93
799_sf10|cert:Não Certificado;score:67
800_sf10|cert:Tipo B;score:12
801_sf10|cert:Tipo A;score:7
802_sf10|cert:Não Certificado;score:66
803_sf10|cert:Tipo B;score:92
804_sf10|cert:Não Certificado;score:25
805_sf10|cert:Tipo B;score:89
806_sf10|cert:Tipo A;score:46
807_sf10|cert:Tipo C;score:67
808_sf10|cert:Tipo B;score:5
809_sf10|cert:Tipo B;score:48
810_sf10|cert:Tipo C;score:41
811_sf10|cert:Não Certificado;score:93
812_sf10|cert:Tipo C;score:38
813_sf10|cert:Não Certificado;score:55
814_sf10|cert:Tipo A;score:80
815_sf10|cert:Não Certificado;score:25
816_sf10|cert:Tipo B;score:42
817_sf10|cert:Tipo C;score:44
818_sf10|cert:Tipo A;score:69
819_sf10|cert:Tipo C;score:59
820_sf10|cert:Tipo B;score:41
821_sf10|cert:Tipo A;score:38
822_sf10|cert:Não Certificado;score:37
823_sf10|cert:Não Certificado;score:12
824_sf10|cert:Tipo B;score:53
825_sf10|cert:Tipo B;score:2
826_sf10|cert:Tipo B;score:16
827_sf10|cert:Não Certificado;score:2
828_sf10|cert:Tipo B;score:44
829_sf10|cert:Tipo C;score:5
830_sf10|cert:Tipo A;score:45
831_sf10|cert:Tipo C;score:72
832_sf10|cert:Tipo B;score:45
833_sf10|cert:Tipo B;score:86
834_sf10|cert:Tipo B;score:2
835_sf10|cert:Tipo B;score:40
836_sf10|cert:Não Certificado;score:61
837_sf10|cert:Tipo C;score:3
838_sf10|cert:Não Certificado;score:39
839_sf10|cert:Tipo A;score:60
840_sf10|cert:Tipo B;score:90
841_sf10|cert:Não Certificado;score:85
842_sf10|cert:Não Certificado;score:15
843_sf10|cert:Tipo A;score:87
844_sf10|cert:Não Certificado;score:59
845_sf10|cert:Tipo A;score:2
846_sf10|cert:Tipo A;score:0
847_sf10|cert:Tipo A;score:43
848_sf10|cert:Tipo B;score:80
849_sf10|cert:Tipo B;score:47
850_sf10|cert:Não Certificado;score:49
851_sf10|cert:Tipo C;score:51
852_sf10|cert:Tipo B;score:41
853_sf10|cert:Tipo A;score:76
854_sf10|cert:Tipo A;score:35
855_sf10|cert:Tipo C;score:60
856_sf10|cert:Tipo B;score:16
857_sf10|cert:Não Certificado;score:63
858_sf10|cert:Tipo A;score:3
859_sf10|cert:Não Certificado;score:31
860_sf10|cert:Não Certificado;score:44
861_sf10|cert:Tipo B;score:23
862_sf10|cert:Tipo A;score:83
863_sf10|cert:Tipo C;score:52
864_sf10|cert:Tipo B;score:43
865_sf10|cert:Tipo A;score:91
866_sf10|cert:Tipo B;score:96
867_sf10|cert:Tipo B;score:95
868_sf10|cert:Não Certificado;score:63
869_sf10|cert:Tipo A;score:95
870_sf10|cert:Não Certificado;score:33
871_sf10|cert:Tipo A;score:52
872_sf10|cert:Tipo B;score:56
873_sf10|cert:Tipo A;score:11
874_sf10|cert:Tipo B;score:55
875_sf10|cert:Não Certificado;score:11
876_sf10|cert:Não Certificado;score:51
877_sf10|cert:Tipo C;score:89
878_sf10|cert:Tipo B;score:0
879_sf10|cert:Não Certificado;score:91
880_sf10|cert:Tipo B;score:36
881_sf10|cert:Não Certificado;score:58
882_sf10|cert:Tipo B;score:19
883_sf10|cert:Tipo C;score:34
884_sf10|cert:Tipo A;score:19
885_sf10|cert:Tipo A;score:94
886_sf10|cert:Tipo C;score:65
887_sf10|cert:Tipo C;score:23
888_sf10|cert:Tipo B;score:67
889_sf10|cert:Tipo A;score:84
890_sf10|cert:Tipo A;score:48
891_sf10|cert:Tipo A;score:90
892_sf10|cert:Tipo C;score:73
893_sf10|cert:Não Certificado;score:2
894_sf10|cert:Tipo B;score:8
895_sf10|cert:Tipo A;score:5
896_sf10|cert:Tipo B;score:57
897_sf10|cert:Não Certificado;score:22
898_sf10|cert:Tipo B;score:18
899_sf10|cert:Tipo A;score:19
900_sf10|cert:Tipo A;score:80
901_sf10|cert:Tipo C;score:38
902_sf10|cert:Tipo B;score:80
903_sf10|cert:Tipo B;score:53
904_sf10|cert:Tipo B;score:21
905_sf10|cert:Tipo C;score:22
906_sf10|cert:Tipo A;score:67
907_sf10|cert:Não Certificado;score:99
908_sf10|cert:Tipo A;score:65
909_sf10|cert:Tipo A;score:2
910_sf10|cert:Tipo C;score:69
911_sf10|cert:Tipo B;score:78
912_sf10|cert:Tipo B;score:81
913_sf10|cert:Tipo A;score:55
914_sf10|cert:Tipo A;score:61
915_sf10|cert:Tipo A;score:12
916_sf10|cert:Não Certificado;score:38
917_sf10|cert:Tipo B;score:43
918_sf10|cert:Tipo B;score:44
919_sf10|cert:Não Certificado;score:4
920_sf10|cert:Tipo B;score:68
921_sf10|cert:Não Certificado;score:6
922_sf10|cert:Tipo A;score:42
923_sf10|cert:Tipo A;score:36
924_sf10|cert:Tipo C;score:80
925_sf10|cert:Tipo B;score:54
926_sf10|cert:Tipo C;score:77
927_sf10|cert:Não Certificado;score:71
928_sf10|cert:Tipo B;score:62
929_sf10|cert:Tipo B;score:58
930_sf10|cert:Não Certificado;score:80
931_sf10|cert:Tipo A;score:73
932_sf10|cert:Tipo C;score:72
933_sf10|cert:Tipo C;score:3
934_sf10|cert:Não Certificado;score:26
935_sf10|cert:Tipo A;score:0
936_sf10|cert:Tipo B;score:85
937_sf10|cert:Não Certificado;score:21
938_sf10|cert:Tipo C;score:72
939_sf10|cert:Tipo B;score:0
940_sf10|cert:Tipo B;score:31
941_sf10|cert:Não Certificado;score:70
942_sf10|cert:Não Certificado;score:39
943_sf10|cert:Tipo A;score:43
944_sf10|cert:Tipo B;score:46
945_sf10|cert:Não Certificado;score:53
946_sf10|cert:Tipo B;score:58
947_sf10|cert:Não Certificado;score:1
948_sf10|cert:Não Certificado;score:72
949_sf10|cert:Tipo B;score:30
950_sf10|cert:Não Certificado;score:63
951_sf10|cert:Não Certificado;score:30
952_sf10|cert:Tipo B;score:21
953_sf10|cert:Tipo B;score:50
954_sf10|cert:Tipo C;score:24
955_sf10|cert:Tipo A;score:0
956_sf10|cert:Tipo B;score:27
957_sf10|cert:Tipo C;score:93
958_sf10|cert:Tipo C;score:46
959_sf10|cert:Tipo C;score:90
960_sf10|cert:Tipo B;score:59
961_sf10|cert:Não Certificado;score:48
962_sf10|cert:Não Certificado;score:40
963_sf10|cert:Tipo A;score:82
964_sf10|cert:Não Certificado;score:45
965_sf10|cert:Tipo B;score:20
966_sf10|cert:Tipo C;score:86
967_sf10|cert:Tipo C;score:3
968_sf10|cert:Tipo B;score:67
969_sf10|cert:Tipo C;score:83
970_sf10|cert:Não Certificado;score:89
971_sf10|cert:Tipo A;score:43
972_sf10|cert:Tipo B;score:43
973_sf10|cert:Tipo B;score:19
974_sf10|cert:Tipo B;score:58
975_sf10|cert:Tipo C;score:68
976_sf10|cert:Tipo B;score:68
977_sf10|cert:Tipo B;score:50
978_sf10|cert:Tipo B;score:78
979_sf10|cert:Não Certificado;score:69
980_sf10|cert:Tipo B;score:0
981_sf10|cert:Tipo A;score:0
982_sf10|cert:Tipo C;score:58
983_sf10|cert:Tipo B;score:88
984_sf10|cert:Tipo B;score:84
985_sf10|cert:Tipo B;score:92
986_sf10|cert:Tipo A;score:14
987_sf10|cert:Não Certificado;score:89
988_sf10|cert:Tipo C;score:51
989_sf10|cert:Tipo C;score:35
990_sf10|cert:Tipo A;score:60
991_sf10|cert:Não Certificado;score:81
992_sf10|cert:Tipo B;score:80
993_sf10|cert:Tipo C;score:62
994_sf10|cert:Tipo B;score:72
995_sf10|cert:Tipo C;score:37
996_sf10|cert:Não Certificado;score:42
997_sf10|cert:Tipo B;score:74
998_sf10|cert:Tipo B;score:67
999_sf10|cert:Tipo A;score:57
1000_sf10|cert:Tipo B;score:61
1001_sf10|cert:Tipo A;score:88
1002_sf10|cert:Tipo C;score:35
1003_sf10|cert:Tipo C;score:81
1004_sf10|cert:Tipo B;score:79
1005_sf10|cert:Tipo C;score:75
1006_sf10|cert:Não Certificado;score:57
1007_sf10|cert:Tipo B;score:62
1008_sf10|cert:Tipo B;score:51
1009_sf10|cert:Tipo B;score:12
1010_sf10|cert:Tipo A;score:10
1011_sf10|cert:Tipo A;score:17
1012_sf10|cert:Não Certificado;score:69
1013_sf10|cert:Tipo C;score:24
1014_sf10|cert:Tipo B;score:23
1015_sf10|cert:Não Certificado;score:85
1016_sf10|cert:Tipo B;score:5
1017_sf10|cert:Tipo A;score:5
1018_sf10|cert:Não Certificado;score:8
1019_sf10|cert:Tipo C;score:50
1020_sf10|cert:Tipo C;score:60
1021_sf10|cert:Tipo A;score:54
1022_sf10|cert:Tipo B;score:81
1023_sf10|cert:Não Certificado;score:78
1024_sf10|cert:Tipo B;score:79
1025_sf10|cert:Tipo B;score:29
1026_sf10|cert:Não Certificado;score:72
1027_sf10|cert:Não Certificado;score:1
1028_sf10|cert:Tipo B;score:0
1029_sf10|cert:Não Certificado;score:73
1030_sf10|cert:Não Certificado;score:23
1031_sf10|cert:Não Certificado;score:95
1032_sf10|cert:Tipo B;score:60
1033_sf10|cert:Tipo B;score:55
1034_sf10|cert:Tipo A;score:78
1035_sf10|cert:Não Certificado;score:60
1036_sf10|cert:Tipo C;score:95
1037_sf10|cert:Tipo C;score:19
1038_sf10|cert:Tipo A;score:31
1039_sf10|cert:Tipo A;score:7
1040_sf10|cert:Tipo B;score:71
1041_sf10|cert:Não Certificado;score:42
1042_sf10|cert:Tipo B;score:30
1043_sf10|cert:Tipo B;score:40
1044_sf10|cert:Não Certificado;score:25
1045_sf10|cert:Tipo B;score:17
1046_sf10|cert:Tipo A;score:30
1047_sf10|cert:Tipo C;score:75
1048_sf10|cert:Tipo B;score:33
1049_sf10|cert:Tipo C;score:73
1050_sf10|cert:Tipo B;score:60
1051_sf10|cert:Tipo C;score:68
1052_sf10|cert:Tipo B;score:91
1053_sf10|cert:Não Certificado;score:57
1054_sf10|cert:Tipo C;score:11
1055_sf10|cert:Tipo A;score:85
1056_sf10|cert:Tipo B;score:83
1057_sf10|cert:Não Certificado;score:85
1058_sf10|cert:Tipo C;score:50
1059_sf10|cert:Não Certificado;score:30
1060_sf10|cert:Tipo B;score:48
1061_sf10|cert:Não Certificado;score:44
1062_sf10|cert:Tipo A;score:57
1063_sf10|cert:Tipo B;score:40
1064_sf10|cert:Tipo B;score:29
1065_sf10|cert:Tipo C;score:64
1066_sf10|cert:Tipo C;score:82
1067_sf10|cert:Tipo B;score:21
1068_sf10|cert:Não Certificado;score:90
1069_sf10|cert:Não Certificado;score:35
1070_sf10|cert:Tipo B;score:47
1071_sf10|cert:Tipo C;score:35
1072_sf10|cert:Tipo B;score:14
1073_sf10|cert:Tipo A;score:26
1074_sf10|cert:Tipo B;score:29
1075_sf10|cert:Tipo A;score:80
1076_sf10|cert:Tipo B;score:3
1077_sf10|cert:Tipo B;score:80
1078_sf10|cert:Não Certificado;score:33
1079_sf10|cert:Tipo C;score:91
1080_sf10|cert:Tipo B;score:36
1081_sf10|cert:Não Certificado;score:71
1082_sf10|cert:Tipo C;score:65
1083_sf10|cert:Não Certificado;score:55
1084_sf10|cert:Tipo A;score:81
1085_sf10|cert:Tipo B;score:24
1086_sf10|cert:Tipo A;score:94
1087_sf10|cert:Tipo B;score:55
1088_sf10|cert:Tipo B;score:21
1089_sf10|cert:Tipo A;score:7
1090_sf10|cert:Tipo C;score:3
1091_sf10|cert:Tipo A;score:37
1092_sf10|cert:Tipo C;score:99
1093_sf10|cert:Tipo C;score:55
1094_sf10|cert:Tipo C;score:31
1095_sf10|cert:Não Certificado;score:40
1096_sf10|cert:Tipo B;score:23
1097_sf10|cert:Tipo C;score:42
1098_sf10|cert:Tipo B;score:96
1099_sf10|cert:Tipo B;score:34
1100_sf10|cert:Tipo B;score:56
1101_sf10|cert:Tipo B;score:12
1102_sf10|cert:Tipo B;score:39
1103_sf10|cert:Tipo C;score:4
1104_sf10|cert:Tipo B;score:60
1105_sf10|cert:Tipo C;score:0
1106_sf10|cert:Tipo A;score:89
1107_sf10|cert:Não Certificado;score:28
1108_sf10|cert:Tipo C;score:43
1109_sf10|cert:Tipo B;score:19
1110_sf10|cert:Tipo A;score:46
1111_sf10|cert:Tipo B;score:51
1112_sf10|cert:Tipo B;score:76
1113_sf10|cert:Tipo A;score:58
1114_sf10|cert:Tipo B;score:10
1115_sf10|cert:Tipo B;score:38
1116_sf10|cert:Tipo C;score:89
1117_sf10|cert:Não Certificado;score:49
1118_sf10|cert:Tipo B;score:26
1119_sf10|cert:Tipo A;score:99
1120_sf10|cert:Tipo B;score:86
1121_sf10|cert:Tipo C;score:6
1122_sf10|cert:Não Certificado;score:24
1123_sf10|cert:Não Certificado;score:23
1124_sf10|cert:Tipo A;score:24
1125_sf10|cert:Não Certificado;score:74
1126_sf10|cert:Não Certificado;score:81
1127_sf10|cert:Tipo B;score:38
1128_sf10|cert:Tipo B;score:6
1129_sf10|cert:Tipo C;score:70
1130_sf10|cert:Tipo B;score:84
1131_sf10|cert:Tipo B;score:65
1132_sf10|cert:Tipo A;score:78
1133_sf10|cert:Tipo B;score:51
1134_sf10|cert:Não Certificado;score:30
1135_sf10|cert:Tipo A;score:44
1136_sf10|cert:Tipo B;score:52
1137_sf10|cert:Tipo C;score:1
1138_sf10|cert:Tipo B;score:20
1139_sf10|cert:Não Certificado;score:92
1140_sf10|cert:Tipo A;score:31
1141_sf10|cert:Tipo C;score:34
1142_sf10|cert:Tipo B;score:62
1143_sf10|cert:Tipo B;score:29
1144_sf10|cert:Tipo B;score:93
1145_sf10|cert:Tipo C;score:8
1146_sf10|cert:Não Certificado;score:82
1147_sf10|cert:Tipo B;score:24
1148_sf10|cert:Não Certificado;score:41
1149_sf10|cert:Tipo C;score:70
1150_sf10|cert:Tipo A;score:16
1151_sf10|cert:Tipo B;score:67
1152_sf10|cert:Tipo B;score:69
1153_sf10|cert:Tipo C;score:30
1154_sf10|cert:Tipo A;score:70
1155_sf10|cert:Não Certificado;score:38
1156_sf10|cert:Tipo B;score:85
1157_sf10|cert:Tipo C;score:18
1158_sf10|cert:Tipo B;score:40
1159_sf10|cert:Não Certificado;score:60
1160_sf10|cert:Tipo B;score:95
1161_sf10|cert:Tipo B;score:31
1162_sf10|cert:Tipo A;score:56
1163_sf10|cert:Tipo B;score:91
1164_sf10|cert:Tipo A;score:20
1165_sf10|cert:Tipo C;score:64
1166_sf10|cert:Não Certificado;score:82
1167_sf10|cert:Tipo C;score:56
1168_sf10|cert:Tipo B;score:22
1169_sf10|cert:Não Certificado;score:22
1170_sf10|cert:Não Certificado;score:30
1171_sf10|cert:Tipo A;score:9
1172_sf10|cert:Tipo A;score:81
1173_sf10|cert:Tipo A;score:21
1174_sf10|cert:Não Certificado;score:84
1175_sf10|cert:Tipo A;score:56
1176_sf10|cert:Tipo B;score:53
1177_sf10|cert:Tipo B;score:89
1178_sf10|cert:Tipo B;score:83
1179_sf10|cert:Tipo A;score:3
1180_sf10|cert:Tipo C;score:50
1181_sf10|cert:Tipo C;score:27
1182_sf10|cert:Tipo B;score:74
1183_sf10|cert:Tipo A;score:57
1184_sf10|cert:Tipo B;score:76
1185_sf10|cert:Tipo A;score:59
1186_sf10|cert:Tipo A;score:63
1187_sf10|cert:Tipo A;score:68
1188_sf10|cert:Tipo C;score:1
1189_sf10|cert:Tipo C;score:75
1190_sf10|cert:Não Certificado;score:63
1191_sf10|cert:Tipo C;score:96
1192_sf10|cert:Tipo B;score:27
1193_sf10|cert:Tipo B;score:27
1194_sf10|cert:Tipo A;score:2
1195_sf10|cert:Tipo A;score:39
1196_sf10|cert:Tipo B;score:61
1197_sf10|cert:Tipo C;score:72
1198_sf10|cert:Não Certificado;score:5
1199_sf10|cert:Tipo A;score:5
1200_sf10|cert:Tipo B;score:81
1201_sf10|cert:Tipo C;score:32
1202_sf10|cert:Tipo B;score:70
1203_sf10|cert:Tipo C;score:62
1204_sf10|cert:Tipo A;score:99
1205_sf10|cert:Tipo A;score:16
1206_sf10|cert:Tipo A;score:90
1207_sf10|cert:Tipo A;score:96
1208_sf10|cert:Tipo B;score:77
1209_sf10|cert:Tipo B;score:91
1210_sf10|cert:Tipo B;score:61
1211_sf10|cert:Tipo A;score:37
1212_sf10|cert:Não Certificado;score:45
1213_sf10|cert:Não Certificado;score:85
1214_sf10|cert:Tipo A;score:58
1215_sf10|cert:Tipo A;score:22
1216_sf10|cert:Tipo B;score:3
1217_sf10|cert:Não Certificado;score:53
1218_sf10|cert:Não Certificado;score:89
1219_sf10|cert:Tipo A;score:41
1220_sf10|cert:Não Certificado;score:1
1221_sf10|cert:Tipo B;score:88
1222_sf10|cert:Tipo B;score:36
1223_sf10|cert:Não Certificado;score:65
1224_sf10|cert:Tipo B;score:46
1225_sf10|cert:Tipo A;score:64
1226_sf10|cert:Tipo A;score:16
1227_sf10|cert:Não Certificado;score:63
1228_sf10|cert:Não Certificado;score:34
1229_sf10|cert:Tipo A;score:92
1230_sf10|cert:Não Certificado;score:52
1231_sf10|cert:Tipo C;score:43
1232_sf10|cert:Tipo B;score:59
1233_sf10|cert:Tipo A;score:38
1234_sf10|cert:Tipo C;score:9
1235_sf10|cert:Tipo B;score:3
1236_sf10|cert:Tipo C;score:15
1237_sf10|cert:Tipo C;score:96
1238_sf10|cert:Tipo A;score:18
1239_sf10|cert:Tipo B;score:47
1240_sf10|cert:Tipo B;score:15
1241_sf10|cert:Tipo B;score:39
1242_sf10|cert:Tipo C;score:99
1243_sf10|cert:Tipo A;score:40
1244_sf10|cert:Tipo B;score:43
1245_sf10|cert:Tipo B;score:61
1246_sf10|cert:Tipo A;score:13
1247_sf10|cert:Não Certificado;score:77
1248_sf10|cert:Tipo B;score:24
1249_sf10|cert:Tipo C;score:69
1250_sf10|cert:Tipo B;score:73
1251_sf10|cert:Tipo A;score:66
1252_sf10|cert:Tipo C;score:46
1253_sf10|cert:Não Certificado;score:24
1254_sf10|cert:Não Certificado;score:14
1255_sf10|cert:Tipo A;score:7
1256_sf10|cert:Tipo B;score:88
1257_sf10|cert:Tipo C;score:88
1258_sf10|cert:Não Certificado;score:97
1259_sf10|cert:Não Certificado;score:34
1260_sf10|cert:Tipo C;score:64
1261_sf10|cert:Não Certificado;score:63
1262_sf10|cert:Não Certificado;score:18
1263_sf10|cert:Tipo C;score:71
1264_sf10|cert:Tipo B;score:12
1265_sf10|cert:Tipo A;score:34
1266_sf10|cert:Não Certificado;score:58
1267_sf10|cert:Tipo C;score:65
1268_sf10|cert:Tipo C;score:20
1269_sf10|cert:Tipo C;score:50
1270_sf10|cert:Tipo A;score:81
1271_sf10|cert:Tipo B;score:55
1272_sf10|cert:Tipo B;score:99
1273_sf10|cert:Tipo A;score:32
1274_sf10|cert:Não Certificado;score:92
1275_sf10|cert:Tipo C;score:84
1276_sf10|cert:Não Certificado;score:45
1277_sf10|cert:Tipo A;score:90
1278_sf10|cert:Tipo C;score:89
1279_sf10|cert:Tipo C;score:8
1280_sf10|cert:Tipo B;score:49
1281_sf10|cert:Não Certificado;score:36
1282_sf10|cert:Tipo B;score:29
1283_sf10|cert:Tipo B;score:9
1284_sf10|cert:Tipo B;score:16
1285_sf10|cert:Tipo C;score:30
1286_sf10|cert:Tipo A;score:67
1287_sf10|cert:Tipo C;score:44
1288_sf10|cert:Tipo B;score:6
1289_sf10|cert:Tipo A;score:58
1290_sf10|cert:Tipo A;score:41
1291_sf10|cert:Tipo C;score:33
1292_sf10|cert:Tipo C;score:56
1293_sf10|cert:Tipo A;score:77
1294_sf10|cert:Tipo B;score:6
1295_sf10|cert:Tipo B;score:27
1296_sf10|cert:Tipo B;score:48
1297_sf10|cert:Não Certificado;score:53
1298_sf10|cert:Tipo B;score:92
1299_sf10|cert:Tipo C;score:92
1300_sf10|cert:Não Certificado;score:34
1301_sf10|cert:Não Certificado;score:42
1302_sf10|cert:Não Certificado;score:33
1303_sf10|cert:Tipo B;score:8
1304_sf10|cert:Tipo B;score:57
1305_sf10|cert:Não Certificado;score:19
1306_sf10|cert:Não Certificado;score:33
1307_sf10|cert:Tipo B;score:74
1308_sf10|cert:Tipo B;score:61
1309_sf10|cert:Tipo B;score:29
1310_sf10|cert:Tipo B;score:97
1311_sf10|cert:Tipo B;score:67
1312_sf10|cert:Tipo B;score:19
1313_sf10|cert:Tipo B;score:60
1314_sf10|cert:Não Certificado;score:19
1315_sf10|cert:Tipo C;score:47
1316_sf10|cert:Tipo A;score:90
1317_sf10|cert:Tipo A;score:29
1318_sf10|cert:Tipo C;score:77
1319_sf10|cert:Tipo C;score:1
1320_sf10|cert:Tipo B;score:75
1321_sf10|cert:Tipo A;score:33
1322_sf10|cert:Não Certificado;score:49
1323_sf10|cert:Tipo A;score:63
1324_sf10|cert:Não Certificado;score:97
1325_sf10|cert:Tipo A;score:77
1326_sf10|cert:Tipo A;score:35
1327_sf10|cert:Tipo A;score:65
1328_sf10|cert:Tipo B;score:56
1329_sf10|cert:Não Certificado;score:58
1330_sf10|cert:Tipo C;score:73
1331_sf10|cert:Tipo B;score:17
1332_sf10|cert:Tipo A;score:46
1333_sf10|cert:Tipo B;score:64
1334_sf10|cert:Tipo C;score:66
1335_sf10|cert:Tipo A;score:92
1336_sf10|cert:Tipo B;score:96
1337_sf10|cert:Tipo C;score:42
1338_sf10|cert:Tipo C;score:77
1339_sf10|cert:Tipo B;score:94
1340_sf10|cert:Tipo B;score:16
1341_sf10|cert:Tipo B;score:19
1342_sf10|cert:Tipo B;score:97
1343_sf10|cert:Tipo B;score:46
1344_sf10|cert:Tipo B;score:44
1345_sf10|cert:Tipo B;score:44
1346_sf10|cert:Tipo A;score:43
1347_sf10|cert:Tipo B;score:39
1348_sf10|cert:Não Certificado;score:42
1349_sf10|cert:Tipo A;score:65
1350_sf10|cert:Tipo C;score:87
1351_sf10|cert:Tipo A;score:86
1352_sf10|cert:Tipo B;score:67
1353_sf10|cert:Tipo B;score:0
1354_sf10|cert:Tipo A;score:97
1355_sf10|cert:Não Certificado;score:51
1356_sf10|cert:Tipo A;score:32
1357_sf10|cert:Não Certificado;score:32
1358_sf10|cert:Tipo C;score:74
1359_sf10|cert:Tipo A;score:20
1360_sf10|cert:Tipo B;score:36
1361_sf10|cert:Tipo C;score:66
1362_sf10|cert:Tipo C;score:19
1363_sf10|cert:Não Certificado;score:15
1364_sf10|cert:Tipo C;score:62
1365_sf10|cert:Não Certificado;score:87
1366_sf10|cert:Não Certificado;score:76
1367_sf10|cert:Tipo B;score:37
1368_sf10|cert:Tipo B;score:9
1369_sf10|cert:Não Certificado;score:31
1370_sf10|cert:Tipo B;score:11
1371_sf10|cert:Não Certificado;score:35
1372_sf10|cert:Tipo C;score:84
1373_sf10|cert:Tipo A;score:50
1374_sf10|cert:Tipo B;score:64
1375_sf10|cert:Tipo C;score:66
1376_sf10|cert:Tipo B;score:54
1377_sf10|cert:Tipo A;score:53
1378_sf10|cert:Tipo C;score:19
1379_sf10|cert:Tipo A;score:85
1380_sf10|cert:Tipo A;score:79
1381_sf10|cert:Tipo C;score:58
1382_sf10|cert:Tipo B;score:34
1383_sf10|cert:Não Certificado;score:70
1384_sf10|cert:Tipo B;score:77
1385_sf10|cert:Tipo C;score:61
1386_sf10|cert:Não Certificado;score:62
1387_sf10|cert:Tipo B;score:19
1388_sf10|cert:Não Certificado;score:56
1389_sf10|cert:Tipo C;score:52
1390_sf10|cert:Tipo B;score:95
1391_sf10|cert:Não Certificado;score:43
1392_sf10|cert:Tipo B;score:16
1393_sf10|cert:Não Certificado;score:97
1394_sf10|cert:Tipo A;score:97
1395_sf10|cert:Tipo C;score:46
1396_sf10|cert:Não Certificado;score:49
1397_sf10|cert:Não Certificado;score:5
1398_sf10|cert:Tipo A;score:48
1399_sf10|cert:Tipo C;score:98
1400_sf10|cert:Tipo B;score:39
1401_sf10|cert:Não Certificado;score:13
1402_sf10|cert:Tipo B;score:52
1403_sf10|cert:Tipo A;score:20
1404_sf10|cert:Tipo A;score:58
1405_sf10|cert:Tipo C;score:2
1406_sf10|cert:Tipo C;score:42
1407_sf10|cert:Não Certificado;score:17
1408_sf10|cert:Tipo B;score:12
1409_sf10|cert:Não Certificado;score:95
1410_sf10|cert:Tipo A;score:19
1411_sf10|cert:Tipo B;score:90
1412_sf10|cert:Tipo C;score:72
1413_sf10|cert:Não Certificado;score:43
1414_sf10|cert:Tipo C;score:18
1415_sf10|cert:Tipo A;score:90
1416_sf10|cert:Tipo B;score:13
1417_sf10|cert:Tipo C;score:12
1418_sf10|cert:Não Certificado;score:36
1419_sf10|cert:Tipo B;score:0
1420_sf10|cert:Tipo C;score:82
1421_sf10|cert:Não Certificado;score:44
1422_sf10|cert:Não Certificado;score:30
1423_sf10|cert:Tipo A;score:59
1424_sf10|cert:Tipo B;score:62
1425_sf10|cert:Não Certificado;score:20
1426_sf10|cert:Tipo A;score:32
1427_sf10|cert:Não Certificado;score:2
1428_sf10|cert:Tipo B;score:14
1429_sf10|cert:Tipo B;score:99
1430_sf10|cert:Tipo A;score:21
1431_sf10|cert:Tipo B;score:18
1432_sf10|cert:Tipo B;score:62
1433_sf10|cert:Não Certificado;score:38
1434_sf10|cert:Tipo C;score:95
1435_sf10|cert:Tipo B;score:53
1436_sf10|cert:Tipo A;score:70
1437_sf10|cert:Tipo A;score:46
1438_sf10|cert:Tipo C;score:43
1439_sf10|cert:Tipo B;score:10
1440_sf10|cert:Tipo B;score:46
1441_sf10|cert:Tipo B;score:74
1442_sf10|cert:Tipo C;score:40
1443_sf10|cert:Não Certificado;score:14
1444_sf10|cert:Tipo A;score:63
1445_sf10|cert:Tipo A;score:23
1446_sf10|cert:Tipo B;score:6
1447_sf10|cert:Tipo A;score:21
1448_sf10|cert:Tipo B;score:49
1449_sf10|cert:Tipo B;score:79
1450_sf10|cert:Tipo B;score:85
1451_sf10|cert:Não Certificado;score:75
1452_sf10|cert:Não Certificado;score:28
1453_sf10|cert:Tipo A;score:82
1454_sf10|cert:Não Certificado;score:37
1455_sf10|cert:Tipo C;score:17
1456_sf10|cert:Tipo B;score:81
1457_sf10|cert:Tipo A;score:36
1458_sf10|cert:Tipo A;score:5
1459_sf10|cert:Não Certificado;score:27
1460_sf10|cert:Tipo C;score:47
1461_sf10|cert:Não Certificado;score:59
1462_sf10|cert:Tipo C;score:36
1463_sf10|cert:Tipo B;score:22
1464_sf10|cert:Tipo B;score:57
1465_sf10|cert:Tipo B;score:0
1466_sf10|cert:Tipo A;score:85
1467_sf10|cert:Tipo A;score:75
1468_sf10|cert:Tipo B;score:20
1469_sf10|cert:Tipo A;score:98
1470_sf10|cert:Tipo B;score:27
1471_sf10|cert:Tipo A;score:48
1472_sf10|cert:Tipo B;score:68
1473_sf10|cert:Tipo B;score:98
1474_sf10|cert:Tipo C;score:50
1475_sf10|cert:Tipo B;score:75
1476_sf10|cert:Tipo A;score:1
1477_sf10|cert:Não Certificado;score:96
1478_sf10|cert:Não Certificado;score:84
1479_sf10|cert:Tipo B;score:77
1480_sf10|cert:Tipo B;score:13
1481_sf10|cert:Tipo B;score:11
1482_sf10|cert:Tipo B;score:56
1483_sf10|cert:Tipo B;score:80
1484_sf10|cert:Tipo B;score:10
1485_sf10|cert:Tipo C;score:74
1486_sf10|cert:Não Certificado;score:31
1487_sf10|cert:Não Certificado;score:71
1488_sf10|cert:Tipo B;score:47
1489_sf10|cert:Tipo B;score:92
1490_sf10|cert:Tipo C;score:16
1491_sf10|cert:Tipo C;score:98
1492_sf10|cert:Tipo C;score:48
1493_sf10|cert:Não Certificado;score:6
1494_sf10|cert:Tipo C;score:24
1495_sf10|cert:Tipo C;score:62
1496_sf10|cert:Tipo B;score:80
1497_sf10|cert:Não Certificado;score:25
1498_sf10|cert:Tipo A;score:46
1499_sf10|cert:Tipo B;score:42
1500_sf10|cert:Tipo A;score:47
1501_sf10|cert:Tipo C;score:39
1502_sf10|cert:Tipo A;score:66
1503_sf10|cert:Não Certificado;score:30
1504_sf10|cert:Tipo B;score:22
1505_sf10|cert:Tipo C;score:66
1506_sf10|cert:Tipo A;score:22
1507_sf10|cert:Tipo A;score:87
1508_sf10|cert:Não Certificado;score:66
1509_sf10|cert:Não Certificado;score:21
1510_sf10|cert:Tipo C;score:3
1511_sf10|cert:Tipo B;score:61
1512_sf10|cert:Tipo B;score:14
1513_sf10|cert:Tipo A;score:34
1514_sf10|cert:Tipo B;score:19
1515_sf10|cert:Tipo C;score:54
1516_sf10|cert:Tipo B;score:82
1517_sf10|cert:Tipo C;score:59
1518_sf10|cert:Não Certificado;score:19
1519_sf10|cert:Não Certificado;score:47
1520_sf10|cert:Tipo B;score:47
1521_sf10|cert:Não Certificado;score:64
1522_sf10|cert:Tipo B;score:47
1523_sf10|cert:Não Certificado;score:95
1524_sf10|cert:Tipo C;score:11
1525_sf10|cert:Tipo C;score:32
1526_sf10|cert:Tipo B;score:81
1527_sf10|cert:Tipo A;score:52
1528_sf10|cert:Tipo B;score:20
1529_sf10|cert:Tipo B;score:74
1530_sf10|cert:Não Certificado;score:47
1531_sf10|cert:Tipo C;score:49
1532_sf10|cert:Tipo C;score:93
1533_sf10|cert:Tipo B;score:39
1534_sf10|cert:Tipo A;score:88
1535_sf10|cert:Não Certificado;score:64
1536_sf10|cert:Tipo B;score:24
1537_sf10|cert:Tipo B;score:62
1538_sf10|cert:Tipo C;score:21
1539_sf10|cert:Tipo C;score:98
1540_sf10|cert:Tipo A;score:98
1541_sf10|cert:Tipo C;score:43
1542_sf10|cert:Tipo C;score:26
1543_sf10|cert:Não Certificado;score:91
1544_sf10|cert:Tipo B;score:79
1545_sf10|cert:Tipo A;score:64
1546_sf10|cert:Tipo A;score:3
1547_sf10|cert:Tipo C;score:44
1548_sf10|cert:Tipo B;score:77
1549_sf10|cert:Tipo B;score:9
1550_sf10|cert:Tipo A;score:14
1551_sf10|cert:Tipo A;score:62
1552_sf10|cert:Tipo B;score:37
1553_sf10|cert:Tipo C;score:53
1554_sf10|cert:Não Certificado;score:20
1555_sf10|cert:Tipo C;score:38
1556_sf10|cert:Não Certificado;score:83
1557_sf10|cert:Não Certificado;score:31
1558_sf10|cert:Não Certificado;score:87
1559_sf10|cert:Não Certificado;score:57
1560_sf10|cert:Tipo B;score:46
1561_sf10|cert:Tipo A;score:73
1562_sf10|cert:Tipo B;score:48
1563_sf10|cert:Não Certificado;score:89
1564_sf10|cert:Tipo B;score:89
1565_sf10|cert:Não Certificado;score:37
1566_sf10|cert:Não Certificado;score:37
1567_sf10|cert:Tipo A;score:14
1568_sf10|cert:Tipo B;score:1
1569_sf10|cert:Tipo C;score:14
1570_sf10|cert:Não Certificado;score:91
1571_sf10|cert:Tipo C;score:51
1572_sf10|cert:Não Certificado;score:7
1573_sf10|cert:Tipo A;score:39
1574_sf10|cert:Tipo B;score:95
1575_sf10|cert:Não Certificado;score:33
1576_sf10|cert:Tipo B;score:32
1577_sf10|cert:Tipo B;score:13
1578_sf10|cert:Não Certificado;score:19
1579_sf10|cert:Tipo C;score:27
1580_sf10|cert:Tipo C;score:35
1581_sf10|cert:Não Certificado;score:46
1582_sf10|cert:Tipo C;score:39
1583_sf10|cert:Tipo B;score:50
1584_sf10|cert:Tipo B;score:52
1585_sf10|cert:Tipo B;score:32
1586_sf10|cert:Tipo B;score:4
1587_sf10|cert:Tipo C;score:3
1588_sf10|cert:Tipo B;score:33
1589_sf10|cert:Não Certificado;score:48
1590_sf10|cert:Não Certificado;score:44
1591_sf10|cert:Tipo C;score:74
1592_sf10|cert:Tipo B;score:26
1593_sf10|cert:Não Certificado;score:24
1594_sf10|cert:Tipo B;score:2
1595_sf10|cert:Tipo B;score:57
1596_sf10|cert:Não Certificado;score:37
1597_sf10|cert:Tipo C;score:97
1598_sf10|cert:Não Certificado;score:62
1599_sf10|cert:Tipo B;score:26
1600_sf10|cert:Tipo B;score:91
1601_sf10|cert:Não Certificado;score:52
1602_sf10|cert:Tipo B;score:68
1603_sf10|cert:Tipo B;score:60
1604_sf10|cert:Não Certificado;score:97
1605_sf10|cert:Tipo C;score:23
1606_sf10|cert:Tipo A;score:21
1607_sf10|cert:Tipo A;score:76
1608_sf10|cert:Tipo B;score:28
1609_sf10|cert:Não Certificado;score:92
1610_sf10|cert:Não Certificado;score:7
1611_sf10|cert:Tipo A;score:26
1612_sf10|cert:Tipo B;score:87
1613_sf10|cert:Tipo C;score:71
1614_sf10|cert:Tipo B;score:13
1615_sf10|cert:Tipo A;score:55
1616_sf10|cert:Tipo B;score:24
1617_sf10|cert:Não Certificado;score:78
1618_sf10|cert:Tipo A;score:47
1619_sf10|cert:Tipo A;score:60
1620_sf10|cert:Tipo A;score:56
1621_sf10|cert:Não Certificado;score:99
1622_sf10|cert:Tipo A;score:24
1623_sf10|cert:Tipo A;score:94
1624_sf10|cert:Tipo B;score:50
1625_sf10|cert:Tipo A;score:94
1626_sf10|cert:Tipo B;score:93
1627_sf10|cert:Tipo A;score:66
1628_sf10|cert:Tipo A;score:12
1629_sf10|cert:Não Certificado;score:21
1630_sf10|cert:Não Certificado;score:64
1631_sf10|cert:Tipo C;score:76
1632_sf10|cert:Tipo B;score:7
1633_sf10|cert:Tipo C;score:90
1634_sf10|cert:Não Certificado;score:18
1635_sf10|cert:Tipo C;score:44
1636_sf10|cert:Tipo B;score:43
1637_sf10|cert:Tipo C;score:98
1638_sf10|cert:Tipo C;score:67
1639_sf10|cert:Tipo A;score:17
1640_sf10|cert:Tipo B;score:6
1641_sf10|cert:Não Certificado;score:37
1642_sf10|cert:Tipo A;score:2
1643_sf10|cert:Não Certificado;score:60
1644_sf10|cert:Tipo B;score:77
1645_sf10|cert:Tipo A;score:18
1646_sf10|cert:Tipo A;score:71
1647_sf10|cert:Tipo C;score:56
1648_sf10|cert:Tipo B;score:69
1649_sf10|cert:Não Certificado;score:63
1650_sf10|cert:Tipo A;score:13
1651_sf10|cert:Tipo C;score:58
1652_sf10|cert:Não Certificado;score:32
1653_sf10|cert:Tipo A;score:61
1654_sf10|cert:Não Certificado;score:13
1655_sf10|cert:Tipo A;score:81
1656_sf10|cert:Tipo B;score:37
1657_sf10|cert:Tipo C;score:52
1658_sf10|cert:Não Certificado;score:43
1659_sf10|cert:Tipo A;score:50
1660_sf10|cert:Tipo B;score:17
1661_sf10|cert:Tipo A;score:71
1662_sf10|cert:Tipo C;score:14
1663_sf10|cert:Tipo C;score:46
1664_sf10|cert:Tipo B;score:18
1665_sf10|cert:Tipo A;score:49
1666_sf10|cert:Tipo B;score:57
1667_sf10|cert:Tipo B;score:72
1668_sf10|cert:Não Certificado;score:75
1669_sf10|cert:Tipo B;score:14
1670_sf10|cert:Tipo C;score:85
1671_sf10|cert:Tipo B;score:85
1672_sf10|cert:Tipo B;score:64
1673_sf10|cert:Tipo B;score:30
1674_sf10|cert:Tipo C;score:84
1675_sf10|cert:Tipo A;score:53
1676_sf10|cert:Tipo B;score:57
1677_sf10|cert:Não Certificado;score:4
1678_sf10|cert:Tipo C;score:93
1679_sf10|cert:Não Certificado;score:65
1680_sf10|cert:Tipo B;score:8
1681_sf10|cert:Não Certificado;score:85
1682_sf10|cert:Não Certificado;score:19
1683_sf10|cert:Tipo C;score:97
1684_sf10|cert:Não Certificado;score:67
1685_sf10|cert:Tipo C;score:52
1686_sf10|cert:Tipo C;score:23
1687_sf10|cert:Tipo B;score:17
1688_sf10|cert:Tipo B;score:75
1689_sf10|cert:Tipo A;score:56
1690_sf10|cert:Tipo C;score:20
1691_sf10|cert:Não Certificado;score:3
1692_sf10|cert:Não Certificado;score:46
1693_sf10|cert:Tipo C;score:99
1694_sf10|cert:Tipo A;score:54
1695_sf10|cert:Não Certificado;score:22
1696_sf10|cert:Tipo B;score:28
1697_sf10|cert:Tipo B;score:75
1698_sf10|cert:Tipo B;score:87
1699_sf10|cert:Tipo C;score:66
1700_sf10|cert:Tipo B;score:30
1701_sf10|cert:Não Certificado;score:94
1702_sf10|cert:Tipo A;score:18
1703_sf10|cert:Não Certificado;score:63
1704_sf10|cert:Tipo B;score:35
1705_sf10|cert:Tipo A;score:68
1706_sf10|cert:Tipo B;score:78
1707_sf10|cert:Tipo A;score:71
1708_sf10|cert:Tipo C;score:41
1709_sf10|cert:Tipo B;score:69
1710_sf10|cert:Tipo C;score:44
1711_sf10|cert:Tipo B;score:70
1712_sf10|cert:Tipo B;score:48
1713_sf10|cert:Não Certificado;score:71
1714_sf10|cert:Não Certificado;score:13
1715_sf10|cert:Tipo B;score:49
1716_sf10|cert:Tipo B;score:11
1717_sf10|cert:Não Certificado;score:6
1718_sf10|cert:Tipo B;score:49
1719_sf10|cert:Tipo A;score:80
1720_sf10|cert:Tipo B;score:11
1721_sf10|cert:Tipo C;score:69
1722_sf10|cert:Tipo A;score:90
1723_sf10|cert:Tipo A;score:2
1724_sf10|cert:Tipo A;score:3
1725_sf10|cert:Não Certificado;score:69
1726_sf10|cert:Tipo A;score:33
1727_sf10|cert:Tipo A;score:24
1728_sf10|cert:Tipo B;score:39
1729_sf10|cert:Tipo A;score:39
1730_sf10|cert:Não Certificado;score:3
1731_sf10|cert:Tipo B;score:67
1732_sf10|cert:Tipo C;score:26
1733_sf10|cert:Tipo C;score:73
1734_sf10|cert:Tipo C;score:44
1735_sf10|cert:Tipo C;score:65
1736_sf10|cert:Tipo B;score:68
1737_sf10|cert:Tipo B;score:18
1738_sf10|cert:Tipo A;score:73
1739_sf10|cert:Tipo C;score:92
1740_sf10|cert:Tipo C;score:3
1741_sf10|cert:Tipo C;score:85
1742_sf10|cert:Não Certificado;score:39
1743_sf10|cert:Tipo B;score:47
1744_sf10|cert:Tipo B;score:96
1745_sf10|cert:Tipo C;score:87
1746_sf10|cert:Tipo B;score:55
1747_sf10|cert:Não Certificado;score:64
1748_sf10|cert:Tipo A;score:12
1749_sf10|cert:Tipo C;score:99
1750_sf10|cert:Tipo A;score:26
1751_sf10|cert:Não Certificado;score:55
1752_sf10|cert:Tipo B;score:57
1753_sf10|cert:Tipo B;score:76
1754_sf10|cert:Tipo C;score:57
1755_sf10|cert:Não Certificado;score:30
1756_sf10|cert:Tipo C;score:35
1757_sf10|cert:Tipo C;score:15
1758_sf10|cert:Tipo C;score:92
1759_sf10|cert:Tipo A;score:80
1760_sf10|cert:Tipo B;score:44
1761_sf10|cert:Tipo B;score:43
1762_sf10|cert:Não Certificado;score:33
1763_sf10|cert:Não Certificado;score:20
1764_sf10|cert:Tipo A;score:6
1765_sf10|cert:Tipo C;score:91
1766_sf10|cert:Tipo C;score:75
1767_sf10|cert:Tipo B;score:92
1768_sf10|cert:Tipo B;score:40
1769_sf10|cert:Tipo A;score:11
1770_sf10|cert:Tipo A;score:81
1771_sf10|cert:Tipo A;score:81
1772_sf10|cert:Tipo C;score:0
1773_sf10|cert:Tipo A;score:91
1774_sf10|cert:Tipo A;score:81
1775_sf10|cert:Não Certificado;score:16
1776_sf10|cert:Tipo B;score:89
1777_sf10|cert:Tipo B;score:44
1778_sf10|cert:Tipo A;score:53
1779_sf10|cert:Não Certificado;score:50
1780_sf10|cert:Tipo C;score:45
1781_sf10|cert:Tipo B;score:65
1782_sf10|cert:Tipo C;score:10
1783_sf10|cert:Tipo A;score:19
1784_sf10|cert:Tipo B;score:75
1785_sf10|cert:Tipo C;score:4
1786_sf10|cert:Tipo B;score:97
1787_sf10|cert:Tipo C;score:51
1788_sf10|cert:Tipo C;score:93
1789_sf10|cert:Não Certificado;score:29
1790_sf10|cert:Não Certificado;score:19
1791_sf10|cert:Tipo B;score:89
1792_sf10|cert:Tipo B;score:15
1793_sf10|cert:Não Certificado;score:66
1794_sf10|cert:Tipo C;score:96
1795_sf10|cert:Tipo C;score:44
1796_sf10|cert:Tipo B;score:85
1797_sf10|cert:Tipo A;score:31
1798_sf10|cert:Tipo A;score:49
1799_sf10|cert:Tipo B;score:61
1800_sf10|cert:Tipo B;score:56
1801_sf10|cert:Tipo A;score:8
1802_sf10|cert:Não Certificado;score:61
1803_sf10|cert:Não Certificado;score:7
1804_sf10|cert:Tipo B;score:70
1805_sf10|cert:Tipo B;score:69
1806_sf10|cert:Tipo C;score:66
1807_sf10|cert:Tipo A;score:77
1808_sf10|cert:Tipo B;score:99
1809_sf10|cert:Tipo C;score:53
1810_sf10|cert:Tipo B;score:80
1811_sf10|cert:Tipo C;score:75
1812_sf10|cert:Tipo C;score:54
1813_sf10|cert:Tipo C;score:95
1814_sf10|cert:Não Certificado;score:70
1815_sf10|cert:Não Certificado;score:14
1816_sf10|cert:Tipo B;score:14
1817_sf10|cert:Não Certificado;score:14
1818_sf10|cert:Tipo C;score:53
1819_sf10|cert:Tipo B;score:7
1820_sf10|cert:Não Certificado;score:0
1821_sf10|cert:Tipo A;score:26
1822_sf10|cert:Tipo C;score:45
1823_sf10|cert:Não Certificado;score:93
1824_sf10|cert:Tipo B;score:70
1825_sf10|cert:Tipo A;score:41
1826_sf10|cert:Tipo A;score:69
1827_sf10|cert:Tipo B;score:25
1828_sf10|cert:Tipo C;score:59
1829_sf10|cert:Não Certificado;score:26
1830_sf10|cert:Tipo A;score:19
1831_sf10|cert:Tipo B;score:77
1832_sf10|cert:Tipo B;score:35
1833_sf10|cert:Tipo C;score:90
1834_sf10|cert:Tipo A;score:49
1835_sf10|cert:Tipo A;score:21
1836_sf10|cert:Tipo B;score:77
1837_sf10|cert:Tipo B;score:14
1838_sf10|cert:Não Certificado;score:59
1839_sf10|cert:Tipo A;score:6
1840_sf10|cert:Tipo B;score:21
1841_sf10|cert:Tipo C;score:43
1842_sf10|cert:Tipo C;score:29
1843_sf10|cert:Tipo A;score:90
1844_sf10|cert:Tipo B;score:26
1845_sf10|cert:Tipo C;score:54
1846_sf10|cert:Tipo A;score:0
1847_sf10|cert:Tipo B;score:89
1848_sf10|cert:Tipo B;score:69
1849_sf10|cert:Não Certificado;score:68
1850_sf10|cert:Tipo C;score:85
1851_sf10|cert:Tipo A;score:39
1852_sf10|cert:Tipo B;score:49
1853_sf10|cert:Tipo B;score:91
1854_sf10|cert:Tipo A;score:23
1855_sf10|cert:Não Certificado;score:33
1856_sf10|cert:Tipo B;score:41
1857_sf10|cert:Tipo C;score:65
1858_sf10|cert:Não Certificado;score:60
1859_sf10|cert:Tipo B;score:93
1860_sf10|cert:Tipo A;score:52
1861_sf10|cert:Não Certificado;score:79
1862_sf10|cert:Tipo A;score:46
1863_sf10|cert:Não Certificado;score:32
1864_sf10|cert:Tipo B;score:84
1865_sf10|cert:Não Certificado;score:21
1866_sf10|cert:Não Certificado;score:68
1867_sf10|cert:Não Certificado;score:54
1868_sf10|cert:Tipo A;score:50
1869_sf10|cert:Tipo B;score:68
1870_sf10|cert:Não Certificado;score:22
1871_sf10|cert:Não Certificado;score:40
1872_sf10|cert:Tipo B;score:54
1873_sf10|cert:Tipo C;score:19
1874_sf10|cert:Tipo B;score:88
1875_sf10|cert:Tipo C;score:63
1876_sf10|cert:Tipo C;score:7
1877_sf10|cert:Tipo C;score:24
1878_sf10|cert:Tipo B;score:67
1879_sf10|cert:Tipo A;score:73
1880_sf10|cert:Tipo B;score:32
1881_sf10|cert:Não Certificado;score:91
1882_sf10|cert:Não Certificado;score:92
1883_sf10|cert:Tipo A;score:13
1884_sf10|cert:Tipo A;score:55
1885_sf10|cert:Tipo A;score:8
1886_sf10|cert:Tipo A;score:94
1887_sf10|cert:Tipo A;score:86
1888_sf10|cert:Tipo B;score:72
1889_sf10|cert:Tipo C;score:39
1890_sf10|cert:Não Certificado;score:64
1891_sf10|cert:Não Certificado;score:5
1892_sf10|cert:Tipo C;score:66
1893_sf10|cert:Tipo C;score:50
1894_sf10|cert:Tipo B;score:53
1895_sf10|cert:Tipo A;score:23
1896_sf10|cert:Tipo B;score:32
1897_sf10|cert:Não Certificado;score:74
1898_sf10|cert:Não Certificado;score:25
1899_sf10|cert:Tipo C;score:13
1900_sf10|cert:Não Certificado;score:44
1901_sf10|cert:Tipo B;score:22
1902_sf10|cert:Tipo C;score:11
1903_sf10|cert:Tipo B;score:71
1904_sf10|cert:Tipo B;score:55
1905_sf10|cert:Não Certificado;score:5
1906_sf10|cert:Tipo C;score:32
1907_sf10|cert:Não Certificado;score:23
1908_sf10|cert:Tipo A;score:76
1909_sf10|cert:Tipo C;score:95
1910_sf10|cert:Tipo B;score:54
1911_sf10|cert:Tipo B;score:39
1912_sf10|cert:Tipo B;score:20
1913_sf10|cert:Tipo B;score:36
1914_sf10|cert:Tipo B;score:10
1915_sf10|cert:Tipo A;score:74
1916_sf10|cert:Não Certificado;score:85
1917_sf10|cert:Não Certificado;score:71
1918_sf10|cert:Tipo B;score:44
1919_sf10|cert:Não Certificado;score:65
1920_sf10|cert:Tipo B;score:65
1921_sf10|cert:Tipo C;score:3
1922_sf10|cert:Tipo A;score:11
1923_sf10|cert:Tipo A;score:17
1924_sf10|cert:Tipo B;score:98
1925_sf10|cert:Tipo B;score:71
1926_sf10|cert:Não Certificado;score:35
1927_sf10|cert:Tipo C;score:84
1928_sf10|cert:Tipo B;score:69
1929_sf10|cert:Tipo C;score:76
1930_sf10|cert:Não Certificado;score:34
1931_sf10|cert:Tipo A;score:12
1932_sf10|cert:Tipo B;score:38
1933_sf10|cert:Não Certificado;score:10
1934_sf10|cert:Tipo C;score:10
1935_sf10|cert:Tipo A;score:33
1936_sf10|cert:Tipo B;score:4
1937_sf10|cert:Tipo C;score:80
1938_sf10|cert:Tipo C;score:2
1939_sf10|cert:Tipo B;score:92
1940_sf10|cert:Tipo C;score:70
1941_sf10|cert:Tipo C;score:13
1942_sf10|cert:Tipo C;score:88
1943_sf10|cert:Tipo B;score:6
1944_sf10|cert:Tipo B;score:44
1945_sf10|cert:Tipo C;score:71
1946_sf10|cert:Tipo A;score:77
1947_sf10|cert:Tipo B;score:91
1948_sf10|cert:Tipo A;score:99
1949_sf10|cert:Tipo A;score:98
1950_sf10|cert:Tipo C;score:22
1951_sf10|cert:Não Certificado;score:24
1952_sf10|cert:Tipo B;score:45
1953_sf10|cert:Tipo C;score:78
1954_sf10|cert:Tipo B;score:65
1955_sf10|cert:Tipo A;score:74
1956_sf10|cert:Não Certificado;score:98
1957_sf10|cert:Tipo C;score:88
1958_sf10|cert:Tipo C;score:24
1959_sf10|cert:Não Certificado;score:3
1960_sf10|cert:Tipo B;score:38
1961_sf10|cert:Tipo B;score:57
1962_sf10|cert:Tipo C;score:23
1963_sf10|cert:Tipo C;score:67
1964_sf10|cert:Não Certificado;score:27
1965_sf10|cert:Tipo B;score:97
1966_sf10|cert:Tipo B;score:24
1967_sf10|cert:Tipo B;score:8
1968_sf10|cert:Tipo B;score:22
1969_sf10|cert:Tipo B;score:38
1970_sf10|cert:Tipo C;score:0
1971_sf10|cert:Tipo A;score:54
1972_sf10|cert:Tipo C;score:20
1973_sf10|cert:Tipo C;score:91
1974_sf10|cert:Tipo B;score:94
1975_sf10|cert:Tipo A;score:60
1976_sf10|cert:Tipo B;score:77
1977_sf10|cert:Tipo C;score:7
1978_sf10|cert:Não Certificado;score:10
1979_sf10|cert:Tipo A;score:73
1980_sf10|cert:Tipo B;score:50
1981_sf10|cert:Tipo A;score:41
1982_sf10|cert:Tipo A;score:60
1983_sf10|cert:Não Certificado;score:5
1984_sf10|cert:Tipo B;score:15
1985_sf10|cert:Tipo A;score:32
1986_sf10|cert:Não Certificado;score:80
1987_sf10|cert:Tipo B;score:81
1988_sf10|cert:Tipo A;score:43
1989_sf10|cert:Tipo C;score:19
1990_sf10|cert:Tipo B;score:29
1991_sf10|cert:Tipo C;score:39
1992_sf10|cert:Tipo B;score:63
1993_sf10|cert:Tipo A;score:92
1994_sf10|cert:Tipo C;score:54
1995_sf10|cert:Tipo B;score:48
1996_sf10|cert:Tipo A;score:82
1997_sf10|cert:Tipo A;score:99
1998_sf10|cert:Tipo C;score:5
1999_sf10|cert:Tipo A;score:28
